{
  "type": "FeatureCollection",
  "nome_ig": "Cachoeiro de Itapemirim",
  "municipios_lista": "cachoeiro de itapemirim;vargem alta",
  "features": [
    {
      "type": "Feature",
      "geometry": {
        "type": "Polygon",
        "coordinates": [
          [
            [
              -41.2448,
              -20.8686
            ],
            [
              -41.2441,
              -20.8699
            ],
            [
              -41.2425,
              -20.8717
            ],
            [
              -41.2428,
              -20.8735
            ],
            [
              -41.2412,
              -20.8756
            ],
            [
              -41.2414,
              -20.8788
            ],
            [
              -41.2383,
              -20.8819
            ],
            [
              -41.2364,
              -20.8819
            ],
            [
              -41.2325,
              -20.8844
            ],
            [
              -41.2292,
              -20.8835
            ],
            [
              -41.2286,
              -20.8823
            ],
            [
              -41.227,
              -20.8812
            ],
            [
              -41.225,
              -20.881
            ],
            [
              -41.222,
              -20.8813
            ],
            [
              -41.2202,
              -20.8835
            ],
            [
              -41.2219,
              -20.8872
            ],
            [
              -41.22,
              -20.8887
            ],
            [
              -41.2154,
              -20.889
            ],
            [
              -41.2136,
              -20.8896
            ],
            [
              -41.2102,
              -20.8859
            ],
            [
              -41.2083,
              -20.8848
            ],
            [
              -41.2056,
              -20.8862
            ],
            [
              -41.2051,
              -20.8851
            ],
            [
              -41.2033,
              -20.883
            ],
            [
              -41.2025,
              -20.8828
            ],
            [
              -41.2009,
              -20.8804
            ],
            [
              -41.1982,
              -20.881
            ],
            [
              -41.1966,
              -20.8826
            ],
            [
              -41.195,
              -20.8833
            ],
            [
              -41.1942,
              -20.8848
            ],
            [
              -41.1943,
              -20.8872
            ],
            [
              -41.1926,
              -20.8918
            ],
            [
              -41.1909,
              -20.8922
            ],
            [
              -41.1887,
              -20.8908
            ],
            [
              -41.1872,
              -20.8922
            ],
            [
              -41.1869,
              -20.8938
            ],
            [
              -41.1847,
              -20.8937
            ],
            [
              -41.1827,
              -20.8961
            ],
            [
              -41.1813,
              -20.8961
            ],
            [
              -41.1793,
              -20.8948
            ],
            [
              -41.1764,
              -20.8952
            ],
            [
              -41.1741,
              -20.8968
            ],
            [
              -41.1707,
              -20.8978
            ],
            [
              -41.1699,
              -20.8968
            ],
            [
              -41.1666,
              -20.8996
            ],
            [
              -41.1641,
              -20.8984
            ],
            [
              -41.1642,
              -20.897
            ],
            [
              -41.1623,
              -20.8961
            ],
            [
              -41.161,
              -20.8942
            ],
            [
              -41.1601,
              -20.8918
            ],
            [
              -41.1584,
              -20.8919
            ],
            [
              -41.1561,
              -20.8909
            ],
            [
              -41.155,
              -20.8912
            ],
            [
              -41.1539,
              -20.8925
            ],
            [
              -41.1527,
              -20.8927
            ],
            [
              -41.1496,
              -20.8954
            ],
            [
              -41.1475,
              -20.8966
            ],
            [
              -41.1464,
              -20.898
            ],
            [
              -41.1467,
              -20.9006
            ],
            [
              -41.1472,
              -20.9013
            ],
            [
              -41.1461,
              -20.9043
            ],
            [
              -41.1433,
              -20.906
            ],
            [
              -41.1411,
              -20.9053
            ],
            [
              -41.1396,
              -20.9056
            ],
            [
              -41.137,
              -20.9087
            ],
            [
              -41.1365,
              -20.9119
            ],
            [
              -41.1352,
              -20.9156
            ],
            [
              -41.1342,
              -20.9169
            ],
            [
              -41.1334,
              -20.9214
            ],
            [
              -41.135,
              -20.9233
            ],
            [
              -41.1339,
              -20.9264
            ],
            [
              -41.1335,
              -20.9288
            ],
            [
              -41.1324,
              -20.9292
            ],
            [
              -41.1307,
              -20.9309
            ],
            [
              -41.1286,
              -20.9313
            ],
            [
              -41.1266,
              -20.9307
            ],
            [
              -41.1235,
              -20.9325
            ],
            [
              -41.1209,
              -20.9321
            ],
            [
              -41.1186,
              -20.9298
            ],
            [
              -41.1159,
              -20.9281
            ],
            [
              -41.1129,
              -20.9268
            ],
            [
              -41.1114,
              -20.9266
            ],
            [
              -41.1075,
              -20.9283
            ],
            [
              -41.107,
              -20.9299
            ],
            [
              -41.1054,
              -20.931
            ],
            [
              -41.1024,
              -20.9321
            ],
            [
              -41.0931,
              -20.9332
            ],
            [
              -41.0929,
              -20.9534
            ],
            [
              -41.091,
              -20.9523
            ],
            [
              -41.0902,
              -20.9497
            ],
            [
              -41.0909,
              -20.9482
            ],
            [
              -41.0889,
              -20.9458
            ],
            [
              -41.0881,
              -20.9437
            ],
            [
              -41.0863,
              -20.9408
            ],
            [
              -41.0843,
              -20.9397
            ],
            [
              -41.084,
              -20.9386
            ],
            [
              -41.0827,
              -20.938
            ],
            [
              -41.0799,
              -20.9336
            ],
            [
              -41.0795,
              -20.9314
            ],
            [
              -41.0795,
              -20.9276
            ],
            [
              -41.0786,
              -20.9257
            ],
            [
              -41.0803,
              -20.9212
            ],
            [
              -41.0786,
              -20.9183
            ],
            [
              -41.0765,
              -20.9169
            ],
            [
              -41.0751,
              -20.9182
            ],
            [
              -41.0728,
              -20.9193
            ],
            [
              -41.0704,
              -20.9184
            ],
            [
              -41.0694,
              -20.917
            ],
            [
              -41.0684,
              -20.9135
            ],
            [
              -41.0682,
              -20.9119
            ],
            [
              -41.0662,
              -20.9079
            ],
            [
              -41.0647,
              -20.9065
            ],
            [
              -41.0624,
              -20.9054
            ],
            [
              -41.0558,
              -20.9042
            ],
            [
              -41.0529,
              -20.9031
            ],
            [
              -41.0568,
              -20.8938
            ],
            [
              -41.0572,
              -20.892
            ],
            [
              -41.0534,
              -20.8872
            ],
            [
              -41.0538,
              -20.8859
            ],
            [
              -41.0529,
              -20.884
            ],
            [
              -41.0537,
              -20.8819
            ],
            [
              -41.0527,
              -20.881
            ],
            [
              -41.0533,
              -20.879
            ],
            [
              -41.0522,
              -20.8779
            ],
            [
              -41.0511,
              -20.8756
            ],
            [
              -41.0494,
              -20.8759
            ],
            [
              -41.0462,
              -20.8745
            ],
            [
              -41.0461,
              -20.872
            ],
            [
              -41.0448,
              -20.8708
            ],
            [
              -41.0438,
              -20.8716
            ],
            [
              -41.0418,
              -20.8714
            ],
            [
              -41.0404,
              -20.8706
            ],
            [
              -41.0396,
              -20.8694
            ],
            [
              -41.0062,
              -20.8694
            ],
            [
              -41.0089,
              -20.8674
            ],
            [
              -41.0164,
              -20.8629
            ],
            [
              -41.0158,
              -20.861
            ],
            [
              -41.0165,
              -20.8594
            ],
            [
              -41.0177,
              -20.8583
            ],
            [
              -41.0217,
              -20.8584
            ],
            [
              -41.0248,
              -20.8581
            ],
            [
              -41.0261,
              -20.8574
            ],
            [
              -41.0273,
              -20.8559
            ],
            [
              -41.0307,
              -20.8545
            ],
            [
              -41.0313,
              -20.8535
            ],
            [
              -41.0296,
              -20.8521
            ],
            [
              -41.0288,
              -20.8505
            ],
            [
              -41.0294,
              -20.8489
            ],
            [
              -41.0279,
              -20.8474
            ],
            [
              -41.028,
              -20.8442
            ],
            [
              -41.0254,
              -20.8401
            ],
            [
              -41.0238,
              -20.8397
            ],
            [
              -41.0247,
              -20.8355
            ],
            [
              -41.024,
              -20.8341
            ],
            [
              -41.0214,
              -20.8328
            ],
            [
              -41.0188,
              -20.8305
            ],
            [
              -41.0176,
              -20.83
            ],
            [
              -41.0181,
              -20.8281
            ],
            [
              -41.0154,
              -20.8229
            ],
            [
              -41.0158,
              -20.8209
            ],
            [
              -41.0193,
              -20.8181
            ],
            [
              -41.021,
              -20.8157
            ],
            [
              -41.0226,
              -20.8164
            ],
            [
              -41.0231,
              -20.8146
            ],
            [
              -41.0222,
              -20.8097
            ],
            [
              -41.0203,
              -20.8074
            ],
            [
              -41.0192,
              -20.8017
            ],
            [
              -41.0182,
              -20.7994
            ],
            [
              -41.0182,
              -20.7976
            ],
            [
              -41.017,
              -20.7952
            ],
            [
              -41.0181,
              -20.7929
            ],
            [
              -41.0184,
              -20.7905
            ],
            [
              -41.0199,
              -20.7887
            ],
            [
              -41.022,
              -20.7874
            ],
            [
              -41.0241,
              -20.7873
            ],
            [
              -41.0265,
              -20.7888
            ],
            [
              -41.0274,
              -20.7889
            ],
            [
              -41.0293,
              -20.787
            ],
            [
              -41.0315,
              -20.7882
            ],
            [
              -41.0346,
              -20.7886
            ],
            [
              -41.037,
              -20.7879
            ],
            [
              -41.0409,
              -20.7916
            ],
            [
              -41.0408,
              -20.7937
            ],
            [
              -41.0435,
              -20.7967
            ],
            [
              -41.0451,
              -20.7966
            ],
            [
              -41.0461,
              -20.7955
            ],
            [
              -41.0445,
              -20.7918
            ],
            [
              -41.0463,
              -20.7876
            ],
            [
              -41.0445,
              -20.7865
            ],
            [
              -41.0452,
              -20.7847
            ],
            [
              -41.0436,
              -20.7838
            ],
            [
              -41.0427,
              -20.7824
            ],
            [
              -41.0424,
              -20.7798
            ],
            [
              -41.0428,
              -20.7786
            ],
            [
              -41.0443,
              -20.7771
            ],
            [
              -41.0441,
              -20.7763
            ],
            [
              -41.041,
              -20.7748
            ],
            [
              -41.0406,
              -20.7727
            ],
            [
              -41.0393,
              -20.77
            ],
            [
              -41.037,
              -20.7689
            ],
            [
              -41.0348,
              -20.7648
            ],
            [
              -41.0346,
              -20.7615
            ],
            [
              -41.0323,
              -20.7599
            ],
            [
              -41.0322,
              -20.7569
            ],
            [
              -41.0348,
              -20.755
            ],
            [
              -41.0368,
              -20.7542
            ],
            [
              -41.0394,
              -20.7544
            ],
            [
              -41.0417,
              -20.753
            ],
            [
              -41.0439,
              -20.7535
            ],
            [
              -41.0461,
              -20.7532
            ],
            [
              -41.0472,
              -20.7525
            ],
            [
              -41.0498,
              -20.7528
            ],
            [
              -41.0504,
              -20.7516
            ],
            [
              -41.0527,
              -20.7503
            ],
            [
              -41.0537,
              -20.7485
            ],
            [
              -41.0546,
              -20.7478
            ],
            [
              -41.0566,
              -20.745
            ],
            [
              -41.0555,
              -20.743
            ],
            [
              -41.0551,
              -20.7408
            ],
            [
              -41.0579,
              -20.7399
            ],
            [
              -41.0595,
              -20.7388
            ],
            [
              -41.0608,
              -20.7387
            ],
            [
              -41.0629,
              -20.7369
            ],
            [
              -41.0625,
              -20.7354
            ],
            [
              -41.0625,
              -20.7326
            ],
            [
              -41.0652,
              -20.7306
            ],
            [
              -41.0674,
              -20.7312
            ],
            [
              -41.0697,
              -20.7304
            ],
            [
              -41.0698,
              -20.7266
            ],
            [
              -41.0708,
              -20.7255
            ],
            [
              -41.0688,
              -20.7239
            ],
            [
              -41.0665,
              -20.7232
            ],
            [
              -41.0667,
              -20.7206
            ],
            [
              -41.065,
              -20.7191
            ],
            [
              -41.0627,
              -20.7184
            ],
            [
              -41.0618,
              -20.7154
            ],
            [
              -41.0668,
              -20.7118
            ],
            [
              -41.0745,
              -20.7111
            ],
            [
              -41.0767,
              -20.7137
            ],
            [
              -41.0792,
              -20.7143
            ],
            [
              -41.0831,
              -20.7165
            ],
            [
              -41.0971,
              -20.7246
            ],
            [
              -41.099,
              -20.7226
            ],
            [
              -41.099,
              -20.7195
            ],
            [
              -41.1004,
              -20.7186
            ],
            [
              -41.1018,
              -20.7199
            ],
            [
              -41.1035,
              -20.7198
            ],
            [
              -41.1067,
              -20.7178
            ],
            [
              -41.1011,
              -20.7145
            ],
            [
              -41.1009,
              -20.7124
            ],
            [
              -41.1032,
              -20.711
            ],
            [
              -41.1034,
              -20.709
            ],
            [
              -41.1016,
              -20.7081
            ],
            [
              -41.1018,
              -20.7039
            ],
            [
              -41.0868,
              -20.7041
            ],
            [
              -41.0868,
              -20.7024
            ],
            [
              -41.0849,
              -20.6988
            ],
            [
              -41.086,
              -20.6986
            ],
            [
              -41.0882,
              -20.6961
            ],
            [
              -41.0873,
              -20.6942
            ],
            [
              -41.0853,
              -20.6922
            ],
            [
              -41.0861,
              -20.6908
            ],
            [
              -41.0854,
              -20.6888
            ],
            [
              -41.085,
              -20.6853
            ],
            [
              -41.0849,
              -20.6828
            ],
            [
              -41.0825,
              -20.6797
            ],
            [
              -41.0798,
              -20.6776
            ],
            [
              -41.0805,
              -20.6754
            ],
            [
              -41.0779,
              -20.6737
            ],
            [
              -41.0767,
              -20.6707
            ],
            [
              -41.0749,
              -20.6696
            ],
            [
              -41.0743,
              -20.666
            ],
            [
              -41.0725,
              -20.6644
            ],
            [
              -41.0716,
              -20.662
            ],
            [
              -41.0704,
              -20.6609
            ],
            [
              -41.0697,
              -20.6593
            ],
            [
              -41.067,
              -20.6563
            ],
            [
              -41.0661,
              -20.6549
            ],
            [
              -41.0669,
              -20.6526
            ],
            [
              -41.0668,
              -20.651
            ],
            [
              -41.0677,
              -20.6507
            ],
            [
              -41.0685,
              -20.6471
            ],
            [
              -41.0673,
              -20.6452
            ],
            [
              -41.0655,
              -20.644
            ],
            [
              -41.0665,
              -20.6421
            ],
            [
              -41.0655,
              -20.6405
            ],
            [
              -41.0601,
              -20.639
            ],
            [
              -41.0604,
              -20.6364
            ],
            [
              -41.0571,
              -20.6342
            ],
            [
              -41.0553,
              -20.6322
            ],
            [
              -41.0547,
              -20.6278
            ],
            [
              -41.0577,
              -20.6266
            ],
            [
              -41.0601,
              -20.626
            ],
            [
              -41.0606,
              -20.6241
            ],
            [
              -41.0614,
              -20.624
            ],
            [
              -41.064,
              -20.6252
            ],
            [
              -41.0662,
              -20.6256
            ],
            [
              -41.0695,
              -20.6242
            ],
            [
              -41.0709,
              -20.6232
            ],
            [
              -41.0711,
              -20.6222
            ],
            [
              -41.0727,
              -20.621
            ],
            [
              -41.0752,
              -20.6207
            ],
            [
              -41.0763,
              -20.6199
            ],
            [
              -41.0779,
              -20.6157
            ],
            [
              -41.0775,
              -20.6141
            ],
            [
              -41.0795,
              -20.6138
            ],
            [
              -41.0814,
              -20.6151
            ],
            [
              -41.0832,
              -20.6152
            ],
            [
              -41.0852,
              -20.6157
            ],
            [
              -41.0863,
              -20.6165
            ],
            [
              -41.0882,
              -20.615
            ],
            [
              -41.09,
              -20.6142
            ],
            [
              -41.0921,
              -20.6138
            ],
            [
              -41.0938,
              -20.6114
            ],
            [
              -41.0936,
              -20.6101
            ],
            [
              -41.097,
              -20.6089
            ],
            [
              -41.0991,
              -20.6086
            ],
            [
              -41.1044,
              -20.6127
            ],
            [
              -41.108,
              -20.6114
            ],
            [
              -41.1091,
              -20.6116
            ],
            [
              -41.1113,
              -20.615
            ],
            [
              -41.112,
              -20.6168
            ],
            [
              -41.1147,
              -20.6168
            ],
            [
              -41.1167,
              -20.6175
            ],
            [
              -41.1191,
              -20.6162
            ],
            [
              -41.1214,
              -20.616
            ],
            [
              -41.1225,
              -20.6152
            ],
            [
              -41.1271,
              -20.6144
            ],
            [
              -41.1291,
              -20.6137
            ],
            [
              -41.1316,
              -20.6144
            ],
            [
              -41.1323,
              -20.6153
            ],
            [
              -41.1325,
              -20.6183
            ],
            [
              -41.1334,
              -20.6215
            ],
            [
              -41.133,
              -20.6242
            ],
            [
              -41.133,
              -20.6269
            ],
            [
              -41.1359,
              -20.6312
            ],
            [
              -41.1395,
              -20.6337
            ],
            [
              -41.1411,
              -20.6341
            ],
            [
              -41.1429,
              -20.6365
            ],
            [
              -41.1457,
              -20.6365
            ],
            [
              -41.1466,
              -20.637
            ],
            [
              -41.1482,
              -20.6393
            ],
            [
              -41.1489,
              -20.6414
            ],
            [
              -41.1511,
              -20.6433
            ],
            [
              -41.153,
              -20.643
            ],
            [
              -41.1568,
              -20.6439
            ],
            [
              -41.1592,
              -20.6429
            ],
            [
              -41.1608,
              -20.6452
            ],
            [
              -41.1645,
              -20.6448
            ],
            [
              -41.1651,
              -20.6441
            ],
            [
              -41.1676,
              -20.6447
            ],
            [
              -41.1687,
              -20.6457
            ],
            [
              -41.1686,
              -20.6484
            ],
            [
              -41.1708,
              -20.6514
            ],
            [
              -41.1719,
              -20.6518
            ],
            [
              -41.1732,
              -20.6532
            ],
            [
              -41.1765,
              -20.6521
            ],
            [
              -41.1794,
              -20.6535
            ],
            [
              -41.1803,
              -20.6544
            ],
            [
              -41.1801,
              -20.6558
            ],
            [
              -41.1811,
              -20.6577
            ],
            [
              -41.1811,
              -20.661
            ],
            [
              -41.1798,
              -20.6656
            ],
            [
              -41.1799,
              -20.667
            ],
            [
              -41.1832,
              -20.6677
            ],
            [
              -41.1845,
              -20.6691
            ],
            [
              -41.1869,
              -20.6684
            ],
            [
              -41.1882,
              -20.6699
            ],
            [
              -41.1909,
              -20.6691
            ],
            [
              -41.1921,
              -20.6698
            ],
            [
              -41.1938,
              -20.6724
            ],
            [
              -41.1958,
              -20.6719
            ],
            [
              -41.1986,
              -20.6702
            ],
            [
              -41.2013,
              -20.6712
            ],
            [
              -41.2046,
              -20.6717
            ],
            [
              -41.2544,
              -20.663
            ],
            [
              -41.2583,
              -20.6612
            ],
            [
              -41.262,
              -20.66
            ],
            [
              -41.264,
              -20.6563
            ],
            [
              -41.2659,
              -20.6549
            ],
            [
              -41.268,
              -20.6554
            ],
            [
              -41.2727,
              -20.6551
            ],
            [
              -41.2746,
              -20.6544
            ],
            [
              -41.276,
              -20.6517
            ],
            [
              -41.2774,
              -20.6506
            ],
            [
              -41.2799,
              -20.6504
            ],
            [
              -41.2839,
              -20.6492
            ],
            [
              -41.2855,
              -20.6484
            ],
            [
              -41.2867,
              -20.6462
            ],
            [
              -41.2871,
              -20.6441
            ],
            [
              -41.2885,
              -20.6427
            ],
            [
              -41.2903,
              -20.6424
            ],
            [
              -41.2914,
              -20.6429
            ],
            [
              -41.2923,
              -20.6448
            ],
            [
              -41.2932,
              -20.6476
            ],
            [
              -41.2945,
              -20.6491
            ],
            [
              -41.2974,
              -20.6509
            ],
            [
              -41.3008,
              -20.6508
            ],
            [
              -41.3028,
              -20.6514
            ],
            [
              -41.3056,
              -20.6514
            ],
            [
              -41.3116,
              -20.643
            ],
            [
              -41.3127,
              -20.6422
            ],
            [
              -41.3152,
              -20.6416
            ],
            [
              -41.3146,
              -20.64
            ],
            [
              -41.317,
              -20.6374
            ],
            [
              -41.3219,
              -20.6331
            ],
            [
              -41.3213,
              -20.6317
            ],
            [
              -41.3194,
              -20.6296
            ],
            [
              -41.3193,
              -20.6285
            ],
            [
              -41.3206,
              -20.6264
            ],
            [
              -41.32,
              -20.624
            ],
            [
              -41.3224,
              -20.6222
            ],
            [
              -41.3232,
              -20.6193
            ],
            [
              -41.3245,
              -20.6175
            ],
            [
              -41.326,
              -20.6172
            ],
            [
              -41.3279,
              -20.6154
            ],
            [
              -41.33,
              -20.613
            ],
            [
              -41.3309,
              -20.61
            ],
            [
              -41.336,
              -20.6084
            ],
            [
              -41.3375,
              -20.6088
            ],
            [
              -41.3391,
              -20.6079
            ],
            [
              -41.3409,
              -20.606
            ],
            [
              -41.3452,
              -20.6083
            ],
            [
              -41.3453,
              -20.6091
            ],
            [
              -41.3468,
              -20.6106
            ],
            [
              -41.3491,
              -20.6115
            ],
            [
              -41.3513,
              -20.6117
            ],
            [
              -41.3527,
              -20.6129
            ],
            [
              -41.3521,
              -20.6143
            ],
            [
              -41.3515,
              -20.6178
            ],
            [
              -41.351,
              -20.6193
            ],
            [
              -41.3491,
              -20.6207
            ],
            [
              -41.3502,
              -20.6216
            ],
            [
              -41.351,
              -20.6239
            ],
            [
              -41.3554,
              -20.6248
            ],
            [
              -41.3564,
              -20.6247
            ],
            [
              -41.3587,
              -20.6256
            ],
            [
              -41.3595,
              -20.6241
            ],
            [
              -41.3632,
              -20.6217
            ],
            [
              -41.3665,
              -20.6206
            ],
            [
              -41.3672,
              -20.6209
            ],
            [
              -41.3676,
              -20.623
            ],
            [
              -41.3694,
              -20.6245
            ],
            [
              -41.3705,
              -20.6268
            ],
            [
              -41.3721,
              -20.6272
            ],
            [
              -41.3741,
              -20.6284
            ],
            [
              -41.3742,
              -20.6293
            ],
            [
              -41.3756,
              -20.6299
            ],
            [
              -41.3761,
              -20.6315
            ],
            [
              -41.379,
              -20.6332
            ],
            [
              -41.3798,
              -20.6349
            ],
            [
              -41.38,
              -20.6368
            ],
            [
              -41.3775,
              -20.6393
            ],
            [
              -41.3742,
              -20.6408
            ],
            [
              -41.3736,
              -20.643
            ],
            [
              -41.3722,
              -20.6457
            ],
            [
              -41.3726,
              -20.6479
            ],
            [
              -41.3736,
              -20.6501
            ],
            [
              -41.3759,
              -20.6519
            ],
            [
              -41.3778,
              -20.6546
            ],
            [
              -41.3804,
              -20.6551
            ],
            [
              -41.3821,
              -20.6577
            ],
            [
              -41.3845,
              -20.6586
            ],
            [
              -41.3843,
              -20.6622
            ],
            [
              -41.3865,
              -20.6638
            ],
            [
              -41.3877,
              -20.6677
            ],
            [
              -41.3884,
              -20.6686
            ],
            [
              -41.389,
              -20.6713
            ],
            [
              -41.3886,
              -20.6727
            ],
            [
              -41.3878,
              -20.6779
            ],
            [
              -41.387,
              -20.6786
            ],
            [
              -41.3871,
              -20.6801
            ],
            [
              -41.3837,
              -20.6811
            ],
            [
              -41.3832,
              -20.6841
            ],
            [
              -41.3815,
              -20.6865
            ],
            [
              -41.3812,
              -20.6882
            ],
            [
              -41.3766,
              -20.6886
            ],
            [
              -41.3749,
              -20.6893
            ],
            [
              -41.3721,
              -20.6919
            ],
            [
              -41.372,
              -20.693
            ],
            [
              -41.3709,
              -20.6939
            ],
            [
              -41.3677,
              -20.6943
            ],
            [
              -41.3664,
              -20.695
            ],
            [
              -41.3642,
              -20.6946
            ],
            [
              -41.3607,
              -20.6952
            ],
            [
              -41.3618,
              -20.6967
            ],
            [
              -41.3608,
              -20.6978
            ],
            [
              -41.3625,
              -20.6994
            ],
            [
              -41.3627,
              -20.7009
            ],
            [
              -41.3584,
              -20.7013
            ],
            [
              -41.3562,
              -20.7038
            ],
            [
              -41.3545,
              -20.7036
            ],
            [
              -41.3535,
              -20.7044
            ],
            [
              -41.3529,
              -20.7066
            ],
            [
              -41.3518,
              -20.7068
            ],
            [
              -41.3529,
              -20.71
            ],
            [
              -41.3537,
              -20.7109
            ],
            [
              -41.3551,
              -20.714
            ],
            [
              -41.3547,
              -20.7153
            ],
            [
              -41.355,
              -20.7183
            ],
            [
              -41.3577,
              -20.72
            ],
            [
              -41.3615,
              -20.7213
            ],
            [
              -41.3591,
              -20.7219
            ],
            [
              -41.3579,
              -20.7253
            ],
            [
              -41.3552,
              -20.7262
            ],
            [
              -41.3539,
              -20.7263
            ],
            [
              -41.3531,
              -20.7286
            ],
            [
              -41.3518,
              -20.7299
            ],
            [
              -41.3492,
              -20.7299
            ],
            [
              -41.3464,
              -20.7293
            ],
            [
              -41.3449,
              -20.7275
            ],
            [
              -41.3444,
              -20.7256
            ],
            [
              -41.343,
              -20.7246
            ],
            [
              -41.3398,
              -20.7242
            ],
            [
              -41.3385,
              -20.7249
            ],
            [
              -41.3363,
              -20.7281
            ],
            [
              -41.3344,
              -20.7284
            ],
            [
              -41.3326,
              -20.7279
            ],
            [
              -41.3313,
              -20.7291
            ],
            [
              -41.3295,
              -20.7291
            ],
            [
              -41.3271,
              -20.73
            ],
            [
              -41.3265,
              -20.731
            ],
            [
              -41.3252,
              -20.731
            ],
            [
              -41.3199,
              -20.7323
            ],
            [
              -41.3221,
              -20.7343
            ],
            [
              -41.3255,
              -20.7353
            ],
            [
              -41.3266,
              -20.7367
            ],
            [
              -41.3285,
              -20.7378
            ],
            [
              -41.3303,
              -20.738
            ],
            [
              -41.3305,
              -20.7392
            ],
            [
              -41.3315,
              -20.741
            ],
            [
              -41.3348,
              -20.7434
            ],
            [
              -41.3373,
              -20.7446
            ],
            [
              -41.3387,
              -20.7456
            ],
            [
              -41.3398,
              -20.7477
            ],
            [
              -41.3399,
              -20.7501
            ],
            [
              -41.3374,
              -20.7514
            ],
            [
              -41.3359,
              -20.7528
            ],
            [
              -41.3337,
              -20.7524
            ],
            [
              -41.3318,
              -20.7526
            ],
            [
              -41.3326,
              -20.7557
            ],
            [
              -41.3331,
              -20.7562
            ],
            [
              -41.3378,
              -20.7571
            ],
            [
              -41.3379,
              -20.7581
            ],
            [
              -41.3369,
              -20.7615
            ],
            [
              -41.3394,
              -20.7622
            ],
            [
              -41.3425,
              -20.7654
            ],
            [
              -41.3451,
              -20.7671
            ],
            [
              -41.3479,
              -20.7647
            ],
            [
              -41.3497,
              -20.7654
            ],
            [
              -41.3526,
              -20.7691
            ],
            [
              -41.3531,
              -20.7726
            ],
            [
              -41.3545,
              -20.7746
            ],
            [
              -41.354,
              -20.7773
            ],
            [
              -41.3546,
              -20.7787
            ],
            [
              -41.3537,
              -20.7815
            ],
            [
              -41.3499,
              -20.7847
            ],
            [
              -41.3464,
              -20.7892
            ],
            [
              -41.3467,
              -20.7905
            ],
            [
              -41.3461,
              -20.7922
            ],
            [
              -41.342,
              -20.7951
            ],
            [
              -41.342,
              -20.7983
            ],
            [
              -41.345,
              -20.7996
            ],
            [
              -41.3463,
              -20.8014
            ],
            [
              -41.3466,
              -20.8073
            ],
            [
              -41.3477,
              -20.8096
            ],
            [
              -41.3478,
              -20.8112
            ],
            [
              -41.3452,
              -20.8117
            ],
            [
              -41.3436,
              -20.8133
            ],
            [
              -41.3433,
              -20.8162
            ],
            [
              -41.3423,
              -20.817
            ],
            [
              -41.3418,
              -20.8184
            ],
            [
              -41.3425,
              -20.8197
            ],
            [
              -41.3444,
              -20.8221
            ],
            [
              -41.3444,
              -20.8248
            ],
            [
              -41.3436,
              -20.8276
            ],
            [
              -41.3419,
              -20.8299
            ],
            [
              -41.3409,
              -20.8325
            ],
            [
              -41.341,
              -20.8369
            ],
            [
              -41.3427,
              -20.8388
            ],
            [
              -41.3429,
              -20.8406
            ],
            [
              -41.3424,
              -20.8421
            ],
            [
              -41.343,
              -20.8444
            ],
            [
              -41.3427,
              -20.8464
            ],
            [
              -41.3438,
              -20.8477
            ],
            [
              -41.3428,
              -20.851
            ],
            [
              -41.3402,
              -20.8521
            ],
            [
              -41.3394,
              -20.8534
            ],
            [
              -41.3368,
              -20.8538
            ],
            [
              -41.3355,
              -20.8536
            ],
            [
              -41.3353,
              -20.8555
            ],
            [
              -41.3354,
              -20.8597
            ],
            [
              -41.3384,
              -20.8608
            ],
            [
              -41.3387,
              -20.8626
            ],
            [
              -41.3374,
              -20.8635
            ],
            [
              -41.3326,
              -20.8633
            ],
            [
              -41.3307,
              -20.8624
            ],
            [
              -41.3297,
              -20.8596
            ],
            [
              -41.3299,
              -20.8583
            ],
            [
              -41.3289,
              -20.8578
            ],
            [
              -41.3261,
              -20.8576
            ],
            [
              -41.3239,
              -20.8585
            ],
            [
              -41.3228,
              -20.8579
            ],
            [
              -41.3226,
              -20.8565
            ],
            [
              -41.3211,
              -20.8552
            ],
            [
              -41.3212,
              -20.8531
            ],
            [
              -41.3206,
              -20.852
            ],
            [
              -41.3184,
              -20.8519
            ],
            [
              -41.3156,
              -20.8509
            ],
            [
              -41.3104,
              -20.8526
            ],
            [
              -41.3084,
              -20.8535
            ],
            [
              -41.3078,
              -20.8563
            ],
            [
              -41.3065,
              -20.8577
            ],
            [
              -41.3048,
              -20.8578
            ],
            [
              -41.3028,
              -20.8573
            ],
            [
              -41.3005,
              -20.8578
            ],
            [
              -41.2974,
              -20.8557
            ],
            [
              -41.2967,
              -20.8517
            ],
            [
              -41.2975,
              -20.8478
            ],
            [
              -41.2959,
              -20.8472
            ],
            [
              -41.2953,
              -20.8461
            ],
            [
              -41.295,
              -20.8429
            ],
            [
              -41.2955,
              -20.8411
            ],
            [
              -41.2944,
              -20.8399
            ],
            [
              -41.2929,
              -20.84
            ],
            [
              -41.291,
              -20.845
            ],
            [
              -41.2884,
              -20.8481
            ],
            [
              -41.2868,
              -20.8494
            ],
            [
              -41.2865,
              -20.8506
            ],
            [
              -41.2869,
              -20.8522
            ],
            [
              -41.287,
              -20.855
            ],
            [
              -41.2855,
              -20.8543
            ],
            [
              -41.2814,
              -20.8537
            ],
            [
              -41.2783,
              -20.8553
            ],
            [
              -41.2762,
              -20.8535
            ],
            [
              -41.274,
              -20.8533
            ],
            [
              -41.2702,
              -20.8519
            ],
            [
              -41.2695,
              -20.8488
            ],
            [
              -41.2683,
              -20.8485
            ],
            [
              -41.2664,
              -20.8511
            ],
            [
              -41.2653,
              -20.8509
            ],
            [
              -41.2632,
              -20.8519
            ],
            [
              -41.2604,
              -20.852
            ],
            [
              -41.259,
              -20.8526
            ],
            [
              -41.2572,
              -20.8512
            ],
            [
              -41.2529,
              -20.8509
            ],
            [
              -41.2513,
              -20.8502
            ],
            [
              -41.2503,
              -20.8472
            ],
            [
              -41.2493,
              -20.8463
            ],
            [
              -41.2467,
              -20.8464
            ],
            [
              -41.2442,
              -20.8485
            ],
            [
              -41.2404,
              -20.8483
            ],
            [
              -41.2383,
              -20.8474
            ],
            [
              -41.2375,
              -20.8504
            ],
            [
              -41.2384,
              -20.8519
            ],
            [
              -41.2379,
              -20.8526
            ],
            [
              -41.2357,
              -20.8532
            ],
            [
              -41.2373,
              -20.8579
            ],
            [
              -41.2397,
              -20.8583
            ],
            [
              -41.242,
              -20.8602
            ],
            [
              -41.2423,
              -20.862
            ],
            [
              -41.2448,
              -20.8659
            ],
            [
              -41.2448,
              -20.8686
            ]
          ]
        ]
      },
      "properties": {
        "codarea": "3201209",
        "nome_municipio": "Cachoeiro de Itapemirim",
        "codigo_ibge": 3201209
      }
    },
    {
      "type": "Feature",
      "geometry": {
        "type": "Polygon",
        "coordinates": [
          [
            [
              -41.0775,
              -20.6141
            ],
            [
              -41.0779,
              -20.6157
            ],
            [
              -41.0763,
              -20.6199
            ],
            [
              -41.0752,
              -20.6207
            ],
            [
              -41.0727,
              -20.621
            ],
            [
              -41.0711,
              -20.6222
            ],
            [
              -41.0709,
              -20.6232
            ],
            [
              -41.0695,
              -20.6242
            ],
            [
              -41.0662,
              -20.6256
            ],
            [
              -41.064,
              -20.6252
            ],
            [
              -41.0614,
              -20.624
            ],
            [
              -41.0606,
              -20.6241
            ],
            [
              -41.0601,
              -20.626
            ],
            [
              -41.0577,
              -20.6266
            ],
            [
              -41.0547,
              -20.6278
            ],
            [
              -41.0553,
              -20.6322
            ],
            [
              -41.0571,
              -20.6342
            ],
            [
              -41.0604,
              -20.6364
            ],
            [
              -41.0601,
              -20.639
            ],
            [
              -41.0655,
              -20.6405
            ],
            [
              -41.0665,
              -20.6421
            ],
            [
              -41.0655,
              -20.644
            ],
            [
              -41.0673,
              -20.6452
            ],
            [
              -41.0685,
              -20.6471
            ],
            [
              -41.0677,
              -20.6507
            ],
            [
              -41.0668,
              -20.651
            ],
            [
              -41.0669,
              -20.6526
            ],
            [
              -41.0661,
              -20.6549
            ],
            [
              -41.067,
              -20.6563
            ],
            [
              -41.0697,
              -20.6593
            ],
            [
              -41.0704,
              -20.6609
            ],
            [
              -41.0716,
              -20.662
            ],
            [
              -41.0725,
              -20.6644
            ],
            [
              -41.0743,
              -20.666
            ],
            [
              -41.0749,
              -20.6696
            ],
            [
              -41.0767,
              -20.6707
            ],
            [
              -41.0779,
              -20.6737
            ],
            [
              -41.0805,
              -20.6754
            ],
            [
              -41.0798,
              -20.6776
            ],
            [
              -41.0825,
              -20.6797
            ],
            [
              -41.0849,
              -20.6828
            ],
            [
              -41.085,
              -20.6853
            ],
            [
              -41.0854,
              -20.6888
            ],
            [
              -41.0861,
              -20.6908
            ],
            [
              -41.0853,
              -20.6922
            ],
            [
              -41.0873,
              -20.6942
            ],
            [
              -41.0882,
              -20.6961
            ],
            [
              -41.086,
              -20.6986
            ],
            [
              -41.0849,
              -20.6988
            ],
            [
              -41.0868,
              -20.7024
            ],
            [
              -41.0868,
              -20.7041
            ],
            [
              -41.1018,
              -20.7039
            ],
            [
              -41.1016,
              -20.7081
            ],
            [
              -41.1034,
              -20.709
            ],
            [
              -41.1032,
              -20.711
            ],
            [
              -41.1009,
              -20.7124
            ],
            [
              -41.1011,
              -20.7145
            ],
            [
              -41.1067,
              -20.7178
            ],
            [
              -41.1035,
              -20.7198
            ],
            [
              -41.1018,
              -20.7199
            ],
            [
              -41.1004,
              -20.7186
            ],
            [
              -41.099,
              -20.7195
            ],
            [
              -41.099,
              -20.7226
            ],
            [
              -41.0971,
              -20.7246
            ],
            [
              -41.0831,
              -20.7165
            ],
            [
              -41.0792,
              -20.7143
            ],
            [
              -41.0767,
              -20.7137
            ],
            [
              -41.0745,
              -20.7111
            ],
            [
              -41.0668,
              -20.7118
            ],
            [
              -41.0618,
              -20.7154
            ],
            [
              -41.0627,
              -20.7184
            ],
            [
              -41.065,
              -20.7191
            ],
            [
              -41.0667,
              -20.7206
            ],
            [
              -41.0665,
              -20.7232
            ],
            [
              -41.0688,
              -20.7239
            ],
            [
              -41.0708,
              -20.7255
            ],
            [
              -41.0698,
              -20.7266
            ],
            [
              -41.0697,
              -20.7304
            ],
            [
              -41.0674,
              -20.7312
            ],
            [
              -41.0652,
              -20.7306
            ],
            [
              -41.0625,
              -20.7326
            ],
            [
              -41.0625,
              -20.7354
            ],
            [
              -41.0629,
              -20.7369
            ],
            [
              -41.0608,
              -20.7387
            ],
            [
              -41.0595,
              -20.7388
            ],
            [
              -41.0579,
              -20.7399
            ],
            [
              -41.0551,
              -20.7408
            ],
            [
              -41.0555,
              -20.743
            ],
            [
              -41.0566,
              -20.745
            ],
            [
              -41.0546,
              -20.7478
            ],
            [
              -41.0537,
              -20.7485
            ],
            [
              -41.0527,
              -20.7503
            ],
            [
              -41.0504,
              -20.7516
            ],
            [
              -41.0498,
              -20.7528
            ],
            [
              -41.0472,
              -20.7525
            ],
            [
              -41.0461,
              -20.7532
            ],
            [
              -41.0439,
              -20.7535
            ],
            [
              -41.0417,
              -20.753
            ],
            [
              -41.0394,
              -20.7544
            ],
            [
              -41.0368,
              -20.7542
            ],
            [
              -41.0348,
              -20.755
            ],
            [
              -41.0322,
              -20.7569
            ],
            [
              -41.0323,
              -20.7599
            ],
            [
              -41.0346,
              -20.7615
            ],
            [
              -41.0348,
              -20.7648
            ],
            [
              -41.037,
              -20.7689
            ],
            [
              -41.0393,
              -20.77
            ],
            [
              -41.0406,
              -20.7727
            ],
            [
              -41.041,
              -20.7748
            ],
            [
              -41.0441,
              -20.7763
            ],
            [
              -41.0443,
              -20.7771
            ],
            [
              -41.0428,
              -20.7786
            ],
            [
              -41.0424,
              -20.7798
            ],
            [
              -41.0427,
              -20.7824
            ],
            [
              -41.0436,
              -20.7838
            ],
            [
              -41.0452,
              -20.7847
            ],
            [
              -41.0445,
              -20.7865
            ],
            [
              -41.0463,
              -20.7876
            ],
            [
              -41.0445,
              -20.7918
            ],
            [
              -41.0461,
              -20.7955
            ],
            [
              -41.0451,
              -20.7966
            ],
            [
              -41.0435,
              -20.7967
            ],
            [
              -41.0408,
              -20.7937
            ],
            [
              -41.0409,
              -20.7916
            ],
            [
              -41.037,
              -20.7879
            ],
            [
              -41.0346,
              -20.7886
            ],
            [
              -41.0315,
              -20.7882
            ],
            [
              -41.0293,
              -20.787
            ],
            [
              -41.0274,
              -20.7889
            ],
            [
              -41.0265,
              -20.7888
            ],
            [
              -41.0241,
              -20.7873
            ],
            [
              -41.022,
              -20.7874
            ],
            [
              -41.0199,
              -20.7887
            ],
            [
              -41.0184,
              -20.7905
            ],
            [
              -41.0181,
              -20.7929
            ],
            [
              -41.017,
              -20.7952
            ],
            [
              -41.0182,
              -20.7976
            ],
            [
              -41.0182,
              -20.7994
            ],
            [
              -41.0192,
              -20.8017
            ],
            [
              -41.0203,
              -20.8074
            ],
            [
              -41.0222,
              -20.8097
            ],
            [
              -41.0231,
              -20.8146
            ],
            [
              -41.0226,
              -20.8164
            ],
            [
              -41.021,
              -20.8157
            ],
            [
              -41.0193,
              -20.8181
            ],
            [
              -41.0158,
              -20.8209
            ],
            [
              -41.0154,
              -20.8229
            ],
            [
              -41.0181,
              -20.8281
            ],
            [
              -41.0176,
              -20.83
            ],
            [
              -41.0188,
              -20.8305
            ],
            [
              -41.0214,
              -20.8328
            ],
            [
              -41.024,
              -20.8341
            ],
            [
              -41.0247,
              -20.8355
            ],
            [
              -41.0238,
              -20.8397
            ],
            [
              -41.0254,
              -20.8401
            ],
            [
              -41.028,
              -20.8442
            ],
            [
              -41.0279,
              -20.8474
            ],
            [
              -41.0294,
              -20.8489
            ],
            [
              -41.0288,
              -20.8505
            ],
            [
              -41.0296,
              -20.8521
            ],
            [
              -41.0313,
              -20.8535
            ],
            [
              -41.0307,
              -20.8545
            ],
            [
              -41.0273,
              -20.8559
            ],
            [
              -41.0261,
              -20.8574
            ],
            [
              -41.0248,
              -20.8581
            ],
            [
              -41.0217,
              -20.8584
            ],
            [
              -41.0177,
              -20.8583
            ],
            [
              -41.0165,
              -20.8594
            ],
            [
              -41.0158,
              -20.861
            ],
            [
              -41.0164,
              -20.8629
            ],
            [
              -41.0089,
              -20.8674
            ],
            [
              -41.0062,
              -20.8694
            ],
            [
              -40.9927,
              -20.8695
            ],
            [
              -40.9796,
              -20.8694
            ],
            [
              -40.9796,
              -20.8672
            ],
            [
              -40.9783,
              -20.8659
            ],
            [
              -40.9789,
              -20.865
            ],
            [
              -40.9821,
              -20.8649
            ],
            [
              -40.984,
              -20.8641
            ],
            [
              -40.984,
              -20.8631
            ],
            [
              -40.9858,
              -20.8629
            ],
            [
              -40.9868,
              -20.861
            ],
            [
              -40.9861,
              -20.8589
            ],
            [
              -40.9845,
              -20.857
            ],
            [
              -40.985,
              -20.8554
            ],
            [
              -40.9868,
              -20.8555
            ],
            [
              -40.9866,
              -20.8532
            ],
            [
              -40.9858,
              -20.8524
            ],
            [
              -40.9867,
              -20.8508
            ],
            [
              -40.9865,
              -20.8497
            ],
            [
              -40.9877,
              -20.8484
            ],
            [
              -40.9877,
              -20.8467
            ],
            [
              -40.986,
              -20.8465
            ],
            [
              -40.9858,
              -20.8454
            ],
            [
              -40.9872,
              -20.8438
            ],
            [
              -40.9872,
              -20.842
            ],
            [
              -40.9899,
              -20.8406
            ],
            [
              -40.9895,
              -20.838
            ],
            [
              -40.9905,
              -20.8377
            ],
            [
              -40.9912,
              -20.8363
            ],
            [
              -40.9904,
              -20.835
            ],
            [
              -40.9897,
              -20.8326
            ],
            [
              -40.9884,
              -20.8315
            ],
            [
              -40.9862,
              -20.8305
            ],
            [
              -40.9846,
              -20.8306
            ],
            [
              -40.9838,
              -20.8293
            ],
            [
              -40.9814,
              -20.8297
            ],
            [
              -40.98,
              -20.8283
            ],
            [
              -40.9797,
              -20.8255
            ],
            [
              -40.98,
              -20.8244
            ],
            [
              -40.9786,
              -20.823
            ],
            [
              -40.9791,
              -20.8208
            ],
            [
              -40.9823,
              -20.8182
            ],
            [
              -40.9829,
              -20.8166
            ],
            [
              -40.9823,
              -20.814
            ],
            [
              -40.9841,
              -20.8136
            ],
            [
              -40.9847,
              -20.8098
            ],
            [
              -40.9857,
              -20.8087
            ],
            [
              -40.987,
              -20.8088
            ],
            [
              -40.9871,
              -20.8071
            ],
            [
              -40.9858,
              -20.8057
            ],
            [
              -40.9844,
              -20.8021
            ],
            [
              -40.9864,
              -20.7997
            ],
            [
              -40.9874,
              -20.7992
            ],
            [
              -40.9883,
              -20.7974
            ],
            [
              -40.9915,
              -20.7963
            ],
            [
              -40.9914,
              -20.7948
            ],
            [
              -40.9954,
              -20.7929
            ],
            [
              -40.9959,
              -20.7919
            ],
            [
              -40.9944,
              -20.7908
            ],
            [
              -40.9931,
              -20.7906
            ],
            [
              -40.9909,
              -20.7878
            ],
            [
              -40.992,
              -20.7836
            ],
            [
              -40.9944,
              -20.7814
            ],
            [
              -40.9938,
              -20.7782
            ],
            [
              -40.9905,
              -20.7766
            ],
            [
              -40.9902,
              -20.7748
            ],
            [
              -40.9887,
              -20.7747
            ],
            [
              -40.9879,
              -20.7737
            ],
            [
              -40.9847,
              -20.7713
            ],
            [
              -40.9837,
              -20.7712
            ],
            [
              -40.9813,
              -20.7693
            ],
            [
              -40.9806,
              -20.7679
            ],
            [
              -40.9792,
              -20.767
            ],
            [
              -40.9815,
              -20.7656
            ],
            [
              -40.9794,
              -20.7642
            ],
            [
              -40.9758,
              -20.7636
            ],
            [
              -40.9749,
              -20.7614
            ],
            [
              -40.9734,
              -20.7606
            ],
            [
              -40.9735,
              -20.759
            ],
            [
              -40.9711,
              -20.7562
            ],
            [
              -40.9696,
              -20.7554
            ],
            [
              -40.9691,
              -20.7517
            ],
            [
              -40.9677,
              -20.7509
            ],
            [
              -40.9674,
              -20.7484
            ],
            [
              -40.9658,
              -20.7459
            ],
            [
              -40.9653,
              -20.744
            ],
            [
              -40.9651,
              -20.7418
            ],
            [
              -40.9659,
              -20.741
            ],
            [
              -40.9656,
              -20.7387
            ],
            [
              -40.9663,
              -20.736
            ],
            [
              -40.9654,
              -20.7342
            ],
            [
              -40.965,
              -20.7301
            ],
            [
              -40.964,
              -20.7288
            ],
            [
              -40.9636,
              -20.7269
            ],
            [
              -40.9624,
              -20.7253
            ],
            [
              -40.9595,
              -20.7236
            ],
            [
              -40.9578,
              -20.7217
            ],
            [
              -40.9569,
              -20.7184
            ],
            [
              -40.958,
              -20.7177
            ],
            [
              -40.9562,
              -20.7152
            ],
            [
              -40.9574,
              -20.714
            ],
            [
              -40.9601,
              -20.7132
            ],
            [
              -40.9629,
              -20.7118
            ],
            [
              -40.9633,
              -20.7104
            ],
            [
              -40.9626,
              -20.708
            ],
            [
              -40.9615,
              -20.7065
            ],
            [
              -40.9618,
              -20.7055
            ],
            [
              -40.961,
              -20.7006
            ],
            [
              -40.9593,
              -20.6963
            ],
            [
              -40.958,
              -20.6951
            ],
            [
              -40.9562,
              -20.6928
            ],
            [
              -40.9551,
              -20.6925
            ],
            [
              -40.9523,
              -20.6956
            ],
            [
              -40.9504,
              -20.6957
            ],
            [
              -40.947,
              -20.6939
            ],
            [
              -40.9458,
              -20.6896
            ],
            [
              -40.9438,
              -20.6879
            ],
            [
              -40.9406,
              -20.6867
            ],
            [
              -40.9384,
              -20.6869
            ],
            [
              -40.9371,
              -20.6875
            ],
            [
              -40.9356,
              -20.6853
            ],
            [
              -40.9326,
              -20.685
            ],
            [
              -40.9326,
              -20.6836
            ],
            [
              -40.9313,
              -20.6816
            ],
            [
              -40.9299,
              -20.6804
            ],
            [
              -40.9297,
              -20.6782
            ],
            [
              -40.9317,
              -20.6764
            ],
            [
              -40.9321,
              -20.6747
            ],
            [
              -40.9336,
              -20.6734
            ],
            [
              -40.9326,
              -20.6719
            ],
            [
              -40.9325,
              -20.6706
            ],
            [
              -40.9308,
              -20.6695
            ],
            [
              -40.9331,
              -20.6674
            ],
            [
              -40.933,
              -20.6663
            ],
            [
              -40.9339,
              -20.6652
            ],
            [
              -40.9342,
              -20.6628
            ],
            [
              -40.9318,
              -20.6602
            ],
            [
              -40.9314,
              -20.6575
            ],
            [
              -40.9298,
              -20.6565
            ],
            [
              -40.9291,
              -20.6551
            ],
            [
              -40.9264,
              -20.6533
            ],
            [
              -40.9256,
              -20.6518
            ],
            [
              -40.9264,
              -20.6504
            ],
            [
              -40.9256,
              -20.6477
            ],
            [
              -40.9239,
              -20.6466
            ],
            [
              -40.9212,
              -20.646
            ],
            [
              -40.9186,
              -20.6446
            ],
            [
              -40.9158,
              -20.6439
            ],
            [
              -40.9162,
              -20.6413
            ],
            [
              -40.9133,
              -20.6359
            ],
            [
              -40.9116,
              -20.6358
            ],
            [
              -40.9108,
              -20.6335
            ],
            [
              -40.9107,
              -20.6302
            ],
            [
              -40.9115,
              -20.6295
            ],
            [
              -40.9104,
              -20.6278
            ],
            [
              -40.9093,
              -20.6242
            ],
            [
              -40.9101,
              -20.6215
            ],
            [
              -40.9102,
              -20.6185
            ],
            [
              -40.9112,
              -20.6183
            ],
            [
              -40.9119,
              -20.6156
            ],
            [
              -40.913,
              -20.6153
            ],
            [
              -40.9142,
              -20.6135
            ],
            [
              -40.9174,
              -20.6123
            ],
            [
              -40.9197,
              -20.6103
            ],
            [
              -40.921,
              -20.61
            ],
            [
              -40.9226,
              -20.6083
            ],
            [
              -40.9261,
              -20.6078
            ],
            [
              -40.9292,
              -20.6068
            ],
            [
              -40.9303,
              -20.6047
            ],
            [
              -40.9323,
              -20.6035
            ],
            [
              -40.9322,
              -20.6022
            ],
            [
              -40.9348,
              -20.6009
            ],
            [
              -40.9363,
              -20.5996
            ],
            [
              -40.9385,
              -20.602
            ],
            [
              -40.9427,
              -20.6053
            ],
            [
              -40.9427,
              -20.6064
            ],
            [
              -40.945,
              -20.6063
            ],
            [
              -40.9481,
              -20.6043
            ],
            [
              -40.9491,
              -20.6027
            ],
            [
              -40.9513,
              -20.6024
            ],
            [
              -40.9525,
              -20.6017
            ],
            [
              -40.9541,
              -20.6019
            ],
            [
              -40.9565,
              -20.6013
            ],
            [
              -40.9578,
              -20.6039
            ],
            [
              -40.9597,
              -20.6033
            ],
            [
              -40.9626,
              -20.6017
            ],
            [
              -40.9589,
              -20.5985
            ],
            [
              -40.958,
              -20.5962
            ],
            [
              -40.9584,
              -20.5953
            ],
            [
              -40.958,
              -20.5934
            ],
            [
              -40.9569,
              -20.5931
            ],
            [
              -40.9561,
              -20.5918
            ],
            [
              -40.9576,
              -20.5905
            ],
            [
              -40.96,
              -20.5854
            ],
            [
              -40.9616,
              -20.5849
            ],
            [
              -40.9633,
              -20.5836
            ],
            [
              -40.9633,
              -20.5819
            ],
            [
              -40.9655,
              -20.5807
            ],
            [
              -40.9669,
              -20.5776
            ],
            [
              -40.9683,
              -20.5764
            ],
            [
              -40.968,
              -20.5745
            ],
            [
              -40.9665,
              -20.5714
            ],
            [
              -40.9668,
              -20.5681
            ],
            [
              -40.9664,
              -20.566
            ],
            [
              -40.9671,
              -20.5645
            ],
            [
              -40.964,
              -20.5624
            ],
            [
              -40.9624,
              -20.5628
            ],
            [
              -40.9608,
              -20.5618
            ],
            [
              -40.9587,
              -20.5626
            ],
            [
              -40.9566,
              -20.5617
            ],
            [
              -40.9562,
              -20.5596
            ],
            [
              -40.9567,
              -20.5574
            ],
            [
              -40.9591,
              -20.5558
            ],
            [
              -40.9591,
              -20.5549
            ],
            [
              -40.9568,
              -20.5528
            ],
            [
              -40.957,
              -20.5518
            ],
            [
              -40.9582,
              -20.5508
            ],
            [
              -40.9596,
              -20.5503
            ],
            [
              -40.9613,
              -20.5472
            ],
            [
              -40.9641,
              -20.5454
            ],
            [
              -40.9662,
              -20.5425
            ],
            [
              -40.9648,
              -20.5415
            ],
            [
              -40.9644,
              -20.5397
            ],
            [
              -40.9621,
              -20.5381
            ],
            [
              -40.9618,
              -20.536
            ],
            [
              -40.9607,
              -20.5336
            ],
            [
              -40.9613,
              -20.5319
            ],
            [
              -40.9596,
              -20.5283
            ],
            [
              -40.9611,
              -20.5247
            ],
            [
              -40.9593,
              -20.5213
            ],
            [
              -40.9606,
              -20.5188
            ],
            [
              -40.9617,
              -20.5183
            ],
            [
              -40.9606,
              -20.5141
            ],
            [
              -40.9623,
              -20.5123
            ],
            [
              -40.9611,
              -20.5112
            ],
            [
              -40.9599,
              -20.5111
            ],
            [
              -40.9585,
              -20.5089
            ],
            [
              -40.9598,
              -20.5068
            ],
            [
              -40.9611,
              -20.5056
            ],
            [
              -40.9612,
              -20.5034
            ],
            [
              -40.96,
              -20.5022
            ],
            [
              -40.9602,
              -20.5004
            ],
            [
              -40.9598,
              -20.4975
            ],
            [
              -40.9616,
              -20.496
            ],
            [
              -40.9649,
              -20.4956
            ],
            [
              -40.9674,
              -20.4971
            ],
            [
              -40.9689,
              -20.4963
            ],
            [
              -40.9678,
              -20.4933
            ],
            [
              -40.9656,
              -20.4894
            ],
            [
              -40.9667,
              -20.486
            ],
            [
              -40.9659,
              -20.4836
            ],
            [
              -40.9673,
              -20.4828
            ],
            [
              -40.969,
              -20.483
            ],
            [
              -40.9697,
              -20.4821
            ],
            [
              -40.9724,
              -20.4807
            ],
            [
              -40.9727,
              -20.4764
            ],
            [
              -40.9737,
              -20.4745
            ],
            [
              -40.9698,
              -20.4739
            ],
            [
              -40.9697,
              -20.4724
            ],
            [
              -40.9703,
              -20.4704
            ],
            [
              -40.969,
              -20.469
            ],
            [
              -40.9687,
              -20.4678
            ],
            [
              -40.9696,
              -20.464
            ],
            [
              -40.9689,
              -20.4626
            ],
            [
              -40.9703,
              -20.4623
            ],
            [
              -40.9711,
              -20.4613
            ],
            [
              -40.9731,
              -20.4602
            ],
            [
              -40.9742,
              -20.4588
            ],
            [
              -40.9763,
              -20.4579
            ],
            [
              -40.9776,
              -20.456
            ],
            [
              -40.9792,
              -20.4563
            ],
            [
              -40.98,
              -20.4577
            ],
            [
              -40.985,
              -20.4605
            ],
            [
              -40.9867,
              -20.4602
            ],
            [
              -40.9871,
              -20.4582
            ],
            [
              -40.9864,
              -20.4576
            ],
            [
              -40.9858,
              -20.4553
            ],
            [
              -40.986,
              -20.4522
            ],
            [
              -40.9852,
              -20.4509
            ],
            [
              -40.9848,
              -20.4483
            ],
            [
              -40.986,
              -20.4466
            ],
            [
              -40.988,
              -20.4459
            ],
            [
              -40.9891,
              -20.4437
            ],
            [
              -40.9906,
              -20.4428
            ],
            [
              -40.9938,
              -20.4428
            ],
            [
              -40.9951,
              -20.4416
            ],
            [
              -40.9929,
              -20.4384
            ],
            [
              -40.9914,
              -20.4377
            ],
            [
              -40.99,
              -20.4383
            ],
            [
              -40.9881,
              -20.4368
            ],
            [
              -40.9882,
              -20.4332
            ],
            [
              -40.9896,
              -20.4309
            ],
            [
              -40.992,
              -20.4307
            ],
            [
              -40.9951,
              -20.4279
            ],
            [
              -40.9987,
              -20.4263
            ],
            [
              -41.0003,
              -20.4259
            ],
            [
              -41.0018,
              -20.4262
            ],
            [
              -41.0045,
              -20.4296
            ],
            [
              -41.0063,
              -20.431
            ],
            [
              -41.0082,
              -20.433
            ],
            [
              -41.0104,
              -20.4338
            ],
            [
              -41.0101,
              -20.4356
            ],
            [
              -41.0093,
              -20.4375
            ],
            [
              -41.0084,
              -20.4407
            ],
            [
              -41.0086,
              -20.4424
            ],
            [
              -41.0078,
              -20.444
            ],
            [
              -41.0079,
              -20.447
            ],
            [
              -41.0074,
              -20.4505
            ],
            [
              -41.0086,
              -20.4529
            ],
            [
              -41.0089,
              -20.455
            ],
            [
              -41.0105,
              -20.4565
            ],
            [
              -41.0106,
              -20.458
            ],
            [
              -41.0092,
              -20.4605
            ],
            [
              -41.0065,
              -20.4633
            ],
            [
              -41.0058,
              -20.4672
            ],
            [
              -41.0042,
              -20.4682
            ],
            [
              -41.005,
              -20.4705
            ],
            [
              -41.012,
              -20.4745
            ],
            [
              -41.0147,
              -20.475
            ],
            [
              -41.0165,
              -20.4771
            ],
            [
              -41.0194,
              -20.478
            ],
            [
              -41.0195,
              -20.4796
            ],
            [
              -41.0183,
              -20.4816
            ],
            [
              -41.0186,
              -20.4835
            ],
            [
              -41.0201,
              -20.4837
            ],
            [
              -41.0217,
              -20.4833
            ],
            [
              -41.0228,
              -20.4837
            ],
            [
              -41.0256,
              -20.4837
            ],
            [
              -41.0284,
              -20.4844
            ],
            [
              -41.0292,
              -20.4828
            ],
            [
              -41.0368,
              -20.4831
            ],
            [
              -41.0386,
              -20.484
            ],
            [
              -41.0395,
              -20.4838
            ],
            [
              -41.0411,
              -20.4864
            ],
            [
              -41.0406,
              -20.4876
            ],
            [
              -41.0378,
              -20.489
            ],
            [
              -41.0349,
              -20.4909
            ],
            [
              -41.0341,
              -20.4919
            ],
            [
              -41.0344,
              -20.4959
            ],
            [
              -41.0315,
              -20.4951
            ],
            [
              -41.0289,
              -20.4955
            ],
            [
              -41.0289,
              -20.4973
            ],
            [
              -41.0301,
              -20.4993
            ],
            [
              -41.0301,
              -20.5016
            ],
            [
              -41.0291,
              -20.5058
            ],
            [
              -41.0271,
              -20.5061
            ],
            [
              -41.0261,
              -20.5069
            ],
            [
              -41.0264,
              -20.5137
            ],
            [
              -41.0255,
              -20.5151
            ],
            [
              -41.0264,
              -20.5164
            ],
            [
              -41.0303,
              -20.5176
            ],
            [
              -41.0342,
              -20.518
            ],
            [
              -41.0357,
              -20.517
            ],
            [
              -41.0367,
              -20.5152
            ],
            [
              -41.0385,
              -20.5151
            ],
            [
              -41.0399,
              -20.5206
            ],
            [
              -41.0417,
              -20.521
            ],
            [
              -41.0423,
              -20.5225
            ],
            [
              -41.0447,
              -20.5236
            ],
            [
              -41.046,
              -20.5232
            ],
            [
              -41.046,
              -20.5209
            ],
            [
              -41.0476,
              -20.52
            ],
            [
              -41.0476,
              -20.5173
            ],
            [
              -41.0492,
              -20.5162
            ],
            [
              -41.0539,
              -20.5181
            ],
            [
              -41.0561,
              -20.5182
            ],
            [
              -41.0567,
              -20.5192
            ],
            [
              -41.0567,
              -20.5208
            ],
            [
              -41.0553,
              -20.5219
            ],
            [
              -41.0563,
              -20.5243
            ],
            [
              -41.055,
              -20.5259
            ],
            [
              -41.0545,
              -20.5293
            ],
            [
              -41.0531,
              -20.5306
            ],
            [
              -41.0521,
              -20.53
            ],
            [
              -41.0494,
              -20.533
            ],
            [
              -41.0491,
              -20.5344
            ],
            [
              -41.0476,
              -20.5346
            ],
            [
              -41.0458,
              -20.5362
            ],
            [
              -41.0442,
              -20.536
            ],
            [
              -41.043,
              -20.5368
            ],
            [
              -41.0407,
              -20.5361
            ],
            [
              -41.0383,
              -20.537
            ],
            [
              -41.0357,
              -20.5369
            ],
            [
              -41.0346,
              -20.5363
            ],
            [
              -41.0321,
              -20.5369
            ],
            [
              -41.0294,
              -20.535
            ],
            [
              -41.0275,
              -20.5347
            ],
            [
              -41.0269,
              -20.5352
            ],
            [
              -41.0244,
              -20.5352
            ],
            [
              -41.0227,
              -20.5343
            ],
            [
              -41.022,
              -20.5326
            ],
            [
              -41.0198,
              -20.5333
            ],
            [
              -41.0189,
              -20.5329
            ],
            [
              -41.0179,
              -20.5351
            ],
            [
              -41.0182,
              -20.5375
            ],
            [
              -41.0181,
              -20.5398
            ],
            [
              -41.0193,
              -20.5403
            ],
            [
              -41.0185,
              -20.5432
            ],
            [
              -41.0176,
              -20.5447
            ],
            [
              -41.0203,
              -20.5488
            ],
            [
              -41.0229,
              -20.5503
            ],
            [
              -41.0238,
              -20.5501
            ],
            [
              -41.0267,
              -20.5518
            ],
            [
              -41.0279,
              -20.5536
            ],
            [
              -41.0303,
              -20.5544
            ],
            [
              -41.0302,
              -20.5556
            ],
            [
              -41.0318,
              -20.5589
            ],
            [
              -41.0337,
              -20.5598
            ],
            [
              -41.0333,
              -20.5615
            ],
            [
              -41.0339,
              -20.5637
            ],
            [
              -41.0329,
              -20.565
            ],
            [
              -41.0344,
              -20.5683
            ],
            [
              -41.0375,
              -20.5693
            ],
            [
              -41.0386,
              -20.5713
            ],
            [
              -41.0402,
              -20.5717
            ],
            [
              -41.0427,
              -20.5681
            ],
            [
              -41.0452,
              -20.5676
            ],
            [
              -41.0477,
              -20.566
            ],
            [
              -41.0527,
              -20.5661
            ],
            [
              -41.0553,
              -20.568
            ],
            [
              -41.0576,
              -20.5681
            ],
            [
              -41.0588,
              -20.5698
            ],
            [
              -41.0587,
              -20.5707
            ],
            [
              -41.0598,
              -20.5735
            ],
            [
              -41.0626,
              -20.5762
            ],
            [
              -41.0638,
              -20.5786
            ],
            [
              -41.0631,
              -20.5811
            ],
            [
              -41.0663,
              -20.5806
            ],
            [
              -41.0677,
              -20.5812
            ],
            [
              -41.0709,
              -20.5819
            ],
            [
              -41.0737,
              -20.5807
            ],
            [
              -41.0755,
              -20.5806
            ],
            [
              -41.0757,
              -20.5821
            ],
            [
              -41.0771,
              -20.5861
            ],
            [
              -41.0767,
              -20.5888
            ],
            [
              -41.078,
              -20.5904
            ],
            [
              -41.0808,
              -20.5927
            ],
            [
              -41.081,
              -20.5945
            ],
            [
              -41.0791,
              -20.5959
            ],
            [
              -41.0775,
              -20.5957
            ],
            [
              -41.0763,
              -20.5942
            ],
            [
              -41.0736,
              -20.5936
            ],
            [
              -41.0701,
              -20.5947
            ],
            [
              -41.0663,
              -20.5952
            ],
            [
              -41.0663,
              -20.597
            ],
            [
              -41.0668,
              -20.5991
            ],
            [
              -41.0656,
              -20.6004
            ],
            [
              -41.0665,
              -20.6027
            ],
            [
              -41.0667,
              -20.6043
            ],
            [
              -41.0688,
              -20.6047
            ],
            [
              -41.0698,
              -20.6078
            ],
            [
              -41.0684,
              -20.6092
            ],
            [
              -41.0683,
              -20.6105
            ],
            [
              -41.0693,
              -20.6122
            ],
            [
              -41.0708,
              -20.6129
            ],
            [
              -41.0723,
              -20.6127
            ],
            [
              -41.0753,
              -20.613
            ],
            [
              -41.0758,
              -20.614
            ],
            [
              -41.0775,
              -20.6141
            ]
          ]
        ]
      },
      "properties": {
        "codarea": "3205036",
        "nome_municipio": "Vargem Alta",
        "codigo_ibge": 3205036
      }
    }
  ]
}