{
  "type": "FeatureCollection",
  "nome_ig": "Campo das Vertentes",
  "municipios_lista": "bom sucesso;camacho;campo belo;cana verde;candeias;carmo da mata;conceicao da barra de minas;ibituruna;nazareno;oliveira;perdoes;ritapolis;santana do jacare;santo antonio do amparo;sao francisco de paula;sao joao del rei;sao tiago",
  "features": [
    {
      "type": "Feature",
      "geometry": {
        "type": "Polygon",
        "coordinates": [
          [
            [
              -51.695,
              -23.7043
            ],
            [
              -51.6963,
              -23.7044
            ],
            [
              -51.6989,
              -23.7014
            ],
            [
              -51.6996,
              -23.6988
            ],
            [
              -51.7014,
              -23.6975
            ],
            [
              -51.7002,
              -23.6953
            ],
            [
              -51.701,
              -23.6928
            ],
            [
              -51.7004,
              -23.6915
            ],
            [
              -51.6989,
              -23.6915
            ],
            [
              -51.6954,
              -23.6903
            ],
            [
              -51.6955,
              -23.6892
            ],
            [
              -51.6969,
              -23.6869
            ],
            [
              -51.6971,
              -23.6856
            ],
            [
              -51.6963,
              -23.6842
            ],
            [
              -51.6947,
              -23.6839
            ],
            [
              -51.696,
              -23.6804
            ],
            [
              -51.6972,
              -23.6802
            ],
            [
              -51.7006,
              -23.6779
            ],
            [
              -51.7011,
              -23.6769
            ],
            [
              -51.704,
              -23.6741
            ],
            [
              -51.7085,
              -23.6727
            ],
            [
              -51.7395,
              -23.6708
            ],
            [
              -51.7397,
              -23.6676
            ],
            [
              -51.7414,
              -23.6661
            ],
            [
              -51.7426,
              -23.6627
            ],
            [
              -51.7453,
              -23.6596
            ],
            [
              -51.7461,
              -23.6578
            ],
            [
              -51.7537,
              -23.6567
            ],
            [
              -51.756,
              -23.6559
            ],
            [
              -51.7593,
              -23.6565
            ],
            [
              -51.7612,
              -23.6579
            ],
            [
              -51.7637,
              -23.657
            ],
            [
              -51.7659,
              -23.6576
            ],
            [
              -51.7677,
              -23.6559
            ],
            [
              -51.7689,
              -23.652
            ],
            [
              -51.7683,
              -23.6509
            ],
            [
              -51.7684,
              -23.6485
            ],
            [
              -51.7676,
              -23.6463
            ],
            [
              -51.7666,
              -23.645
            ],
            [
              -51.7649,
              -23.6413
            ],
            [
              -51.7648,
              -23.6398
            ],
            [
              -51.7667,
              -23.6347
            ],
            [
              -51.7705,
              -23.6335
            ],
            [
              -51.7716,
              -23.631
            ],
            [
              -51.7731,
              -23.6307
            ],
            [
              -51.7738,
              -23.6272
            ],
            [
              -51.7756,
              -23.6266
            ],
            [
              -51.7773,
              -23.6283
            ],
            [
              -51.7798,
              -23.628
            ],
            [
              -51.7822,
              -23.6268
            ],
            [
              -51.7834,
              -23.6275
            ],
            [
              -51.7828,
              -23.6298
            ],
            [
              -51.7821,
              -23.6308
            ],
            [
              -51.7831,
              -23.6329
            ],
            [
              -51.7844,
              -23.6336
            ],
            [
              -51.7863,
              -23.6317
            ],
            [
              -51.7887,
              -23.6317
            ],
            [
              -51.7909,
              -23.6301
            ],
            [
              -51.7942,
              -23.6319
            ],
            [
              -51.7957,
              -23.6309
            ],
            [
              -51.7965,
              -23.632
            ],
            [
              -51.7997,
              -23.6304
            ],
            [
              -51.8017,
              -23.6319
            ],
            [
              -51.803,
              -23.6323
            ],
            [
              -51.8056,
              -23.6323
            ],
            [
              -51.8044,
              -23.6346
            ],
            [
              -51.8033,
              -23.6351
            ],
            [
              -51.8007,
              -23.6351
            ],
            [
              -51.8006,
              -23.6367
            ],
            [
              -51.8013,
              -23.6378
            ],
            [
              -51.8006,
              -23.639
            ],
            [
              -51.7988,
              -23.6407
            ],
            [
              -51.7987,
              -23.6419
            ],
            [
              -51.8012,
              -23.6421
            ],
            [
              -51.8037,
              -23.6431
            ],
            [
              -51.8049,
              -23.6422
            ],
            [
              -51.8077,
              -23.6374
            ],
            [
              -51.8095,
              -23.636
            ],
            [
              -51.8125,
              -23.6359
            ],
            [
              -51.8134,
              -23.6368
            ],
            [
              -51.813,
              -23.6398
            ],
            [
              -51.814,
              -23.6421
            ],
            [
              -51.817,
              -23.6432
            ],
            [
              -51.8189,
              -23.6455
            ],
            [
              -51.8195,
              -23.6486
            ],
            [
              -51.8207,
              -23.6484
            ],
            [
              -51.8224,
              -23.6449
            ],
            [
              -51.8225,
              -23.6437
            ],
            [
              -51.8202,
              -23.6402
            ],
            [
              -51.8218,
              -23.637
            ],
            [
              -51.822,
              -23.634
            ],
            [
              -51.8234,
              -23.6334
            ],
            [
              -51.8272,
              -23.6372
            ],
            [
              -51.8278,
              -23.6407
            ],
            [
              -51.8264,
              -23.643
            ],
            [
              -51.8274,
              -23.6441
            ],
            [
              -51.8301,
              -23.6441
            ],
            [
              -51.832,
              -23.6427
            ],
            [
              -51.8345,
              -23.6415
            ],
            [
              -51.837,
              -23.6413
            ],
            [
              -51.8366,
              -23.6383
            ],
            [
              -51.8349,
              -23.6363
            ],
            [
              -51.8344,
              -23.6342
            ],
            [
              -51.8358,
              -23.632
            ],
            [
              -51.8365,
              -23.6341
            ],
            [
              -51.8378,
              -23.6357
            ],
            [
              -51.8405,
              -23.6376
            ],
            [
              -51.8445,
              -23.639
            ],
            [
              -51.8476,
              -23.6375
            ],
            [
              -51.8475,
              -23.6353
            ],
            [
              -51.8519,
              -23.634
            ],
            [
              -51.8524,
              -23.6355
            ],
            [
              -51.8522,
              -23.6384
            ],
            [
              -51.854,
              -23.64
            ],
            [
              -51.8548,
              -23.6415
            ],
            [
              -51.8567,
              -23.6405
            ],
            [
              -51.8568,
              -23.639
            ],
            [
              -51.8579,
              -23.6385
            ],
            [
              -51.859,
              -23.6395
            ],
            [
              -51.859,
              -23.6417
            ],
            [
              -51.8623,
              -23.6408
            ],
            [
              -51.8626,
              -23.6427
            ],
            [
              -51.8643,
              -23.6423
            ],
            [
              -51.8652,
              -23.6433
            ],
            [
              -51.8656,
              -23.6461
            ],
            [
              -51.8675,
              -23.6462
            ],
            [
              -51.8691,
              -23.6431
            ],
            [
              -51.8676,
              -23.6412
            ],
            [
              -51.8671,
              -23.6399
            ],
            [
              -51.8685,
              -23.6382
            ],
            [
              -51.8705,
              -23.6384
            ],
            [
              -51.8721,
              -23.6396
            ],
            [
              -51.8731,
              -23.6411
            ],
            [
              -51.875,
              -23.6427
            ],
            [
              -51.8768,
              -23.6458
            ],
            [
              -51.8811,
              -23.647
            ],
            [
              -51.8848,
              -23.6466
            ],
            [
              -51.8882,
              -23.6451
            ],
            [
              -51.8891,
              -23.6464
            ],
            [
              -51.889,
              -23.6481
            ],
            [
              -51.885,
              -23.6505
            ],
            [
              -51.8844,
              -23.6541
            ],
            [
              -51.8851,
              -23.6555
            ],
            [
              -51.8862,
              -23.6557
            ],
            [
              -51.8888,
              -23.6541
            ],
            [
              -51.8898,
              -23.6552
            ],
            [
              -51.8887,
              -23.6569
            ],
            [
              -51.887,
              -23.6566
            ],
            [
              -51.885,
              -23.6577
            ],
            [
              -51.8851,
              -23.6589
            ],
            [
              -51.8863,
              -23.6602
            ],
            [
              -51.8885,
              -23.6595
            ],
            [
              -51.8919,
              -23.6597
            ],
            [
              -51.8907,
              -23.6624
            ],
            [
              -51.8924,
              -23.6619
            ],
            [
              -51.8933,
              -23.6601
            ],
            [
              -51.8929,
              -23.6574
            ],
            [
              -51.8934,
              -23.6563
            ],
            [
              -51.8954,
              -23.6562
            ],
            [
              -51.8975,
              -23.655
            ],
            [
              -51.8994,
              -23.6536
            ],
            [
              -51.9026,
              -23.6546
            ],
            [
              -51.9011,
              -23.6559
            ],
            [
              -51.9022,
              -23.6573
            ],
            [
              -51.9042,
              -23.6564
            ],
            [
              -51.9051,
              -23.6568
            ],
            [
              -51.9058,
              -23.6593
            ],
            [
              -51.9055,
              -23.6617
            ],
            [
              -51.9062,
              -23.6634
            ],
            [
              -51.9084,
              -23.6611
            ],
            [
              -51.9108,
              -23.6613
            ],
            [
              -51.9113,
              -23.6644
            ],
            [
              -51.9133,
              -23.6662
            ],
            [
              -51.9133,
              -23.6686
            ],
            [
              -51.9125,
              -23.671
            ],
            [
              -51.9127,
              -23.6718
            ],
            [
              -51.9154,
              -23.6704
            ],
            [
              -51.9164,
              -23.6691
            ],
            [
              -51.9195,
              -23.6669
            ],
            [
              -51.9235,
              -23.6685
            ],
            [
              -51.9235,
              -23.6677
            ],
            [
              -51.9222,
              -23.6651
            ],
            [
              -51.9225,
              -23.6624
            ],
            [
              -51.9237,
              -23.6628
            ],
            [
              -51.9241,
              -23.6642
            ],
            [
              -51.9265,
              -23.6659
            ],
            [
              -51.9293,
              -23.666
            ],
            [
              -51.9301,
              -23.6671
            ],
            [
              -51.9296,
              -23.6706
            ],
            [
              -51.9304,
              -23.6717
            ],
            [
              -51.9305,
              -23.6739
            ],
            [
              -51.9325,
              -23.6764
            ],
            [
              -51.934,
              -23.6765
            ],
            [
              -51.9365,
              -23.6774
            ],
            [
              -51.9385,
              -23.6768
            ],
            [
              -51.9399,
              -23.673
            ],
            [
              -51.9405,
              -23.6739
            ],
            [
              -51.9405,
              -23.6758
            ],
            [
              -51.9399,
              -23.6796
            ],
            [
              -51.9374,
              -23.6797
            ],
            [
              -51.9366,
              -23.6807
            ],
            [
              -51.9374,
              -23.6833
            ],
            [
              -51.941,
              -23.6831
            ],
            [
              -51.942,
              -23.6823
            ],
            [
              -51.9449,
              -23.6783
            ],
            [
              -51.9457,
              -23.6794
            ],
            [
              -51.9445,
              -23.6842
            ],
            [
              -51.9456,
              -23.6849
            ],
            [
              -51.9469,
              -23.684
            ],
            [
              -51.9488,
              -23.6817
            ],
            [
              -51.9526,
              -23.6817
            ],
            [
              -51.9518,
              -23.6791
            ],
            [
              -51.9522,
              -23.6781
            ],
            [
              -51.9553,
              -23.6758
            ],
            [
              -51.9563,
              -23.6766
            ],
            [
              -51.9576,
              -23.679
            ],
            [
              -51.9546,
              -23.6816
            ],
            [
              -51.9547,
              -23.6841
            ],
            [
              -51.9533,
              -23.6863
            ],
            [
              -51.9545,
              -23.6863
            ],
            [
              -51.9557,
              -23.6855
            ],
            [
              -51.9571,
              -23.6853
            ],
            [
              -51.9585,
              -23.6873
            ],
            [
              -51.9586,
              -23.6889
            ],
            [
              -51.9579,
              -23.692
            ],
            [
              -51.9585,
              -23.6931
            ],
            [
              -51.9605,
              -23.6915
            ],
            [
              -51.9618,
              -23.6915
            ],
            [
              -51.9628,
              -23.6937
            ],
            [
              -51.9636,
              -23.6945
            ],
            [
              -51.9589,
              -23.6977
            ],
            [
              -51.9577,
              -23.6975
            ],
            [
              -51.9549,
              -23.698
            ],
            [
              -51.9535,
              -23.6987
            ],
            [
              -51.9519,
              -23.7008
            ],
            [
              -51.9488,
              -23.7039
            ],
            [
              -51.9451,
              -23.7059
            ],
            [
              -51.9426,
              -23.7058
            ],
            [
              -51.9394,
              -23.7065
            ],
            [
              -51.9365,
              -23.7075
            ],
            [
              -51.9352,
              -23.7098
            ],
            [
              -51.9337,
              -23.7116
            ],
            [
              -51.9323,
              -23.7144
            ],
            [
              -51.9295,
              -23.7146
            ],
            [
              -51.9255,
              -23.7127
            ],
            [
              -51.9192,
              -23.726
            ],
            [
              -51.9089,
              -23.7504
            ],
            [
              -51.8835,
              -23.8067
            ],
            [
              -51.8795,
              -23.804
            ],
            [
              -51.8745,
              -23.8053
            ],
            [
              -51.8705,
              -23.8051
            ],
            [
              -51.8682,
              -23.8038
            ],
            [
              -51.8659,
              -23.7988
            ],
            [
              -51.8633,
              -23.7983
            ],
            [
              -51.8598,
              -23.7993
            ],
            [
              -51.8578,
              -23.8008
            ],
            [
              -51.854,
              -23.8014
            ],
            [
              -51.8528,
              -23.8021
            ],
            [
              -51.8506,
              -23.8013
            ],
            [
              -51.8486,
              -23.7995
            ],
            [
              -51.8479,
              -23.7973
            ],
            [
              -51.8452,
              -23.7978
            ],
            [
              -51.8391,
              -23.7951
            ],
            [
              -51.8377,
              -23.793
            ],
            [
              -51.8355,
              -23.7913
            ],
            [
              -51.834,
              -23.7907
            ],
            [
              -51.8296,
              -23.7902
            ],
            [
              -51.8271,
              -23.7894
            ],
            [
              -51.8226,
              -23.7895
            ],
            [
              -51.8215,
              -23.7899
            ],
            [
              -51.8193,
              -23.7886
            ],
            [
              -51.8168,
              -23.7886
            ],
            [
              -51.8159,
              -23.7896
            ],
            [
              -51.8134,
              -23.7903
            ],
            [
              -51.811,
              -23.7901
            ],
            [
              -51.8077,
              -23.7884
            ],
            [
              -51.805,
              -23.7889
            ],
            [
              -51.7958,
              -23.7749
            ],
            [
              -51.7954,
              -23.7765
            ],
            [
              -51.7955,
              -23.7793
            ],
            [
              -51.7946,
              -23.7816
            ],
            [
              -51.79,
              -23.7817
            ],
            [
              -51.7865,
              -23.7837
            ],
            [
              -51.7857,
              -23.7849
            ],
            [
              -51.784,
              -23.7895
            ],
            [
              -51.7815,
              -23.7912
            ],
            [
              -51.7792,
              -23.7919
            ],
            [
              -51.7762,
              -23.7924
            ],
            [
              -51.7743,
              -23.7916
            ],
            [
              -51.7716,
              -23.7917
            ],
            [
              -51.7691,
              -23.7929
            ],
            [
              -51.7667,
              -23.7929
            ],
            [
              -51.7663,
              -23.7942
            ],
            [
              -51.7643,
              -23.7939
            ],
            [
              -51.7624,
              -23.7924
            ],
            [
              -51.7619,
              -23.7912
            ],
            [
              -51.7624,
              -23.7898
            ],
            [
              -51.7637,
              -23.789
            ],
            [
              -51.7614,
              -23.7875
            ],
            [
              -51.7615,
              -23.7862
            ],
            [
              -51.7635,
              -23.7841
            ],
            [
              -51.7639,
              -23.7831
            ],
            [
              -51.7638,
              -23.7805
            ],
            [
              -51.765,
              -23.7773
            ],
            [
              -51.7641,
              -23.7751
            ],
            [
              -51.7629,
              -23.7753
            ],
            [
              -51.7637,
              -23.7731
            ],
            [
              -51.7634,
              -23.7704
            ],
            [
              -51.7611,
              -23.7689
            ],
            [
              -51.7575,
              -23.7699
            ],
            [
              -51.7551,
              -23.7686
            ],
            [
              -51.7525,
              -23.7694
            ],
            [
              -51.7517,
              -23.7701
            ],
            [
              -51.7502,
              -23.7696
            ],
            [
              -51.7481,
              -23.7654
            ],
            [
              -51.7499,
              -23.7626
            ],
            [
              -51.7486,
              -23.7606
            ],
            [
              -51.7494,
              -23.7592
            ],
            [
              -51.7514,
              -23.7584
            ],
            [
              -51.7528,
              -23.756
            ],
            [
              -51.7523,
              -23.7535
            ],
            [
              -51.7514,
              -23.7525
            ],
            [
              -51.7485,
              -23.7534
            ],
            [
              -51.7479,
              -23.7524
            ],
            [
              -51.7464,
              -23.7525
            ],
            [
              -51.7445,
              -23.7542
            ],
            [
              -51.7425,
              -23.7523
            ],
            [
              -51.7399,
              -23.7522
            ],
            [
              -51.7374,
              -23.753
            ],
            [
              -51.7338,
              -23.7493
            ],
            [
              -51.7346,
              -23.7469
            ],
            [
              -51.7387,
              -23.7434
            ],
            [
              -51.739,
              -23.7421
            ],
            [
              -51.7366,
              -23.741
            ],
            [
              -51.735,
              -23.7394
            ],
            [
              -51.7336,
              -23.739
            ],
            [
              -51.7326,
              -23.7367
            ],
            [
              -51.7317,
              -23.7357
            ],
            [
              -51.7312,
              -23.7342
            ],
            [
              -51.7297,
              -23.733
            ],
            [
              -51.7274,
              -23.7358
            ],
            [
              -51.7266,
              -23.7372
            ],
            [
              -51.7248,
              -23.7385
            ],
            [
              -51.7225,
              -23.7385
            ],
            [
              -51.7199,
              -23.7363
            ],
            [
              -51.7175,
              -23.7353
            ],
            [
              -51.7168,
              -23.7341
            ],
            [
              -51.7189,
              -23.7318
            ],
            [
              -51.7203,
              -23.7291
            ],
            [
              -51.7184,
              -23.7281
            ],
            [
              -51.7163,
              -23.7265
            ],
            [
              -51.7153,
              -23.7273
            ],
            [
              -51.7111,
              -23.7259
            ],
            [
              -51.7099,
              -23.7262
            ],
            [
              -51.7073,
              -23.7285
            ],
            [
              -51.7062,
              -23.729
            ],
            [
              -51.7043,
              -23.7274
            ],
            [
              -51.7031,
              -23.7274
            ],
            [
              -51.7045,
              -23.7239
            ],
            [
              -51.7043,
              -23.7228
            ],
            [
              -51.7084,
              -23.723
            ],
            [
              -51.7108,
              -23.7226
            ],
            [
              -51.7119,
              -23.7231
            ],
            [
              -51.7128,
              -23.7208
            ],
            [
              -51.7124,
              -23.7196
            ],
            [
              -51.7157,
              -23.7171
            ],
            [
              -51.7137,
              -23.7131
            ],
            [
              -51.7135,
              -23.7119
            ],
            [
              -51.712,
              -23.7094
            ],
            [
              -51.7111,
              -23.7114
            ],
            [
              -51.7116,
              -23.7136
            ],
            [
              -51.7113,
              -23.7148
            ],
            [
              -51.7064,
              -23.7126
            ],
            [
              -51.7056,
              -23.7116
            ],
            [
              -51.7033,
              -23.7132
            ],
            [
              -51.6992,
              -23.7165
            ],
            [
              -51.698,
              -23.7163
            ],
            [
              -51.6971,
              -23.7139
            ],
            [
              -51.6983,
              -23.713
            ],
            [
              -51.6972,
              -23.711
            ],
            [
              -51.6951,
              -23.7101
            ],
            [
              -51.6938,
              -23.7077
            ],
            [
              -51.6946,
              -23.7067
            ],
            [
              -51.695,
              -23.7043
            ]
          ]
        ]
      },
      "properties": {
        "codarea": "4103206",
        "nome_municipio": "Bom Sucesso",
        "codigo_ibge": 4103206
      }
    },
    {
      "type": "Feature",
      "geometry": {
        "type": "Polygon",
        "coordinates": [
          [
            [
              -45.2603,
              -20.6509
            ],
            [
              -45.2587,
              -20.6516
            ],
            [
              -45.256,
              -20.6539
            ],
            [
              -45.2556,
              -20.6563
            ],
            [
              -45.2546,
              -20.657
            ],
            [
              -45.254,
              -20.6591
            ],
            [
              -45.2513,
              -20.6621
            ],
            [
              -45.2465,
              -20.6648
            ],
            [
              -45.2435,
              -20.6634
            ],
            [
              -45.2413,
              -20.6611
            ],
            [
              -45.2403,
              -20.6623
            ],
            [
              -45.2376,
              -20.6625
            ],
            [
              -45.2354,
              -20.6635
            ],
            [
              -45.2331,
              -20.6636
            ],
            [
              -45.2311,
              -20.6641
            ],
            [
              -45.2289,
              -20.6631
            ],
            [
              -45.2258,
              -20.6646
            ],
            [
              -45.2226,
              -20.6672
            ],
            [
              -45.2217,
              -20.6661
            ],
            [
              -45.2208,
              -20.6667
            ],
            [
              -45.2191,
              -20.666
            ],
            [
              -45.2185,
              -20.6646
            ],
            [
              -45.2167,
              -20.6641
            ],
            [
              -45.2147,
              -20.6651
            ],
            [
              -45.2133,
              -20.6644
            ],
            [
              -45.212,
              -20.6627
            ],
            [
              -45.2098,
              -20.6623
            ],
            [
              -45.2073,
              -20.6622
            ],
            [
              -45.2044,
              -20.6613
            ],
            [
              -45.2009,
              -20.6612
            ],
            [
              -45.1977,
              -20.6619
            ],
            [
              -45.195,
              -20.6641
            ],
            [
              -45.1925,
              -20.665
            ],
            [
              -45.1901,
              -20.667
            ],
            [
              -45.1858,
              -20.6675
            ],
            [
              -45.184,
              -20.6697
            ],
            [
              -45.179,
              -20.6696
            ],
            [
              -45.1768,
              -20.6678
            ],
            [
              -45.1752,
              -20.6674
            ],
            [
              -45.1739,
              -20.6662
            ],
            [
              -45.1713,
              -20.6646
            ],
            [
              -45.1683,
              -20.6669
            ],
            [
              -45.1662,
              -20.6678
            ],
            [
              -45.164,
              -20.67
            ],
            [
              -45.1629,
              -20.6705
            ],
            [
              -45.1609,
              -20.6694
            ],
            [
              -45.1582,
              -20.6705
            ],
            [
              -45.1546,
              -20.67
            ],
            [
              -45.151,
              -20.6688
            ],
            [
              -45.1467,
              -20.6683
            ],
            [
              -45.1462,
              -20.6692
            ],
            [
              -45.1459,
              -20.6719
            ],
            [
              -45.1445,
              -20.6746
            ],
            [
              -45.1431,
              -20.6758
            ],
            [
              -45.1415,
              -20.676
            ],
            [
              -45.1393,
              -20.675
            ],
            [
              -45.1369,
              -20.6748
            ],
            [
              -45.135,
              -20.6775
            ],
            [
              -45.1331,
              -20.6794
            ],
            [
              -45.1308,
              -20.6822
            ],
            [
              -45.131,
              -20.6848
            ],
            [
              -45.1352,
              -20.6859
            ],
            [
              -45.1369,
              -20.6867
            ],
            [
              -45.1392,
              -20.6889
            ],
            [
              -45.1412,
              -20.6893
            ],
            [
              -45.1444,
              -20.6889
            ],
            [
              -45.147,
              -20.6902
            ],
            [
              -45.1478,
              -20.6958
            ],
            [
              -45.147,
              -20.6977
            ],
            [
              -45.1454,
              -20.6996
            ],
            [
              -45.1423,
              -20.7005
            ],
            [
              -45.1385,
              -20.7033
            ],
            [
              -45.1353,
              -20.7038
            ],
            [
              -45.1352,
              -20.7045
            ],
            [
              -45.137,
              -20.7056
            ],
            [
              -45.1387,
              -20.7075
            ],
            [
              -45.1389,
              -20.7099
            ],
            [
              -45.137,
              -20.7128
            ],
            [
              -45.1357,
              -20.7142
            ],
            [
              -45.1336,
              -20.7151
            ],
            [
              -45.1307,
              -20.718
            ],
            [
              -45.1292,
              -20.7192
            ],
            [
              -45.1259,
              -20.7195
            ],
            [
              -45.1224,
              -20.7184
            ],
            [
              -45.1166,
              -20.7153
            ],
            [
              -45.1154,
              -20.715
            ],
            [
              -45.1118,
              -20.7152
            ],
            [
              -45.108,
              -20.7151
            ],
            [
              -45.1059,
              -20.7156
            ],
            [
              -45.1048,
              -20.7165
            ],
            [
              -45.1018,
              -20.7206
            ],
            [
              -45.0988,
              -20.7262
            ],
            [
              -45.0989,
              -20.7292
            ],
            [
              -45.0984,
              -20.7299
            ],
            [
              -45.096,
              -20.7319
            ],
            [
              -45.0947,
              -20.7322
            ],
            [
              -45.0928,
              -20.7344
            ],
            [
              -45.0916,
              -20.7352
            ],
            [
              -45.088,
              -20.7361
            ],
            [
              -45.0872,
              -20.7387
            ],
            [
              -45.0884,
              -20.7418
            ],
            [
              -45.0876,
              -20.7428
            ],
            [
              -45.0852,
              -20.7443
            ],
            [
              -45.0852,
              -20.7429
            ],
            [
              -45.0843,
              -20.7411
            ],
            [
              -45.0827,
              -20.7399
            ],
            [
              -45.0828,
              -20.7386
            ],
            [
              -45.0817,
              -20.738
            ],
            [
              -45.0806,
              -20.7355
            ],
            [
              -45.0802,
              -20.7334
            ],
            [
              -45.0809,
              -20.7313
            ],
            [
              -45.0806,
              -20.7282
            ],
            [
              -45.0792,
              -20.7257
            ],
            [
              -45.0771,
              -20.7253
            ],
            [
              -45.0738,
              -20.7258
            ],
            [
              -45.0727,
              -20.7257
            ],
            [
              -45.0709,
              -20.724
            ],
            [
              -45.0682,
              -20.722
            ],
            [
              -45.0665,
              -20.7178
            ],
            [
              -45.0669,
              -20.7141
            ],
            [
              -45.0677,
              -20.7114
            ],
            [
              -45.0672,
              -20.7098
            ],
            [
              -45.0637,
              -20.7049
            ],
            [
              -45.0633,
              -20.7032
            ],
            [
              -45.0644,
              -20.7018
            ],
            [
              -45.0614,
              -20.6944
            ],
            [
              -45.0613,
              -20.6926
            ],
            [
              -45.0619,
              -20.6857
            ],
            [
              -45.0622,
              -20.683
            ],
            [
              -45.062,
              -20.6804
            ],
            [
              -45.0604,
              -20.6769
            ],
            [
              -45.0589,
              -20.6752
            ],
            [
              -45.0582,
              -20.6731
            ],
            [
              -45.0565,
              -20.671
            ],
            [
              -45.0536,
              -20.6646
            ],
            [
              -45.0528,
              -20.6618
            ],
            [
              -45.0523,
              -20.6582
            ],
            [
              -45.0506,
              -20.6527
            ],
            [
              -45.0492,
              -20.6496
            ],
            [
              -45.0488,
              -20.6467
            ],
            [
              -45.0497,
              -20.6415
            ],
            [
              -45.0496,
              -20.6394
            ],
            [
              -45.0485,
              -20.6369
            ],
            [
              -45.0477,
              -20.6342
            ],
            [
              -45.0462,
              -20.6329
            ],
            [
              -45.0473,
              -20.632
            ],
            [
              -45.0521,
              -20.6325
            ],
            [
              -45.0543,
              -20.6318
            ],
            [
              -45.0549,
              -20.6294
            ],
            [
              -45.0543,
              -20.6272
            ],
            [
              -45.0529,
              -20.6252
            ],
            [
              -45.0527,
              -20.6235
            ],
            [
              -45.0533,
              -20.6224
            ],
            [
              -45.0565,
              -20.6207
            ],
            [
              -45.0602,
              -20.6157
            ],
            [
              -45.0621,
              -20.6137
            ],
            [
              -45.0637,
              -20.6132
            ],
            [
              -45.0673,
              -20.614
            ],
            [
              -45.0698,
              -20.6124
            ],
            [
              -45.0704,
              -20.6113
            ],
            [
              -45.0706,
              -20.605
            ],
            [
              -45.07,
              -20.6041
            ],
            [
              -45.0631,
              -20.6016
            ],
            [
              -45.0628,
              -20.6001
            ],
            [
              -45.0639,
              -20.5987
            ],
            [
              -45.0688,
              -20.5962
            ],
            [
              -45.0734,
              -20.5951
            ],
            [
              -45.0749,
              -20.5937
            ],
            [
              -45.0779,
              -20.5898
            ],
            [
              -45.0797,
              -20.5888
            ],
            [
              -45.0852,
              -20.5894
            ],
            [
              -45.0873,
              -20.5892
            ],
            [
              -45.09,
              -20.587
            ],
            [
              -45.091,
              -20.5851
            ],
            [
              -45.091,
              -20.5836
            ],
            [
              -45.0891,
              -20.5814
            ],
            [
              -45.0881,
              -20.5794
            ],
            [
              -45.0852,
              -20.5774
            ],
            [
              -45.0822,
              -20.5768
            ],
            [
              -45.0821,
              -20.575
            ],
            [
              -45.0832,
              -20.5744
            ],
            [
              -45.0859,
              -20.5735
            ],
            [
              -45.0893,
              -20.5731
            ],
            [
              -45.091,
              -20.5694
            ],
            [
              -45.0941,
              -20.5663
            ],
            [
              -45.0962,
              -20.5651
            ],
            [
              -45.0983,
              -20.5646
            ],
            [
              -45.1001,
              -20.565
            ],
            [
              -45.1003,
              -20.5684
            ],
            [
              -45.102,
              -20.5696
            ],
            [
              -45.1049,
              -20.5698
            ],
            [
              -45.1089,
              -20.5725
            ],
            [
              -45.1114,
              -20.5735
            ],
            [
              -45.1127,
              -20.5735
            ],
            [
              -45.1155,
              -20.5727
            ],
            [
              -45.119,
              -20.5705
            ],
            [
              -45.1199,
              -20.5692
            ],
            [
              -45.1198,
              -20.5677
            ],
            [
              -45.1175,
              -20.5656
            ],
            [
              -45.1177,
              -20.5634
            ],
            [
              -45.1199,
              -20.5616
            ],
            [
              -45.1222,
              -20.5606
            ],
            [
              -45.1249,
              -20.56
            ],
            [
              -45.1294,
              -20.5601
            ],
            [
              -45.1337,
              -20.5609
            ],
            [
              -45.137,
              -20.561
            ],
            [
              -45.1388,
              -20.5617
            ],
            [
              -45.1407,
              -20.5648
            ],
            [
              -45.1425,
              -20.5654
            ],
            [
              -45.1454,
              -20.5637
            ],
            [
              -45.1481,
              -20.5641
            ],
            [
              -45.1499,
              -20.5654
            ],
            [
              -45.1513,
              -20.5676
            ],
            [
              -45.1532,
              -20.5693
            ],
            [
              -45.1554,
              -20.5707
            ],
            [
              -45.1611,
              -20.5733
            ],
            [
              -45.1619,
              -20.5745
            ],
            [
              -45.1657,
              -20.5767
            ],
            [
              -45.1691,
              -20.5763
            ],
            [
              -45.1711,
              -20.5773
            ],
            [
              -45.1727,
              -20.5788
            ],
            [
              -45.1746,
              -20.5812
            ],
            [
              -45.177,
              -20.5818
            ],
            [
              -45.1784,
              -20.5832
            ],
            [
              -45.1817,
              -20.5847
            ],
            [
              -45.1822,
              -20.5863
            ],
            [
              -45.181,
              -20.588
            ],
            [
              -45.181,
              -20.5896
            ],
            [
              -45.1858,
              -20.5914
            ],
            [
              -45.1886,
              -20.5931
            ],
            [
              -45.1901,
              -20.5947
            ],
            [
              -45.1911,
              -20.5967
            ],
            [
              -45.1926,
              -20.5985
            ],
            [
              -45.1952,
              -20.6003
            ],
            [
              -45.1967,
              -20.6017
            ],
            [
              -45.1997,
              -20.6019
            ],
            [
              -45.2023,
              -20.6035
            ],
            [
              -45.2026,
              -20.6057
            ],
            [
              -45.2034,
              -20.6069
            ],
            [
              -45.2069,
              -20.6084
            ],
            [
              -45.2075,
              -20.6092
            ],
            [
              -45.2082,
              -20.612
            ],
            [
              -45.2104,
              -20.6145
            ],
            [
              -45.2129,
              -20.6145
            ],
            [
              -45.2153,
              -20.6157
            ],
            [
              -45.2158,
              -20.6153
            ],
            [
              -45.2215,
              -20.6153
            ],
            [
              -45.2223,
              -20.6162
            ],
            [
              -45.224,
              -20.6196
            ],
            [
              -45.2259,
              -20.6215
            ],
            [
              -45.2274,
              -20.6215
            ],
            [
              -45.2294,
              -20.6226
            ],
            [
              -45.2311,
              -20.6244
            ],
            [
              -45.2322,
              -20.6266
            ],
            [
              -45.2348,
              -20.63
            ],
            [
              -45.2366,
              -20.6317
            ],
            [
              -45.2398,
              -20.6337
            ],
            [
              -45.2399,
              -20.6347
            ],
            [
              -45.2386,
              -20.6368
            ],
            [
              -45.2397,
              -20.6386
            ],
            [
              -45.2423,
              -20.6402
            ],
            [
              -45.2435,
              -20.6405
            ],
            [
              -45.2452,
              -20.6423
            ],
            [
              -45.2464,
              -20.6425
            ],
            [
              -45.2474,
              -20.645
            ],
            [
              -45.25,
              -20.6461
            ],
            [
              -45.2524,
              -20.6455
            ],
            [
              -45.2544,
              -20.6459
            ],
            [
              -45.2574,
              -20.6483
            ],
            [
              -45.2595,
              -20.6496
            ],
            [
              -45.2603,
              -20.6509
            ]
          ]
        ]
      },
      "properties": {
        "codarea": "3110400",
        "nome_municipio": "Camacho",
        "codigo_ibge": 3110400
      }
    },
    {
      "type": "Feature",
      "geometry": {
        "type": "Polygon",
        "coordinates": [
          [
            [
              -45.0705,
              -20.8393
            ],
            [
              -45.0722,
              -20.8366
            ],
            [
              -45.0737,
              -20.8347
            ],
            [
              -45.0746,
              -20.8342
            ],
            [
              -45.0781,
              -20.8351
            ],
            [
              -45.0835,
              -20.8376
            ],
            [
              -45.0854,
              -20.8381
            ],
            [
              -45.0863,
              -20.8373
            ],
            [
              -45.0879,
              -20.8349
            ],
            [
              -45.0927,
              -20.8352
            ],
            [
              -45.0935,
              -20.8349
            ],
            [
              -45.095,
              -20.8314
            ],
            [
              -45.0971,
              -20.8286
            ],
            [
              -45.0997,
              -20.8277
            ],
            [
              -45.1029,
              -20.827
            ],
            [
              -45.1102,
              -20.8219
            ],
            [
              -45.1132,
              -20.8218
            ],
            [
              -45.1166,
              -20.8206
            ],
            [
              -45.118,
              -20.8206
            ],
            [
              -45.1212,
              -20.8255
            ],
            [
              -45.1228,
              -20.8261
            ],
            [
              -45.1237,
              -20.8277
            ],
            [
              -45.1234,
              -20.8298
            ],
            [
              -45.1244,
              -20.8318
            ],
            [
              -45.128,
              -20.8333
            ],
            [
              -45.1294,
              -20.836
            ],
            [
              -45.1322,
              -20.8382
            ],
            [
              -45.1333,
              -20.8397
            ],
            [
              -45.1349,
              -20.8402
            ],
            [
              -45.1362,
              -20.8397
            ],
            [
              -45.144,
              -20.8399
            ],
            [
              -45.1461,
              -20.8407
            ],
            [
              -45.1496,
              -20.8412
            ],
            [
              -45.1519,
              -20.8402
            ],
            [
              -45.1529,
              -20.8382
            ],
            [
              -45.1543,
              -20.8372
            ],
            [
              -45.1564,
              -20.8382
            ],
            [
              -45.1594,
              -20.8367
            ],
            [
              -45.1613,
              -20.8365
            ],
            [
              -45.1628,
              -20.8357
            ],
            [
              -45.1649,
              -20.8338
            ],
            [
              -45.1656,
              -20.8325
            ],
            [
              -45.1658,
              -20.8302
            ],
            [
              -45.1677,
              -20.8289
            ],
            [
              -45.1693,
              -20.8288
            ],
            [
              -45.1729,
              -20.8291
            ],
            [
              -45.1762,
              -20.831
            ],
            [
              -45.1803,
              -20.8311
            ],
            [
              -45.1832,
              -20.8305
            ],
            [
              -45.1839,
              -20.8316
            ],
            [
              -45.1841,
              -20.8337
            ],
            [
              -45.1856,
              -20.8352
            ],
            [
              -45.1869,
              -20.8356
            ],
            [
              -45.19,
              -20.8339
            ],
            [
              -45.1959,
              -20.834
            ],
            [
              -45.1978,
              -20.833
            ],
            [
              -45.2017,
              -20.834
            ],
            [
              -45.2042,
              -20.8344
            ],
            [
              -45.207,
              -20.8356
            ],
            [
              -45.2094,
              -20.8381
            ],
            [
              -45.2114,
              -20.8383
            ],
            [
              -45.2147,
              -20.8372
            ],
            [
              -45.2165,
              -20.8373
            ],
            [
              -45.2201,
              -20.8418
            ],
            [
              -45.221,
              -20.8424
            ],
            [
              -45.2255,
              -20.8426
            ],
            [
              -45.2299,
              -20.8422
            ],
            [
              -45.2353,
              -20.8425
            ],
            [
              -45.237,
              -20.842
            ],
            [
              -45.238,
              -20.8394
            ],
            [
              -45.2383,
              -20.8373
            ],
            [
              -45.2394,
              -20.8352
            ],
            [
              -45.2431,
              -20.8324
            ],
            [
              -45.2477,
              -20.8305
            ],
            [
              -45.2503,
              -20.8297
            ],
            [
              -45.2524,
              -20.8296
            ],
            [
              -45.2575,
              -20.8311
            ],
            [
              -45.2604,
              -20.8316
            ],
            [
              -45.2619,
              -20.8322
            ],
            [
              -45.2636,
              -20.8344
            ],
            [
              -45.2645,
              -20.8363
            ],
            [
              -45.2647,
              -20.8401
            ],
            [
              -45.2658,
              -20.8429
            ],
            [
              -45.2678,
              -20.8442
            ],
            [
              -45.2685,
              -20.8458
            ],
            [
              -45.2712,
              -20.8462
            ],
            [
              -45.2758,
              -20.845
            ],
            [
              -45.2773,
              -20.8449
            ],
            [
              -45.2792,
              -20.844
            ],
            [
              -45.2803,
              -20.8415
            ],
            [
              -45.2817,
              -20.8407
            ],
            [
              -45.2836,
              -20.8413
            ],
            [
              -45.2867,
              -20.8415
            ],
            [
              -45.289,
              -20.8426
            ],
            [
              -45.2915,
              -20.8429
            ],
            [
              -45.2944,
              -20.8428
            ],
            [
              -45.2977,
              -20.8415
            ],
            [
              -45.3003,
              -20.8385
            ],
            [
              -45.3047,
              -20.8353
            ],
            [
              -45.3053,
              -20.8342
            ],
            [
              -45.3051,
              -20.8328
            ],
            [
              -45.3035,
              -20.8315
            ],
            [
              -45.3031,
              -20.8303
            ],
            [
              -45.3047,
              -20.8283
            ],
            [
              -45.3077,
              -20.8266
            ],
            [
              -45.3109,
              -20.8241
            ],
            [
              -45.3139,
              -20.8212
            ],
            [
              -45.3152,
              -20.8213
            ],
            [
              -45.3177,
              -20.8242
            ],
            [
              -45.32,
              -20.8247
            ],
            [
              -45.3218,
              -20.8235
            ],
            [
              -45.3234,
              -20.8219
            ],
            [
              -45.3249,
              -20.8196
            ],
            [
              -45.3263,
              -20.8185
            ],
            [
              -45.3293,
              -20.8176
            ],
            [
              -45.3374,
              -20.8171
            ],
            [
              -45.3432,
              -20.8162
            ],
            [
              -45.3458,
              -20.8168
            ],
            [
              -45.3473,
              -20.8186
            ],
            [
              -45.3488,
              -20.8211
            ],
            [
              -45.3499,
              -20.8257
            ],
            [
              -45.3505,
              -20.8271
            ],
            [
              -45.3499,
              -20.8309
            ],
            [
              -45.3516,
              -20.8327
            ],
            [
              -45.3547,
              -20.8329
            ],
            [
              -45.358,
              -20.8352
            ],
            [
              -45.3601,
              -20.8362
            ],
            [
              -45.3628,
              -20.8392
            ],
            [
              -45.3677,
              -20.8425
            ],
            [
              -45.37,
              -20.8436
            ],
            [
              -45.376,
              -20.8444
            ],
            [
              -45.3778,
              -20.8449
            ],
            [
              -45.3814,
              -20.8471
            ],
            [
              -45.3838,
              -20.8472
            ],
            [
              -45.3866,
              -20.8469
            ],
            [
              -45.3898,
              -20.8476
            ],
            [
              -45.3924,
              -20.8493
            ],
            [
              -45.3942,
              -20.8524
            ],
            [
              -45.3943,
              -20.8566
            ],
            [
              -45.3954,
              -20.8616
            ],
            [
              -45.395,
              -20.8656
            ],
            [
              -45.3954,
              -20.8673
            ],
            [
              -45.3978,
              -20.8692
            ],
            [
              -45.3987,
              -20.8718
            ],
            [
              -45.4004,
              -20.8726
            ],
            [
              -45.4016,
              -20.8757
            ],
            [
              -45.4042,
              -20.8769
            ],
            [
              -45.4065,
              -20.876
            ],
            [
              -45.4099,
              -20.8757
            ],
            [
              -45.4159,
              -20.8777
            ],
            [
              -45.4175,
              -20.8798
            ],
            [
              -45.4197,
              -20.8808
            ],
            [
              -45.4216,
              -20.8851
            ],
            [
              -45.4246,
              -20.8884
            ],
            [
              -45.4312,
              -20.8912
            ],
            [
              -45.4264,
              -20.891
            ],
            [
              -45.4234,
              -20.8919
            ],
            [
              -45.4214,
              -20.8903
            ],
            [
              -45.421,
              -20.888
            ],
            [
              -45.4196,
              -20.887
            ],
            [
              -45.4158,
              -20.8861
            ],
            [
              -45.4136,
              -20.887
            ],
            [
              -45.4124,
              -20.8883
            ],
            [
              -45.4125,
              -20.89
            ],
            [
              -45.4108,
              -20.8905
            ],
            [
              -45.4105,
              -20.8917
            ],
            [
              -45.4077,
              -20.8925
            ],
            [
              -45.4062,
              -20.8924
            ],
            [
              -45.4047,
              -20.8933
            ],
            [
              -45.4021,
              -20.8933
            ],
            [
              -45.3998,
              -20.8944
            ],
            [
              -45.3981,
              -20.8943
            ],
            [
              -45.3968,
              -20.8924
            ],
            [
              -45.3935,
              -20.8916
            ],
            [
              -45.3926,
              -20.8917
            ],
            [
              -45.3909,
              -20.8936
            ],
            [
              -45.3895,
              -20.8944
            ],
            [
              -45.3856,
              -20.8953
            ],
            [
              -45.3816,
              -20.896
            ],
            [
              -45.3788,
              -20.8977
            ],
            [
              -45.376,
              -20.9022
            ],
            [
              -45.3699,
              -20.9084
            ],
            [
              -45.3678,
              -20.909
            ],
            [
              -45.3665,
              -20.91
            ],
            [
              -45.3655,
              -20.9119
            ],
            [
              -45.3639,
              -20.9125
            ],
            [
              -45.3638,
              -20.9135
            ],
            [
              -45.3647,
              -20.9185
            ],
            [
              -45.3646,
              -20.92
            ],
            [
              -45.3627,
              -20.9224
            ],
            [
              -45.3624,
              -20.9251
            ],
            [
              -45.3607,
              -20.9292
            ],
            [
              -45.3594,
              -20.9347
            ],
            [
              -45.3595,
              -20.9364
            ],
            [
              -45.3607,
              -20.9411
            ],
            [
              -45.361,
              -20.944
            ],
            [
              -45.3609,
              -20.9461
            ],
            [
              -45.3587,
              -20.95
            ],
            [
              -45.3573,
              -20.9531
            ],
            [
              -45.3583,
              -20.955
            ],
            [
              -45.3602,
              -20.956
            ],
            [
              -45.361,
              -20.9574
            ],
            [
              -45.3606,
              -20.9592
            ],
            [
              -45.3592,
              -20.9605
            ],
            [
              -45.3559,
              -20.9624
            ],
            [
              -45.3549,
              -20.9635
            ],
            [
              -45.3532,
              -20.9671
            ],
            [
              -45.3516,
              -20.9689
            ],
            [
              -45.3527,
              -20.9713
            ],
            [
              -45.3531,
              -20.9743
            ],
            [
              -45.3518,
              -20.9777
            ],
            [
              -45.3501,
              -20.9804
            ],
            [
              -45.3489,
              -20.9838
            ],
            [
              -45.3486,
              -20.9875
            ],
            [
              -45.349,
              -20.9903
            ],
            [
              -45.3503,
              -20.9935
            ],
            [
              -45.3504,
              -20.9963
            ],
            [
              -45.3501,
              -20.9991
            ],
            [
              -45.3516,
              -20.9997
            ],
            [
              -45.3519,
              -21.0008
            ],
            [
              -45.3503,
              -21.0022
            ],
            [
              -45.3475,
              -21.0039
            ],
            [
              -45.3453,
              -21.0046
            ],
            [
              -45.3445,
              -21.0077
            ],
            [
              -45.3431,
              -21.0114
            ],
            [
              -45.3423,
              -21.0144
            ],
            [
              -45.3425,
              -21.0156
            ],
            [
              -45.3437,
              -21.0166
            ],
            [
              -45.3483,
              -21.0177
            ],
            [
              -45.3525,
              -21.0216
            ],
            [
              -45.3544,
              -21.0239
            ],
            [
              -45.3577,
              -21.024
            ],
            [
              -45.3587,
              -21.0244
            ],
            [
              -45.359,
              -21.0283
            ],
            [
              -45.3605,
              -21.0299
            ],
            [
              -45.3625,
              -21.0306
            ],
            [
              -45.3649,
              -21.0324
            ],
            [
              -45.3666,
              -21.0327
            ],
            [
              -45.3667,
              -21.0341
            ],
            [
              -45.3654,
              -21.0361
            ],
            [
              -45.3633,
              -21.037
            ],
            [
              -45.3603,
              -21.0378
            ],
            [
              -45.3573,
              -21.0399
            ],
            [
              -45.3528,
              -21.0409
            ],
            [
              -45.3506,
              -21.0409
            ],
            [
              -45.3493,
              -21.0419
            ],
            [
              -45.3493,
              -21.0441
            ],
            [
              -45.3503,
              -21.0495
            ],
            [
              -45.35,
              -21.0515
            ],
            [
              -45.3484,
              -21.0544
            ],
            [
              -45.3481,
              -21.0565
            ],
            [
              -45.3495,
              -21.0595
            ],
            [
              -45.3497,
              -21.0615
            ],
            [
              -45.3483,
              -21.0626
            ],
            [
              -45.3452,
              -21.0624
            ],
            [
              -45.3436,
              -21.0633
            ],
            [
              -45.3427,
              -21.0647
            ],
            [
              -45.3425,
              -21.0688
            ],
            [
              -45.3421,
              -21.0687
            ],
            [
              -45.3405,
              -21.0648
            ],
            [
              -45.339,
              -21.0626
            ],
            [
              -45.3359,
              -21.0598
            ],
            [
              -45.3329,
              -21.0582
            ],
            [
              -45.3305,
              -21.0566
            ],
            [
              -45.3266,
              -21.0544
            ],
            [
              -45.3246,
              -21.0542
            ],
            [
              -45.3185,
              -21.0556
            ],
            [
              -45.3133,
              -21.0554
            ],
            [
              -45.3089,
              -21.0545
            ],
            [
              -45.3021,
              -21.051
            ],
            [
              -45.3,
              -21.049
            ],
            [
              -45.2986,
              -21.0473
            ],
            [
              -45.2959,
              -21.0452
            ],
            [
              -45.2921,
              -21.0442
            ],
            [
              -45.2882,
              -21.0442
            ],
            [
              -45.2841,
              -21.0451
            ],
            [
              -45.2821,
              -21.0461
            ],
            [
              -45.2787,
              -21.0438
            ],
            [
              -45.2771,
              -21.043
            ],
            [
              -45.2748,
              -21.0425
            ],
            [
              -45.2736,
              -21.0417
            ],
            [
              -45.2682,
              -21.0403
            ],
            [
              -45.2643,
              -21.0386
            ],
            [
              -45.2613,
              -21.0367
            ],
            [
              -45.2604,
              -21.0345
            ],
            [
              -45.2617,
              -21.0324
            ],
            [
              -45.2649,
              -21.0316
            ],
            [
              -45.2658,
              -21.0303
            ],
            [
              -45.2633,
              -21.0293
            ],
            [
              -45.2664,
              -21.0274
            ],
            [
              -45.2663,
              -21.0262
            ],
            [
              -45.2634,
              -21.0238
            ],
            [
              -45.2636,
              -21.0232
            ],
            [
              -45.266,
              -21.0228
            ],
            [
              -45.2664,
              -21.0219
            ],
            [
              -45.2647,
              -21.0207
            ],
            [
              -45.2641,
              -21.0183
            ],
            [
              -45.262,
              -21.019
            ],
            [
              -45.2602,
              -21.0171
            ],
            [
              -45.2588,
              -21.017
            ],
            [
              -45.2573,
              -21.0189
            ],
            [
              -45.2511,
              -21.0174
            ],
            [
              -45.2504,
              -21.0167
            ],
            [
              -45.251,
              -21.0148
            ],
            [
              -45.2504,
              -21.014
            ],
            [
              -45.2468,
              -21.0153
            ],
            [
              -45.2455,
              -21.0146
            ],
            [
              -45.2447,
              -21.0107
            ],
            [
              -45.2417,
              -21.0108
            ],
            [
              -45.2398,
              -21.0117
            ],
            [
              -45.2384,
              -21.0114
            ],
            [
              -45.2351,
              -21.0082
            ],
            [
              -45.2345,
              -21.0102
            ],
            [
              -45.2288,
              -21.0108
            ],
            [
              -45.2252,
              -21.0108
            ],
            [
              -45.2243,
              -21.0112
            ],
            [
              -45.2244,
              -21.0127
            ],
            [
              -45.2238,
              -21.0147
            ],
            [
              -45.2227,
              -21.0144
            ],
            [
              -45.2221,
              -21.0131
            ],
            [
              -45.2205,
              -21.0143
            ],
            [
              -45.219,
              -21.0142
            ],
            [
              -45.2175,
              -21.0129
            ],
            [
              -45.2185,
              -21.0095
            ],
            [
              -45.2164,
              -21.0078
            ],
            [
              -45.2143,
              -21.0054
            ],
            [
              -45.2149,
              -21.004
            ],
            [
              -45.2176,
              -21.0027
            ],
            [
              -45.2185,
              -21.0019
            ],
            [
              -45.2179,
              -21.0007
            ],
            [
              -45.2149,
              -20.9998
            ],
            [
              -45.2147,
              -20.9961
            ],
            [
              -45.214,
              -20.9948
            ],
            [
              -45.2121,
              -20.9929
            ],
            [
              -45.2108,
              -20.9927
            ],
            [
              -45.2097,
              -20.9942
            ],
            [
              -45.2098,
              -20.9963
            ],
            [
              -45.2089,
              -20.9987
            ],
            [
              -45.2068,
              -20.999
            ],
            [
              -45.2039,
              -20.9979
            ],
            [
              -45.2018,
              -20.999
            ],
            [
              -45.2012,
              -21.0007
            ],
            [
              -45.1994,
              -21.0024
            ],
            [
              -45.1977,
              -21.003
            ],
            [
              -45.1966,
              -21.0021
            ],
            [
              -45.1961,
              -21.0004
            ],
            [
              -45.1981,
              -20.9961
            ],
            [
              -45.1978,
              -20.9948
            ],
            [
              -45.1954,
              -20.9948
            ],
            [
              -45.1942,
              -20.9941
            ],
            [
              -45.1932,
              -20.9921
            ],
            [
              -45.1912,
              -20.9922
            ],
            [
              -45.1893,
              -20.9907
            ],
            [
              -45.1843,
              -20.99
            ],
            [
              -45.1826,
              -20.9886
            ],
            [
              -45.1824,
              -20.992
            ],
            [
              -45.1803,
              -20.992
            ],
            [
              -45.1792,
              -20.9904
            ],
            [
              -45.176,
              -20.9904
            ],
            [
              -45.1743,
              -20.989
            ],
            [
              -45.1712,
              -20.9885
            ],
            [
              -45.1713,
              -20.9864
            ],
            [
              -45.1731,
              -20.9845
            ],
            [
              -45.1731,
              -20.9832
            ],
            [
              -45.1714,
              -20.9828
            ],
            [
              -45.1698,
              -20.9855
            ],
            [
              -45.1689,
              -20.9851
            ],
            [
              -45.1685,
              -20.983
            ],
            [
              -45.1666,
              -20.9807
            ],
            [
              -45.165,
              -20.98
            ],
            [
              -45.1621,
              -20.9805
            ],
            [
              -45.1603,
              -20.9815
            ],
            [
              -45.1585,
              -20.9813
            ],
            [
              -45.156,
              -20.9784
            ],
            [
              -45.1561,
              -20.9779
            ],
            [
              -45.1536,
              -20.9743
            ],
            [
              -45.1549,
              -20.9716
            ],
            [
              -45.1545,
              -20.9684
            ],
            [
              -45.1552,
              -20.9665
            ],
            [
              -45.1593,
              -20.9655
            ],
            [
              -45.16,
              -20.965
            ],
            [
              -45.1606,
              -20.9629
            ],
            [
              -45.16,
              -20.9621
            ],
            [
              -45.1571,
              -20.9618
            ],
            [
              -45.1559,
              -20.961
            ],
            [
              -45.1517,
              -20.9615
            ],
            [
              -45.1499,
              -20.96
            ],
            [
              -45.1514,
              -20.9581
            ],
            [
              -45.1528,
              -20.958
            ],
            [
              -45.1569,
              -20.9587
            ],
            [
              -45.1575,
              -20.9572
            ],
            [
              -45.156,
              -20.9536
            ],
            [
              -45.1542,
              -20.9529
            ],
            [
              -45.1545,
              -20.9518
            ],
            [
              -45.1568,
              -20.9499
            ],
            [
              -45.1571,
              -20.9476
            ],
            [
              -45.1556,
              -20.9463
            ],
            [
              -45.1546,
              -20.9448
            ],
            [
              -45.1524,
              -20.944
            ],
            [
              -45.1523,
              -20.9425
            ],
            [
              -45.1537,
              -20.9409
            ],
            [
              -45.1562,
              -20.9409
            ],
            [
              -45.1565,
              -20.9393
            ],
            [
              -45.1555,
              -20.9388
            ],
            [
              -45.1518,
              -20.9388
            ],
            [
              -45.1499,
              -20.938
            ],
            [
              -45.1485,
              -20.9363
            ],
            [
              -45.1448,
              -20.9344
            ],
            [
              -45.1446,
              -20.9324
            ],
            [
              -45.1452,
              -20.9301
            ],
            [
              -45.1447,
              -20.9287
            ],
            [
              -45.1424,
              -20.9267
            ],
            [
              -45.1432,
              -20.9246
            ],
            [
              -45.1408,
              -20.924
            ],
            [
              -45.1392,
              -20.9223
            ],
            [
              -45.1373,
              -20.9234
            ],
            [
              -45.1377,
              -20.9203
            ],
            [
              -45.1367,
              -20.9179
            ],
            [
              -45.1376,
              -20.916
            ],
            [
              -45.1401,
              -20.9148
            ],
            [
              -45.1426,
              -20.9154
            ],
            [
              -45.1432,
              -20.9146
            ],
            [
              -45.1419,
              -20.9126
            ],
            [
              -45.1398,
              -20.9109
            ],
            [
              -45.1368,
              -20.91
            ],
            [
              -45.1346,
              -20.9089
            ],
            [
              -45.1379,
              -20.9063
            ],
            [
              -45.136,
              -20.9053
            ],
            [
              -45.1347,
              -20.9055
            ],
            [
              -45.1328,
              -20.9072
            ],
            [
              -45.1325,
              -20.905
            ],
            [
              -45.1326,
              -20.9023
            ],
            [
              -45.134,
              -20.8996
            ],
            [
              -45.1331,
              -20.8984
            ],
            [
              -45.1326,
              -20.8965
            ],
            [
              -45.1311,
              -20.8972
            ],
            [
              -45.1294,
              -20.8967
            ],
            [
              -45.1272,
              -20.8973
            ],
            [
              -45.1248,
              -20.8949
            ],
            [
              -45.1237,
              -20.8958
            ],
            [
              -45.122,
              -20.8962
            ],
            [
              -45.1187,
              -20.8939
            ],
            [
              -45.1169,
              -20.8937
            ],
            [
              -45.1129,
              -20.894
            ],
            [
              -45.1128,
              -20.8896
            ],
            [
              -45.111,
              -20.8878
            ],
            [
              -45.1091,
              -20.8849
            ],
            [
              -45.108,
              -20.8851
            ],
            [
              -45.1071,
              -20.887
            ],
            [
              -45.1044,
              -20.8873
            ],
            [
              -45.104,
              -20.8869
            ],
            [
              -45.1037,
              -20.8831
            ],
            [
              -45.1032,
              -20.8813
            ],
            [
              -45.1021,
              -20.8801
            ],
            [
              -45.1009,
              -20.8808
            ],
            [
              -45.0983,
              -20.8802
            ],
            [
              -45.0952,
              -20.8803
            ],
            [
              -45.0945,
              -20.8798
            ],
            [
              -45.0959,
              -20.8774
            ],
            [
              -45.0946,
              -20.8773
            ],
            [
              -45.0934,
              -20.8762
            ],
            [
              -45.0911,
              -20.8751
            ],
            [
              -45.0893,
              -20.8746
            ],
            [
              -45.0877,
              -20.8721
            ],
            [
              -45.0862,
              -20.8717
            ],
            [
              -45.0851,
              -20.869
            ],
            [
              -45.0829,
              -20.869
            ],
            [
              -45.0803,
              -20.8695
            ],
            [
              -45.079,
              -20.8686
            ],
            [
              -45.0781,
              -20.8662
            ],
            [
              -45.0784,
              -20.8642
            ],
            [
              -45.0782,
              -20.8611
            ],
            [
              -45.0807,
              -20.859
            ],
            [
              -45.0818,
              -20.8571
            ],
            [
              -45.0809,
              -20.8556
            ],
            [
              -45.0772,
              -20.8553
            ],
            [
              -45.0746,
              -20.8539
            ],
            [
              -45.0744,
              -20.8516
            ],
            [
              -45.0756,
              -20.8499
            ],
            [
              -45.0797,
              -20.8463
            ],
            [
              -45.0795,
              -20.8455
            ],
            [
              -45.077,
              -20.8457
            ],
            [
              -45.0761,
              -20.8452
            ],
            [
              -45.0753,
              -20.8419
            ],
            [
              -45.0745,
              -20.8406
            ],
            [
              -45.0705,
              -20.8393
            ]
          ]
        ]
      },
      "properties": {
        "codarea": "3111200",
        "nome_municipio": "Campo Belo",
        "codigo_ibge": 3111200
      }
    },
    {
      "type": "Feature",
      "geometry": {
        "type": "Polygon",
        "coordinates": [
          [
            [
              -45.1891,
              -21.0878
            ],
            [
              -45.1865,
              -21.0878
            ],
            [
              -45.1877,
              -21.0839
            ],
            [
              -45.1886,
              -21.083
            ],
            [
              -45.189,
              -21.0781
            ],
            [
              -45.1869,
              -21.0779
            ],
            [
              -45.1857,
              -21.0767
            ],
            [
              -45.1841,
              -21.0768
            ],
            [
              -45.1835,
              -21.0778
            ],
            [
              -45.184,
              -21.079
            ],
            [
              -45.184,
              -21.081
            ],
            [
              -45.1826,
              -21.0819
            ],
            [
              -45.1802,
              -21.0818
            ],
            [
              -45.177,
              -21.0805
            ],
            [
              -45.1734,
              -21.0801
            ],
            [
              -45.1711,
              -21.081
            ],
            [
              -45.1691,
              -21.0802
            ],
            [
              -45.1676,
              -21.0815
            ],
            [
              -45.165,
              -21.0801
            ],
            [
              -45.1633,
              -21.0811
            ],
            [
              -45.1614,
              -21.0806
            ],
            [
              -45.1605,
              -21.079
            ],
            [
              -45.1587,
              -21.077
            ],
            [
              -45.1572,
              -21.0727
            ],
            [
              -45.1573,
              -21.0692
            ],
            [
              -45.1571,
              -21.0684
            ],
            [
              -45.1574,
              -21.0647
            ],
            [
              -45.1582,
              -21.0627
            ],
            [
              -45.1584,
              -21.06
            ],
            [
              -45.1579,
              -21.0562
            ],
            [
              -45.157,
              -21.0525
            ],
            [
              -45.1573,
              -21.0482
            ],
            [
              -45.1571,
              -21.047
            ],
            [
              -45.1559,
              -21.0446
            ],
            [
              -45.1544,
              -21.0433
            ],
            [
              -45.1527,
              -21.0411
            ],
            [
              -45.1504,
              -21.0405
            ],
            [
              -45.1497,
              -21.0418
            ],
            [
              -45.1499,
              -21.0454
            ],
            [
              -45.1475,
              -21.047
            ],
            [
              -45.1455,
              -21.0464
            ],
            [
              -45.1439,
              -21.0466
            ],
            [
              -45.1429,
              -21.0475
            ],
            [
              -45.1408,
              -21.0479
            ],
            [
              -45.1387,
              -21.0495
            ],
            [
              -45.1366,
              -21.0482
            ],
            [
              -45.1352,
              -21.0485
            ],
            [
              -45.1334,
              -21.0511
            ],
            [
              -45.129,
              -21.0523
            ],
            [
              -45.1274,
              -21.0532
            ],
            [
              -45.1257,
              -21.0555
            ],
            [
              -45.124,
              -21.057
            ],
            [
              -45.1236,
              -21.059
            ],
            [
              -45.1227,
              -21.059
            ],
            [
              -45.1206,
              -21.0554
            ],
            [
              -45.1193,
              -21.0545
            ],
            [
              -45.1172,
              -21.0522
            ],
            [
              -45.1155,
              -21.0512
            ],
            [
              -45.1153,
              -21.0496
            ],
            [
              -45.1161,
              -21.0486
            ],
            [
              -45.1195,
              -21.0462
            ],
            [
              -45.1209,
              -21.0456
            ],
            [
              -45.1218,
              -21.0444
            ],
            [
              -45.1211,
              -21.0422
            ],
            [
              -45.1186,
              -21.04
            ],
            [
              -45.1149,
              -21.0381
            ],
            [
              -45.1135,
              -21.0367
            ],
            [
              -45.112,
              -21.0339
            ],
            [
              -45.109,
              -21.0316
            ],
            [
              -45.106,
              -21.0298
            ],
            [
              -45.1034,
              -21.0274
            ],
            [
              -45.103,
              -21.0256
            ],
            [
              -45.1034,
              -21.0243
            ],
            [
              -45.1053,
              -21.0219
            ],
            [
              -45.1074,
              -21.0221
            ],
            [
              -45.1085,
              -21.0212
            ],
            [
              -45.1086,
              -21.019
            ],
            [
              -45.1079,
              -21.0172
            ],
            [
              -45.1059,
              -21.015
            ],
            [
              -45.1038,
              -21.0117
            ],
            [
              -45.103,
              -21.0096
            ],
            [
              -45.1017,
              -21.0079
            ],
            [
              -45.1013,
              -21.0064
            ],
            [
              -45.0994,
              -21.0037
            ],
            [
              -45.0999,
              -21.0011
            ],
            [
              -45.1016,
              -20.9991
            ],
            [
              -45.1009,
              -20.9972
            ],
            [
              -45.0986,
              -20.9974
            ],
            [
              -45.0975,
              -20.9969
            ],
            [
              -45.0957,
              -20.9951
            ],
            [
              -45.0954,
              -20.9933
            ],
            [
              -45.0958,
              -20.9904
            ],
            [
              -45.097,
              -20.9879
            ],
            [
              -45.0993,
              -20.9863
            ],
            [
              -45.0991,
              -20.985
            ],
            [
              -45.0967,
              -20.9827
            ],
            [
              -45.0942,
              -20.9809
            ],
            [
              -45.0935,
              -20.9799
            ],
            [
              -45.0934,
              -20.9739
            ],
            [
              -45.0949,
              -20.9711
            ],
            [
              -45.0947,
              -20.9675
            ],
            [
              -45.0949,
              -20.9644
            ],
            [
              -45.0958,
              -20.9612
            ],
            [
              -45.0951,
              -20.9579
            ],
            [
              -45.0922,
              -20.9545
            ],
            [
              -45.0926,
              -20.9515
            ],
            [
              -45.0924,
              -20.9506
            ],
            [
              -45.0929,
              -20.9492
            ],
            [
              -45.0943,
              -20.9478
            ],
            [
              -45.0959,
              -20.9473
            ],
            [
              -45.0982,
              -20.9454
            ],
            [
              -45.1,
              -20.9413
            ],
            [
              -45.1033,
              -20.9403
            ],
            [
              -45.1039,
              -20.9379
            ],
            [
              -45.1048,
              -20.9369
            ],
            [
              -45.105,
              -20.9353
            ],
            [
              -45.106,
              -20.9343
            ],
            [
              -45.1062,
              -20.9328
            ],
            [
              -45.108,
              -20.932
            ],
            [
              -45.1071,
              -20.9311
            ],
            [
              -45.1075,
              -20.9285
            ],
            [
              -45.1093,
              -20.9272
            ],
            [
              -45.1106,
              -20.928
            ],
            [
              -45.1111,
              -20.9261
            ],
            [
              -45.1133,
              -20.9261
            ],
            [
              -45.1146,
              -20.9283
            ],
            [
              -45.1168,
              -20.93
            ],
            [
              -45.1182,
              -20.93
            ],
            [
              -45.1187,
              -20.9289
            ],
            [
              -45.1183,
              -20.9267
            ],
            [
              -45.119,
              -20.9253
            ],
            [
              -45.1209,
              -20.9249
            ],
            [
              -45.1231,
              -20.9237
            ],
            [
              -45.1242,
              -20.9217
            ],
            [
              -45.1258,
              -20.921
            ],
            [
              -45.1283,
              -20.9215
            ],
            [
              -45.129,
              -20.9223
            ],
            [
              -45.1297,
              -20.9259
            ],
            [
              -45.134,
              -20.9255
            ],
            [
              -45.1355,
              -20.9267
            ],
            [
              -45.1377,
              -20.9275
            ],
            [
              -45.1399,
              -20.9277
            ],
            [
              -45.1424,
              -20.9267
            ],
            [
              -45.1447,
              -20.9287
            ],
            [
              -45.1452,
              -20.9301
            ],
            [
              -45.1446,
              -20.9324
            ],
            [
              -45.1448,
              -20.9344
            ],
            [
              -45.1485,
              -20.9363
            ],
            [
              -45.1499,
              -20.938
            ],
            [
              -45.1518,
              -20.9388
            ],
            [
              -45.1555,
              -20.9388
            ],
            [
              -45.1565,
              -20.9393
            ],
            [
              -45.1562,
              -20.9409
            ],
            [
              -45.1537,
              -20.9409
            ],
            [
              -45.1523,
              -20.9425
            ],
            [
              -45.1524,
              -20.944
            ],
            [
              -45.1546,
              -20.9448
            ],
            [
              -45.1556,
              -20.9463
            ],
            [
              -45.1571,
              -20.9476
            ],
            [
              -45.1568,
              -20.9499
            ],
            [
              -45.1545,
              -20.9518
            ],
            [
              -45.1542,
              -20.9529
            ],
            [
              -45.156,
              -20.9536
            ],
            [
              -45.1575,
              -20.9572
            ],
            [
              -45.1569,
              -20.9587
            ],
            [
              -45.1528,
              -20.958
            ],
            [
              -45.1514,
              -20.9581
            ],
            [
              -45.1499,
              -20.96
            ],
            [
              -45.1517,
              -20.9615
            ],
            [
              -45.1559,
              -20.961
            ],
            [
              -45.1571,
              -20.9618
            ],
            [
              -45.16,
              -20.9621
            ],
            [
              -45.1606,
              -20.9629
            ],
            [
              -45.16,
              -20.965
            ],
            [
              -45.1593,
              -20.9655
            ],
            [
              -45.1552,
              -20.9665
            ],
            [
              -45.1545,
              -20.9684
            ],
            [
              -45.1549,
              -20.9716
            ],
            [
              -45.1536,
              -20.9743
            ],
            [
              -45.1561,
              -20.9779
            ],
            [
              -45.156,
              -20.9784
            ],
            [
              -45.1585,
              -20.9813
            ],
            [
              -45.1603,
              -20.9815
            ],
            [
              -45.1621,
              -20.9805
            ],
            [
              -45.165,
              -20.98
            ],
            [
              -45.1666,
              -20.9807
            ],
            [
              -45.1685,
              -20.983
            ],
            [
              -45.1689,
              -20.9851
            ],
            [
              -45.1698,
              -20.9855
            ],
            [
              -45.1714,
              -20.9828
            ],
            [
              -45.1731,
              -20.9832
            ],
            [
              -45.1731,
              -20.9845
            ],
            [
              -45.1713,
              -20.9864
            ],
            [
              -45.1712,
              -20.9885
            ],
            [
              -45.1743,
              -20.989
            ],
            [
              -45.176,
              -20.9904
            ],
            [
              -45.1792,
              -20.9904
            ],
            [
              -45.1803,
              -20.992
            ],
            [
              -45.1824,
              -20.992
            ],
            [
              -45.1826,
              -20.9886
            ],
            [
              -45.1843,
              -20.99
            ],
            [
              -45.1893,
              -20.9907
            ],
            [
              -45.1912,
              -20.9922
            ],
            [
              -45.1932,
              -20.9921
            ],
            [
              -45.1942,
              -20.9941
            ],
            [
              -45.1954,
              -20.9948
            ],
            [
              -45.1978,
              -20.9948
            ],
            [
              -45.1981,
              -20.9961
            ],
            [
              -45.1961,
              -21.0004
            ],
            [
              -45.1966,
              -21.0021
            ],
            [
              -45.1977,
              -21.003
            ],
            [
              -45.1994,
              -21.0024
            ],
            [
              -45.2012,
              -21.0007
            ],
            [
              -45.2018,
              -20.999
            ],
            [
              -45.2039,
              -20.9979
            ],
            [
              -45.2068,
              -20.999
            ],
            [
              -45.2089,
              -20.9987
            ],
            [
              -45.2098,
              -20.9963
            ],
            [
              -45.2097,
              -20.9942
            ],
            [
              -45.2108,
              -20.9927
            ],
            [
              -45.2121,
              -20.9929
            ],
            [
              -45.214,
              -20.9948
            ],
            [
              -45.2147,
              -20.9961
            ],
            [
              -45.2149,
              -20.9998
            ],
            [
              -45.2179,
              -21.0007
            ],
            [
              -45.2185,
              -21.0019
            ],
            [
              -45.2176,
              -21.0027
            ],
            [
              -45.2149,
              -21.004
            ],
            [
              -45.2143,
              -21.0054
            ],
            [
              -45.2164,
              -21.0078
            ],
            [
              -45.2185,
              -21.0095
            ],
            [
              -45.2175,
              -21.0129
            ],
            [
              -45.219,
              -21.0142
            ],
            [
              -45.2205,
              -21.0143
            ],
            [
              -45.2221,
              -21.0131
            ],
            [
              -45.2227,
              -21.0144
            ],
            [
              -45.2238,
              -21.0147
            ],
            [
              -45.2244,
              -21.0127
            ],
            [
              -45.2243,
              -21.0112
            ],
            [
              -45.2252,
              -21.0108
            ],
            [
              -45.2288,
              -21.0108
            ],
            [
              -45.2345,
              -21.0102
            ],
            [
              -45.2351,
              -21.0082
            ],
            [
              -45.2384,
              -21.0114
            ],
            [
              -45.2398,
              -21.0117
            ],
            [
              -45.2417,
              -21.0108
            ],
            [
              -45.2447,
              -21.0107
            ],
            [
              -45.2455,
              -21.0146
            ],
            [
              -45.2468,
              -21.0153
            ],
            [
              -45.2504,
              -21.014
            ],
            [
              -45.251,
              -21.0148
            ],
            [
              -45.2504,
              -21.0167
            ],
            [
              -45.2511,
              -21.0174
            ],
            [
              -45.2573,
              -21.0189
            ],
            [
              -45.2588,
              -21.017
            ],
            [
              -45.2602,
              -21.0171
            ],
            [
              -45.262,
              -21.019
            ],
            [
              -45.2641,
              -21.0183
            ],
            [
              -45.2647,
              -21.0207
            ],
            [
              -45.2664,
              -21.0219
            ],
            [
              -45.266,
              -21.0228
            ],
            [
              -45.2636,
              -21.0232
            ],
            [
              -45.2634,
              -21.0238
            ],
            [
              -45.2663,
              -21.0262
            ],
            [
              -45.2664,
              -21.0274
            ],
            [
              -45.2633,
              -21.0293
            ],
            [
              -45.2658,
              -21.0303
            ],
            [
              -45.2649,
              -21.0316
            ],
            [
              -45.2617,
              -21.0324
            ],
            [
              -45.2604,
              -21.0345
            ],
            [
              -45.2613,
              -21.0367
            ],
            [
              -45.2643,
              -21.0386
            ],
            [
              -45.2682,
              -21.0403
            ],
            [
              -45.2736,
              -21.0417
            ],
            [
              -45.2748,
              -21.0425
            ],
            [
              -45.2771,
              -21.043
            ],
            [
              -45.2787,
              -21.0438
            ],
            [
              -45.2821,
              -21.0461
            ],
            [
              -45.2809,
              -21.0492
            ],
            [
              -45.2805,
              -21.0522
            ],
            [
              -45.2796,
              -21.0534
            ],
            [
              -45.2776,
              -21.0552
            ],
            [
              -45.2711,
              -21.0571
            ],
            [
              -45.2692,
              -21.0588
            ],
            [
              -45.27,
              -21.0605
            ],
            [
              -45.2717,
              -21.061
            ],
            [
              -45.2769,
              -21.0613
            ],
            [
              -45.2783,
              -21.0629
            ],
            [
              -45.2778,
              -21.0652
            ],
            [
              -45.2739,
              -21.0715
            ],
            [
              -45.2722,
              -21.0732
            ],
            [
              -45.2701,
              -21.0744
            ],
            [
              -45.266,
              -21.0759
            ],
            [
              -45.2605,
              -21.0786
            ],
            [
              -45.2591,
              -21.0796
            ],
            [
              -45.2563,
              -21.0826
            ],
            [
              -45.2556,
              -21.0854
            ],
            [
              -45.2558,
              -21.0868
            ],
            [
              -45.2577,
              -21.0896
            ],
            [
              -45.2584,
              -21.0901
            ],
            [
              -45.2613,
              -21.0899
            ],
            [
              -45.2644,
              -21.0883
            ],
            [
              -45.266,
              -21.0882
            ],
            [
              -45.2676,
              -21.0894
            ],
            [
              -45.2684,
              -21.0921
            ],
            [
              -45.2684,
              -21.0965
            ],
            [
              -45.2671,
              -21.1022
            ],
            [
              -45.2674,
              -21.1056
            ],
            [
              -45.2683,
              -21.107
            ],
            [
              -45.2696,
              -21.1077
            ],
            [
              -45.273,
              -21.1082
            ],
            [
              -45.276,
              -21.1083
            ],
            [
              -45.2813,
              -21.1098
            ],
            [
              -45.2841,
              -21.1123
            ],
            [
              -45.2841,
              -21.1133
            ],
            [
              -45.2833,
              -21.1159
            ],
            [
              -45.2792,
              -21.1216
            ],
            [
              -45.2788,
              -21.1226
            ],
            [
              -45.2787,
              -21.1258
            ],
            [
              -45.278,
              -21.128
            ],
            [
              -45.2761,
              -21.1293
            ],
            [
              -45.2742,
              -21.1295
            ],
            [
              -45.2691,
              -21.1294
            ],
            [
              -45.2657,
              -21.1303
            ],
            [
              -45.263,
              -21.1317
            ],
            [
              -45.2595,
              -21.1329
            ],
            [
              -45.2551,
              -21.1341
            ],
            [
              -45.254,
              -21.1346
            ],
            [
              -45.2486,
              -21.1354
            ],
            [
              -45.2457,
              -21.1364
            ],
            [
              -45.2425,
              -21.1382
            ],
            [
              -45.2377,
              -21.14
            ],
            [
              -45.2336,
              -21.1404
            ],
            [
              -45.229,
              -21.1405
            ],
            [
              -45.2272,
              -21.1402
            ],
            [
              -45.2223,
              -21.1402
            ],
            [
              -45.2179,
              -21.1393
            ],
            [
              -45.215,
              -21.1392
            ],
            [
              -45.2117,
              -21.1387
            ],
            [
              -45.2097,
              -21.1381
            ],
            [
              -45.2051,
              -21.137
            ],
            [
              -45.2045,
              -21.1349
            ],
            [
              -45.2074,
              -21.1311
            ],
            [
              -45.2133,
              -21.1288
            ],
            [
              -45.2137,
              -21.1257
            ],
            [
              -45.2127,
              -21.1238
            ],
            [
              -45.2103,
              -21.1221
            ],
            [
              -45.2072,
              -21.121
            ],
            [
              -45.2049,
              -21.1193
            ],
            [
              -45.2046,
              -21.1176
            ],
            [
              -45.2058,
              -21.1159
            ],
            [
              -45.2098,
              -21.1132
            ],
            [
              -45.2123,
              -21.1124
            ],
            [
              -45.2158,
              -21.1107
            ],
            [
              -45.2178,
              -21.1035
            ],
            [
              -45.2164,
              -21.0988
            ],
            [
              -45.2164,
              -21.0978
            ],
            [
              -45.2185,
              -21.0956
            ],
            [
              -45.2244,
              -21.0931
            ],
            [
              -45.2269,
              -21.0917
            ],
            [
              -45.231,
              -21.0874
            ],
            [
              -45.2318,
              -21.0852
            ],
            [
              -45.2324,
              -21.0821
            ],
            [
              -45.2321,
              -21.0795
            ],
            [
              -45.2313,
              -21.0787
            ],
            [
              -45.2271,
              -21.0785
            ],
            [
              -45.221,
              -21.0801
            ],
            [
              -45.2194,
              -21.0802
            ],
            [
              -45.2183,
              -21.0793
            ],
            [
              -45.2176,
              -21.0775
            ],
            [
              -45.2173,
              -21.0751
            ],
            [
              -45.2159,
              -21.0711
            ],
            [
              -45.2134,
              -21.0688
            ],
            [
              -45.212,
              -21.0686
            ],
            [
              -45.2092,
              -21.0708
            ],
            [
              -45.2056,
              -21.0775
            ],
            [
              -45.2042,
              -21.0788
            ],
            [
              -45.2024,
              -21.0796
            ],
            [
              -45.1979,
              -21.083
            ],
            [
              -45.1926,
              -21.0851
            ],
            [
              -45.1891,
              -21.0878
            ]
          ]
        ]
      },
      "properties": {
        "codarea": "3111903",
        "nome_municipio": "Cana Verde",
        "codigo_ibge": 3111903
      }
    },
    {
      "type": "Feature",
      "geometry": {
        "type": "Polygon",
        "coordinates": [
          [
            [
              -45.2603,
              -20.6509
            ],
            [
              -45.2613,
              -20.6516
            ],
            [
              -45.2648,
              -20.6513
            ],
            [
              -45.2663,
              -20.6503
            ],
            [
              -45.2673,
              -20.6508
            ],
            [
              -45.2677,
              -20.6538
            ],
            [
              -45.2683,
              -20.6544
            ],
            [
              -45.2719,
              -20.6542
            ],
            [
              -45.274,
              -20.655
            ],
            [
              -45.2759,
              -20.6575
            ],
            [
              -45.2759,
              -20.6595
            ],
            [
              -45.277,
              -20.6608
            ],
            [
              -45.277,
              -20.6622
            ],
            [
              -45.278,
              -20.6638
            ],
            [
              -45.2803,
              -20.6648
            ],
            [
              -45.282,
              -20.6666
            ],
            [
              -45.285,
              -20.6671
            ],
            [
              -45.2868,
              -20.6683
            ],
            [
              -45.2891,
              -20.6692
            ],
            [
              -45.2911,
              -20.6705
            ],
            [
              -45.2935,
              -20.6705
            ],
            [
              -45.2948,
              -20.6697
            ],
            [
              -45.2961,
              -20.6677
            ],
            [
              -45.3004,
              -20.6635
            ],
            [
              -45.3015,
              -20.6609
            ],
            [
              -45.3035,
              -20.6599
            ],
            [
              -45.3057,
              -20.6577
            ],
            [
              -45.3079,
              -20.6571
            ],
            [
              -45.3111,
              -20.6569
            ],
            [
              -45.3134,
              -20.658
            ],
            [
              -45.3147,
              -20.6579
            ],
            [
              -45.3157,
              -20.6562
            ],
            [
              -45.3173,
              -20.6563
            ],
            [
              -45.3219,
              -20.6599
            ],
            [
              -45.3247,
              -20.6595
            ],
            [
              -45.3268,
              -20.6604
            ],
            [
              -45.3294,
              -20.6608
            ],
            [
              -45.3327,
              -20.6644
            ],
            [
              -45.3351,
              -20.6652
            ],
            [
              -45.3381,
              -20.667
            ],
            [
              -45.3398,
              -20.6672
            ],
            [
              -45.3462,
              -20.6659
            ],
            [
              -45.3476,
              -20.6661
            ],
            [
              -45.3502,
              -20.6685
            ],
            [
              -45.3526,
              -20.6688
            ],
            [
              -45.3546,
              -20.6701
            ],
            [
              -45.3562,
              -20.6729
            ],
            [
              -45.3572,
              -20.6739
            ],
            [
              -45.3621,
              -20.6724
            ],
            [
              -45.3637,
              -20.6724
            ],
            [
              -45.3657,
              -20.6715
            ],
            [
              -45.3669,
              -20.6702
            ],
            [
              -45.365,
              -20.6688
            ],
            [
              -45.365,
              -20.6675
            ],
            [
              -45.3667,
              -20.6661
            ],
            [
              -45.3688,
              -20.6672
            ],
            [
              -45.3701,
              -20.667
            ],
            [
              -45.372,
              -20.6649
            ],
            [
              -45.3735,
              -20.6648
            ],
            [
              -45.3745,
              -20.6639
            ],
            [
              -45.3758,
              -20.6648
            ],
            [
              -45.3764,
              -20.6677
            ],
            [
              -45.3795,
              -20.6671
            ],
            [
              -45.3816,
              -20.6663
            ],
            [
              -45.384,
              -20.6665
            ],
            [
              -45.3859,
              -20.6652
            ],
            [
              -45.3863,
              -20.6629
            ],
            [
              -45.3873,
              -20.6621
            ],
            [
              -45.3883,
              -20.6602
            ],
            [
              -45.3903,
              -20.6593
            ],
            [
              -45.3941,
              -20.6571
            ],
            [
              -45.3962,
              -20.6554
            ],
            [
              -45.3995,
              -20.6544
            ],
            [
              -45.4011,
              -20.6533
            ],
            [
              -45.4041,
              -20.6527
            ],
            [
              -45.4051,
              -20.6531
            ],
            [
              -45.4069,
              -20.6554
            ],
            [
              -45.4109,
              -20.6586
            ],
            [
              -45.4154,
              -20.6593
            ],
            [
              -45.4186,
              -20.6606
            ],
            [
              -45.4194,
              -20.6616
            ],
            [
              -45.4208,
              -20.6618
            ],
            [
              -45.4218,
              -20.6597
            ],
            [
              -45.4236,
              -20.6594
            ],
            [
              -45.4263,
              -20.6607
            ],
            [
              -45.4285,
              -20.6608
            ],
            [
              -45.4323,
              -20.662
            ],
            [
              -45.4342,
              -20.6621
            ],
            [
              -45.4377,
              -20.6648
            ],
            [
              -45.439,
              -20.6649
            ],
            [
              -45.4421,
              -20.6643
            ],
            [
              -45.445,
              -20.6652
            ],
            [
              -45.4467,
              -20.6643
            ],
            [
              -45.4487,
              -20.6641
            ],
            [
              -45.4514,
              -20.6649
            ],
            [
              -45.4555,
              -20.6708
            ],
            [
              -45.4595,
              -20.6703
            ],
            [
              -45.4628,
              -20.6691
            ],
            [
              -45.4655,
              -20.6668
            ],
            [
              -45.4676,
              -20.6677
            ],
            [
              -45.4691,
              -20.667
            ],
            [
              -45.4703,
              -20.6671
            ],
            [
              -45.4718,
              -20.665
            ],
            [
              -45.4735,
              -20.666
            ],
            [
              -45.4759,
              -20.6664
            ],
            [
              -45.4773,
              -20.6657
            ],
            [
              -45.4794,
              -20.6667
            ],
            [
              -45.4796,
              -20.668
            ],
            [
              -45.4814,
              -20.6681
            ],
            [
              -45.4816,
              -20.6693
            ],
            [
              -45.483,
              -20.6693
            ],
            [
              -45.4848,
              -20.6682
            ],
            [
              -45.4856,
              -20.6686
            ],
            [
              -45.4857,
              -20.6714
            ],
            [
              -45.4848,
              -20.6723
            ],
            [
              -45.485,
              -20.6742
            ],
            [
              -45.4841,
              -20.6745
            ],
            [
              -45.4846,
              -20.6786
            ],
            [
              -45.4861,
              -20.6786
            ],
            [
              -45.4864,
              -20.6795
            ],
            [
              -45.4893,
              -20.6792
            ],
            [
              -45.4908,
              -20.6812
            ],
            [
              -45.4906,
              -20.6851
            ],
            [
              -45.4896,
              -20.6862
            ],
            [
              -45.4904,
              -20.6874
            ],
            [
              -45.4902,
              -20.6888
            ],
            [
              -45.4913,
              -20.6889
            ],
            [
              -45.4919,
              -20.691
            ],
            [
              -45.493,
              -20.6918
            ],
            [
              -45.4955,
              -20.6923
            ],
            [
              -45.4966,
              -20.6945
            ],
            [
              -45.4993,
              -20.6936
            ],
            [
              -45.5011,
              -20.6953
            ],
            [
              -45.5034,
              -20.6963
            ],
            [
              -45.5065,
              -20.6958
            ],
            [
              -45.5078,
              -20.6939
            ],
            [
              -45.5103,
              -20.6948
            ],
            [
              -45.5104,
              -20.6959
            ],
            [
              -45.5123,
              -20.6964
            ],
            [
              -45.5128,
              -20.7035
            ],
            [
              -45.5125,
              -20.7073
            ],
            [
              -45.512,
              -20.7087
            ],
            [
              -45.5092,
              -20.7098
            ],
            [
              -45.5072,
              -20.7122
            ],
            [
              -45.5061,
              -20.7131
            ],
            [
              -45.5,
              -20.7151
            ],
            [
              -45.4996,
              -20.7187
            ],
            [
              -45.4975,
              -20.7217
            ],
            [
              -45.4956,
              -20.726
            ],
            [
              -45.4937,
              -20.7273
            ],
            [
              -45.4903,
              -20.7315
            ],
            [
              -45.4889,
              -20.7342
            ],
            [
              -45.486,
              -20.7365
            ],
            [
              -45.4852,
              -20.7392
            ],
            [
              -45.4828,
              -20.7447
            ],
            [
              -45.4789,
              -20.7457
            ],
            [
              -45.4748,
              -20.7453
            ],
            [
              -45.4727,
              -20.7478
            ],
            [
              -45.4716,
              -20.7497
            ],
            [
              -45.4689,
              -20.7522
            ],
            [
              -45.4684,
              -20.7559
            ],
            [
              -45.4674,
              -20.7582
            ],
            [
              -45.4665,
              -20.7623
            ],
            [
              -45.4647,
              -20.7639
            ],
            [
              -45.4635,
              -20.7641
            ],
            [
              -45.4609,
              -20.7634
            ],
            [
              -45.4579,
              -20.7637
            ],
            [
              -45.4554,
              -20.762
            ],
            [
              -45.4532,
              -20.762
            ],
            [
              -45.4524,
              -20.7633
            ],
            [
              -45.4522,
              -20.7664
            ],
            [
              -45.4517,
              -20.7673
            ],
            [
              -45.4493,
              -20.7681
            ],
            [
              -45.448,
              -20.77
            ],
            [
              -45.446,
              -20.7749
            ],
            [
              -45.4448,
              -20.7742
            ],
            [
              -45.4435,
              -20.7758
            ],
            [
              -45.4434,
              -20.777
            ],
            [
              -45.4413,
              -20.7795
            ],
            [
              -45.439,
              -20.7813
            ],
            [
              -45.4377,
              -20.7833
            ],
            [
              -45.4341,
              -20.7828
            ],
            [
              -45.4315,
              -20.784
            ],
            [
              -45.4309,
              -20.7856
            ],
            [
              -45.4317,
              -20.7906
            ],
            [
              -45.4317,
              -20.7951
            ],
            [
              -45.4287,
              -20.7966
            ],
            [
              -45.4273,
              -20.8
            ],
            [
              -45.4239,
              -20.802
            ],
            [
              -45.4223,
              -20.8033
            ],
            [
              -45.4173,
              -20.8032
            ],
            [
              -45.4163,
              -20.8036
            ],
            [
              -45.4141,
              -20.8061
            ],
            [
              -45.4117,
              -20.8077
            ],
            [
              -45.4099,
              -20.8102
            ],
            [
              -45.4093,
              -20.8127
            ],
            [
              -45.4073,
              -20.8148
            ],
            [
              -45.4038,
              -20.8161
            ],
            [
              -45.4021,
              -20.8171
            ],
            [
              -45.3981,
              -20.8214
            ],
            [
              -45.3958,
              -20.8252
            ],
            [
              -45.3921,
              -20.829
            ],
            [
              -45.3913,
              -20.8311
            ],
            [
              -45.3909,
              -20.8358
            ],
            [
              -45.3914,
              -20.84
            ],
            [
              -45.3912,
              -20.8423
            ],
            [
              -45.3898,
              -20.8476
            ],
            [
              -45.3866,
              -20.8469
            ],
            [
              -45.3838,
              -20.8472
            ],
            [
              -45.3814,
              -20.8471
            ],
            [
              -45.3778,
              -20.8449
            ],
            [
              -45.376,
              -20.8444
            ],
            [
              -45.37,
              -20.8436
            ],
            [
              -45.3677,
              -20.8425
            ],
            [
              -45.3628,
              -20.8392
            ],
            [
              -45.3601,
              -20.8362
            ],
            [
              -45.358,
              -20.8352
            ],
            [
              -45.3547,
              -20.8329
            ],
            [
              -45.3516,
              -20.8327
            ],
            [
              -45.3499,
              -20.8309
            ],
            [
              -45.3505,
              -20.8271
            ],
            [
              -45.3499,
              -20.8257
            ],
            [
              -45.3488,
              -20.8211
            ],
            [
              -45.3473,
              -20.8186
            ],
            [
              -45.3458,
              -20.8168
            ],
            [
              -45.3432,
              -20.8162
            ],
            [
              -45.3374,
              -20.8171
            ],
            [
              -45.3293,
              -20.8176
            ],
            [
              -45.3263,
              -20.8185
            ],
            [
              -45.3249,
              -20.8196
            ],
            [
              -45.3234,
              -20.8219
            ],
            [
              -45.3218,
              -20.8235
            ],
            [
              -45.32,
              -20.8247
            ],
            [
              -45.3177,
              -20.8242
            ],
            [
              -45.3152,
              -20.8213
            ],
            [
              -45.3139,
              -20.8212
            ],
            [
              -45.3109,
              -20.8241
            ],
            [
              -45.3077,
              -20.8266
            ],
            [
              -45.3047,
              -20.8283
            ],
            [
              -45.3031,
              -20.8303
            ],
            [
              -45.3035,
              -20.8315
            ],
            [
              -45.3051,
              -20.8328
            ],
            [
              -45.3053,
              -20.8342
            ],
            [
              -45.3047,
              -20.8353
            ],
            [
              -45.3003,
              -20.8385
            ],
            [
              -45.2977,
              -20.8415
            ],
            [
              -45.2944,
              -20.8428
            ],
            [
              -45.2915,
              -20.8429
            ],
            [
              -45.289,
              -20.8426
            ],
            [
              -45.2867,
              -20.8415
            ],
            [
              -45.2836,
              -20.8413
            ],
            [
              -45.2817,
              -20.8407
            ],
            [
              -45.2803,
              -20.8415
            ],
            [
              -45.2792,
              -20.844
            ],
            [
              -45.2773,
              -20.8449
            ],
            [
              -45.2758,
              -20.845
            ],
            [
              -45.2712,
              -20.8462
            ],
            [
              -45.2685,
              -20.8458
            ],
            [
              -45.2678,
              -20.8442
            ],
            [
              -45.2658,
              -20.8429
            ],
            [
              -45.2647,
              -20.8401
            ],
            [
              -45.2645,
              -20.8363
            ],
            [
              -45.2636,
              -20.8344
            ],
            [
              -45.2619,
              -20.8322
            ],
            [
              -45.2604,
              -20.8316
            ],
            [
              -45.2575,
              -20.8311
            ],
            [
              -45.2524,
              -20.8296
            ],
            [
              -45.2503,
              -20.8297
            ],
            [
              -45.2477,
              -20.8305
            ],
            [
              -45.2431,
              -20.8324
            ],
            [
              -45.2394,
              -20.8352
            ],
            [
              -45.2383,
              -20.8373
            ],
            [
              -45.238,
              -20.8394
            ],
            [
              -45.237,
              -20.842
            ],
            [
              -45.2353,
              -20.8425
            ],
            [
              -45.2299,
              -20.8422
            ],
            [
              -45.2255,
              -20.8426
            ],
            [
              -45.221,
              -20.8424
            ],
            [
              -45.2201,
              -20.8418
            ],
            [
              -45.2165,
              -20.8373
            ],
            [
              -45.2147,
              -20.8372
            ],
            [
              -45.2114,
              -20.8383
            ],
            [
              -45.2094,
              -20.8381
            ],
            [
              -45.207,
              -20.8356
            ],
            [
              -45.2042,
              -20.8344
            ],
            [
              -45.2017,
              -20.834
            ],
            [
              -45.1978,
              -20.833
            ],
            [
              -45.1959,
              -20.834
            ],
            [
              -45.19,
              -20.8339
            ],
            [
              -45.1869,
              -20.8356
            ],
            [
              -45.1856,
              -20.8352
            ],
            [
              -45.1841,
              -20.8337
            ],
            [
              -45.1839,
              -20.8316
            ],
            [
              -45.1832,
              -20.8305
            ],
            [
              -45.1803,
              -20.8311
            ],
            [
              -45.1762,
              -20.831
            ],
            [
              -45.1729,
              -20.8291
            ],
            [
              -45.1693,
              -20.8288
            ],
            [
              -45.1677,
              -20.8289
            ],
            [
              -45.1658,
              -20.8302
            ],
            [
              -45.1656,
              -20.8325
            ],
            [
              -45.1649,
              -20.8338
            ],
            [
              -45.1628,
              -20.8357
            ],
            [
              -45.1613,
              -20.8365
            ],
            [
              -45.1594,
              -20.8367
            ],
            [
              -45.1564,
              -20.8382
            ],
            [
              -45.1543,
              -20.8372
            ],
            [
              -45.1529,
              -20.8382
            ],
            [
              -45.1519,
              -20.8402
            ],
            [
              -45.1496,
              -20.8412
            ],
            [
              -45.1461,
              -20.8407
            ],
            [
              -45.144,
              -20.8399
            ],
            [
              -45.1362,
              -20.8397
            ],
            [
              -45.1349,
              -20.8402
            ],
            [
              -45.1333,
              -20.8397
            ],
            [
              -45.1322,
              -20.8382
            ],
            [
              -45.1294,
              -20.836
            ],
            [
              -45.128,
              -20.8333
            ],
            [
              -45.1244,
              -20.8318
            ],
            [
              -45.1234,
              -20.8298
            ],
            [
              -45.1237,
              -20.8277
            ],
            [
              -45.1228,
              -20.8261
            ],
            [
              -45.1212,
              -20.8255
            ],
            [
              -45.118,
              -20.8206
            ],
            [
              -45.1166,
              -20.8206
            ],
            [
              -45.1132,
              -20.8218
            ],
            [
              -45.1102,
              -20.8219
            ],
            [
              -45.1029,
              -20.827
            ],
            [
              -45.0997,
              -20.8277
            ],
            [
              -45.0971,
              -20.8286
            ],
            [
              -45.095,
              -20.8314
            ],
            [
              -45.0935,
              -20.8349
            ],
            [
              -45.0927,
              -20.8352
            ],
            [
              -45.0879,
              -20.8349
            ],
            [
              -45.0863,
              -20.8373
            ],
            [
              -45.0854,
              -20.8381
            ],
            [
              -45.0835,
              -20.8376
            ],
            [
              -45.0781,
              -20.8351
            ],
            [
              -45.0746,
              -20.8342
            ],
            [
              -45.0737,
              -20.8347
            ],
            [
              -45.0722,
              -20.8366
            ],
            [
              -45.0705,
              -20.8393
            ],
            [
              -45.0686,
              -20.8391
            ],
            [
              -45.0669,
              -20.838
            ],
            [
              -45.0651,
              -20.8344
            ],
            [
              -45.0637,
              -20.8331
            ],
            [
              -45.0639,
              -20.8322
            ],
            [
              -45.066,
              -20.8316
            ],
            [
              -45.0661,
              -20.8307
            ],
            [
              -45.065,
              -20.829
            ],
            [
              -45.062,
              -20.8259
            ],
            [
              -45.0595,
              -20.8259
            ],
            [
              -45.0599,
              -20.825
            ],
            [
              -45.0629,
              -20.8244
            ],
            [
              -45.0641,
              -20.8232
            ],
            [
              -45.0642,
              -20.822
            ],
            [
              -45.0633,
              -20.82
            ],
            [
              -45.0618,
              -20.818
            ],
            [
              -45.058,
              -20.8181
            ],
            [
              -45.0565,
              -20.8169
            ],
            [
              -45.0577,
              -20.8166
            ],
            [
              -45.0576,
              -20.8155
            ],
            [
              -45.0596,
              -20.8136
            ],
            [
              -45.0641,
              -20.8101
            ],
            [
              -45.0657,
              -20.807
            ],
            [
              -45.0655,
              -20.8048
            ],
            [
              -45.0659,
              -20.8034
            ],
            [
              -45.0675,
              -20.8018
            ],
            [
              -45.0671,
              -20.798
            ],
            [
              -45.0684,
              -20.7961
            ],
            [
              -45.068,
              -20.795
            ],
            [
              -45.0686,
              -20.7929
            ],
            [
              -45.0685,
              -20.7914
            ],
            [
              -45.0702,
              -20.7894
            ],
            [
              -45.0701,
              -20.7881
            ],
            [
              -45.0684,
              -20.7851
            ],
            [
              -45.0692,
              -20.781
            ],
            [
              -45.0693,
              -20.7791
            ],
            [
              -45.071,
              -20.7776
            ],
            [
              -45.0702,
              -20.7752
            ],
            [
              -45.071,
              -20.7719
            ],
            [
              -45.0701,
              -20.7703
            ],
            [
              -45.0698,
              -20.7662
            ],
            [
              -45.0687,
              -20.7629
            ],
            [
              -45.0704,
              -20.7628
            ],
            [
              -45.0712,
              -20.7621
            ],
            [
              -45.0718,
              -20.7601
            ],
            [
              -45.0738,
              -20.7596
            ],
            [
              -45.0744,
              -20.7575
            ],
            [
              -45.0762,
              -20.7572
            ],
            [
              -45.0797,
              -20.7531
            ],
            [
              -45.081,
              -20.7528
            ],
            [
              -45.0806,
              -20.7513
            ],
            [
              -45.082,
              -20.7498
            ],
            [
              -45.0836,
              -20.7473
            ],
            [
              -45.0837,
              -20.7459
            ],
            [
              -45.0852,
              -20.7443
            ],
            [
              -45.0876,
              -20.7428
            ],
            [
              -45.0884,
              -20.7418
            ],
            [
              -45.0872,
              -20.7387
            ],
            [
              -45.088,
              -20.7361
            ],
            [
              -45.0916,
              -20.7352
            ],
            [
              -45.0928,
              -20.7344
            ],
            [
              -45.0947,
              -20.7322
            ],
            [
              -45.096,
              -20.7319
            ],
            [
              -45.0984,
              -20.7299
            ],
            [
              -45.0989,
              -20.7292
            ],
            [
              -45.0988,
              -20.7262
            ],
            [
              -45.1018,
              -20.7206
            ],
            [
              -45.1048,
              -20.7165
            ],
            [
              -45.1059,
              -20.7156
            ],
            [
              -45.108,
              -20.7151
            ],
            [
              -45.1118,
              -20.7152
            ],
            [
              -45.1154,
              -20.715
            ],
            [
              -45.1166,
              -20.7153
            ],
            [
              -45.1224,
              -20.7184
            ],
            [
              -45.1259,
              -20.7195
            ],
            [
              -45.1292,
              -20.7192
            ],
            [
              -45.1307,
              -20.718
            ],
            [
              -45.1336,
              -20.7151
            ],
            [
              -45.1357,
              -20.7142
            ],
            [
              -45.137,
              -20.7128
            ],
            [
              -45.1389,
              -20.7099
            ],
            [
              -45.1387,
              -20.7075
            ],
            [
              -45.137,
              -20.7056
            ],
            [
              -45.1352,
              -20.7045
            ],
            [
              -45.1353,
              -20.7038
            ],
            [
              -45.1385,
              -20.7033
            ],
            [
              -45.1423,
              -20.7005
            ],
            [
              -45.1454,
              -20.6996
            ],
            [
              -45.147,
              -20.6977
            ],
            [
              -45.1478,
              -20.6958
            ],
            [
              -45.147,
              -20.6902
            ],
            [
              -45.1444,
              -20.6889
            ],
            [
              -45.1412,
              -20.6893
            ],
            [
              -45.1392,
              -20.6889
            ],
            [
              -45.1369,
              -20.6867
            ],
            [
              -45.1352,
              -20.6859
            ],
            [
              -45.131,
              -20.6848
            ],
            [
              -45.1308,
              -20.6822
            ],
            [
              -45.1331,
              -20.6794
            ],
            [
              -45.135,
              -20.6775
            ],
            [
              -45.1369,
              -20.6748
            ],
            [
              -45.1393,
              -20.675
            ],
            [
              -45.1415,
              -20.676
            ],
            [
              -45.1431,
              -20.6758
            ],
            [
              -45.1445,
              -20.6746
            ],
            [
              -45.1459,
              -20.6719
            ],
            [
              -45.1462,
              -20.6692
            ],
            [
              -45.1467,
              -20.6683
            ],
            [
              -45.151,
              -20.6688
            ],
            [
              -45.1546,
              -20.67
            ],
            [
              -45.1582,
              -20.6705
            ],
            [
              -45.1609,
              -20.6694
            ],
            [
              -45.1629,
              -20.6705
            ],
            [
              -45.164,
              -20.67
            ],
            [
              -45.1662,
              -20.6678
            ],
            [
              -45.1683,
              -20.6669
            ],
            [
              -45.1713,
              -20.6646
            ],
            [
              -45.1739,
              -20.6662
            ],
            [
              -45.1752,
              -20.6674
            ],
            [
              -45.1768,
              -20.6678
            ],
            [
              -45.179,
              -20.6696
            ],
            [
              -45.184,
              -20.6697
            ],
            [
              -45.1858,
              -20.6675
            ],
            [
              -45.1901,
              -20.667
            ],
            [
              -45.1925,
              -20.665
            ],
            [
              -45.195,
              -20.6641
            ],
            [
              -45.1977,
              -20.6619
            ],
            [
              -45.2009,
              -20.6612
            ],
            [
              -45.2044,
              -20.6613
            ],
            [
              -45.2073,
              -20.6622
            ],
            [
              -45.2098,
              -20.6623
            ],
            [
              -45.212,
              -20.6627
            ],
            [
              -45.2133,
              -20.6644
            ],
            [
              -45.2147,
              -20.6651
            ],
            [
              -45.2167,
              -20.6641
            ],
            [
              -45.2185,
              -20.6646
            ],
            [
              -45.2191,
              -20.666
            ],
            [
              -45.2208,
              -20.6667
            ],
            [
              -45.2217,
              -20.6661
            ],
            [
              -45.2226,
              -20.6672
            ],
            [
              -45.2258,
              -20.6646
            ],
            [
              -45.2289,
              -20.6631
            ],
            [
              -45.2311,
              -20.6641
            ],
            [
              -45.2331,
              -20.6636
            ],
            [
              -45.2354,
              -20.6635
            ],
            [
              -45.2376,
              -20.6625
            ],
            [
              -45.2403,
              -20.6623
            ],
            [
              -45.2413,
              -20.6611
            ],
            [
              -45.2435,
              -20.6634
            ],
            [
              -45.2465,
              -20.6648
            ],
            [
              -45.2513,
              -20.6621
            ],
            [
              -45.254,
              -20.6591
            ],
            [
              -45.2546,
              -20.657
            ],
            [
              -45.2556,
              -20.6563
            ],
            [
              -45.256,
              -20.6539
            ],
            [
              -45.2587,
              -20.6516
            ],
            [
              -45.2603,
              -20.6509
            ]
          ]
        ]
      },
      "properties": {
        "codarea": "3112000",
        "nome_municipio": "Candeias",
        "codigo_ibge": 3112000
      }
    },
    {
      "type": "Feature",
      "geometry": {
        "type": "Polygon",
        "coordinates": [
          [
            [
              -44.7764,
              -20.5394
            ],
            [
              -44.7784,
              -20.5379
            ],
            [
              -44.7803,
              -20.5359
            ],
            [
              -44.7833,
              -20.5352
            ],
            [
              -44.7846,
              -20.534
            ],
            [
              -44.7852,
              -20.5324
            ],
            [
              -44.7851,
              -20.5308
            ],
            [
              -44.7872,
              -20.5285
            ],
            [
              -44.7894,
              -20.5271
            ],
            [
              -44.7877,
              -20.525
            ],
            [
              -44.7884,
              -20.5217
            ],
            [
              -44.7884,
              -20.519
            ],
            [
              -44.7889,
              -20.5185
            ],
            [
              -44.7926,
              -20.5186
            ],
            [
              -44.7959,
              -20.5191
            ],
            [
              -44.7999,
              -20.5159
            ],
            [
              -44.7995,
              -20.5134
            ],
            [
              -44.8002,
              -20.5122
            ],
            [
              -44.7997,
              -20.5104
            ],
            [
              -44.7997,
              -20.5075
            ],
            [
              -44.8011,
              -20.5059
            ],
            [
              -44.8036,
              -20.5039
            ],
            [
              -44.8062,
              -20.5045
            ],
            [
              -44.8077,
              -20.5039
            ],
            [
              -44.8076,
              -20.5016
            ],
            [
              -44.8068,
              -20.5002
            ],
            [
              -44.8076,
              -20.4991
            ],
            [
              -44.8132,
              -20.4991
            ],
            [
              -44.8138,
              -20.4994
            ],
            [
              -44.8186,
              -20.4994
            ],
            [
              -44.8201,
              -20.5003
            ],
            [
              -44.8223,
              -20.5027
            ],
            [
              -44.8261,
              -20.5038
            ],
            [
              -44.83,
              -20.5058
            ],
            [
              -44.8314,
              -20.5072
            ],
            [
              -44.8327,
              -20.5093
            ],
            [
              -44.8368,
              -20.5126
            ],
            [
              -44.8406,
              -20.5119
            ],
            [
              -44.8428,
              -20.5103
            ],
            [
              -44.8445,
              -20.5116
            ],
            [
              -44.8457,
              -20.511
            ],
            [
              -44.8474,
              -20.5088
            ],
            [
              -44.8502,
              -20.5072
            ],
            [
              -44.8499,
              -20.5046
            ],
            [
              -44.8499,
              -20.4997
            ],
            [
              -44.8503,
              -20.498
            ],
            [
              -44.8519,
              -20.4964
            ],
            [
              -44.8534,
              -20.4932
            ],
            [
              -44.8564,
              -20.4916
            ],
            [
              -44.8585,
              -20.4881
            ],
            [
              -44.8601,
              -20.4873
            ],
            [
              -44.8623,
              -20.4842
            ],
            [
              -44.8642,
              -20.4823
            ],
            [
              -44.8707,
              -20.4809
            ],
            [
              -44.8727,
              -20.4795
            ],
            [
              -44.8758,
              -20.4782
            ],
            [
              -44.8795,
              -20.4787
            ],
            [
              -44.8801,
              -20.477
            ],
            [
              -44.8838,
              -20.4732
            ],
            [
              -44.8856,
              -20.4709
            ],
            [
              -44.8907,
              -20.4712
            ],
            [
              -44.8925,
              -20.4715
            ],
            [
              -44.8961,
              -20.4737
            ],
            [
              -44.8995,
              -20.4751
            ],
            [
              -44.8999,
              -20.4763
            ],
            [
              -44.9028,
              -20.4807
            ],
            [
              -44.9043,
              -20.4823
            ],
            [
              -44.9089,
              -20.4826
            ],
            [
              -44.9104,
              -20.4837
            ],
            [
              -44.917,
              -20.4836
            ],
            [
              -44.9204,
              -20.4843
            ],
            [
              -44.9246,
              -20.4849
            ],
            [
              -44.9297,
              -20.4861
            ],
            [
              -44.9334,
              -20.4877
            ],
            [
              -44.9357,
              -20.489
            ],
            [
              -44.9378,
              -20.4913
            ],
            [
              -44.94,
              -20.492
            ],
            [
              -44.9411,
              -20.4939
            ],
            [
              -44.9429,
              -20.4981
            ],
            [
              -44.945,
              -20.4972
            ],
            [
              -44.9464,
              -20.4954
            ],
            [
              -44.9463,
              -20.4916
            ],
            [
              -44.9483,
              -20.4891
            ],
            [
              -44.9513,
              -20.4909
            ],
            [
              -44.9534,
              -20.4924
            ],
            [
              -44.9568,
              -20.4929
            ],
            [
              -44.9604,
              -20.4908
            ],
            [
              -44.963,
              -20.4899
            ],
            [
              -44.9653,
              -20.4871
            ],
            [
              -44.9663,
              -20.4865
            ],
            [
              -44.9727,
              -20.4848
            ],
            [
              -44.9768,
              -20.485
            ],
            [
              -44.9794,
              -20.4855
            ],
            [
              -44.9825,
              -20.4857
            ],
            [
              -44.9868,
              -20.4868
            ],
            [
              -44.9888,
              -20.4881
            ],
            [
              -44.989,
              -20.4915
            ],
            [
              -44.9911,
              -20.4919
            ],
            [
              -44.9912,
              -20.4938
            ],
            [
              -44.9927,
              -20.4948
            ],
            [
              -44.9953,
              -20.4947
            ],
            [
              -44.9973,
              -20.4973
            ],
            [
              -44.9982,
              -20.4993
            ],
            [
              -44.9984,
              -20.5015
            ],
            [
              -45.0012,
              -20.5021
            ],
            [
              -45.0018,
              -20.5014
            ],
            [
              -45.002,
              -20.4984
            ],
            [
              -45.0031,
              -20.4979
            ],
            [
              -45.0066,
              -20.4988
            ],
            [
              -45.0084,
              -20.498
            ],
            [
              -45.0106,
              -20.4983
            ],
            [
              -45.0106,
              -20.5
            ],
            [
              -45.0121,
              -20.5024
            ],
            [
              -45.0127,
              -20.5044
            ],
            [
              -45.0129,
              -20.5084
            ],
            [
              -45.0118,
              -20.5117
            ],
            [
              -45.0124,
              -20.5167
            ],
            [
              -45.0121,
              -20.5188
            ],
            [
              -45.0127,
              -20.5237
            ],
            [
              -45.0149,
              -20.5261
            ],
            [
              -45.0163,
              -20.5269
            ],
            [
              -45.0185,
              -20.5289
            ],
            [
              -45.0194,
              -20.5301
            ],
            [
              -45.0194,
              -20.5319
            ],
            [
              -45.0186,
              -20.535
            ],
            [
              -45.0165,
              -20.537
            ],
            [
              -45.015,
              -20.5375
            ],
            [
              -45.0121,
              -20.5378
            ],
            [
              -45.0113,
              -20.5399
            ],
            [
              -45.0113,
              -20.5432
            ],
            [
              -45.0091,
              -20.5452
            ],
            [
              -45.0088,
              -20.5466
            ],
            [
              -45.0093,
              -20.5478
            ],
            [
              -45.0089,
              -20.5512
            ],
            [
              -45.01,
              -20.5539
            ],
            [
              -45.01,
              -20.5565
            ],
            [
              -45.0105,
              -20.5576
            ],
            [
              -45.0101,
              -20.5596
            ],
            [
              -45.0105,
              -20.5612
            ],
            [
              -45.0101,
              -20.5638
            ],
            [
              -45.0114,
              -20.5656
            ],
            [
              -45.0111,
              -20.5667
            ],
            [
              -45.012,
              -20.5685
            ],
            [
              -45.0119,
              -20.5703
            ],
            [
              -45.0107,
              -20.5726
            ],
            [
              -45.0108,
              -20.575
            ],
            [
              -45.0101,
              -20.5764
            ],
            [
              -45.0096,
              -20.5793
            ],
            [
              -45.0068,
              -20.5812
            ],
            [
              -45.0045,
              -20.5847
            ],
            [
              -45.0033,
              -20.5884
            ],
            [
              -45.0023,
              -20.5904
            ],
            [
              -44.9999,
              -20.5919
            ],
            [
              -44.9991,
              -20.5932
            ],
            [
              -44.9966,
              -20.5936
            ],
            [
              -44.9954,
              -20.5927
            ],
            [
              -44.9947,
              -20.5901
            ],
            [
              -44.9939,
              -20.5895
            ],
            [
              -44.9886,
              -20.5891
            ],
            [
              -44.9877,
              -20.5896
            ],
            [
              -44.9871,
              -20.5915
            ],
            [
              -44.9863,
              -20.5955
            ],
            [
              -44.9841,
              -20.598
            ],
            [
              -44.9854,
              -20.601
            ],
            [
              -44.9822,
              -20.6016
            ],
            [
              -44.9809,
              -20.6029
            ],
            [
              -44.9798,
              -20.6049
            ],
            [
              -44.9775,
              -20.6062
            ],
            [
              -44.976,
              -20.6061
            ],
            [
              -44.9742,
              -20.6048
            ],
            [
              -44.9727,
              -20.6043
            ],
            [
              -44.9713,
              -20.6047
            ],
            [
              -44.9695,
              -20.6062
            ],
            [
              -44.9645,
              -20.6082
            ],
            [
              -44.9612,
              -20.6083
            ],
            [
              -44.9592,
              -20.6103
            ],
            [
              -44.9582,
              -20.613
            ],
            [
              -44.9561,
              -20.6162
            ],
            [
              -44.9559,
              -20.6171
            ],
            [
              -44.9539,
              -20.6191
            ],
            [
              -44.9523,
              -20.6246
            ],
            [
              -44.9509,
              -20.6259
            ],
            [
              -44.9483,
              -20.6264
            ],
            [
              -44.9452,
              -20.6314
            ],
            [
              -44.9412,
              -20.633
            ],
            [
              -44.9373,
              -20.6336
            ],
            [
              -44.9339,
              -20.6352
            ],
            [
              -44.9296,
              -20.6375
            ],
            [
              -44.9284,
              -20.6375
            ],
            [
              -44.9258,
              -20.6355
            ],
            [
              -44.9242,
              -20.6348
            ],
            [
              -44.9203,
              -20.6348
            ],
            [
              -44.9168,
              -20.6368
            ],
            [
              -44.9145,
              -20.6361
            ],
            [
              -44.9141,
              -20.6354
            ],
            [
              -44.9144,
              -20.6309
            ],
            [
              -44.9133,
              -20.6294
            ],
            [
              -44.9087,
              -20.6269
            ],
            [
              -44.9058,
              -20.6257
            ],
            [
              -44.903,
              -20.6257
            ],
            [
              -44.9021,
              -20.6271
            ],
            [
              -44.902,
              -20.6293
            ],
            [
              -44.9005,
              -20.632
            ],
            [
              -44.899,
              -20.6329
            ],
            [
              -44.8959,
              -20.6335
            ],
            [
              -44.8931,
              -20.6362
            ],
            [
              -44.893,
              -20.6384
            ],
            [
              -44.8948,
              -20.6421
            ],
            [
              -44.8933,
              -20.6442
            ],
            [
              -44.8923,
              -20.6473
            ],
            [
              -44.8925,
              -20.6496
            ],
            [
              -44.8909,
              -20.6502
            ],
            [
              -44.8853,
              -20.6511
            ],
            [
              -44.884,
              -20.6496
            ],
            [
              -44.8801,
              -20.649
            ],
            [
              -44.8774,
              -20.6494
            ],
            [
              -44.8763,
              -20.6484
            ],
            [
              -44.8735,
              -20.6491
            ],
            [
              -44.8715,
              -20.649
            ],
            [
              -44.868,
              -20.6483
            ],
            [
              -44.8646,
              -20.6494
            ],
            [
              -44.8634,
              -20.6483
            ],
            [
              -44.8616,
              -20.6476
            ],
            [
              -44.8589,
              -20.6434
            ],
            [
              -44.8592,
              -20.6419
            ],
            [
              -44.8614,
              -20.6408
            ],
            [
              -44.8643,
              -20.6385
            ],
            [
              -44.8649,
              -20.6368
            ],
            [
              -44.8626,
              -20.6314
            ],
            [
              -44.8618,
              -20.6281
            ],
            [
              -44.8616,
              -20.626
            ],
            [
              -44.8599,
              -20.6245
            ],
            [
              -44.8582,
              -20.6239
            ],
            [
              -44.8532,
              -20.6236
            ],
            [
              -44.8502,
              -20.6251
            ],
            [
              -44.8482,
              -20.6282
            ],
            [
              -44.8454,
              -20.6315
            ],
            [
              -44.8429,
              -20.6329
            ],
            [
              -44.8416,
              -20.6324
            ],
            [
              -44.839,
              -20.6297
            ],
            [
              -44.8383,
              -20.6299
            ],
            [
              -44.8362,
              -20.6338
            ],
            [
              -44.8362,
              -20.6384
            ],
            [
              -44.8343,
              -20.639
            ],
            [
              -44.8331,
              -20.6375
            ],
            [
              -44.8301,
              -20.6349
            ],
            [
              -44.8281,
              -20.6343
            ],
            [
              -44.8261,
              -20.6355
            ],
            [
              -44.8241,
              -20.6388
            ],
            [
              -44.8227,
              -20.6397
            ],
            [
              -44.8195,
              -20.6395
            ],
            [
              -44.8181,
              -20.6385
            ],
            [
              -44.8155,
              -20.6377
            ],
            [
              -44.8119,
              -20.6374
            ],
            [
              -44.8115,
              -20.6366
            ],
            [
              -44.8148,
              -20.6328
            ],
            [
              -44.8156,
              -20.6297
            ],
            [
              -44.8154,
              -20.6285
            ],
            [
              -44.8165,
              -20.6263
            ],
            [
              -44.8167,
              -20.6217
            ],
            [
              -44.8175,
              -20.6204
            ],
            [
              -44.816,
              -20.6193
            ],
            [
              -44.8146,
              -20.6193
            ],
            [
              -44.8115,
              -20.62
            ],
            [
              -44.8094,
              -20.6236
            ],
            [
              -44.8063,
              -20.6232
            ],
            [
              -44.8049,
              -20.6225
            ],
            [
              -44.8046,
              -20.6214
            ],
            [
              -44.8018,
              -20.6205
            ],
            [
              -44.8,
              -20.6188
            ],
            [
              -44.8006,
              -20.6166
            ],
            [
              -44.7989,
              -20.6171
            ],
            [
              -44.7983,
              -20.6128
            ],
            [
              -44.7997,
              -20.6097
            ],
            [
              -44.7977,
              -20.6095
            ],
            [
              -44.7954,
              -20.6076
            ],
            [
              -44.7907,
              -20.6048
            ],
            [
              -44.7876,
              -20.6048
            ],
            [
              -44.7846,
              -20.6059
            ],
            [
              -44.7792,
              -20.6085
            ],
            [
              -44.7764,
              -20.609
            ],
            [
              -44.7728,
              -20.6087
            ],
            [
              -44.7687,
              -20.6101
            ],
            [
              -44.7659,
              -20.6116
            ],
            [
              -44.7653,
              -20.6125
            ],
            [
              -44.7622,
              -20.6142
            ],
            [
              -44.7598,
              -20.6145
            ],
            [
              -44.7573,
              -20.6125
            ],
            [
              -44.7549,
              -20.6118
            ],
            [
              -44.7524,
              -20.6094
            ],
            [
              -44.7536,
              -20.6072
            ],
            [
              -44.7552,
              -20.6054
            ],
            [
              -44.7547,
              -20.6024
            ],
            [
              -44.7548,
              -20.6007
            ],
            [
              -44.7592,
              -20.6
            ],
            [
              -44.7601,
              -20.5997
            ],
            [
              -44.7611,
              -20.596
            ],
            [
              -44.7668,
              -20.5958
            ],
            [
              -44.769,
              -20.5944
            ],
            [
              -44.7681,
              -20.5922
            ],
            [
              -44.7657,
              -20.5901
            ],
            [
              -44.7653,
              -20.5886
            ],
            [
              -44.7678,
              -20.5871
            ],
            [
              -44.7659,
              -20.5834
            ],
            [
              -44.7658,
              -20.5822
            ],
            [
              -44.767,
              -20.5813
            ],
            [
              -44.7697,
              -20.5807
            ],
            [
              -44.7681,
              -20.5784
            ],
            [
              -44.767,
              -20.5758
            ],
            [
              -44.7676,
              -20.5744
            ],
            [
              -44.7704,
              -20.5722
            ],
            [
              -44.7704,
              -20.5699
            ],
            [
              -44.7707,
              -20.5665
            ],
            [
              -44.772,
              -20.5642
            ],
            [
              -44.7718,
              -20.5631
            ],
            [
              -44.7702,
              -20.5629
            ],
            [
              -44.7686,
              -20.5635
            ],
            [
              -44.7664,
              -20.5615
            ],
            [
              -44.7679,
              -20.5592
            ],
            [
              -44.7684,
              -20.5575
            ],
            [
              -44.7686,
              -20.554
            ],
            [
              -44.7697,
              -20.5531
            ],
            [
              -44.7724,
              -20.5524
            ],
            [
              -44.7738,
              -20.5514
            ],
            [
              -44.7735,
              -20.5483
            ],
            [
              -44.7743,
              -20.547
            ],
            [
              -44.7768,
              -20.5449
            ],
            [
              -44.778,
              -20.5431
            ],
            [
              -44.778,
              -20.5414
            ],
            [
              -44.7764,
              -20.5394
            ]
          ]
        ]
      },
      "properties": {
        "codarea": "3114006",
        "nome_municipio": "Carmo da Mata",
        "codigo_ibge": 3114006
      }
    },
    {
      "type": "Feature",
      "geometry": {
        "type": "Polygon",
        "coordinates": [
          [
            [
              -44.466,
              -21.231
            ],
            [
              -44.4645,
              -21.2309
            ],
            [
              -44.4638,
              -21.2299
            ],
            [
              -44.4641,
              -21.2273
            ],
            [
              -44.4639,
              -21.2249
            ],
            [
              -44.4623,
              -21.2219
            ],
            [
              -44.462,
              -21.2175
            ],
            [
              -44.4613,
              -21.2145
            ],
            [
              -44.4622,
              -21.2114
            ],
            [
              -44.4622,
              -21.2095
            ],
            [
              -44.4616,
              -21.2056
            ],
            [
              -44.4607,
              -21.2038
            ],
            [
              -44.4579,
              -21.202
            ],
            [
              -44.4566,
              -21.2018
            ],
            [
              -44.4557,
              -21.2008
            ],
            [
              -44.4535,
              -21.2008
            ],
            [
              -44.4502,
              -21.1999
            ],
            [
              -44.4466,
              -21.2004
            ],
            [
              -44.4449,
              -21.1988
            ],
            [
              -44.4427,
              -21.1977
            ],
            [
              -44.4417,
              -21.1958
            ],
            [
              -44.44,
              -21.1956
            ],
            [
              -44.4399,
              -21.1938
            ],
            [
              -44.4389,
              -21.191
            ],
            [
              -44.4373,
              -21.1909
            ],
            [
              -44.4362,
              -21.1874
            ],
            [
              -44.4368,
              -21.1861
            ],
            [
              -44.4345,
              -21.1829
            ],
            [
              -44.4328,
              -21.1841
            ],
            [
              -44.4322,
              -21.1822
            ],
            [
              -44.4309,
              -21.1811
            ],
            [
              -44.4291,
              -21.1812
            ],
            [
              -44.4254,
              -21.1783
            ],
            [
              -44.426,
              -21.1759
            ],
            [
              -44.4244,
              -21.1751
            ],
            [
              -44.4243,
              -21.1717
            ],
            [
              -44.4228,
              -21.1672
            ],
            [
              -44.4235,
              -21.1659
            ],
            [
              -44.4227,
              -21.1634
            ],
            [
              -44.4235,
              -21.1624
            ],
            [
              -44.4236,
              -21.1595
            ],
            [
              -44.424,
              -21.1575
            ],
            [
              -44.4261,
              -21.156
            ],
            [
              -44.4261,
              -21.1547
            ],
            [
              -44.4236,
              -21.1514
            ],
            [
              -44.4224,
              -21.1492
            ],
            [
              -44.42,
              -21.1477
            ],
            [
              -44.4189,
              -21.1448
            ],
            [
              -44.4176,
              -21.1439
            ],
            [
              -44.4158,
              -21.1453
            ],
            [
              -44.4137,
              -21.1454
            ],
            [
              -44.4118,
              -21.1442
            ],
            [
              -44.41,
              -21.1452
            ],
            [
              -44.4076,
              -21.1456
            ],
            [
              -44.4059,
              -21.1464
            ],
            [
              -44.4044,
              -21.1446
            ],
            [
              -44.4031,
              -21.1466
            ],
            [
              -44.4016,
              -21.1467
            ],
            [
              -44.4006,
              -21.1456
            ],
            [
              -44.3992,
              -21.1459
            ],
            [
              -44.3973,
              -21.1473
            ],
            [
              -44.3972,
              -21.1484
            ],
            [
              -44.3993,
              -21.1493
            ],
            [
              -44.3991,
              -21.1512
            ],
            [
              -44.4003,
              -21.1526
            ],
            [
              -44.4003,
              -21.1539
            ],
            [
              -44.3975,
              -21.1538
            ],
            [
              -44.3943,
              -21.1533
            ],
            [
              -44.3939,
              -21.1527
            ],
            [
              -44.3943,
              -21.1502
            ],
            [
              -44.3956,
              -21.148
            ],
            [
              -44.3957,
              -21.145
            ],
            [
              -44.3943,
              -21.143
            ],
            [
              -44.3917,
              -21.1413
            ],
            [
              -44.3923,
              -21.1392
            ],
            [
              -44.3917,
              -21.1377
            ],
            [
              -44.3898,
              -21.1371
            ],
            [
              -44.3885,
              -21.1362
            ],
            [
              -44.388,
              -21.1343
            ],
            [
              -44.3898,
              -21.1329
            ],
            [
              -44.3918,
              -21.1324
            ],
            [
              -44.3949,
              -21.1325
            ],
            [
              -44.3996,
              -21.132
            ],
            [
              -44.4024,
              -21.1311
            ],
            [
              -44.4049,
              -21.1307
            ],
            [
              -44.4067,
              -21.131
            ],
            [
              -44.4084,
              -21.1294
            ],
            [
              -44.4085,
              -21.1248
            ],
            [
              -44.4091,
              -21.123
            ],
            [
              -44.4106,
              -21.1218
            ],
            [
              -44.4128,
              -21.1209
            ],
            [
              -44.415,
              -21.1216
            ],
            [
              -44.4167,
              -21.1204
            ],
            [
              -44.4178,
              -21.1183
            ],
            [
              -44.4172,
              -21.1159
            ],
            [
              -44.4176,
              -21.1139
            ],
            [
              -44.4201,
              -21.1116
            ],
            [
              -44.4207,
              -21.1101
            ],
            [
              -44.4191,
              -21.1074
            ],
            [
              -44.4187,
              -21.1044
            ],
            [
              -44.4194,
              -21.1025
            ],
            [
              -44.4203,
              -21.1015
            ],
            [
              -44.4238,
              -21.0988
            ],
            [
              -44.4285,
              -21.0966
            ],
            [
              -44.4276,
              -21.0955
            ],
            [
              -44.4272,
              -21.0926
            ],
            [
              -44.4244,
              -21.0922
            ],
            [
              -44.4239,
              -21.0911
            ],
            [
              -44.426,
              -21.0889
            ],
            [
              -44.4257,
              -21.0875
            ],
            [
              -44.4206,
              -21.0886
            ],
            [
              -44.417,
              -21.0916
            ],
            [
              -44.4154,
              -21.0925
            ],
            [
              -44.4151,
              -21.0937
            ],
            [
              -44.4169,
              -21.0944
            ],
            [
              -44.4173,
              -21.0961
            ],
            [
              -44.414,
              -21.0966
            ],
            [
              -44.4116,
              -21.0976
            ],
            [
              -44.4106,
              -21.0972
            ],
            [
              -44.4105,
              -21.0925
            ],
            [
              -44.4094,
              -21.0897
            ],
            [
              -44.4108,
              -21.0889
            ],
            [
              -44.4131,
              -21.0904
            ],
            [
              -44.4149,
              -21.0902
            ],
            [
              -44.4167,
              -21.0875
            ],
            [
              -44.4205,
              -21.0839
            ],
            [
              -44.4206,
              -21.0824
            ],
            [
              -44.4199,
              -21.0802
            ],
            [
              -44.42,
              -21.0778
            ],
            [
              -44.4192,
              -21.0755
            ],
            [
              -44.4201,
              -21.0742
            ],
            [
              -44.4205,
              -21.0725
            ],
            [
              -44.4213,
              -21.0716
            ],
            [
              -44.4252,
              -21.0711
            ],
            [
              -44.4277,
              -21.07
            ],
            [
              -44.4292,
              -21.0681
            ],
            [
              -44.4321,
              -21.0653
            ],
            [
              -44.4325,
              -21.0632
            ],
            [
              -44.4319,
              -21.0619
            ],
            [
              -44.4291,
              -21.0589
            ],
            [
              -44.4287,
              -21.0565
            ],
            [
              -44.4277,
              -21.054
            ],
            [
              -44.4277,
              -21.0508
            ],
            [
              -44.4285,
              -21.0498
            ],
            [
              -44.4302,
              -21.0509
            ],
            [
              -44.4328,
              -21.0504
            ],
            [
              -44.4351,
              -21.0507
            ],
            [
              -44.4388,
              -21.0506
            ],
            [
              -44.4402,
              -21.051
            ],
            [
              -44.4487,
              -21.0516
            ],
            [
              -44.4503,
              -21.0512
            ],
            [
              -44.4521,
              -21.0497
            ],
            [
              -44.4526,
              -21.0487
            ],
            [
              -44.4522,
              -21.0463
            ],
            [
              -44.4521,
              -21.0425
            ],
            [
              -44.4532,
              -21.0407
            ],
            [
              -44.4572,
              -21.0397
            ],
            [
              -44.4604,
              -21.0398
            ],
            [
              -44.4612,
              -21.0403
            ],
            [
              -44.4617,
              -21.0434
            ],
            [
              -44.4615,
              -21.0459
            ],
            [
              -44.4633,
              -21.047
            ],
            [
              -44.4644,
              -21.049
            ],
            [
              -44.4659,
              -21.0496
            ],
            [
              -44.4681,
              -21.0493
            ],
            [
              -44.4727,
              -21.048
            ],
            [
              -44.4743,
              -21.045
            ],
            [
              -44.475,
              -21.0443
            ],
            [
              -44.4784,
              -21.0434
            ],
            [
              -44.4824,
              -21.0437
            ],
            [
              -44.4815,
              -21.0479
            ],
            [
              -44.4796,
              -21.0507
            ],
            [
              -44.4804,
              -21.0528
            ],
            [
              -44.48,
              -21.0563
            ],
            [
              -44.4803,
              -21.0576
            ],
            [
              -44.4814,
              -21.0578
            ],
            [
              -44.4835,
              -21.0565
            ],
            [
              -44.4845,
              -21.0549
            ],
            [
              -44.4855,
              -21.0549
            ],
            [
              -44.4884,
              -21.0558
            ],
            [
              -44.4904,
              -21.0548
            ],
            [
              -44.4973,
              -21.0573
            ],
            [
              -44.4987,
              -21.0599
            ],
            [
              -44.5018,
              -21.0613
            ],
            [
              -44.5004,
              -21.0638
            ],
            [
              -44.5004,
              -21.0647
            ],
            [
              -44.5018,
              -21.0662
            ],
            [
              -44.5062,
              -21.0673
            ],
            [
              -44.5068,
              -21.0686
            ],
            [
              -44.5087,
              -21.0696
            ],
            [
              -44.5095,
              -21.0715
            ],
            [
              -44.5091,
              -21.0733
            ],
            [
              -44.5099,
              -21.074
            ],
            [
              -44.5096,
              -21.0759
            ],
            [
              -44.5087,
              -21.0777
            ],
            [
              -44.5086,
              -21.0791
            ],
            [
              -44.5093,
              -21.08
            ],
            [
              -44.5118,
              -21.0792
            ],
            [
              -44.5125,
              -21.0804
            ],
            [
              -44.5151,
              -21.0812
            ],
            [
              -44.5175,
              -21.0796
            ],
            [
              -44.5199,
              -21.0797
            ],
            [
              -44.521,
              -21.0775
            ],
            [
              -44.5227,
              -21.0771
            ],
            [
              -44.5249,
              -21.0785
            ],
            [
              -44.5267,
              -21.0778
            ],
            [
              -44.5298,
              -21.0777
            ],
            [
              -44.5314,
              -21.0783
            ],
            [
              -44.5328,
              -21.0777
            ],
            [
              -44.5343,
              -21.0781
            ],
            [
              -44.5365,
              -21.0811
            ],
            [
              -44.5349,
              -21.0838
            ],
            [
              -44.5347,
              -21.0857
            ],
            [
              -44.5355,
              -21.0867
            ],
            [
              -44.5376,
              -21.0871
            ],
            [
              -44.5411,
              -21.0847
            ],
            [
              -44.5424,
              -21.0849
            ],
            [
              -44.5477,
              -21.0875
            ],
            [
              -44.5491,
              -21.0895
            ],
            [
              -44.5494,
              -21.0913
            ],
            [
              -44.5489,
              -21.0922
            ],
            [
              -44.5472,
              -21.0927
            ],
            [
              -44.544,
              -21.0946
            ],
            [
              -44.5447,
              -21.0961
            ],
            [
              -44.5482,
              -21.0974
            ],
            [
              -44.5517,
              -21.0991
            ],
            [
              -44.5532,
              -21.0991
            ],
            [
              -44.5562,
              -21.0978
            ],
            [
              -44.5576,
              -21.0935
            ],
            [
              -44.5596,
              -21.0924
            ],
            [
              -44.5612,
              -21.0922
            ],
            [
              -44.5643,
              -21.0927
            ],
            [
              -44.565,
              -21.0943
            ],
            [
              -44.5648,
              -21.0965
            ],
            [
              -44.5658,
              -21.0979
            ],
            [
              -44.5699,
              -21.0982
            ],
            [
              -44.5732,
              -21.0978
            ],
            [
              -44.5744,
              -21.0982
            ],
            [
              -44.5788,
              -21.1018
            ],
            [
              -44.5805,
              -21.1028
            ],
            [
              -44.5784,
              -21.1031
            ],
            [
              -44.5768,
              -21.1045
            ],
            [
              -44.5775,
              -21.1076
            ],
            [
              -44.5765,
              -21.1089
            ],
            [
              -44.5765,
              -21.1105
            ],
            [
              -44.5774,
              -21.111
            ],
            [
              -44.5779,
              -21.1137
            ],
            [
              -44.5764,
              -21.1165
            ],
            [
              -44.576,
              -21.1179
            ],
            [
              -44.5767,
              -21.1199
            ],
            [
              -44.5759,
              -21.1223
            ],
            [
              -44.5747,
              -21.1226
            ],
            [
              -44.5711,
              -21.126
            ],
            [
              -44.5705,
              -21.1287
            ],
            [
              -44.5707,
              -21.1303
            ],
            [
              -44.5684,
              -21.131
            ],
            [
              -44.5671,
              -21.1306
            ],
            [
              -44.5646,
              -21.1328
            ],
            [
              -44.5629,
              -21.1324
            ],
            [
              -44.563,
              -21.1341
            ],
            [
              -44.5617,
              -21.1341
            ],
            [
              -44.5578,
              -21.1381
            ],
            [
              -44.5586,
              -21.1414
            ],
            [
              -44.561,
              -21.1422
            ],
            [
              -44.5616,
              -21.1444
            ],
            [
              -44.5613,
              -21.1471
            ],
            [
              -44.5638,
              -21.1473
            ],
            [
              -44.5647,
              -21.1497
            ],
            [
              -44.5645,
              -21.1538
            ],
            [
              -44.5651,
              -21.1549
            ],
            [
              -44.5669,
              -21.1553
            ],
            [
              -44.5674,
              -21.1561
            ],
            [
              -44.5671,
              -21.1603
            ],
            [
              -44.5652,
              -21.1615
            ],
            [
              -44.5653,
              -21.1627
            ],
            [
              -44.5671,
              -21.1632
            ],
            [
              -44.5667,
              -21.1706
            ],
            [
              -44.5671,
              -21.1737
            ],
            [
              -44.5682,
              -21.1741
            ],
            [
              -44.5678,
              -21.1759
            ],
            [
              -44.5651,
              -21.1785
            ],
            [
              -44.5649,
              -21.1795
            ],
            [
              -44.5672,
              -21.1813
            ],
            [
              -44.5689,
              -21.1815
            ],
            [
              -44.569,
              -21.1833
            ],
            [
              -44.568,
              -21.1853
            ],
            [
              -44.569,
              -21.1856
            ],
            [
              -44.569,
              -21.1869
            ],
            [
              -44.5672,
              -21.189
            ],
            [
              -44.5671,
              -21.1905
            ],
            [
              -44.5683,
              -21.1909
            ],
            [
              -44.5676,
              -21.1929
            ],
            [
              -44.5681,
              -21.1937
            ],
            [
              -44.5682,
              -21.1958
            ],
            [
              -44.5699,
              -21.1956
            ],
            [
              -44.5705,
              -21.1973
            ],
            [
              -44.5714,
              -21.1976
            ],
            [
              -44.5708,
              -21.1994
            ],
            [
              -44.5687,
              -21.2002
            ],
            [
              -44.5685,
              -21.202
            ],
            [
              -44.57,
              -21.2046
            ],
            [
              -44.5718,
              -21.2069
            ],
            [
              -44.5701,
              -21.2075
            ],
            [
              -44.5697,
              -21.2094
            ],
            [
              -44.5668,
              -21.2111
            ],
            [
              -44.5628,
              -21.2147
            ],
            [
              -44.5602,
              -21.2156
            ],
            [
              -44.559,
              -21.2184
            ],
            [
              -44.5571,
              -21.22
            ],
            [
              -44.5555,
              -21.2229
            ],
            [
              -44.5542,
              -21.2236
            ],
            [
              -44.5545,
              -21.2255
            ],
            [
              -44.5543,
              -21.2288
            ],
            [
              -44.5527,
              -21.2322
            ],
            [
              -44.5531,
              -21.2346
            ],
            [
              -44.5523,
              -21.2371
            ],
            [
              -44.5511,
              -21.239
            ],
            [
              -44.5513,
              -21.2403
            ],
            [
              -44.553,
              -21.2436
            ],
            [
              -44.553,
              -21.2455
            ],
            [
              -44.552,
              -21.2468
            ],
            [
              -44.5511,
              -21.2497
            ],
            [
              -44.5507,
              -21.2526
            ],
            [
              -44.5512,
              -21.2556
            ],
            [
              -44.549,
              -21.2547
            ],
            [
              -44.5465,
              -21.2518
            ],
            [
              -44.5445,
              -21.2515
            ],
            [
              -44.5415,
              -21.2496
            ],
            [
              -44.5399,
              -21.2479
            ],
            [
              -44.5397,
              -21.2462
            ],
            [
              -44.5403,
              -21.2447
            ],
            [
              -44.5375,
              -21.2432
            ],
            [
              -44.5367,
              -21.2412
            ],
            [
              -44.5289,
              -21.241
            ],
            [
              -44.5267,
              -21.2397
            ],
            [
              -44.5239,
              -21.2386
            ],
            [
              -44.5228,
              -21.2367
            ],
            [
              -44.523,
              -21.2334
            ],
            [
              -44.5203,
              -21.2347
            ],
            [
              -44.5165,
              -21.236
            ],
            [
              -44.515,
              -21.2371
            ],
            [
              -44.5142,
              -21.2402
            ],
            [
              -44.5128,
              -21.2414
            ],
            [
              -44.5112,
              -21.2435
            ],
            [
              -44.5094,
              -21.2445
            ],
            [
              -44.5072,
              -21.244
            ],
            [
              -44.5039,
              -21.242
            ],
            [
              -44.5003,
              -21.242
            ],
            [
              -44.499,
              -21.2409
            ],
            [
              -44.4979,
              -21.2385
            ],
            [
              -44.4969,
              -21.2382
            ],
            [
              -44.4941,
              -21.236
            ],
            [
              -44.4932,
              -21.2364
            ],
            [
              -44.4906,
              -21.2386
            ],
            [
              -44.4888,
              -21.2394
            ],
            [
              -44.4861,
              -21.2383
            ],
            [
              -44.4806,
              -21.2333
            ],
            [
              -44.4776,
              -21.2321
            ],
            [
              -44.4753,
              -21.2317
            ],
            [
              -44.472,
              -21.2299
            ],
            [
              -44.4695,
              -21.2294
            ],
            [
              -44.466,
              -21.231
            ]
          ]
        ]
      },
      "properties": {
        "codarea": "3115201",
        "nome_municipio": "Conceição da Barra de Minas",
        "codigo_ibge": 3115201
      }
    },
    {
      "type": "Feature",
      "geometry": {
        "type": "Polygon",
        "coordinates": [
          [
            [
              -44.8634,
              -21.1667
            ],
            [
              -44.8613,
              -21.1676
            ],
            [
              -44.859,
              -21.1694
            ],
            [
              -44.8576,
              -21.1699
            ],
            [
              -44.8546,
              -21.172
            ],
            [
              -44.8522,
              -21.1733
            ],
            [
              -44.8493,
              -21.1744
            ],
            [
              -44.8468,
              -21.1743
            ],
            [
              -44.844,
              -21.1728
            ],
            [
              -44.8428,
              -21.1717
            ],
            [
              -44.8415,
              -21.1716
            ],
            [
              -44.8411,
              -21.1738
            ],
            [
              -44.8426,
              -21.1784
            ],
            [
              -44.8481,
              -21.1889
            ],
            [
              -44.8489,
              -21.1914
            ],
            [
              -44.8488,
              -21.1927
            ],
            [
              -44.8478,
              -21.194
            ],
            [
              -44.8431,
              -21.1972
            ],
            [
              -44.8392,
              -21.1993
            ],
            [
              -44.8357,
              -21.2036
            ],
            [
              -44.8337,
              -21.2028
            ],
            [
              -44.8291,
              -21.2028
            ],
            [
              -44.8267,
              -21.2035
            ],
            [
              -44.8234,
              -21.2058
            ],
            [
              -44.8209,
              -21.2082
            ],
            [
              -44.8188,
              -21.2119
            ],
            [
              -44.8176,
              -21.2133
            ],
            [
              -44.8141,
              -21.2133
            ],
            [
              -44.8122,
              -21.2127
            ],
            [
              -44.8104,
              -21.2117
            ],
            [
              -44.809,
              -21.2115
            ],
            [
              -44.8076,
              -21.2129
            ],
            [
              -44.8074,
              -21.2149
            ],
            [
              -44.8096,
              -21.2183
            ],
            [
              -44.8102,
              -21.2196
            ],
            [
              -44.8096,
              -21.2211
            ],
            [
              -44.807,
              -21.2223
            ],
            [
              -44.8037,
              -21.2228
            ],
            [
              -44.8004,
              -21.221
            ],
            [
              -44.7972,
              -21.2202
            ],
            [
              -44.7912,
              -21.2223
            ],
            [
              -44.7907,
              -21.2217
            ],
            [
              -44.7908,
              -21.2159
            ],
            [
              -44.79,
              -21.2124
            ],
            [
              -44.7882,
              -21.2106
            ],
            [
              -44.7825,
              -21.2098
            ],
            [
              -44.7808,
              -21.2091
            ],
            [
              -44.7767,
              -21.2088
            ],
            [
              -44.7747,
              -21.2094
            ],
            [
              -44.7731,
              -21.2113
            ],
            [
              -44.7719,
              -21.2145
            ],
            [
              -44.7706,
              -21.2158
            ],
            [
              -44.7659,
              -21.2178
            ],
            [
              -44.765,
              -21.2199
            ],
            [
              -44.7654,
              -21.2229
            ],
            [
              -44.764,
              -21.2262
            ],
            [
              -44.7634,
              -21.229
            ],
            [
              -44.7654,
              -21.2313
            ],
            [
              -44.7655,
              -21.2326
            ],
            [
              -44.7645,
              -21.234
            ],
            [
              -44.7596,
              -21.2348
            ],
            [
              -44.758,
              -21.2357
            ],
            [
              -44.7562,
              -21.2359
            ],
            [
              -44.7523,
              -21.2347
            ],
            [
              -44.7474,
              -21.2339
            ],
            [
              -44.7439,
              -21.2306
            ],
            [
              -44.7444,
              -21.2294
            ],
            [
              -44.7472,
              -21.227
            ],
            [
              -44.7475,
              -21.2258
            ],
            [
              -44.7472,
              -21.2225
            ],
            [
              -44.7466,
              -21.2213
            ],
            [
              -44.7441,
              -21.2205
            ],
            [
              -44.7408,
              -21.217
            ],
            [
              -44.7406,
              -21.2152
            ],
            [
              -44.7409,
              -21.2128
            ],
            [
              -44.7391,
              -21.211
            ],
            [
              -44.7379,
              -21.2068
            ],
            [
              -44.7383,
              -21.2043
            ],
            [
              -44.7367,
              -21.2035
            ],
            [
              -44.7357,
              -21.2038
            ],
            [
              -44.734,
              -21.2058
            ],
            [
              -44.734,
              -21.208
            ],
            [
              -44.7329,
              -21.2116
            ],
            [
              -44.7308,
              -21.212
            ],
            [
              -44.7272,
              -21.211
            ],
            [
              -44.7242,
              -21.2108
            ],
            [
              -44.723,
              -21.2094
            ],
            [
              -44.7224,
              -21.2067
            ],
            [
              -44.7195,
              -21.2048
            ],
            [
              -44.718,
              -21.2014
            ],
            [
              -44.7166,
              -21.1998
            ],
            [
              -44.7135,
              -21.1983
            ],
            [
              -44.7108,
              -21.1981
            ],
            [
              -44.7084,
              -21.1975
            ],
            [
              -44.7073,
              -21.1956
            ],
            [
              -44.7077,
              -21.1918
            ],
            [
              -44.7082,
              -21.19
            ],
            [
              -44.7084,
              -21.1867
            ],
            [
              -44.7107,
              -21.1843
            ],
            [
              -44.7107,
              -21.1832
            ],
            [
              -44.709,
              -21.1815
            ],
            [
              -44.7086,
              -21.1787
            ],
            [
              -44.7052,
              -21.1757
            ],
            [
              -44.7031,
              -21.172
            ],
            [
              -44.7013,
              -21.1705
            ],
            [
              -44.7013,
              -21.1691
            ],
            [
              -44.7029,
              -21.1651
            ],
            [
              -44.7055,
              -21.1625
            ],
            [
              -44.7082,
              -21.1606
            ],
            [
              -44.7096,
              -21.1589
            ],
            [
              -44.7101,
              -21.1572
            ],
            [
              -44.7102,
              -21.1527
            ],
            [
              -44.7112,
              -21.1501
            ],
            [
              -44.7141,
              -21.1456
            ],
            [
              -44.7139,
              -21.1426
            ],
            [
              -44.7134,
              -21.1414
            ],
            [
              -44.7108,
              -21.1375
            ],
            [
              -44.7108,
              -21.1369
            ],
            [
              -44.7144,
              -21.1357
            ],
            [
              -44.7161,
              -21.1349
            ],
            [
              -44.7186,
              -21.1324
            ],
            [
              -44.7199,
              -21.1319
            ],
            [
              -44.7239,
              -21.1316
            ],
            [
              -44.7255,
              -21.1302
            ],
            [
              -44.7283,
              -21.1297
            ],
            [
              -44.729,
              -21.1309
            ],
            [
              -44.7277,
              -21.1324
            ],
            [
              -44.7252,
              -21.1341
            ],
            [
              -44.7251,
              -21.1351
            ],
            [
              -44.726,
              -21.136
            ],
            [
              -44.7291,
              -21.1368
            ],
            [
              -44.7317,
              -21.1378
            ],
            [
              -44.7347,
              -21.1408
            ],
            [
              -44.7364,
              -21.142
            ],
            [
              -44.7393,
              -21.1422
            ],
            [
              -44.7426,
              -21.1389
            ],
            [
              -44.7422,
              -21.1373
            ],
            [
              -44.7402,
              -21.1358
            ],
            [
              -44.7398,
              -21.1343
            ],
            [
              -44.7408,
              -21.1321
            ],
            [
              -44.7433,
              -21.1302
            ],
            [
              -44.7462,
              -21.1264
            ],
            [
              -44.7444,
              -21.1197
            ],
            [
              -44.7444,
              -21.1174
            ],
            [
              -44.7461,
              -21.1165
            ],
            [
              -44.747,
              -21.1177
            ],
            [
              -44.749,
              -21.1174
            ],
            [
              -44.7509,
              -21.116
            ],
            [
              -44.7548,
              -21.1158
            ],
            [
              -44.7567,
              -21.1141
            ],
            [
              -44.7577,
              -21.1097
            ],
            [
              -44.759,
              -21.1069
            ],
            [
              -44.7608,
              -21.1057
            ],
            [
              -44.7632,
              -21.1056
            ],
            [
              -44.7641,
              -21.1073
            ],
            [
              -44.7638,
              -21.1112
            ],
            [
              -44.7654,
              -21.1132
            ],
            [
              -44.7727,
              -21.1172
            ],
            [
              -44.7746,
              -21.1176
            ],
            [
              -44.7759,
              -21.1172
            ],
            [
              -44.7772,
              -21.1156
            ],
            [
              -44.7799,
              -21.1098
            ],
            [
              -44.781,
              -21.1092
            ],
            [
              -44.7824,
              -21.1115
            ],
            [
              -44.7857,
              -21.1132
            ],
            [
              -44.7876,
              -21.1132
            ],
            [
              -44.7921,
              -21.1112
            ],
            [
              -44.793,
              -21.1084
            ],
            [
              -44.7927,
              -21.1057
            ],
            [
              -44.795,
              -21.1048
            ],
            [
              -44.7983,
              -21.1074
            ],
            [
              -44.8014,
              -21.1128
            ],
            [
              -44.8009,
              -21.1148
            ],
            [
              -44.7951,
              -21.1177
            ],
            [
              -44.7944,
              -21.12
            ],
            [
              -44.7956,
              -21.1215
            ],
            [
              -44.7967,
              -21.1214
            ],
            [
              -44.7982,
              -21.1198
            ],
            [
              -44.8011,
              -21.1193
            ],
            [
              -44.8033,
              -21.1211
            ],
            [
              -44.8058,
              -21.1213
            ],
            [
              -44.8082,
              -21.1205
            ],
            [
              -44.812,
              -21.1202
            ],
            [
              -44.8147,
              -21.1203
            ],
            [
              -44.8176,
              -21.1211
            ],
            [
              -44.8199,
              -21.1206
            ],
            [
              -44.8218,
              -21.1207
            ],
            [
              -44.8254,
              -21.1216
            ],
            [
              -44.8278,
              -21.1227
            ],
            [
              -44.8307,
              -21.1235
            ],
            [
              -44.8313,
              -21.1245
            ],
            [
              -44.8315,
              -21.1276
            ],
            [
              -44.8323,
              -21.1287
            ],
            [
              -44.834,
              -21.1294
            ],
            [
              -44.8376,
              -21.1321
            ],
            [
              -44.8392,
              -21.1351
            ],
            [
              -44.8396,
              -21.1367
            ],
            [
              -44.8413,
              -21.1376
            ],
            [
              -44.8451,
              -21.1363
            ],
            [
              -44.8483,
              -21.1364
            ],
            [
              -44.8553,
              -21.1357
            ],
            [
              -44.8574,
              -21.1348
            ],
            [
              -44.8596,
              -21.1344
            ],
            [
              -44.8617,
              -21.133
            ],
            [
              -44.8622,
              -21.1322
            ],
            [
              -44.8648,
              -21.1315
            ],
            [
              -44.8685,
              -21.1339
            ],
            [
              -44.8717,
              -21.1349
            ],
            [
              -44.8727,
              -21.1366
            ],
            [
              -44.8728,
              -21.1386
            ],
            [
              -44.8719,
              -21.141
            ],
            [
              -44.872,
              -21.1433
            ],
            [
              -44.8727,
              -21.1443
            ],
            [
              -44.8757,
              -21.1459
            ],
            [
              -44.8786,
              -21.1497
            ],
            [
              -44.88,
              -21.1525
            ],
            [
              -44.8794,
              -21.1544
            ],
            [
              -44.8779,
              -21.1555
            ],
            [
              -44.8779,
              -21.1543
            ],
            [
              -44.8748,
              -21.1545
            ],
            [
              -44.8712,
              -21.1558
            ],
            [
              -44.8689,
              -21.1575
            ],
            [
              -44.8669,
              -21.1586
            ],
            [
              -44.8653,
              -21.1585
            ],
            [
              -44.8633,
              -21.1561
            ],
            [
              -44.8618,
              -21.1562
            ],
            [
              -44.8617,
              -21.1574
            ],
            [
              -44.8637,
              -21.1604
            ],
            [
              -44.8643,
              -21.1622
            ],
            [
              -44.8634,
              -21.1667
            ]
          ]
        ]
      },
      "properties": {
        "codarea": "3130002",
        "nome_municipio": "Ibituruna",
        "codigo_ibge": 3130002
      }
    },
    {
      "type": "Feature",
      "geometry": {
        "type": "Polygon",
        "coordinates": [
          [
            [
              -44.7329,
              -21.2116
            ],
            [
              -44.732,
              -21.2133
            ],
            [
              -44.7304,
              -21.2146
            ],
            [
              -44.7287,
              -21.2171
            ],
            [
              -44.7269,
              -21.219
            ],
            [
              -44.7256,
              -21.2211
            ],
            [
              -44.7243,
              -21.2242
            ],
            [
              -44.7231,
              -21.2257
            ],
            [
              -44.7218,
              -21.2257
            ],
            [
              -44.7188,
              -21.2244
            ],
            [
              -44.7167,
              -21.2242
            ],
            [
              -44.7142,
              -21.2253
            ],
            [
              -44.7125,
              -21.2239
            ],
            [
              -44.7119,
              -21.2211
            ],
            [
              -44.7126,
              -21.2179
            ],
            [
              -44.7097,
              -21.2165
            ],
            [
              -44.705,
              -21.2161
            ],
            [
              -44.7031,
              -21.2181
            ],
            [
              -44.6995,
              -21.2181
            ],
            [
              -44.6981,
              -21.2179
            ],
            [
              -44.6944,
              -21.2179
            ],
            [
              -44.6926,
              -21.2171
            ],
            [
              -44.6904,
              -21.2176
            ],
            [
              -44.6911,
              -21.2217
            ],
            [
              -44.6894,
              -21.2238
            ],
            [
              -44.6881,
              -21.2285
            ],
            [
              -44.6874,
              -21.2306
            ],
            [
              -44.6859,
              -21.2323
            ],
            [
              -44.6834,
              -21.233
            ],
            [
              -44.6822,
              -21.2343
            ],
            [
              -44.6797,
              -21.2395
            ],
            [
              -44.6805,
              -21.2412
            ],
            [
              -44.6824,
              -21.2419
            ],
            [
              -44.6859,
              -21.2393
            ],
            [
              -44.6872,
              -21.2394
            ],
            [
              -44.6873,
              -21.2419
            ],
            [
              -44.6855,
              -21.2451
            ],
            [
              -44.6835,
              -21.2465
            ],
            [
              -44.6807,
              -21.2474
            ],
            [
              -44.68,
              -21.2488
            ],
            [
              -44.68,
              -21.2506
            ],
            [
              -44.6782,
              -21.2533
            ],
            [
              -44.6763,
              -21.2552
            ],
            [
              -44.6727,
              -21.2578
            ],
            [
              -44.6697,
              -21.259
            ],
            [
              -44.6673,
              -21.2614
            ],
            [
              -44.6666,
              -21.2626
            ],
            [
              -44.6639,
              -21.2636
            ],
            [
              -44.664,
              -21.2654
            ],
            [
              -44.6634,
              -21.267
            ],
            [
              -44.6613,
              -21.2705
            ],
            [
              -44.6573,
              -21.275
            ],
            [
              -44.6557,
              -21.2786
            ],
            [
              -44.6559,
              -21.2817
            ],
            [
              -44.6541,
              -21.2824
            ],
            [
              -44.6518,
              -21.2814
            ],
            [
              -44.6477,
              -21.2808
            ],
            [
              -44.6459,
              -21.2802
            ],
            [
              -44.6451,
              -21.2806
            ],
            [
              -44.6416,
              -21.2806
            ],
            [
              -44.6391,
              -21.2788
            ],
            [
              -44.6376,
              -21.2791
            ],
            [
              -44.6369,
              -21.2807
            ],
            [
              -44.6345,
              -21.2827
            ],
            [
              -44.6334,
              -21.2845
            ],
            [
              -44.6327,
              -21.2887
            ],
            [
              -44.6314,
              -21.2903
            ],
            [
              -44.6272,
              -21.2925
            ],
            [
              -44.6253,
              -21.2917
            ],
            [
              -44.6239,
              -21.2916
            ],
            [
              -44.6181,
              -21.2941
            ],
            [
              -44.6151,
              -21.2976
            ],
            [
              -44.6142,
              -21.2997
            ],
            [
              -44.6113,
              -21.3021
            ],
            [
              -44.6111,
              -21.3033
            ],
            [
              -44.6071,
              -21.3043
            ],
            [
              -44.6041,
              -21.3055
            ],
            [
              -44.6023,
              -21.307
            ],
            [
              -44.5987,
              -21.3077
            ],
            [
              -44.5976,
              -21.3082
            ],
            [
              -44.5981,
              -21.3095
            ],
            [
              -44.6005,
              -21.3107
            ],
            [
              -44.6008,
              -21.3154
            ],
            [
              -44.6007,
              -21.318
            ],
            [
              -44.6014,
              -21.3183
            ],
            [
              -44.6061,
              -21.3187
            ],
            [
              -44.6085,
              -21.3154
            ],
            [
              -44.6108,
              -21.3154
            ],
            [
              -44.6133,
              -21.317
            ],
            [
              -44.614,
              -21.3186
            ],
            [
              -44.6144,
              -21.3228
            ],
            [
              -44.6175,
              -21.3282
            ],
            [
              -44.6179,
              -21.3297
            ],
            [
              -44.6178,
              -21.3331
            ],
            [
              -44.617,
              -21.3361
            ],
            [
              -44.6153,
              -21.3396
            ],
            [
              -44.6136,
              -21.3425
            ],
            [
              -44.6122,
              -21.3431
            ],
            [
              -44.6058,
              -21.3434
            ],
            [
              -44.6037,
              -21.345
            ],
            [
              -44.6024,
              -21.3466
            ],
            [
              -44.604,
              -21.3411
            ],
            [
              -44.6069,
              -21.3377
            ],
            [
              -44.6076,
              -21.3363
            ],
            [
              -44.6082,
              -21.3334
            ],
            [
              -44.6081,
              -21.3309
            ],
            [
              -44.6074,
              -21.3292
            ],
            [
              -44.6045,
              -21.326
            ],
            [
              -44.6034,
              -21.3252
            ],
            [
              -44.6001,
              -21.324
            ],
            [
              -44.595,
              -21.3239
            ],
            [
              -44.5921,
              -21.3247
            ],
            [
              -44.5819,
              -21.3279
            ],
            [
              -44.5798,
              -21.3273
            ],
            [
              -44.5802,
              -21.3226
            ],
            [
              -44.5798,
              -21.3202
            ],
            [
              -44.58,
              -21.3156
            ],
            [
              -44.5804,
              -21.3138
            ],
            [
              -44.5813,
              -21.3118
            ],
            [
              -44.5809,
              -21.3103
            ],
            [
              -44.5796,
              -21.3096
            ],
            [
              -44.5748,
              -21.3093
            ],
            [
              -44.5744,
              -21.3073
            ],
            [
              -44.5733,
              -21.3057
            ],
            [
              -44.5696,
              -21.3025
            ],
            [
              -44.5688,
              -21.2999
            ],
            [
              -44.568,
              -21.2984
            ],
            [
              -44.5665,
              -21.2973
            ],
            [
              -44.5647,
              -21.2974
            ],
            [
              -44.562,
              -21.2997
            ],
            [
              -44.5604,
              -21.3004
            ],
            [
              -44.5585,
              -21.3002
            ],
            [
              -44.555,
              -21.3005
            ],
            [
              -44.5528,
              -21.2973
            ],
            [
              -44.5489,
              -21.2952
            ],
            [
              -44.5484,
              -21.2937
            ],
            [
              -44.5472,
              -21.292
            ],
            [
              -44.5457,
              -21.2908
            ],
            [
              -44.5419,
              -21.291
            ],
            [
              -44.5404,
              -21.2903
            ],
            [
              -44.5396,
              -21.289
            ],
            [
              -44.5372,
              -21.2888
            ],
            [
              -44.5354,
              -21.2901
            ],
            [
              -44.5331,
              -21.2895
            ],
            [
              -44.5321,
              -21.2882
            ],
            [
              -44.5312,
              -21.2854
            ],
            [
              -44.5293,
              -21.2834
            ],
            [
              -44.5284,
              -21.2809
            ],
            [
              -44.5248,
              -21.2819
            ],
            [
              -44.5222,
              -21.2811
            ],
            [
              -44.5211,
              -21.2801
            ],
            [
              -44.5183,
              -21.282
            ],
            [
              -44.5171,
              -21.2806
            ],
            [
              -44.514,
              -21.2791
            ],
            [
              -44.5122,
              -21.2789
            ],
            [
              -44.5075,
              -21.2795
            ],
            [
              -44.506,
              -21.2768
            ],
            [
              -44.5027,
              -21.2755
            ],
            [
              -44.5004,
              -21.2736
            ],
            [
              -44.4989,
              -21.2715
            ],
            [
              -44.498,
              -21.2711
            ],
            [
              -44.4951,
              -21.2682
            ],
            [
              -44.4949,
              -21.2664
            ],
            [
              -44.4924,
              -21.2648
            ],
            [
              -44.4896,
              -21.2641
            ],
            [
              -44.4884,
              -21.2626
            ],
            [
              -44.485,
              -21.2612
            ],
            [
              -44.4836,
              -21.2586
            ],
            [
              -44.4806,
              -21.2575
            ],
            [
              -44.4799,
              -21.256
            ],
            [
              -44.4783,
              -21.2553
            ],
            [
              -44.4775,
              -21.2543
            ],
            [
              -44.4751,
              -21.2531
            ],
            [
              -44.4737,
              -21.2508
            ],
            [
              -44.471,
              -21.249
            ],
            [
              -44.4675,
              -21.2463
            ],
            [
              -44.4644,
              -21.2448
            ],
            [
              -44.4642,
              -21.2419
            ],
            [
              -44.4646,
              -21.2406
            ],
            [
              -44.4658,
              -21.2391
            ],
            [
              -44.4663,
              -21.2351
            ],
            [
              -44.4671,
              -21.2329
            ],
            [
              -44.466,
              -21.231
            ],
            [
              -44.4695,
              -21.2294
            ],
            [
              -44.472,
              -21.2299
            ],
            [
              -44.4753,
              -21.2317
            ],
            [
              -44.4776,
              -21.2321
            ],
            [
              -44.4806,
              -21.2333
            ],
            [
              -44.4861,
              -21.2383
            ],
            [
              -44.4888,
              -21.2394
            ],
            [
              -44.4906,
              -21.2386
            ],
            [
              -44.4932,
              -21.2364
            ],
            [
              -44.4941,
              -21.236
            ],
            [
              -44.4969,
              -21.2382
            ],
            [
              -44.4979,
              -21.2385
            ],
            [
              -44.499,
              -21.2409
            ],
            [
              -44.5003,
              -21.242
            ],
            [
              -44.5039,
              -21.242
            ],
            [
              -44.5072,
              -21.244
            ],
            [
              -44.5094,
              -21.2445
            ],
            [
              -44.5112,
              -21.2435
            ],
            [
              -44.5128,
              -21.2414
            ],
            [
              -44.5142,
              -21.2402
            ],
            [
              -44.515,
              -21.2371
            ],
            [
              -44.5165,
              -21.236
            ],
            [
              -44.5203,
              -21.2347
            ],
            [
              -44.523,
              -21.2334
            ],
            [
              -44.5228,
              -21.2367
            ],
            [
              -44.5239,
              -21.2386
            ],
            [
              -44.5267,
              -21.2397
            ],
            [
              -44.5289,
              -21.241
            ],
            [
              -44.5367,
              -21.2412
            ],
            [
              -44.5375,
              -21.2432
            ],
            [
              -44.5403,
              -21.2447
            ],
            [
              -44.5397,
              -21.2462
            ],
            [
              -44.5399,
              -21.2479
            ],
            [
              -44.5415,
              -21.2496
            ],
            [
              -44.5445,
              -21.2515
            ],
            [
              -44.5465,
              -21.2518
            ],
            [
              -44.549,
              -21.2547
            ],
            [
              -44.5512,
              -21.2556
            ],
            [
              -44.5507,
              -21.2526
            ],
            [
              -44.5511,
              -21.2497
            ],
            [
              -44.552,
              -21.2468
            ],
            [
              -44.553,
              -21.2455
            ],
            [
              -44.553,
              -21.2436
            ],
            [
              -44.5513,
              -21.2403
            ],
            [
              -44.5511,
              -21.239
            ],
            [
              -44.5523,
              -21.2371
            ],
            [
              -44.5531,
              -21.2346
            ],
            [
              -44.5527,
              -21.2322
            ],
            [
              -44.5543,
              -21.2288
            ],
            [
              -44.5545,
              -21.2255
            ],
            [
              -44.5542,
              -21.2236
            ],
            [
              -44.5555,
              -21.2229
            ],
            [
              -44.5571,
              -21.22
            ],
            [
              -44.559,
              -21.2184
            ],
            [
              -44.5602,
              -21.2156
            ],
            [
              -44.5628,
              -21.2147
            ],
            [
              -44.5668,
              -21.2111
            ],
            [
              -44.5697,
              -21.2094
            ],
            [
              -44.5701,
              -21.2075
            ],
            [
              -44.5718,
              -21.2069
            ],
            [
              -44.57,
              -21.2046
            ],
            [
              -44.5685,
              -21.202
            ],
            [
              -44.5687,
              -21.2002
            ],
            [
              -44.5708,
              -21.1994
            ],
            [
              -44.5714,
              -21.1976
            ],
            [
              -44.5705,
              -21.1973
            ],
            [
              -44.5699,
              -21.1956
            ],
            [
              -44.5682,
              -21.1958
            ],
            [
              -44.5681,
              -21.1937
            ],
            [
              -44.5676,
              -21.1929
            ],
            [
              -44.5683,
              -21.1909
            ],
            [
              -44.5671,
              -21.1905
            ],
            [
              -44.5672,
              -21.189
            ],
            [
              -44.569,
              -21.1869
            ],
            [
              -44.569,
              -21.1856
            ],
            [
              -44.568,
              -21.1853
            ],
            [
              -44.569,
              -21.1833
            ],
            [
              -44.5689,
              -21.1815
            ],
            [
              -44.5672,
              -21.1813
            ],
            [
              -44.5649,
              -21.1795
            ],
            [
              -44.5651,
              -21.1785
            ],
            [
              -44.5678,
              -21.1759
            ],
            [
              -44.5682,
              -21.1741
            ],
            [
              -44.5671,
              -21.1737
            ],
            [
              -44.5667,
              -21.1706
            ],
            [
              -44.5671,
              -21.1632
            ],
            [
              -44.5653,
              -21.1627
            ],
            [
              -44.5652,
              -21.1615
            ],
            [
              -44.5671,
              -21.1603
            ],
            [
              -44.5674,
              -21.1561
            ],
            [
              -44.5669,
              -21.1553
            ],
            [
              -44.5651,
              -21.1549
            ],
            [
              -44.5645,
              -21.1538
            ],
            [
              -44.5647,
              -21.1497
            ],
            [
              -44.5638,
              -21.1473
            ],
            [
              -44.5613,
              -21.1471
            ],
            [
              -44.5616,
              -21.1444
            ],
            [
              -44.561,
              -21.1422
            ],
            [
              -44.5586,
              -21.1414
            ],
            [
              -44.5578,
              -21.1381
            ],
            [
              -44.5617,
              -21.1341
            ],
            [
              -44.563,
              -21.1341
            ],
            [
              -44.5629,
              -21.1324
            ],
            [
              -44.5646,
              -21.1328
            ],
            [
              -44.5671,
              -21.1306
            ],
            [
              -44.5684,
              -21.131
            ],
            [
              -44.5707,
              -21.1303
            ],
            [
              -44.5705,
              -21.1287
            ],
            [
              -44.5711,
              -21.126
            ],
            [
              -44.5747,
              -21.1226
            ],
            [
              -44.5759,
              -21.1223
            ],
            [
              -44.5767,
              -21.1199
            ],
            [
              -44.576,
              -21.1179
            ],
            [
              -44.5764,
              -21.1165
            ],
            [
              -44.5779,
              -21.1137
            ],
            [
              -44.5774,
              -21.111
            ],
            [
              -44.5765,
              -21.1105
            ],
            [
              -44.5765,
              -21.1089
            ],
            [
              -44.5775,
              -21.1076
            ],
            [
              -44.5768,
              -21.1045
            ],
            [
              -44.5784,
              -21.1031
            ],
            [
              -44.5805,
              -21.1028
            ],
            [
              -44.5823,
              -21.1019
            ],
            [
              -44.5832,
              -21.1
            ],
            [
              -44.5838,
              -21.0975
            ],
            [
              -44.5834,
              -21.0949
            ],
            [
              -44.5811,
              -21.0919
            ],
            [
              -44.5803,
              -21.0894
            ],
            [
              -44.5804,
              -21.0882
            ],
            [
              -44.5824,
              -21.0859
            ],
            [
              -44.5824,
              -21.0826
            ],
            [
              -44.5846,
              -21.0804
            ],
            [
              -44.588,
              -21.0802
            ],
            [
              -44.5912,
              -21.0794
            ],
            [
              -44.5931,
              -21.0794
            ],
            [
              -44.5938,
              -21.0805
            ],
            [
              -44.5941,
              -21.0826
            ],
            [
              -44.5926,
              -21.0852
            ],
            [
              -44.5926,
              -21.0862
            ],
            [
              -44.5951,
              -21.0871
            ],
            [
              -44.5974,
              -21.0865
            ],
            [
              -44.6003,
              -21.088
            ],
            [
              -44.6039,
              -21.0891
            ],
            [
              -44.6086,
              -21.0914
            ],
            [
              -44.6117,
              -21.0924
            ],
            [
              -44.613,
              -21.0934
            ],
            [
              -44.6141,
              -21.0972
            ],
            [
              -44.6174,
              -21.0977
            ],
            [
              -44.6194,
              -21.0975
            ],
            [
              -44.6213,
              -21.0958
            ],
            [
              -44.6233,
              -21.0937
            ],
            [
              -44.6249,
              -21.0927
            ],
            [
              -44.6294,
              -21.0909
            ],
            [
              -44.6324,
              -21.0883
            ],
            [
              -44.6343,
              -21.0872
            ],
            [
              -44.6359,
              -21.0883
            ],
            [
              -44.6364,
              -21.0908
            ],
            [
              -44.6373,
              -21.0924
            ],
            [
              -44.6388,
              -21.0926
            ],
            [
              -44.6416,
              -21.0909
            ],
            [
              -44.6431,
              -21.0911
            ],
            [
              -44.6456,
              -21.0924
            ],
            [
              -44.6472,
              -21.0954
            ],
            [
              -44.6471,
              -21.0975
            ],
            [
              -44.6459,
              -21.1007
            ],
            [
              -44.646,
              -21.1031
            ],
            [
              -44.6472,
              -21.1037
            ],
            [
              -44.6499,
              -21.1026
            ],
            [
              -44.654,
              -21.0995
            ],
            [
              -44.6562,
              -21.0989
            ],
            [
              -44.6592,
              -21.0971
            ],
            [
              -44.6606,
              -21.0972
            ],
            [
              -44.6648,
              -21.1
            ],
            [
              -44.6677,
              -21.1043
            ],
            [
              -44.6722,
              -21.1061
            ],
            [
              -44.6725,
              -21.107
            ],
            [
              -44.6705,
              -21.1107
            ],
            [
              -44.67,
              -21.114
            ],
            [
              -44.6695,
              -21.1153
            ],
            [
              -44.6697,
              -21.1172
            ],
            [
              -44.671,
              -21.1175
            ],
            [
              -44.6737,
              -21.1162
            ],
            [
              -44.6746,
              -21.1167
            ],
            [
              -44.6767,
              -21.1192
            ],
            [
              -44.6776,
              -21.1189
            ],
            [
              -44.6785,
              -21.1167
            ],
            [
              -44.6805,
              -21.1169
            ],
            [
              -44.681,
              -21.1205
            ],
            [
              -44.6844,
              -21.1198
            ],
            [
              -44.6888,
              -21.1198
            ],
            [
              -44.6966,
              -21.1207
            ],
            [
              -44.6985,
              -21.1207
            ],
            [
              -44.7011,
              -21.1203
            ],
            [
              -44.7034,
              -21.1195
            ],
            [
              -44.7048,
              -21.1194
            ],
            [
              -44.7052,
              -21.1209
            ],
            [
              -44.7036,
              -21.1229
            ],
            [
              -44.7018,
              -21.1241
            ],
            [
              -44.6971,
              -21.1257
            ],
            [
              -44.6955,
              -21.1278
            ],
            [
              -44.6951,
              -21.1307
            ],
            [
              -44.6955,
              -21.1317
            ],
            [
              -44.6981,
              -21.133
            ],
            [
              -44.7021,
              -21.1355
            ],
            [
              -44.7068,
              -21.1358
            ],
            [
              -44.7108,
              -21.1369
            ],
            [
              -44.7108,
              -21.1375
            ],
            [
              -44.7134,
              -21.1414
            ],
            [
              -44.7139,
              -21.1426
            ],
            [
              -44.7141,
              -21.1456
            ],
            [
              -44.7112,
              -21.1501
            ],
            [
              -44.7102,
              -21.1527
            ],
            [
              -44.7101,
              -21.1572
            ],
            [
              -44.7096,
              -21.1589
            ],
            [
              -44.7082,
              -21.1606
            ],
            [
              -44.7055,
              -21.1625
            ],
            [
              -44.7029,
              -21.1651
            ],
            [
              -44.7013,
              -21.1691
            ],
            [
              -44.7013,
              -21.1705
            ],
            [
              -44.7031,
              -21.172
            ],
            [
              -44.7052,
              -21.1757
            ],
            [
              -44.7086,
              -21.1787
            ],
            [
              -44.709,
              -21.1815
            ],
            [
              -44.7107,
              -21.1832
            ],
            [
              -44.7107,
              -21.1843
            ],
            [
              -44.7084,
              -21.1867
            ],
            [
              -44.7082,
              -21.19
            ],
            [
              -44.7077,
              -21.1918
            ],
            [
              -44.7073,
              -21.1956
            ],
            [
              -44.7084,
              -21.1975
            ],
            [
              -44.7108,
              -21.1981
            ],
            [
              -44.7135,
              -21.1983
            ],
            [
              -44.7166,
              -21.1998
            ],
            [
              -44.718,
              -21.2014
            ],
            [
              -44.7195,
              -21.2048
            ],
            [
              -44.7224,
              -21.2067
            ],
            [
              -44.723,
              -21.2094
            ],
            [
              -44.7242,
              -21.2108
            ],
            [
              -44.7272,
              -21.211
            ],
            [
              -44.7308,
              -21.212
            ],
            [
              -44.7329,
              -21.2116
            ]
          ]
        ]
      },
      "properties": {
        "codarea": "3144508",
        "nome_municipio": "Nazareno",
        "codigo_ibge": 3144508
      }
    },
    {
      "type": "Feature",
      "geometry": {
        "type": "Polygon",
        "coordinates": [
          [
            [
              -44.9056,
              -20.7946
            ],
            [
              -44.9031,
              -20.7941
            ],
            [
              -44.9,
              -20.794
            ],
            [
              -44.8963,
              -20.7925
            ],
            [
              -44.8944,
              -20.7924
            ],
            [
              -44.8929,
              -20.7936
            ],
            [
              -44.8925,
              -20.7962
            ],
            [
              -44.8918,
              -20.7984
            ],
            [
              -44.8899,
              -20.8004
            ],
            [
              -44.8882,
              -20.803
            ],
            [
              -44.884,
              -20.8037
            ],
            [
              -44.8806,
              -20.803
            ],
            [
              -44.8784,
              -20.8032
            ],
            [
              -44.8787,
              -20.8058
            ],
            [
              -44.8779,
              -20.8073
            ],
            [
              -44.8752,
              -20.8085
            ],
            [
              -44.8718,
              -20.808
            ],
            [
              -44.8701,
              -20.8108
            ],
            [
              -44.8663,
              -20.8163
            ],
            [
              -44.864,
              -20.8186
            ],
            [
              -44.8617,
              -20.8218
            ],
            [
              -44.8623,
              -20.8232
            ],
            [
              -44.8613,
              -20.824
            ],
            [
              -44.8607,
              -20.8259
            ],
            [
              -44.8589,
              -20.8277
            ],
            [
              -44.858,
              -20.8301
            ],
            [
              -44.8581,
              -20.8313
            ],
            [
              -44.8569,
              -20.8323
            ],
            [
              -44.8547,
              -20.835
            ],
            [
              -44.8531,
              -20.8358
            ],
            [
              -44.8521,
              -20.837
            ],
            [
              -44.85,
              -20.8387
            ],
            [
              -44.8477,
              -20.8387
            ],
            [
              -44.8442,
              -20.8379
            ],
            [
              -44.8411,
              -20.8391
            ],
            [
              -44.8374,
              -20.8399
            ],
            [
              -44.8333,
              -20.8414
            ],
            [
              -44.8323,
              -20.8441
            ],
            [
              -44.8313,
              -20.8459
            ],
            [
              -44.8311,
              -20.8472
            ],
            [
              -44.832,
              -20.8486
            ],
            [
              -44.8364,
              -20.8502
            ],
            [
              -44.8376,
              -20.8516
            ],
            [
              -44.8382,
              -20.8531
            ],
            [
              -44.838,
              -20.8572
            ],
            [
              -44.8372,
              -20.8585
            ],
            [
              -44.8362,
              -20.8642
            ],
            [
              -44.8333,
              -20.8681
            ],
            [
              -44.8299,
              -20.8701
            ],
            [
              -44.8271,
              -20.8732
            ],
            [
              -44.8247,
              -20.8751
            ],
            [
              -44.8229,
              -20.878
            ],
            [
              -44.8225,
              -20.882
            ],
            [
              -44.8215,
              -20.8852
            ],
            [
              -44.8187,
              -20.887
            ],
            [
              -44.818,
              -20.8879
            ],
            [
              -44.8147,
              -20.8901
            ],
            [
              -44.8095,
              -20.8915
            ],
            [
              -44.807,
              -20.893
            ],
            [
              -44.8054,
              -20.8957
            ],
            [
              -44.805,
              -20.8976
            ],
            [
              -44.8027,
              -20.8967
            ],
            [
              -44.8003,
              -20.895
            ],
            [
              -44.7962,
              -20.8967
            ],
            [
              -44.7918,
              -20.896
            ],
            [
              -44.7896,
              -20.8966
            ],
            [
              -44.7875,
              -20.8962
            ],
            [
              -44.7859,
              -20.8964
            ],
            [
              -44.7834,
              -20.8983
            ],
            [
              -44.7825,
              -20.9024
            ],
            [
              -44.7805,
              -20.9028
            ],
            [
              -44.7783,
              -20.9017
            ],
            [
              -44.7761,
              -20.8997
            ],
            [
              -44.7707,
              -20.8966
            ],
            [
              -44.768,
              -20.8963
            ],
            [
              -44.7674,
              -20.8949
            ],
            [
              -44.7674,
              -20.8922
            ],
            [
              -44.7679,
              -20.8903
            ],
            [
              -44.7665,
              -20.8882
            ],
            [
              -44.7626,
              -20.8864
            ],
            [
              -44.7598,
              -20.8837
            ],
            [
              -44.759,
              -20.8822
            ],
            [
              -44.759,
              -20.878
            ],
            [
              -44.7594,
              -20.876
            ],
            [
              -44.7585,
              -20.8741
            ],
            [
              -44.7572,
              -20.8739
            ],
            [
              -44.7555,
              -20.8746
            ],
            [
              -44.752,
              -20.8781
            ],
            [
              -44.7502,
              -20.879
            ],
            [
              -44.7483,
              -20.8779
            ],
            [
              -44.746,
              -20.878
            ],
            [
              -44.7449,
              -20.8797
            ],
            [
              -44.745,
              -20.8834
            ],
            [
              -44.744,
              -20.8848
            ],
            [
              -44.7421,
              -20.8863
            ],
            [
              -44.7375,
              -20.8879
            ],
            [
              -44.7339,
              -20.8914
            ],
            [
              -44.7328,
              -20.8919
            ],
            [
              -44.7299,
              -20.8914
            ],
            [
              -44.7289,
              -20.8903
            ],
            [
              -44.7266,
              -20.8861
            ],
            [
              -44.7242,
              -20.8841
            ],
            [
              -44.7233,
              -20.8828
            ],
            [
              -44.7224,
              -20.8802
            ],
            [
              -44.7202,
              -20.8752
            ],
            [
              -44.7176,
              -20.8728
            ],
            [
              -44.7179,
              -20.8718
            ],
            [
              -44.7195,
              -20.8706
            ],
            [
              -44.7195,
              -20.868
            ],
            [
              -44.7158,
              -20.8639
            ],
            [
              -44.7147,
              -20.8614
            ],
            [
              -44.7133,
              -20.8596
            ],
            [
              -44.7119,
              -20.8567
            ],
            [
              -44.7101,
              -20.8549
            ],
            [
              -44.7096,
              -20.8538
            ],
            [
              -44.7098,
              -20.8498
            ],
            [
              -44.7091,
              -20.8489
            ],
            [
              -44.7084,
              -20.848
            ],
            [
              -44.7067,
              -20.8478
            ],
            [
              -44.7048,
              -20.847
            ],
            [
              -44.7024,
              -20.8475
            ],
            [
              -44.6992,
              -20.8498
            ],
            [
              -44.6959,
              -20.8498
            ],
            [
              -44.6893,
              -20.8512
            ],
            [
              -44.687,
              -20.8544
            ],
            [
              -44.6838,
              -20.8546
            ],
            [
              -44.6814,
              -20.8552
            ],
            [
              -44.6794,
              -20.8549
            ],
            [
              -44.678,
              -20.853
            ],
            [
              -44.6774,
              -20.8507
            ],
            [
              -44.6761,
              -20.8487
            ],
            [
              -44.6745,
              -20.8483
            ],
            [
              -44.6693,
              -20.85
            ],
            [
              -44.6672,
              -20.8519
            ],
            [
              -44.6655,
              -20.8526
            ],
            [
              -44.6644,
              -20.8561
            ],
            [
              -44.6626,
              -20.8593
            ],
            [
              -44.6593,
              -20.8641
            ],
            [
              -44.6573,
              -20.8659
            ],
            [
              -44.6541,
              -20.8682
            ],
            [
              -44.6531,
              -20.8694
            ],
            [
              -44.6528,
              -20.8708
            ],
            [
              -44.6514,
              -20.8716
            ],
            [
              -44.6511,
              -20.8691
            ],
            [
              -44.6511,
              -20.866
            ],
            [
              -44.6492,
              -20.8634
            ],
            [
              -44.6486,
              -20.8574
            ],
            [
              -44.6479,
              -20.8562
            ],
            [
              -44.6461,
              -20.8558
            ],
            [
              -44.6428,
              -20.8578
            ],
            [
              -44.6413,
              -20.8574
            ],
            [
              -44.6411,
              -20.8563
            ],
            [
              -44.6413,
              -20.8518
            ],
            [
              -44.6406,
              -20.8491
            ],
            [
              -44.6408,
              -20.8462
            ],
            [
              -44.6432,
              -20.8437
            ],
            [
              -44.6435,
              -20.842
            ],
            [
              -44.6421,
              -20.8388
            ],
            [
              -44.6382,
              -20.8379
            ],
            [
              -44.6361,
              -20.8364
            ],
            [
              -44.635,
              -20.8332
            ],
            [
              -44.6314,
              -20.8303
            ],
            [
              -44.6283,
              -20.8272
            ],
            [
              -44.6278,
              -20.8242
            ],
            [
              -44.6243,
              -20.8217
            ],
            [
              -44.6204,
              -20.8196
            ],
            [
              -44.6193,
              -20.8185
            ],
            [
              -44.618,
              -20.8153
            ],
            [
              -44.6163,
              -20.814
            ],
            [
              -44.6127,
              -20.8138
            ],
            [
              -44.6108,
              -20.8116
            ],
            [
              -44.6092,
              -20.8123
            ],
            [
              -44.6082,
              -20.8141
            ],
            [
              -44.6036,
              -20.8162
            ],
            [
              -44.6008,
              -20.819
            ],
            [
              -44.5987,
              -20.8222
            ],
            [
              -44.5976,
              -20.8228
            ],
            [
              -44.5953,
              -20.8222
            ],
            [
              -44.5935,
              -20.8189
            ],
            [
              -44.5904,
              -20.817
            ],
            [
              -44.5885,
              -20.8144
            ],
            [
              -44.5857,
              -20.8129
            ],
            [
              -44.5812,
              -20.8077
            ],
            [
              -44.5795,
              -20.8077
            ],
            [
              -44.5771,
              -20.8092
            ],
            [
              -44.5731,
              -20.8082
            ],
            [
              -44.5717,
              -20.8073
            ],
            [
              -44.5696,
              -20.8052
            ],
            [
              -44.5685,
              -20.8047
            ],
            [
              -44.5643,
              -20.8053
            ],
            [
              -44.5611,
              -20.8039
            ],
            [
              -44.5601,
              -20.8041
            ],
            [
              -44.5565,
              -20.8068
            ],
            [
              -44.556,
              -20.8096
            ],
            [
              -44.5547,
              -20.8124
            ],
            [
              -44.5523,
              -20.8141
            ],
            [
              -44.5517,
              -20.8149
            ],
            [
              -44.5496,
              -20.8155
            ],
            [
              -44.5479,
              -20.8176
            ],
            [
              -44.5481,
              -20.82
            ],
            [
              -44.5464,
              -20.8198
            ],
            [
              -44.5442,
              -20.8206
            ],
            [
              -44.5394,
              -20.8205
            ],
            [
              -44.5376,
              -20.8211
            ],
            [
              -44.5346,
              -20.8237
            ],
            [
              -44.5326,
              -20.825
            ],
            [
              -44.5303,
              -20.827
            ],
            [
              -44.5258,
              -20.8289
            ],
            [
              -44.5225,
              -20.8289
            ],
            [
              -44.5191,
              -20.8309
            ],
            [
              -44.5173,
              -20.8331
            ],
            [
              -44.5151,
              -20.834
            ],
            [
              -44.5122,
              -20.8336
            ],
            [
              -44.5111,
              -20.8325
            ],
            [
              -44.5074,
              -20.83
            ],
            [
              -44.5055,
              -20.8293
            ],
            [
              -44.5052,
              -20.8269
            ],
            [
              -44.5011,
              -20.8221
            ],
            [
              -44.4985,
              -20.8207
            ],
            [
              -44.4966,
              -20.8205
            ],
            [
              -44.4958,
              -20.8197
            ],
            [
              -44.496,
              -20.8173
            ],
            [
              -44.495,
              -20.8166
            ],
            [
              -44.4933,
              -20.8169
            ],
            [
              -44.492,
              -20.8145
            ],
            [
              -44.491,
              -20.814
            ],
            [
              -44.4909,
              -20.8123
            ],
            [
              -44.4897,
              -20.812
            ],
            [
              -44.4883,
              -20.8091
            ],
            [
              -44.487,
              -20.8084
            ],
            [
              -44.4857,
              -20.809
            ],
            [
              -44.4828,
              -20.8072
            ],
            [
              -44.4827,
              -20.8053
            ],
            [
              -44.4819,
              -20.8047
            ],
            [
              -44.4822,
              -20.8025
            ],
            [
              -44.4799,
              -20.8004
            ],
            [
              -44.4791,
              -20.7986
            ],
            [
              -44.4778,
              -20.7978
            ],
            [
              -44.4751,
              -20.7933
            ],
            [
              -44.4712,
              -20.7909
            ],
            [
              -44.4699,
              -20.7897
            ],
            [
              -44.4678,
              -20.789
            ],
            [
              -44.463,
              -20.7895
            ],
            [
              -44.4604,
              -20.7892
            ],
            [
              -44.4566,
              -20.787
            ],
            [
              -44.4538,
              -20.7865
            ],
            [
              -44.4512,
              -20.7874
            ],
            [
              -44.4493,
              -20.7872
            ],
            [
              -44.4477,
              -20.7863
            ],
            [
              -44.4487,
              -20.7852
            ],
            [
              -44.4537,
              -20.7837
            ],
            [
              -44.4577,
              -20.7805
            ],
            [
              -44.4575,
              -20.7785
            ],
            [
              -44.4565,
              -20.7745
            ],
            [
              -44.458,
              -20.773
            ],
            [
              -44.4603,
              -20.7717
            ],
            [
              -44.4621,
              -20.7714
            ],
            [
              -44.4649,
              -20.773
            ],
            [
              -44.4665,
              -20.7728
            ],
            [
              -44.4673,
              -20.772
            ],
            [
              -44.4678,
              -20.7668
            ],
            [
              -44.4687,
              -20.7646
            ],
            [
              -44.4695,
              -20.7638
            ],
            [
              -44.4712,
              -20.7635
            ],
            [
              -44.4729,
              -20.765
            ],
            [
              -44.4751,
              -20.766
            ],
            [
              -44.4766,
              -20.7658
            ],
            [
              -44.4788,
              -20.7644
            ],
            [
              -44.4838,
              -20.764
            ],
            [
              -44.4853,
              -20.7636
            ],
            [
              -44.488,
              -20.7623
            ],
            [
              -44.4897,
              -20.7609
            ],
            [
              -44.4919,
              -20.7596
            ],
            [
              -44.4936,
              -20.7581
            ],
            [
              -44.4949,
              -20.7544
            ],
            [
              -44.4971,
              -20.7523
            ],
            [
              -44.4992,
              -20.7519
            ],
            [
              -44.5011,
              -20.7495
            ],
            [
              -44.5026,
              -20.7484
            ],
            [
              -44.5039,
              -20.746
            ],
            [
              -44.5057,
              -20.7452
            ],
            [
              -44.5087,
              -20.7476
            ],
            [
              -44.5102,
              -20.7479
            ],
            [
              -44.514,
              -20.746
            ],
            [
              -44.5161,
              -20.7459
            ],
            [
              -44.5164,
              -20.7466
            ],
            [
              -44.5146,
              -20.7487
            ],
            [
              -44.5145,
              -20.7494
            ],
            [
              -44.5159,
              -20.7508
            ],
            [
              -44.5174,
              -20.7515
            ],
            [
              -44.5223,
              -20.7518
            ],
            [
              -44.5248,
              -20.7506
            ],
            [
              -44.5259,
              -20.7507
            ],
            [
              -44.5276,
              -20.7494
            ],
            [
              -44.5298,
              -20.7498
            ],
            [
              -44.5336,
              -20.7477
            ],
            [
              -44.5375,
              -20.7466
            ],
            [
              -44.5394,
              -20.7449
            ],
            [
              -44.5408,
              -20.7423
            ],
            [
              -44.5415,
              -20.7403
            ],
            [
              -44.5436,
              -20.7407
            ],
            [
              -44.5459,
              -20.744
            ],
            [
              -44.5472,
              -20.7447
            ],
            [
              -44.5486,
              -20.7445
            ],
            [
              -44.5499,
              -20.7416
            ],
            [
              -44.5503,
              -20.7396
            ],
            [
              -44.552,
              -20.7383
            ],
            [
              -44.5522,
              -20.7366
            ],
            [
              -44.5546,
              -20.7347
            ],
            [
              -44.5561,
              -20.7329
            ],
            [
              -44.5578,
              -20.7294
            ],
            [
              -44.5613,
              -20.7292
            ],
            [
              -44.5622,
              -20.73
            ],
            [
              -44.5651,
              -20.7285
            ],
            [
              -44.5664,
              -20.7291
            ],
            [
              -44.5679,
              -20.7278
            ],
            [
              -44.57,
              -20.728
            ],
            [
              -44.571,
              -20.7257
            ],
            [
              -44.5726,
              -20.725
            ],
            [
              -44.5748,
              -20.7229
            ],
            [
              -44.5763,
              -20.7202
            ],
            [
              -44.5765,
              -20.7165
            ],
            [
              -44.5759,
              -20.715
            ],
            [
              -44.5794,
              -20.7118
            ],
            [
              -44.5815,
              -20.7068
            ],
            [
              -44.5816,
              -20.7053
            ],
            [
              -44.5811,
              -20.703
            ],
            [
              -44.5818,
              -20.7019
            ],
            [
              -44.5806,
              -20.7009
            ],
            [
              -44.5794,
              -20.6988
            ],
            [
              -44.5793,
              -20.6956
            ],
            [
              -44.5779,
              -20.6942
            ],
            [
              -44.5775,
              -20.6927
            ],
            [
              -44.578,
              -20.6911
            ],
            [
              -44.5796,
              -20.6892
            ],
            [
              -44.5799,
              -20.6873
            ],
            [
              -44.5811,
              -20.685
            ],
            [
              -44.5823,
              -20.6835
            ],
            [
              -44.5832,
              -20.6807
            ],
            [
              -44.583,
              -20.6793
            ],
            [
              -44.5839,
              -20.6749
            ],
            [
              -44.585,
              -20.6715
            ],
            [
              -44.5867,
              -20.6708
            ],
            [
              -44.5883,
              -20.6685
            ],
            [
              -44.5898,
              -20.6652
            ],
            [
              -44.589,
              -20.6632
            ],
            [
              -44.589,
              -20.6612
            ],
            [
              -44.5874,
              -20.6555
            ],
            [
              -44.5874,
              -20.6526
            ],
            [
              -44.5882,
              -20.6492
            ],
            [
              -44.5892,
              -20.648
            ],
            [
              -44.5894,
              -20.6454
            ],
            [
              -44.5936,
              -20.6475
            ],
            [
              -44.5952,
              -20.6495
            ],
            [
              -44.5957,
              -20.6511
            ],
            [
              -44.5969,
              -20.6532
            ],
            [
              -44.5998,
              -20.6559
            ],
            [
              -44.5991,
              -20.6589
            ],
            [
              -44.6003,
              -20.661
            ],
            [
              -44.6007,
              -20.6624
            ],
            [
              -44.6025,
              -20.6638
            ],
            [
              -44.6034,
              -20.6654
            ],
            [
              -44.6046,
              -20.6655
            ],
            [
              -44.6066,
              -20.6679
            ],
            [
              -44.6076,
              -20.6702
            ],
            [
              -44.6098,
              -20.6711
            ],
            [
              -44.612,
              -20.6727
            ],
            [
              -44.6128,
              -20.6744
            ],
            [
              -44.6156,
              -20.6754
            ],
            [
              -44.6167,
              -20.6771
            ],
            [
              -44.6158,
              -20.6789
            ],
            [
              -44.6155,
              -20.6811
            ],
            [
              -44.6128,
              -20.6854
            ],
            [
              -44.6114,
              -20.6864
            ],
            [
              -44.6107,
              -20.6882
            ],
            [
              -44.6094,
              -20.6895
            ],
            [
              -44.6104,
              -20.6919
            ],
            [
              -44.6119,
              -20.6929
            ],
            [
              -44.614,
              -20.6962
            ],
            [
              -44.6145,
              -20.7001
            ],
            [
              -44.6169,
              -20.7021
            ],
            [
              -44.6156,
              -20.703
            ],
            [
              -44.6171,
              -20.7043
            ],
            [
              -44.618,
              -20.7072
            ],
            [
              -44.6178,
              -20.7101
            ],
            [
              -44.619,
              -20.7102
            ],
            [
              -44.6209,
              -20.7115
            ],
            [
              -44.6225,
              -20.711
            ],
            [
              -44.6216,
              -20.7081
            ],
            [
              -44.6223,
              -20.7071
            ],
            [
              -44.6246,
              -20.7062
            ],
            [
              -44.6261,
              -20.7049
            ],
            [
              -44.6309,
              -20.7032
            ],
            [
              -44.6333,
              -20.7017
            ],
            [
              -44.6356,
              -20.7014
            ],
            [
              -44.638,
              -20.7029
            ],
            [
              -44.6398,
              -20.7033
            ],
            [
              -44.6416,
              -20.7047
            ],
            [
              -44.6422,
              -20.7074
            ],
            [
              -44.6432,
              -20.7084
            ],
            [
              -44.6447,
              -20.7086
            ],
            [
              -44.648,
              -20.7075
            ],
            [
              -44.6487,
              -20.7076
            ],
            [
              -44.6516,
              -20.7061
            ],
            [
              -44.6525,
              -20.7052
            ],
            [
              -44.6538,
              -20.7024
            ],
            [
              -44.6545,
              -20.702
            ],
            [
              -44.6576,
              -20.7027
            ],
            [
              -44.6622,
              -20.7027
            ],
            [
              -44.6635,
              -20.7023
            ],
            [
              -44.6678,
              -20.6991
            ],
            [
              -44.6693,
              -20.6964
            ],
            [
              -44.6699,
              -20.693
            ],
            [
              -44.6718,
              -20.6904
            ],
            [
              -44.6746,
              -20.6883
            ],
            [
              -44.676,
              -20.6875
            ],
            [
              -44.6805,
              -20.6863
            ],
            [
              -44.6817,
              -20.6856
            ],
            [
              -44.6829,
              -20.6839
            ],
            [
              -44.683,
              -20.6809
            ],
            [
              -44.6848,
              -20.6787
            ],
            [
              -44.687,
              -20.6779
            ],
            [
              -44.6891,
              -20.6781
            ],
            [
              -44.6902,
              -20.6775
            ],
            [
              -44.6912,
              -20.6753
            ],
            [
              -44.6896,
              -20.6721
            ],
            [
              -44.6879,
              -20.6701
            ],
            [
              -44.6885,
              -20.6663
            ],
            [
              -44.6867,
              -20.6644
            ],
            [
              -44.6865,
              -20.6631
            ],
            [
              -44.6878,
              -20.6607
            ],
            [
              -44.6894,
              -20.659
            ],
            [
              -44.6894,
              -20.6579
            ],
            [
              -44.6882,
              -20.6541
            ],
            [
              -44.6875,
              -20.6529
            ],
            [
              -44.6848,
              -20.6509
            ],
            [
              -44.6845,
              -20.6495
            ],
            [
              -44.6862,
              -20.6456
            ],
            [
              -44.6883,
              -20.6458
            ],
            [
              -44.6904,
              -20.6451
            ],
            [
              -44.6937,
              -20.6456
            ],
            [
              -44.6943,
              -20.6443
            ],
            [
              -44.6938,
              -20.6419
            ],
            [
              -44.6945,
              -20.6398
            ],
            [
              -44.6947,
              -20.6349
            ],
            [
              -44.6955,
              -20.6332
            ],
            [
              -44.6974,
              -20.632
            ],
            [
              -44.7017,
              -20.632
            ],
            [
              -44.7046,
              -20.6306
            ],
            [
              -44.709,
              -20.6291
            ],
            [
              -44.7129,
              -20.6274
            ],
            [
              -44.7139,
              -20.6261
            ],
            [
              -44.7126,
              -20.6242
            ],
            [
              -44.7123,
              -20.6225
            ],
            [
              -44.7132,
              -20.6216
            ],
            [
              -44.7162,
              -20.6203
            ],
            [
              -44.7167,
              -20.6185
            ],
            [
              -44.716,
              -20.6164
            ],
            [
              -44.716,
              -20.615
            ],
            [
              -44.7178,
              -20.6134
            ],
            [
              -44.7213,
              -20.6139
            ],
            [
              -44.7226,
              -20.6156
            ],
            [
              -44.7236,
              -20.6159
            ],
            [
              -44.7259,
              -20.6143
            ],
            [
              -44.7291,
              -20.6131
            ],
            [
              -44.729,
              -20.6105
            ],
            [
              -44.7297,
              -20.6096
            ],
            [
              -44.7314,
              -20.6095
            ],
            [
              -44.7334,
              -20.6102
            ],
            [
              -44.7357,
              -20.6116
            ],
            [
              -44.7392,
              -20.6122
            ],
            [
              -44.7416,
              -20.6117
            ],
            [
              -44.748,
              -20.612
            ],
            [
              -44.7496,
              -20.6114
            ],
            [
              -44.7524,
              -20.6094
            ],
            [
              -44.7549,
              -20.6118
            ],
            [
              -44.7573,
              -20.6125
            ],
            [
              -44.7598,
              -20.6145
            ],
            [
              -44.7622,
              -20.6142
            ],
            [
              -44.7653,
              -20.6125
            ],
            [
              -44.7659,
              -20.6116
            ],
            [
              -44.7687,
              -20.6101
            ],
            [
              -44.7728,
              -20.6087
            ],
            [
              -44.7764,
              -20.609
            ],
            [
              -44.7792,
              -20.6085
            ],
            [
              -44.7846,
              -20.6059
            ],
            [
              -44.7876,
              -20.6048
            ],
            [
              -44.7907,
              -20.6048
            ],
            [
              -44.7954,
              -20.6076
            ],
            [
              -44.7977,
              -20.6095
            ],
            [
              -44.7997,
              -20.6097
            ],
            [
              -44.7983,
              -20.6128
            ],
            [
              -44.7989,
              -20.6171
            ],
            [
              -44.8006,
              -20.6166
            ],
            [
              -44.8,
              -20.6188
            ],
            [
              -44.8018,
              -20.6205
            ],
            [
              -44.8046,
              -20.6214
            ],
            [
              -44.8049,
              -20.6225
            ],
            [
              -44.8063,
              -20.6232
            ],
            [
              -44.8094,
              -20.6236
            ],
            [
              -44.8115,
              -20.62
            ],
            [
              -44.8146,
              -20.6193
            ],
            [
              -44.816,
              -20.6193
            ],
            [
              -44.8175,
              -20.6204
            ],
            [
              -44.8167,
              -20.6217
            ],
            [
              -44.8165,
              -20.6263
            ],
            [
              -44.8154,
              -20.6285
            ],
            [
              -44.8156,
              -20.6297
            ],
            [
              -44.8148,
              -20.6328
            ],
            [
              -44.8115,
              -20.6366
            ],
            [
              -44.8119,
              -20.6374
            ],
            [
              -44.8155,
              -20.6377
            ],
            [
              -44.8181,
              -20.6385
            ],
            [
              -44.8195,
              -20.6395
            ],
            [
              -44.8227,
              -20.6397
            ],
            [
              -44.8241,
              -20.6388
            ],
            [
              -44.8261,
              -20.6355
            ],
            [
              -44.8281,
              -20.6343
            ],
            [
              -44.8301,
              -20.6349
            ],
            [
              -44.8331,
              -20.6375
            ],
            [
              -44.8343,
              -20.639
            ],
            [
              -44.8362,
              -20.6384
            ],
            [
              -44.8362,
              -20.6338
            ],
            [
              -44.8383,
              -20.6299
            ],
            [
              -44.839,
              -20.6297
            ],
            [
              -44.8416,
              -20.6324
            ],
            [
              -44.8429,
              -20.6329
            ],
            [
              -44.8454,
              -20.6315
            ],
            [
              -44.8482,
              -20.6282
            ],
            [
              -44.8502,
              -20.6251
            ],
            [
              -44.8532,
              -20.6236
            ],
            [
              -44.8582,
              -20.6239
            ],
            [
              -44.8599,
              -20.6245
            ],
            [
              -44.8616,
              -20.626
            ],
            [
              -44.8618,
              -20.6281
            ],
            [
              -44.8626,
              -20.6314
            ],
            [
              -44.8649,
              -20.6368
            ],
            [
              -44.8643,
              -20.6385
            ],
            [
              -44.8614,
              -20.6408
            ],
            [
              -44.8592,
              -20.6419
            ],
            [
              -44.8589,
              -20.6434
            ],
            [
              -44.8616,
              -20.6476
            ],
            [
              -44.8634,
              -20.6483
            ],
            [
              -44.8646,
              -20.6494
            ],
            [
              -44.868,
              -20.6483
            ],
            [
              -44.8715,
              -20.649
            ],
            [
              -44.8735,
              -20.6491
            ],
            [
              -44.8763,
              -20.6484
            ],
            [
              -44.8774,
              -20.6494
            ],
            [
              -44.8801,
              -20.649
            ],
            [
              -44.884,
              -20.6496
            ],
            [
              -44.8853,
              -20.6511
            ],
            [
              -44.8909,
              -20.6502
            ],
            [
              -44.8925,
              -20.6496
            ],
            [
              -44.8923,
              -20.6473
            ],
            [
              -44.8933,
              -20.6442
            ],
            [
              -44.8948,
              -20.6421
            ],
            [
              -44.893,
              -20.6384
            ],
            [
              -44.8931,
              -20.6362
            ],
            [
              -44.8959,
              -20.6335
            ],
            [
              -44.899,
              -20.6329
            ],
            [
              -44.9005,
              -20.632
            ],
            [
              -44.902,
              -20.6293
            ],
            [
              -44.9021,
              -20.6271
            ],
            [
              -44.903,
              -20.6257
            ],
            [
              -44.9058,
              -20.6257
            ],
            [
              -44.9087,
              -20.6269
            ],
            [
              -44.9133,
              -20.6294
            ],
            [
              -44.9144,
              -20.6309
            ],
            [
              -44.9141,
              -20.6354
            ],
            [
              -44.9145,
              -20.6361
            ],
            [
              -44.9168,
              -20.6368
            ],
            [
              -44.9203,
              -20.6348
            ],
            [
              -44.9242,
              -20.6348
            ],
            [
              -44.9258,
              -20.6355
            ],
            [
              -44.9284,
              -20.6375
            ],
            [
              -44.9296,
              -20.6375
            ],
            [
              -44.9339,
              -20.6352
            ],
            [
              -44.9373,
              -20.6336
            ],
            [
              -44.9412,
              -20.633
            ],
            [
              -44.9384,
              -20.637
            ],
            [
              -44.9378,
              -20.6389
            ],
            [
              -44.9354,
              -20.6434
            ],
            [
              -44.9352,
              -20.6464
            ],
            [
              -44.9359,
              -20.6478
            ],
            [
              -44.9357,
              -20.6504
            ],
            [
              -44.9343,
              -20.6526
            ],
            [
              -44.9336,
              -20.6546
            ],
            [
              -44.9319,
              -20.6579
            ],
            [
              -44.9305,
              -20.6593
            ],
            [
              -44.9285,
              -20.6624
            ],
            [
              -44.9284,
              -20.6646
            ],
            [
              -44.9294,
              -20.666
            ],
            [
              -44.9301,
              -20.6679
            ],
            [
              -44.9302,
              -20.6697
            ],
            [
              -44.9291,
              -20.6733
            ],
            [
              -44.93,
              -20.6754
            ],
            [
              -44.9292,
              -20.6785
            ],
            [
              -44.9306,
              -20.6796
            ],
            [
              -44.9302,
              -20.6818
            ],
            [
              -44.9315,
              -20.6834
            ],
            [
              -44.9315,
              -20.6845
            ],
            [
              -44.9304,
              -20.6859
            ],
            [
              -44.9314,
              -20.6865
            ],
            [
              -44.9317,
              -20.688
            ],
            [
              -44.9305,
              -20.6891
            ],
            [
              -44.9312,
              -20.6905
            ],
            [
              -44.9307,
              -20.6912
            ],
            [
              -44.9315,
              -20.6934
            ],
            [
              -44.9307,
              -20.6958
            ],
            [
              -44.9309,
              -20.6977
            ],
            [
              -44.929,
              -20.699
            ],
            [
              -44.9285,
              -20.7008
            ],
            [
              -44.9283,
              -20.7039
            ],
            [
              -44.9295,
              -20.7049
            ],
            [
              -44.9286,
              -20.7077
            ],
            [
              -44.9283,
              -20.7099
            ],
            [
              -44.9295,
              -20.7116
            ],
            [
              -44.9293,
              -20.7142
            ],
            [
              -44.9306,
              -20.7159
            ],
            [
              -44.9319,
              -20.7192
            ],
            [
              -44.9316,
              -20.7204
            ],
            [
              -44.93,
              -20.7218
            ],
            [
              -44.9302,
              -20.7226
            ],
            [
              -44.9319,
              -20.7235
            ],
            [
              -44.9324,
              -20.7253
            ],
            [
              -44.9312,
              -20.728
            ],
            [
              -44.9321,
              -20.7284
            ],
            [
              -44.9319,
              -20.7298
            ],
            [
              -44.9339,
              -20.7309
            ],
            [
              -44.9349,
              -20.7332
            ],
            [
              -44.9361,
              -20.7337
            ],
            [
              -44.9369,
              -20.7349
            ],
            [
              -44.9383,
              -20.7355
            ],
            [
              -44.9354,
              -20.7396
            ],
            [
              -44.9328,
              -20.7408
            ],
            [
              -44.9306,
              -20.7406
            ],
            [
              -44.9297,
              -20.7422
            ],
            [
              -44.9276,
              -20.7432
            ],
            [
              -44.9255,
              -20.7456
            ],
            [
              -44.9228,
              -20.7472
            ],
            [
              -44.9213,
              -20.7478
            ],
            [
              -44.9198,
              -20.749
            ],
            [
              -44.9188,
              -20.7481
            ],
            [
              -44.9162,
              -20.75
            ],
            [
              -44.9152,
              -20.7499
            ],
            [
              -44.9125,
              -20.7508
            ],
            [
              -44.9098,
              -20.7528
            ],
            [
              -44.9093,
              -20.7539
            ],
            [
              -44.9097,
              -20.756
            ],
            [
              -44.9085,
              -20.7572
            ],
            [
              -44.9068,
              -20.7573
            ],
            [
              -44.9056,
              -20.7593
            ],
            [
              -44.9036,
              -20.7578
            ],
            [
              -44.9026,
              -20.7609
            ],
            [
              -44.9049,
              -20.7652
            ],
            [
              -44.9044,
              -20.7673
            ],
            [
              -44.903,
              -20.7685
            ],
            [
              -44.9031,
              -20.7716
            ],
            [
              -44.9044,
              -20.7747
            ],
            [
              -44.9054,
              -20.7761
            ],
            [
              -44.9062,
              -20.7813
            ],
            [
              -44.9057,
              -20.7825
            ],
            [
              -44.9039,
              -20.7845
            ],
            [
              -44.9041,
              -20.7869
            ],
            [
              -44.9063,
              -20.7894
            ],
            [
              -44.9066,
              -20.7916
            ],
            [
              -44.9056,
              -20.7946
            ]
          ]
        ]
      },
      "properties": {
        "codarea": "3145604",
        "nome_municipio": "Oliveira",
        "codigo_ibge": 3145604
      }
    },
    {
      "type": "Feature",
      "geometry": {
        "type": "Polygon",
        "coordinates": [
          [
            [
              -44.976,
              -21.0279
            ],
            [
              -44.9785,
              -21.0289
            ],
            [
              -44.9806,
              -21.0292
            ],
            [
              -44.9812,
              -21.0301
            ],
            [
              -44.9833,
              -21.0306
            ],
            [
              -44.9855,
              -21.0333
            ],
            [
              -44.9869,
              -21.0354
            ],
            [
              -44.99,
              -21.0374
            ],
            [
              -44.9925,
              -21.0381
            ],
            [
              -44.9939,
              -21.0389
            ],
            [
              -44.9946,
              -21.041
            ],
            [
              -44.9957,
              -21.0417
            ],
            [
              -44.9988,
              -21.0417
            ],
            [
              -45.0005,
              -21.0403
            ],
            [
              -45.0033,
              -21.039
            ],
            [
              -45.0077,
              -21.0381
            ],
            [
              -45.0098,
              -21.0384
            ],
            [
              -45.0131,
              -21.0398
            ],
            [
              -45.0158,
              -21.038
            ],
            [
              -45.0199,
              -21.0356
            ],
            [
              -45.0225,
              -21.0351
            ],
            [
              -45.0244,
              -21.0366
            ],
            [
              -45.0256,
              -21.0369
            ],
            [
              -45.0303,
              -21.0349
            ],
            [
              -45.0346,
              -21.0349
            ],
            [
              -45.0362,
              -21.036
            ],
            [
              -45.0392,
              -21.0418
            ],
            [
              -45.0401,
              -21.043
            ],
            [
              -45.0425,
              -21.0436
            ],
            [
              -45.0467,
              -21.0424
            ],
            [
              -45.0509,
              -21.0399
            ],
            [
              -45.0533,
              -21.0372
            ],
            [
              -45.0547,
              -21.0349
            ],
            [
              -45.0571,
              -21.0331
            ],
            [
              -45.0608,
              -21.0298
            ],
            [
              -45.0618,
              -21.0278
            ],
            [
              -45.0652,
              -21.0237
            ],
            [
              -45.0676,
              -21.0205
            ],
            [
              -45.068,
              -21.0188
            ],
            [
              -45.0673,
              -21.017
            ],
            [
              -45.0658,
              -21.0164
            ],
            [
              -45.0636,
              -21.0146
            ],
            [
              -45.0625,
              -21.0128
            ],
            [
              -45.0603,
              -21.0112
            ],
            [
              -45.0597,
              -21.01
            ],
            [
              -45.0593,
              -21.007
            ],
            [
              -45.0585,
              -21.0058
            ],
            [
              -45.057,
              -21.0052
            ],
            [
              -45.0564,
              -21.0037
            ],
            [
              -45.0574,
              -21.0011
            ],
            [
              -45.0585,
              -20.9994
            ],
            [
              -45.0593,
              -20.9969
            ],
            [
              -45.0612,
              -20.9926
            ],
            [
              -45.0615,
              -20.99
            ],
            [
              -45.0611,
              -20.9874
            ],
            [
              -45.0621,
              -20.9867
            ],
            [
              -45.0648,
              -20.9865
            ],
            [
              -45.0653,
              -20.9855
            ],
            [
              -45.0634,
              -20.9827
            ],
            [
              -45.0633,
              -20.9809
            ],
            [
              -45.0643,
              -20.9785
            ],
            [
              -45.0633,
              -20.9767
            ],
            [
              -45.06,
              -20.9764
            ],
            [
              -45.0593,
              -20.975
            ],
            [
              -45.0628,
              -20.974
            ],
            [
              -45.064,
              -20.9731
            ],
            [
              -45.0629,
              -20.971
            ],
            [
              -45.0625,
              -20.9684
            ],
            [
              -45.0628,
              -20.9675
            ],
            [
              -45.0621,
              -20.9658
            ],
            [
              -45.0626,
              -20.9648
            ],
            [
              -45.0617,
              -20.9634
            ],
            [
              -45.0626,
              -20.9617
            ],
            [
              -45.0639,
              -20.9606
            ],
            [
              -45.063,
              -20.9585
            ],
            [
              -45.0634,
              -20.9549
            ],
            [
              -45.0654,
              -20.9532
            ],
            [
              -45.0658,
              -20.9509
            ],
            [
              -45.0668,
              -20.9492
            ],
            [
              -45.0706,
              -20.9469
            ],
            [
              -45.0721,
              -20.9454
            ],
            [
              -45.0746,
              -20.9423
            ],
            [
              -45.0754,
              -20.9403
            ],
            [
              -45.0763,
              -20.9413
            ],
            [
              -45.0803,
              -20.9403
            ],
            [
              -45.0842,
              -20.9422
            ],
            [
              -45.0864,
              -20.9444
            ],
            [
              -45.0872,
              -20.9489
            ],
            [
              -45.0883,
              -20.9501
            ],
            [
              -45.0904,
              -20.9508
            ],
            [
              -45.0924,
              -20.9506
            ],
            [
              -45.0926,
              -20.9515
            ],
            [
              -45.0922,
              -20.9545
            ],
            [
              -45.0951,
              -20.9579
            ],
            [
              -45.0958,
              -20.9612
            ],
            [
              -45.0949,
              -20.9644
            ],
            [
              -45.0947,
              -20.9675
            ],
            [
              -45.0949,
              -20.9711
            ],
            [
              -45.0934,
              -20.9739
            ],
            [
              -45.0935,
              -20.9799
            ],
            [
              -45.0942,
              -20.9809
            ],
            [
              -45.0967,
              -20.9827
            ],
            [
              -45.0991,
              -20.985
            ],
            [
              -45.0993,
              -20.9863
            ],
            [
              -45.097,
              -20.9879
            ],
            [
              -45.0958,
              -20.9904
            ],
            [
              -45.0954,
              -20.9933
            ],
            [
              -45.0957,
              -20.9951
            ],
            [
              -45.0975,
              -20.9969
            ],
            [
              -45.0986,
              -20.9974
            ],
            [
              -45.1009,
              -20.9972
            ],
            [
              -45.1016,
              -20.9991
            ],
            [
              -45.0999,
              -21.0011
            ],
            [
              -45.0994,
              -21.0037
            ],
            [
              -45.1013,
              -21.0064
            ],
            [
              -45.1017,
              -21.0079
            ],
            [
              -45.103,
              -21.0096
            ],
            [
              -45.1038,
              -21.0117
            ],
            [
              -45.1059,
              -21.015
            ],
            [
              -45.1079,
              -21.0172
            ],
            [
              -45.1086,
              -21.019
            ],
            [
              -45.1085,
              -21.0212
            ],
            [
              -45.1074,
              -21.0221
            ],
            [
              -45.1053,
              -21.0219
            ],
            [
              -45.1034,
              -21.0243
            ],
            [
              -45.103,
              -21.0256
            ],
            [
              -45.1034,
              -21.0274
            ],
            [
              -45.106,
              -21.0298
            ],
            [
              -45.109,
              -21.0316
            ],
            [
              -45.112,
              -21.0339
            ],
            [
              -45.1135,
              -21.0367
            ],
            [
              -45.1149,
              -21.0381
            ],
            [
              -45.1186,
              -21.04
            ],
            [
              -45.1211,
              -21.0422
            ],
            [
              -45.1218,
              -21.0444
            ],
            [
              -45.1209,
              -21.0456
            ],
            [
              -45.1195,
              -21.0462
            ],
            [
              -45.1161,
              -21.0486
            ],
            [
              -45.1153,
              -21.0496
            ],
            [
              -45.1155,
              -21.0512
            ],
            [
              -45.1172,
              -21.0522
            ],
            [
              -45.1193,
              -21.0545
            ],
            [
              -45.1206,
              -21.0554
            ],
            [
              -45.1227,
              -21.059
            ],
            [
              -45.1236,
              -21.059
            ],
            [
              -45.124,
              -21.057
            ],
            [
              -45.1257,
              -21.0555
            ],
            [
              -45.1274,
              -21.0532
            ],
            [
              -45.129,
              -21.0523
            ],
            [
              -45.1334,
              -21.0511
            ],
            [
              -45.1352,
              -21.0485
            ],
            [
              -45.1366,
              -21.0482
            ],
            [
              -45.1387,
              -21.0495
            ],
            [
              -45.1408,
              -21.0479
            ],
            [
              -45.1429,
              -21.0475
            ],
            [
              -45.1439,
              -21.0466
            ],
            [
              -45.1455,
              -21.0464
            ],
            [
              -45.1475,
              -21.047
            ],
            [
              -45.1499,
              -21.0454
            ],
            [
              -45.1497,
              -21.0418
            ],
            [
              -45.1504,
              -21.0405
            ],
            [
              -45.1527,
              -21.0411
            ],
            [
              -45.1544,
              -21.0433
            ],
            [
              -45.1559,
              -21.0446
            ],
            [
              -45.1571,
              -21.047
            ],
            [
              -45.1573,
              -21.0482
            ],
            [
              -45.157,
              -21.0525
            ],
            [
              -45.1579,
              -21.0562
            ],
            [
              -45.1584,
              -21.06
            ],
            [
              -45.1582,
              -21.0627
            ],
            [
              -45.1574,
              -21.0647
            ],
            [
              -45.1571,
              -21.0684
            ],
            [
              -45.1573,
              -21.0692
            ],
            [
              -45.1572,
              -21.0727
            ],
            [
              -45.1587,
              -21.077
            ],
            [
              -45.1605,
              -21.079
            ],
            [
              -45.1614,
              -21.0806
            ],
            [
              -45.1633,
              -21.0811
            ],
            [
              -45.165,
              -21.0801
            ],
            [
              -45.1676,
              -21.0815
            ],
            [
              -45.1691,
              -21.0802
            ],
            [
              -45.1711,
              -21.081
            ],
            [
              -45.1734,
              -21.0801
            ],
            [
              -45.177,
              -21.0805
            ],
            [
              -45.1802,
              -21.0818
            ],
            [
              -45.1826,
              -21.0819
            ],
            [
              -45.184,
              -21.081
            ],
            [
              -45.184,
              -21.079
            ],
            [
              -45.1835,
              -21.0778
            ],
            [
              -45.1841,
              -21.0768
            ],
            [
              -45.1857,
              -21.0767
            ],
            [
              -45.1869,
              -21.0779
            ],
            [
              -45.189,
              -21.0781
            ],
            [
              -45.1886,
              -21.083
            ],
            [
              -45.1877,
              -21.0839
            ],
            [
              -45.1865,
              -21.0878
            ],
            [
              -45.1891,
              -21.0878
            ],
            [
              -45.1874,
              -21.0901
            ],
            [
              -45.1856,
              -21.0914
            ],
            [
              -45.1829,
              -21.0917
            ],
            [
              -45.1791,
              -21.0906
            ],
            [
              -45.1749,
              -21.0926
            ],
            [
              -45.1704,
              -21.0966
            ],
            [
              -45.1669,
              -21.1009
            ],
            [
              -45.1649,
              -21.1057
            ],
            [
              -45.1638,
              -21.1091
            ],
            [
              -45.1623,
              -21.1106
            ],
            [
              -45.1575,
              -21.1122
            ],
            [
              -45.1564,
              -21.1134
            ],
            [
              -45.1555,
              -21.1159
            ],
            [
              -45.1558,
              -21.1198
            ],
            [
              -45.1553,
              -21.1221
            ],
            [
              -45.1539,
              -21.1245
            ],
            [
              -45.1525,
              -21.1276
            ],
            [
              -45.1526,
              -21.1289
            ],
            [
              -45.1543,
              -21.1308
            ],
            [
              -45.1573,
              -21.1326
            ],
            [
              -45.1561,
              -21.1366
            ],
            [
              -45.1561,
              -21.1389
            ],
            [
              -45.1575,
              -21.1418
            ],
            [
              -45.1588,
              -21.143
            ],
            [
              -45.1605,
              -21.1454
            ],
            [
              -45.1578,
              -21.1481
            ],
            [
              -45.1534,
              -21.1487
            ],
            [
              -45.1506,
              -21.1496
            ],
            [
              -45.1483,
              -21.1511
            ],
            [
              -45.1465,
              -21.1528
            ],
            [
              -45.146,
              -21.1543
            ],
            [
              -45.147,
              -21.1553
            ],
            [
              -45.1496,
              -21.1569
            ],
            [
              -45.1507,
              -21.1589
            ],
            [
              -45.1502,
              -21.1628
            ],
            [
              -45.1504,
              -21.1667
            ],
            [
              -45.1531,
              -21.1759
            ],
            [
              -45.1532,
              -21.1772
            ],
            [
              -45.1522,
              -21.181
            ],
            [
              -45.1521,
              -21.1823
            ],
            [
              -45.1508,
              -21.1846
            ],
            [
              -45.1495,
              -21.1853
            ],
            [
              -45.1424,
              -21.1873
            ],
            [
              -45.1413,
              -21.1862
            ],
            [
              -45.1425,
              -21.1843
            ],
            [
              -45.1424,
              -21.182
            ],
            [
              -45.1394,
              -21.1803
            ],
            [
              -45.1384,
              -21.1774
            ],
            [
              -45.1368,
              -21.1761
            ],
            [
              -45.1332,
              -21.1756
            ],
            [
              -45.1312,
              -21.1747
            ],
            [
              -45.1305,
              -21.1734
            ],
            [
              -45.1292,
              -21.1691
            ],
            [
              -45.1288,
              -21.1687
            ],
            [
              -45.1289,
              -21.1667
            ],
            [
              -45.1308,
              -21.1652
            ],
            [
              -45.1305,
              -21.1623
            ],
            [
              -45.1296,
              -21.161
            ],
            [
              -45.1278,
              -21.16
            ],
            [
              -45.1266,
              -21.1582
            ],
            [
              -45.1253,
              -21.1579
            ],
            [
              -45.124,
              -21.1605
            ],
            [
              -45.1205,
              -21.1599
            ],
            [
              -45.1176,
              -21.1578
            ],
            [
              -45.1172,
              -21.1559
            ],
            [
              -45.1147,
              -21.155
            ],
            [
              -45.1122,
              -21.1552
            ],
            [
              -45.1115,
              -21.1542
            ],
            [
              -45.1106,
              -21.1517
            ],
            [
              -45.1094,
              -21.1503
            ],
            [
              -45.1081,
              -21.1476
            ],
            [
              -45.1076,
              -21.1451
            ],
            [
              -45.1065,
              -21.1433
            ],
            [
              -45.1035,
              -21.1406
            ],
            [
              -45.1033,
              -21.1357
            ],
            [
              -45.104,
              -21.1316
            ],
            [
              -45.1026,
              -21.129
            ],
            [
              -45.1015,
              -21.1284
            ],
            [
              -45.0987,
              -21.128
            ],
            [
              -45.0965,
              -21.1283
            ],
            [
              -45.0924,
              -21.1278
            ],
            [
              -45.0914,
              -21.1272
            ],
            [
              -45.0854,
              -21.1272
            ],
            [
              -45.0839,
              -21.1262
            ],
            [
              -45.0834,
              -21.1251
            ],
            [
              -45.0834,
              -21.1233
            ],
            [
              -45.0828,
              -21.1205
            ],
            [
              -45.0796,
              -21.1152
            ],
            [
              -45.0786,
              -21.114
            ],
            [
              -45.0761,
              -21.1128
            ],
            [
              -45.0755,
              -21.1111
            ],
            [
              -45.0757,
              -21.1091
            ],
            [
              -45.0748,
              -21.108
            ],
            [
              -45.0718,
              -21.1079
            ],
            [
              -45.0669,
              -21.1082
            ],
            [
              -45.0598,
              -21.107
            ],
            [
              -45.0554,
              -21.1058
            ],
            [
              -45.052,
              -21.1052
            ],
            [
              -45.0477,
              -21.1043
            ],
            [
              -45.0458,
              -21.1041
            ],
            [
              -45.042,
              -21.1031
            ],
            [
              -45.0406,
              -21.1032
            ],
            [
              -45.0391,
              -21.1067
            ],
            [
              -45.0396,
              -21.111
            ],
            [
              -45.0405,
              -21.1123
            ],
            [
              -45.0403,
              -21.1153
            ],
            [
              -45.0392,
              -21.1175
            ],
            [
              -45.0396,
              -21.1217
            ],
            [
              -45.0385,
              -21.1235
            ],
            [
              -45.0394,
              -21.1273
            ],
            [
              -45.0396,
              -21.1322
            ],
            [
              -45.0406,
              -21.1343
            ],
            [
              -45.0404,
              -21.137
            ],
            [
              -45.0427,
              -21.1397
            ],
            [
              -45.0444,
              -21.1431
            ],
            [
              -45.0447,
              -21.1453
            ],
            [
              -45.0428,
              -21.1434
            ],
            [
              -45.0417,
              -21.1427
            ],
            [
              -45.0401,
              -21.1428
            ],
            [
              -45.0364,
              -21.1443
            ],
            [
              -45.0351,
              -21.1454
            ],
            [
              -45.0335,
              -21.1452
            ],
            [
              -45.0318,
              -21.1418
            ],
            [
              -45.0304,
              -21.1373
            ],
            [
              -45.0301,
              -21.1353
            ],
            [
              -45.028,
              -21.1331
            ],
            [
              -45.0272,
              -21.1329
            ],
            [
              -45.022,
              -21.133
            ],
            [
              -45.0186,
              -21.1333
            ],
            [
              -45.0151,
              -21.1339
            ],
            [
              -45.0127,
              -21.1351
            ],
            [
              -45.0108,
              -21.135
            ],
            [
              -45.0081,
              -21.1333
            ],
            [
              -45.0052,
              -21.1296
            ],
            [
              -45.0032,
              -21.1267
            ],
            [
              -45.0011,
              -21.1251
            ],
            [
              -44.9996,
              -21.1248
            ],
            [
              -44.9979,
              -21.1252
            ],
            [
              -44.997,
              -21.1262
            ],
            [
              -44.997,
              -21.1323
            ],
            [
              -44.9959,
              -21.134
            ],
            [
              -44.993,
              -21.1343
            ],
            [
              -44.9872,
              -21.1341
            ],
            [
              -44.9845,
              -21.1309
            ],
            [
              -44.981,
              -21.1293
            ],
            [
              -44.9778,
              -21.1258
            ],
            [
              -44.9746,
              -21.126
            ],
            [
              -44.9717,
              -21.1274
            ],
            [
              -44.9691,
              -21.1273
            ],
            [
              -44.968,
              -21.1266
            ],
            [
              -44.9663,
              -21.1242
            ],
            [
              -44.9656,
              -21.1218
            ],
            [
              -44.9637,
              -21.1208
            ],
            [
              -44.9605,
              -21.121
            ],
            [
              -44.9593,
              -21.1206
            ],
            [
              -44.9553,
              -21.1174
            ],
            [
              -44.9534,
              -21.114
            ],
            [
              -44.9526,
              -21.1118
            ],
            [
              -44.9497,
              -21.109
            ],
            [
              -44.9487,
              -21.1074
            ],
            [
              -44.9487,
              -21.1063
            ],
            [
              -44.9474,
              -21.1054
            ],
            [
              -44.9466,
              -21.1041
            ],
            [
              -44.9448,
              -21.1035
            ],
            [
              -44.9453,
              -21.1012
            ],
            [
              -44.9459,
              -21.1006
            ],
            [
              -44.9456,
              -21.0989
            ],
            [
              -44.9448,
              -21.0982
            ],
            [
              -44.9451,
              -21.0959
            ],
            [
              -44.9449,
              -21.0935
            ],
            [
              -44.9429,
              -21.0925
            ],
            [
              -44.9421,
              -21.0915
            ],
            [
              -44.9429,
              -21.0886
            ],
            [
              -44.9456,
              -21.0875
            ],
            [
              -44.9457,
              -21.0856
            ],
            [
              -44.9444,
              -21.085
            ],
            [
              -44.9446,
              -21.0832
            ],
            [
              -44.9416,
              -21.082
            ],
            [
              -44.9412,
              -21.0793
            ],
            [
              -44.9402,
              -21.0789
            ],
            [
              -44.9401,
              -21.0761
            ],
            [
              -44.9383,
              -21.0766
            ],
            [
              -44.9371,
              -21.075
            ],
            [
              -44.938,
              -21.073
            ],
            [
              -44.9396,
              -21.0718
            ],
            [
              -44.9408,
              -21.0721
            ],
            [
              -44.9432,
              -21.0698
            ],
            [
              -44.9407,
              -21.0672
            ],
            [
              -44.9416,
              -21.0656
            ],
            [
              -44.9453,
              -21.0649
            ],
            [
              -44.9465,
              -21.0658
            ],
            [
              -44.9483,
              -21.064
            ],
            [
              -44.9502,
              -21.0637
            ],
            [
              -44.953,
              -21.0644
            ],
            [
              -44.9539,
              -21.0619
            ],
            [
              -44.9551,
              -21.061
            ],
            [
              -44.9529,
              -21.0566
            ],
            [
              -44.9523,
              -21.0549
            ],
            [
              -44.9531,
              -21.0521
            ],
            [
              -44.9551,
              -21.0514
            ],
            [
              -44.9578,
              -21.052
            ],
            [
              -44.9593,
              -21.0513
            ],
            [
              -44.9603,
              -21.0498
            ],
            [
              -44.9631,
              -21.0477
            ],
            [
              -44.964,
              -21.0459
            ],
            [
              -44.9655,
              -21.0448
            ],
            [
              -44.9679,
              -21.0453
            ],
            [
              -44.9701,
              -21.043
            ],
            [
              -44.9715,
              -21.0391
            ],
            [
              -44.9713,
              -21.0381
            ],
            [
              -44.9728,
              -21.0355
            ],
            [
              -44.9731,
              -21.0316
            ],
            [
              -44.9745,
              -21.0289
            ],
            [
              -44.976,
              -21.0279
            ]
          ]
        ]
      },
      "properties": {
        "codarea": "3149903",
        "nome_municipio": "Perdões",
        "codigo_ibge": 3149903
      }
    },
    {
      "type": "Feature",
      "geometry": {
        "type": "Polygon",
        "coordinates": [
          [
            [
              -44.2743,
              -21.0569
            ],
            [
              -44.2723,
              -21.0565
            ],
            [
              -44.2703,
              -21.057
            ],
            [
              -44.2717,
              -21.0547
            ],
            [
              -44.2717,
              -21.0535
            ],
            [
              -44.2698,
              -21.0525
            ],
            [
              -44.2687,
              -21.0511
            ],
            [
              -44.2688,
              -21.0497
            ],
            [
              -44.2678,
              -21.0493
            ],
            [
              -44.2661,
              -21.0506
            ],
            [
              -44.2648,
              -21.0507
            ],
            [
              -44.2636,
              -21.0494
            ],
            [
              -44.2616,
              -21.0458
            ],
            [
              -44.2603,
              -21.0452
            ],
            [
              -44.2603,
              -21.0421
            ],
            [
              -44.2612,
              -21.0399
            ],
            [
              -44.2599,
              -21.0388
            ],
            [
              -44.2602,
              -21.0373
            ],
            [
              -44.2621,
              -21.0369
            ],
            [
              -44.2642,
              -21.0386
            ],
            [
              -44.2655,
              -21.0387
            ],
            [
              -44.2658,
              -21.0375
            ],
            [
              -44.2652,
              -21.0348
            ],
            [
              -44.2672,
              -21.0291
            ],
            [
              -44.2693,
              -21.0275
            ],
            [
              -44.2694,
              -21.0255
            ],
            [
              -44.2709,
              -21.0237
            ],
            [
              -44.2721,
              -21.0212
            ],
            [
              -44.2739,
              -21.0214
            ],
            [
              -44.2776,
              -21.0197
            ],
            [
              -44.2787,
              -21.0183
            ],
            [
              -44.2778,
              -21.016
            ],
            [
              -44.2768,
              -21.0137
            ],
            [
              -44.2766,
              -21.0116
            ],
            [
              -44.2752,
              -21.0097
            ],
            [
              -44.276,
              -21.0083
            ],
            [
              -44.2747,
              -21.0075
            ],
            [
              -44.2741,
              -21.0055
            ],
            [
              -44.2754,
              -21.0047
            ],
            [
              -44.2752,
              -20.9996
            ],
            [
              -44.2725,
              -20.998
            ],
            [
              -44.2719,
              -20.9969
            ],
            [
              -44.2707,
              -20.9976
            ],
            [
              -44.2693,
              -20.9971
            ],
            [
              -44.2691,
              -20.9955
            ],
            [
              -44.2677,
              -20.9936
            ],
            [
              -44.267,
              -20.9915
            ],
            [
              -44.2637,
              -20.9912
            ],
            [
              -44.2638,
              -20.988
            ],
            [
              -44.2646,
              -20.9866
            ],
            [
              -44.2646,
              -20.9834
            ],
            [
              -44.2633,
              -20.9821
            ],
            [
              -44.2609,
              -20.9822
            ],
            [
              -44.2586,
              -20.9806
            ],
            [
              -44.2572,
              -20.9768
            ],
            [
              -44.2576,
              -20.9751
            ],
            [
              -44.2594,
              -20.9746
            ],
            [
              -44.2646,
              -20.9758
            ],
            [
              -44.2678,
              -20.9761
            ],
            [
              -44.269,
              -20.9754
            ],
            [
              -44.2696,
              -20.9741
            ],
            [
              -44.2702,
              -20.9711
            ],
            [
              -44.2714,
              -20.9708
            ],
            [
              -44.2727,
              -20.9687
            ],
            [
              -44.2725,
              -20.9676
            ],
            [
              -44.2748,
              -20.9649
            ],
            [
              -44.2776,
              -20.9654
            ],
            [
              -44.2779,
              -20.9617
            ],
            [
              -44.2801,
              -20.96
            ],
            [
              -44.2815,
              -20.9578
            ],
            [
              -44.2831,
              -20.9568
            ],
            [
              -44.2838,
              -20.9554
            ],
            [
              -44.2842,
              -20.9525
            ],
            [
              -44.2837,
              -20.9513
            ],
            [
              -44.286,
              -20.9499
            ],
            [
              -44.2868,
              -20.947
            ],
            [
              -44.2853,
              -20.9433
            ],
            [
              -44.2858,
              -20.9416
            ],
            [
              -44.2874,
              -20.938
            ],
            [
              -44.2863,
              -20.9366
            ],
            [
              -44.287,
              -20.9359
            ],
            [
              -44.2866,
              -20.9345
            ],
            [
              -44.2875,
              -20.9331
            ],
            [
              -44.2875,
              -20.9319
            ],
            [
              -44.2884,
              -20.9304
            ],
            [
              -44.2898,
              -20.9306
            ],
            [
              -44.2906,
              -20.9297
            ],
            [
              -44.2918,
              -20.9256
            ],
            [
              -44.2912,
              -20.9247
            ],
            [
              -44.2889,
              -20.9233
            ],
            [
              -44.2854,
              -20.9217
            ],
            [
              -44.2849,
              -20.9208
            ],
            [
              -44.2853,
              -20.9191
            ],
            [
              -44.2876,
              -20.9171
            ],
            [
              -44.2934,
              -20.917
            ],
            [
              -44.2953,
              -20.9174
            ],
            [
              -44.2967,
              -20.9163
            ],
            [
              -44.2961,
              -20.9152
            ],
            [
              -44.2963,
              -20.9131
            ],
            [
              -44.3003,
              -20.9121
            ],
            [
              -44.3014,
              -20.9115
            ],
            [
              -44.3027,
              -20.909
            ],
            [
              -44.3053,
              -20.909
            ],
            [
              -44.3075,
              -20.908
            ],
            [
              -44.3093,
              -20.9064
            ],
            [
              -44.3122,
              -20.9053
            ],
            [
              -44.314,
              -20.9052
            ],
            [
              -44.3164,
              -20.9046
            ],
            [
              -44.321,
              -20.9044
            ],
            [
              -44.3233,
              -20.9059
            ],
            [
              -44.3246,
              -20.906
            ],
            [
              -44.3259,
              -20.9051
            ],
            [
              -44.3265,
              -20.9019
            ],
            [
              -44.3278,
              -20.8996
            ],
            [
              -44.3336,
              -20.8981
            ],
            [
              -44.3361,
              -20.8981
            ],
            [
              -44.3381,
              -20.8973
            ],
            [
              -44.3411,
              -20.8975
            ],
            [
              -44.3448,
              -20.8957
            ],
            [
              -44.3487,
              -20.8909
            ],
            [
              -44.3499,
              -20.8879
            ],
            [
              -44.3521,
              -20.8865
            ],
            [
              -44.3539,
              -20.8859
            ],
            [
              -44.3531,
              -20.8833
            ],
            [
              -44.3556,
              -20.8808
            ],
            [
              -44.3561,
              -20.8785
            ],
            [
              -44.3586,
              -20.8782
            ],
            [
              -44.361,
              -20.8788
            ],
            [
              -44.3618,
              -20.8737
            ],
            [
              -44.3628,
              -20.8717
            ],
            [
              -44.3657,
              -20.873
            ],
            [
              -44.3681,
              -20.8731
            ],
            [
              -44.3693,
              -20.8725
            ],
            [
              -44.3706,
              -20.8712
            ],
            [
              -44.3727,
              -20.8681
            ],
            [
              -44.3747,
              -20.8634
            ],
            [
              -44.3755,
              -20.8628
            ],
            [
              -44.3816,
              -20.862
            ],
            [
              -44.383,
              -20.8601
            ],
            [
              -44.3852,
              -20.8593
            ],
            [
              -44.3873,
              -20.8593
            ],
            [
              -44.3882,
              -20.8588
            ],
            [
              -44.3919,
              -20.8589
            ],
            [
              -44.3948,
              -20.8578
            ],
            [
              -44.3964,
              -20.8579
            ],
            [
              -44.3991,
              -20.8599
            ],
            [
              -44.4003,
              -20.8619
            ],
            [
              -44.4045,
              -20.8629
            ],
            [
              -44.4057,
              -20.8634
            ],
            [
              -44.4057,
              -20.8652
            ],
            [
              -44.4068,
              -20.8677
            ],
            [
              -44.4063,
              -20.8696
            ],
            [
              -44.4054,
              -20.8707
            ],
            [
              -44.4055,
              -20.8731
            ],
            [
              -44.4066,
              -20.8753
            ],
            [
              -44.4139,
              -20.8777
            ],
            [
              -44.4166,
              -20.8799
            ],
            [
              -44.4175,
              -20.8801
            ],
            [
              -44.4232,
              -20.8856
            ],
            [
              -44.4248,
              -20.8858
            ],
            [
              -44.4257,
              -20.8871
            ],
            [
              -44.4255,
              -20.8883
            ],
            [
              -44.4289,
              -20.8905
            ],
            [
              -44.4295,
              -20.8921
            ],
            [
              -44.4326,
              -20.8907
            ],
            [
              -44.4333,
              -20.8909
            ],
            [
              -44.4341,
              -20.8878
            ],
            [
              -44.4359,
              -20.8871
            ],
            [
              -44.4379,
              -20.8882
            ],
            [
              -44.4381,
              -20.8902
            ],
            [
              -44.4368,
              -20.892
            ],
            [
              -44.4383,
              -20.8929
            ],
            [
              -44.438,
              -20.8956
            ],
            [
              -44.4393,
              -20.8969
            ],
            [
              -44.4405,
              -20.8973
            ],
            [
              -44.4418,
              -20.8962
            ],
            [
              -44.4436,
              -20.897
            ],
            [
              -44.446,
              -20.8992
            ],
            [
              -44.4452,
              -20.9023
            ],
            [
              -44.4458,
              -20.9036
            ],
            [
              -44.4454,
              -20.9078
            ],
            [
              -44.4471,
              -20.9092
            ],
            [
              -44.4481,
              -20.9095
            ],
            [
              -44.45,
              -20.9115
            ],
            [
              -44.4521,
              -20.9124
            ],
            [
              -44.4518,
              -20.9145
            ],
            [
              -44.453,
              -20.9171
            ],
            [
              -44.4563,
              -20.9204
            ],
            [
              -44.4561,
              -20.9225
            ],
            [
              -44.4576,
              -20.9234
            ],
            [
              -44.4586,
              -20.9246
            ],
            [
              -44.4585,
              -20.9265
            ],
            [
              -44.4602,
              -20.9278
            ],
            [
              -44.4605,
              -20.9295
            ],
            [
              -44.4625,
              -20.9304
            ],
            [
              -44.4627,
              -20.932
            ],
            [
              -44.4614,
              -20.9341
            ],
            [
              -44.4631,
              -20.936
            ],
            [
              -44.4648,
              -20.9367
            ],
            [
              -44.4641,
              -20.9385
            ],
            [
              -44.4643,
              -20.9411
            ],
            [
              -44.4653,
              -20.9438
            ],
            [
              -44.4678,
              -20.9448
            ],
            [
              -44.4694,
              -20.9458
            ],
            [
              -44.4686,
              -20.9468
            ],
            [
              -44.4682,
              -20.9496
            ],
            [
              -44.4701,
              -20.951
            ],
            [
              -44.4712,
              -20.953
            ],
            [
              -44.4735,
              -20.9529
            ],
            [
              -44.4754,
              -20.9568
            ],
            [
              -44.4785,
              -20.958
            ],
            [
              -44.4794,
              -20.9602
            ],
            [
              -44.4781,
              -20.9667
            ],
            [
              -44.4796,
              -20.9685
            ],
            [
              -44.4794,
              -20.9702
            ],
            [
              -44.4778,
              -20.9711
            ],
            [
              -44.4776,
              -20.9729
            ],
            [
              -44.4768,
              -20.9741
            ],
            [
              -44.477,
              -20.977
            ],
            [
              -44.4777,
              -20.9797
            ],
            [
              -44.4768,
              -20.9808
            ],
            [
              -44.4772,
              -20.9831
            ],
            [
              -44.4757,
              -20.9839
            ],
            [
              -44.4735,
              -20.9834
            ],
            [
              -44.4717,
              -20.984
            ],
            [
              -44.4717,
              -20.9862
            ],
            [
              -44.4751,
              -20.9874
            ],
            [
              -44.4775,
              -20.9898
            ],
            [
              -44.4808,
              -20.99
            ],
            [
              -44.4821,
              -20.9912
            ],
            [
              -44.4824,
              -20.9927
            ],
            [
              -44.4836,
              -20.9948
            ],
            [
              -44.4836,
              -20.9982
            ],
            [
              -44.4852,
              -20.9985
            ],
            [
              -44.4852,
              -21.002
            ],
            [
              -44.4839,
              -21.005
            ],
            [
              -44.484,
              -21.0065
            ],
            [
              -44.4851,
              -21.0077
            ],
            [
              -44.4839,
              -21.0091
            ],
            [
              -44.4831,
              -21.0112
            ],
            [
              -44.4813,
              -21.0121
            ],
            [
              -44.4851,
              -21.0188
            ],
            [
              -44.4858,
              -21.0218
            ],
            [
              -44.4878,
              -21.0239
            ],
            [
              -44.4892,
              -21.027
            ],
            [
              -44.4909,
              -21.0283
            ],
            [
              -44.4927,
              -21.0339
            ],
            [
              -44.4925,
              -21.0347
            ],
            [
              -44.4882,
              -21.0343
            ],
            [
              -44.4869,
              -21.0347
            ],
            [
              -44.4834,
              -21.0346
            ],
            [
              -44.4829,
              -21.0351
            ],
            [
              -44.483,
              -21.0389
            ],
            [
              -44.4841,
              -21.0415
            ],
            [
              -44.4824,
              -21.0437
            ],
            [
              -44.4784,
              -21.0434
            ],
            [
              -44.475,
              -21.0443
            ],
            [
              -44.4743,
              -21.045
            ],
            [
              -44.4727,
              -21.048
            ],
            [
              -44.4681,
              -21.0493
            ],
            [
              -44.4659,
              -21.0496
            ],
            [
              -44.4644,
              -21.049
            ],
            [
              -44.4633,
              -21.047
            ],
            [
              -44.4615,
              -21.0459
            ],
            [
              -44.4617,
              -21.0434
            ],
            [
              -44.4612,
              -21.0403
            ],
            [
              -44.4604,
              -21.0398
            ],
            [
              -44.4572,
              -21.0397
            ],
            [
              -44.4532,
              -21.0407
            ],
            [
              -44.4521,
              -21.0425
            ],
            [
              -44.4522,
              -21.0463
            ],
            [
              -44.4526,
              -21.0487
            ],
            [
              -44.4521,
              -21.0497
            ],
            [
              -44.4503,
              -21.0512
            ],
            [
              -44.4487,
              -21.0516
            ],
            [
              -44.4402,
              -21.051
            ],
            [
              -44.4388,
              -21.0506
            ],
            [
              -44.4351,
              -21.0507
            ],
            [
              -44.4328,
              -21.0504
            ],
            [
              -44.4302,
              -21.0509
            ],
            [
              -44.4285,
              -21.0498
            ],
            [
              -44.4277,
              -21.0508
            ],
            [
              -44.4277,
              -21.054
            ],
            [
              -44.4287,
              -21.0565
            ],
            [
              -44.4291,
              -21.0589
            ],
            [
              -44.4319,
              -21.0619
            ],
            [
              -44.4325,
              -21.0632
            ],
            [
              -44.4321,
              -21.0653
            ],
            [
              -44.4292,
              -21.0681
            ],
            [
              -44.4277,
              -21.07
            ],
            [
              -44.4252,
              -21.0711
            ],
            [
              -44.4213,
              -21.0716
            ],
            [
              -44.4205,
              -21.0725
            ],
            [
              -44.4201,
              -21.0742
            ],
            [
              -44.4192,
              -21.0755
            ],
            [
              -44.42,
              -21.0778
            ],
            [
              -44.4199,
              -21.0802
            ],
            [
              -44.4206,
              -21.0824
            ],
            [
              -44.4205,
              -21.0839
            ],
            [
              -44.4167,
              -21.0875
            ],
            [
              -44.4149,
              -21.0902
            ],
            [
              -44.4131,
              -21.0904
            ],
            [
              -44.4108,
              -21.0889
            ],
            [
              -44.4094,
              -21.0897
            ],
            [
              -44.4086,
              -21.0885
            ],
            [
              -44.407,
              -21.0876
            ],
            [
              -44.406,
              -21.0857
            ],
            [
              -44.4048,
              -21.0845
            ],
            [
              -44.4039,
              -21.0847
            ],
            [
              -44.4035,
              -21.087
            ],
            [
              -44.4039,
              -21.0884
            ],
            [
              -44.4063,
              -21.0922
            ],
            [
              -44.4057,
              -21.0937
            ],
            [
              -44.4043,
              -21.0942
            ],
            [
              -44.4,
              -21.0947
            ],
            [
              -44.3956,
              -21.0942
            ],
            [
              -44.3936,
              -21.0929
            ],
            [
              -44.3924,
              -21.0928
            ],
            [
              -44.3892,
              -21.0938
            ],
            [
              -44.3848,
              -21.0946
            ],
            [
              -44.3839,
              -21.0929
            ],
            [
              -44.3837,
              -21.0913
            ],
            [
              -44.3845,
              -21.0887
            ],
            [
              -44.3839,
              -21.0876
            ],
            [
              -44.3807,
              -21.0849
            ],
            [
              -44.38,
              -21.082
            ],
            [
              -44.3793,
              -21.0806
            ],
            [
              -44.3777,
              -21.0799
            ],
            [
              -44.375,
              -21.0817
            ],
            [
              -44.3736,
              -21.0838
            ],
            [
              -44.3704,
              -21.0861
            ],
            [
              -44.3689,
              -21.0886
            ],
            [
              -44.3664,
              -21.0886
            ],
            [
              -44.3655,
              -21.0873
            ],
            [
              -44.366,
              -21.0828
            ],
            [
              -44.3653,
              -21.0817
            ],
            [
              -44.3628,
              -21.0804
            ],
            [
              -44.3603,
              -21.08
            ],
            [
              -44.3569,
              -21.0788
            ],
            [
              -44.3553,
              -21.0769
            ],
            [
              -44.3544,
              -21.075
            ],
            [
              -44.3547,
              -21.072
            ],
            [
              -44.3527,
              -21.0704
            ],
            [
              -44.3518,
              -21.071
            ],
            [
              -44.3479,
              -21.0708
            ],
            [
              -44.3466,
              -21.0712
            ],
            [
              -44.3449,
              -21.0708
            ],
            [
              -44.3433,
              -21.0699
            ],
            [
              -44.342,
              -21.0702
            ],
            [
              -44.3405,
              -21.0715
            ],
            [
              -44.3386,
              -21.0756
            ],
            [
              -44.3385,
              -21.0776
            ],
            [
              -44.3391,
              -21.0784
            ],
            [
              -44.3421,
              -21.0801
            ],
            [
              -44.3421,
              -21.0811
            ],
            [
              -44.3392,
              -21.083
            ],
            [
              -44.3358,
              -21.0827
            ],
            [
              -44.3314,
              -21.0798
            ],
            [
              -44.3308,
              -21.0786
            ],
            [
              -44.3312,
              -21.0764
            ],
            [
              -44.3341,
              -21.0754
            ],
            [
              -44.3345,
              -21.073
            ],
            [
              -44.3331,
              -21.0709
            ],
            [
              -44.3318,
              -21.0701
            ],
            [
              -44.3296,
              -21.0696
            ],
            [
              -44.3269,
              -21.0695
            ],
            [
              -44.3247,
              -21.0668
            ],
            [
              -44.3236,
              -21.0669
            ],
            [
              -44.32,
              -21.069
            ],
            [
              -44.3171,
              -21.0693
            ],
            [
              -44.3163,
              -21.0686
            ],
            [
              -44.3189,
              -21.0668
            ],
            [
              -44.3193,
              -21.066
            ],
            [
              -44.3192,
              -21.0637
            ],
            [
              -44.317,
              -21.0638
            ],
            [
              -44.3151,
              -21.0627
            ],
            [
              -44.3111,
              -21.0626
            ],
            [
              -44.3097,
              -21.0615
            ],
            [
              -44.3078,
              -21.0594
            ],
            [
              -44.3064,
              -21.0589
            ],
            [
              -44.3068,
              -21.057
            ],
            [
              -44.3096,
              -21.0545
            ],
            [
              -44.3089,
              -21.0525
            ],
            [
              -44.3073,
              -21.0524
            ],
            [
              -44.3035,
              -21.0515
            ],
            [
              -44.301,
              -21.0519
            ],
            [
              -44.2985,
              -21.0513
            ],
            [
              -44.2964,
              -21.0498
            ],
            [
              -44.2951,
              -21.0473
            ],
            [
              -44.2964,
              -21.0441
            ],
            [
              -44.2972,
              -21.043
            ],
            [
              -44.2968,
              -21.0415
            ],
            [
              -44.2955,
              -21.0407
            ],
            [
              -44.2933,
              -21.0406
            ],
            [
              -44.2915,
              -21.0429
            ],
            [
              -44.2877,
              -21.0437
            ],
            [
              -44.2861,
              -21.0448
            ],
            [
              -44.2853,
              -21.0474
            ],
            [
              -44.2849,
              -21.0513
            ],
            [
              -44.283,
              -21.0533
            ],
            [
              -44.283,
              -21.0546
            ],
            [
              -44.2821,
              -21.0554
            ],
            [
              -44.2776,
              -21.0566
            ],
            [
              -44.2743,
              -21.0569
            ]
          ]
        ]
      },
      "properties": {
        "codarea": "3156106",
        "nome_municipio": "Ritápolis",
        "codigo_ibge": 3156106
      }
    },
    {
      "type": "Feature",
      "geometry": {
        "type": "Polygon",
        "coordinates": [
          [
            [
              -45.0705,
              -20.8393
            ],
            [
              -45.0745,
              -20.8406
            ],
            [
              -45.0753,
              -20.8419
            ],
            [
              -45.0761,
              -20.8452
            ],
            [
              -45.077,
              -20.8457
            ],
            [
              -45.0795,
              -20.8455
            ],
            [
              -45.0797,
              -20.8463
            ],
            [
              -45.0756,
              -20.8499
            ],
            [
              -45.0744,
              -20.8516
            ],
            [
              -45.0746,
              -20.8539
            ],
            [
              -45.0772,
              -20.8553
            ],
            [
              -45.0809,
              -20.8556
            ],
            [
              -45.0818,
              -20.8571
            ],
            [
              -45.0807,
              -20.859
            ],
            [
              -45.0782,
              -20.8611
            ],
            [
              -45.0784,
              -20.8642
            ],
            [
              -45.0781,
              -20.8662
            ],
            [
              -45.079,
              -20.8686
            ],
            [
              -45.0803,
              -20.8695
            ],
            [
              -45.0829,
              -20.869
            ],
            [
              -45.0851,
              -20.869
            ],
            [
              -45.0862,
              -20.8717
            ],
            [
              -45.0877,
              -20.8721
            ],
            [
              -45.0893,
              -20.8746
            ],
            [
              -45.0911,
              -20.8751
            ],
            [
              -45.0934,
              -20.8762
            ],
            [
              -45.0946,
              -20.8773
            ],
            [
              -45.0959,
              -20.8774
            ],
            [
              -45.0945,
              -20.8798
            ],
            [
              -45.0952,
              -20.8803
            ],
            [
              -45.0983,
              -20.8802
            ],
            [
              -45.1009,
              -20.8808
            ],
            [
              -45.1021,
              -20.8801
            ],
            [
              -45.1032,
              -20.8813
            ],
            [
              -45.1037,
              -20.8831
            ],
            [
              -45.104,
              -20.8869
            ],
            [
              -45.1044,
              -20.8873
            ],
            [
              -45.1071,
              -20.887
            ],
            [
              -45.108,
              -20.8851
            ],
            [
              -45.1091,
              -20.8849
            ],
            [
              -45.111,
              -20.8878
            ],
            [
              -45.1128,
              -20.8896
            ],
            [
              -45.1129,
              -20.894
            ],
            [
              -45.1169,
              -20.8937
            ],
            [
              -45.1187,
              -20.8939
            ],
            [
              -45.122,
              -20.8962
            ],
            [
              -45.1237,
              -20.8958
            ],
            [
              -45.1248,
              -20.8949
            ],
            [
              -45.1272,
              -20.8973
            ],
            [
              -45.1294,
              -20.8967
            ],
            [
              -45.1311,
              -20.8972
            ],
            [
              -45.1326,
              -20.8965
            ],
            [
              -45.1331,
              -20.8984
            ],
            [
              -45.134,
              -20.8996
            ],
            [
              -45.1326,
              -20.9023
            ],
            [
              -45.1325,
              -20.905
            ],
            [
              -45.1328,
              -20.9072
            ],
            [
              -45.1347,
              -20.9055
            ],
            [
              -45.136,
              -20.9053
            ],
            [
              -45.1379,
              -20.9063
            ],
            [
              -45.1346,
              -20.9089
            ],
            [
              -45.1368,
              -20.91
            ],
            [
              -45.1398,
              -20.9109
            ],
            [
              -45.1419,
              -20.9126
            ],
            [
              -45.1432,
              -20.9146
            ],
            [
              -45.1426,
              -20.9154
            ],
            [
              -45.1401,
              -20.9148
            ],
            [
              -45.1376,
              -20.916
            ],
            [
              -45.1367,
              -20.9179
            ],
            [
              -45.1377,
              -20.9203
            ],
            [
              -45.1373,
              -20.9234
            ],
            [
              -45.1392,
              -20.9223
            ],
            [
              -45.1408,
              -20.924
            ],
            [
              -45.1432,
              -20.9246
            ],
            [
              -45.1424,
              -20.9267
            ],
            [
              -45.1399,
              -20.9277
            ],
            [
              -45.1377,
              -20.9275
            ],
            [
              -45.1355,
              -20.9267
            ],
            [
              -45.134,
              -20.9255
            ],
            [
              -45.1297,
              -20.9259
            ],
            [
              -45.129,
              -20.9223
            ],
            [
              -45.1283,
              -20.9215
            ],
            [
              -45.1258,
              -20.921
            ],
            [
              -45.1242,
              -20.9217
            ],
            [
              -45.1231,
              -20.9237
            ],
            [
              -45.1209,
              -20.9249
            ],
            [
              -45.119,
              -20.9253
            ],
            [
              -45.1183,
              -20.9267
            ],
            [
              -45.1187,
              -20.9289
            ],
            [
              -45.1182,
              -20.93
            ],
            [
              -45.1168,
              -20.93
            ],
            [
              -45.1146,
              -20.9283
            ],
            [
              -45.1133,
              -20.9261
            ],
            [
              -45.1111,
              -20.9261
            ],
            [
              -45.1106,
              -20.928
            ],
            [
              -45.1093,
              -20.9272
            ],
            [
              -45.1075,
              -20.9285
            ],
            [
              -45.1071,
              -20.9311
            ],
            [
              -45.108,
              -20.932
            ],
            [
              -45.1062,
              -20.9328
            ],
            [
              -45.106,
              -20.9343
            ],
            [
              -45.105,
              -20.9353
            ],
            [
              -45.1048,
              -20.9369
            ],
            [
              -45.1039,
              -20.9379
            ],
            [
              -45.1033,
              -20.9403
            ],
            [
              -45.1,
              -20.9413
            ],
            [
              -45.0982,
              -20.9454
            ],
            [
              -45.0959,
              -20.9473
            ],
            [
              -45.0943,
              -20.9478
            ],
            [
              -45.0929,
              -20.9492
            ],
            [
              -45.0924,
              -20.9506
            ],
            [
              -45.0904,
              -20.9508
            ],
            [
              -45.0883,
              -20.9501
            ],
            [
              -45.0872,
              -20.9489
            ],
            [
              -45.0864,
              -20.9444
            ],
            [
              -45.0842,
              -20.9422
            ],
            [
              -45.0803,
              -20.9403
            ],
            [
              -45.0763,
              -20.9413
            ],
            [
              -45.0754,
              -20.9403
            ],
            [
              -45.0756,
              -20.9393
            ],
            [
              -45.0749,
              -20.9371
            ],
            [
              -45.0727,
              -20.9351
            ],
            [
              -45.0694,
              -20.9344
            ],
            [
              -45.0665,
              -20.9331
            ],
            [
              -45.0657,
              -20.9324
            ],
            [
              -45.0654,
              -20.9308
            ],
            [
              -45.0676,
              -20.9296
            ],
            [
              -45.0702,
              -20.929
            ],
            [
              -45.0727,
              -20.928
            ],
            [
              -45.0744,
              -20.9266
            ],
            [
              -45.0759,
              -20.9209
            ],
            [
              -45.0753,
              -20.9197
            ],
            [
              -45.0721,
              -20.9187
            ],
            [
              -45.0702,
              -20.9173
            ],
            [
              -45.0681,
              -20.915
            ],
            [
              -45.0661,
              -20.914
            ],
            [
              -45.061,
              -20.9141
            ],
            [
              -45.0586,
              -20.9147
            ],
            [
              -45.0566,
              -20.916
            ],
            [
              -45.0546,
              -20.9166
            ],
            [
              -45.0526,
              -20.918
            ],
            [
              -45.0518,
              -20.9207
            ],
            [
              -45.0496,
              -20.921
            ],
            [
              -45.049,
              -20.92
            ],
            [
              -45.0472,
              -20.9194
            ],
            [
              -45.0431,
              -20.919
            ],
            [
              -45.042,
              -20.9181
            ],
            [
              -45.0403,
              -20.9152
            ],
            [
              -45.0367,
              -20.9137
            ],
            [
              -45.0296,
              -20.9095
            ],
            [
              -45.026,
              -20.9078
            ],
            [
              -45.0226,
              -20.9077
            ],
            [
              -45.0204,
              -20.9069
            ],
            [
              -45.0193,
              -20.9052
            ],
            [
              -45.0195,
              -20.9031
            ],
            [
              -45.0182,
              -20.9018
            ],
            [
              -45.0154,
              -20.9014
            ],
            [
              -45.0121,
              -20.8991
            ],
            [
              -45.0114,
              -20.8965
            ],
            [
              -45.0101,
              -20.8956
            ],
            [
              -45.0077,
              -20.897
            ],
            [
              -45.0053,
              -20.8963
            ],
            [
              -45.0035,
              -20.8933
            ],
            [
              -45.0028,
              -20.8914
            ],
            [
              -45.0009,
              -20.8892
            ],
            [
              -44.9994,
              -20.8867
            ],
            [
              -44.9976,
              -20.8825
            ],
            [
              -44.9971,
              -20.8806
            ],
            [
              -44.9973,
              -20.8772
            ],
            [
              -44.9983,
              -20.8759
            ],
            [
              -44.9998,
              -20.8767
            ],
            [
              -45.001,
              -20.8758
            ],
            [
              -45.001,
              -20.8748
            ],
            [
              -44.9996,
              -20.8711
            ],
            [
              -45.0003,
              -20.87
            ],
            [
              -45.002,
              -20.8692
            ],
            [
              -45.0029,
              -20.8676
            ],
            [
              -45.0041,
              -20.8675
            ],
            [
              -45.0059,
              -20.8686
            ],
            [
              -45.0074,
              -20.8689
            ],
            [
              -45.0098,
              -20.8681
            ],
            [
              -45.0105,
              -20.8668
            ],
            [
              -45.0096,
              -20.8639
            ],
            [
              -45.0081,
              -20.8617
            ],
            [
              -45.0086,
              -20.8583
            ],
            [
              -45.0086,
              -20.8559
            ],
            [
              -45.008,
              -20.8529
            ],
            [
              -45.0102,
              -20.8477
            ],
            [
              -45.0103,
              -20.8447
            ],
            [
              -45.0113,
              -20.8437
            ],
            [
              -45.0149,
              -20.8423
            ],
            [
              -45.0197,
              -20.8369
            ],
            [
              -45.0199,
              -20.8355
            ],
            [
              -45.0216,
              -20.8332
            ],
            [
              -45.0245,
              -20.8304
            ],
            [
              -45.0252,
              -20.8293
            ],
            [
              -45.0247,
              -20.8272
            ],
            [
              -45.0246,
              -20.8247
            ],
            [
              -45.0251,
              -20.8236
            ],
            [
              -45.0277,
              -20.8208
            ],
            [
              -45.0339,
              -20.8174
            ],
            [
              -45.0359,
              -20.8171
            ],
            [
              -45.0382,
              -20.8175
            ],
            [
              -45.039,
              -20.8169
            ],
            [
              -45.0391,
              -20.8149
            ],
            [
              -45.0381,
              -20.8129
            ],
            [
              -45.0392,
              -20.8093
            ],
            [
              -45.0401,
              -20.8097
            ],
            [
              -45.0406,
              -20.8116
            ],
            [
              -45.0439,
              -20.8126
            ],
            [
              -45.0454,
              -20.8153
            ],
            [
              -45.0471,
              -20.8164
            ],
            [
              -45.048,
              -20.8161
            ],
            [
              -45.0484,
              -20.8138
            ],
            [
              -45.05,
              -20.8138
            ],
            [
              -45.0517,
              -20.8149
            ],
            [
              -45.0556,
              -20.8161
            ],
            [
              -45.0565,
              -20.8169
            ],
            [
              -45.058,
              -20.8181
            ],
            [
              -45.0618,
              -20.818
            ],
            [
              -45.0633,
              -20.82
            ],
            [
              -45.0642,
              -20.822
            ],
            [
              -45.0641,
              -20.8232
            ],
            [
              -45.0629,
              -20.8244
            ],
            [
              -45.0599,
              -20.825
            ],
            [
              -45.0595,
              -20.8259
            ],
            [
              -45.062,
              -20.8259
            ],
            [
              -45.065,
              -20.829
            ],
            [
              -45.0661,
              -20.8307
            ],
            [
              -45.066,
              -20.8316
            ],
            [
              -45.0639,
              -20.8322
            ],
            [
              -45.0637,
              -20.8331
            ],
            [
              -45.0651,
              -20.8344
            ],
            [
              -45.0669,
              -20.838
            ],
            [
              -45.0686,
              -20.8391
            ],
            [
              -45.0705,
              -20.8393
            ]
          ]
        ]
      },
      "properties": {
        "codarea": "3158805",
        "nome_municipio": "Santana do Jacaré",
        "codigo_ibge": 3158805
      }
    },
    {
      "type": "Feature",
      "geometry": {
        "type": "Polygon",
        "coordinates": [
          [
            [
              -44.805,
              -20.8976
            ],
            [
              -44.8054,
              -20.8957
            ],
            [
              -44.807,
              -20.893
            ],
            [
              -44.8095,
              -20.8915
            ],
            [
              -44.8147,
              -20.8901
            ],
            [
              -44.818,
              -20.8879
            ],
            [
              -44.8187,
              -20.887
            ],
            [
              -44.8215,
              -20.8852
            ],
            [
              -44.8225,
              -20.882
            ],
            [
              -44.8229,
              -20.878
            ],
            [
              -44.8247,
              -20.8751
            ],
            [
              -44.8271,
              -20.8732
            ],
            [
              -44.8299,
              -20.8701
            ],
            [
              -44.8333,
              -20.8681
            ],
            [
              -44.8362,
              -20.8642
            ],
            [
              -44.8372,
              -20.8585
            ],
            [
              -44.838,
              -20.8572
            ],
            [
              -44.8382,
              -20.8531
            ],
            [
              -44.8376,
              -20.8516
            ],
            [
              -44.8364,
              -20.8502
            ],
            [
              -44.832,
              -20.8486
            ],
            [
              -44.8311,
              -20.8472
            ],
            [
              -44.8313,
              -20.8459
            ],
            [
              -44.8323,
              -20.8441
            ],
            [
              -44.8333,
              -20.8414
            ],
            [
              -44.8374,
              -20.8399
            ],
            [
              -44.8411,
              -20.8391
            ],
            [
              -44.8442,
              -20.8379
            ],
            [
              -44.8477,
              -20.8387
            ],
            [
              -44.85,
              -20.8387
            ],
            [
              -44.8521,
              -20.837
            ],
            [
              -44.8531,
              -20.8358
            ],
            [
              -44.8547,
              -20.835
            ],
            [
              -44.8569,
              -20.8323
            ],
            [
              -44.8581,
              -20.8313
            ],
            [
              -44.858,
              -20.8301
            ],
            [
              -44.8589,
              -20.8277
            ],
            [
              -44.8607,
              -20.8259
            ],
            [
              -44.8613,
              -20.824
            ],
            [
              -44.8623,
              -20.8232
            ],
            [
              -44.8617,
              -20.8218
            ],
            [
              -44.864,
              -20.8186
            ],
            [
              -44.8663,
              -20.8163
            ],
            [
              -44.8701,
              -20.8108
            ],
            [
              -44.8718,
              -20.808
            ],
            [
              -44.8752,
              -20.8085
            ],
            [
              -44.8779,
              -20.8073
            ],
            [
              -44.8787,
              -20.8058
            ],
            [
              -44.8784,
              -20.8032
            ],
            [
              -44.8806,
              -20.803
            ],
            [
              -44.884,
              -20.8037
            ],
            [
              -44.8882,
              -20.803
            ],
            [
              -44.8899,
              -20.8004
            ],
            [
              -44.8918,
              -20.7984
            ],
            [
              -44.8925,
              -20.7962
            ],
            [
              -44.8929,
              -20.7936
            ],
            [
              -44.8944,
              -20.7924
            ],
            [
              -44.8963,
              -20.7925
            ],
            [
              -44.9,
              -20.794
            ],
            [
              -44.9031,
              -20.7941
            ],
            [
              -44.9056,
              -20.7946
            ],
            [
              -44.9078,
              -20.7966
            ],
            [
              -44.9103,
              -20.7957
            ],
            [
              -44.9126,
              -20.7953
            ],
            [
              -44.9164,
              -20.7956
            ],
            [
              -44.92,
              -20.7938
            ],
            [
              -44.9215,
              -20.7938
            ],
            [
              -44.9247,
              -20.7925
            ],
            [
              -44.9287,
              -20.7923
            ],
            [
              -44.9318,
              -20.7917
            ],
            [
              -44.9337,
              -20.7941
            ],
            [
              -44.9361,
              -20.795
            ],
            [
              -44.9388,
              -20.7955
            ],
            [
              -44.9401,
              -20.7964
            ],
            [
              -44.9422,
              -20.7995
            ],
            [
              -44.943,
              -20.801
            ],
            [
              -44.943,
              -20.8049
            ],
            [
              -44.9419,
              -20.807
            ],
            [
              -44.9419,
              -20.8107
            ],
            [
              -44.9406,
              -20.8123
            ],
            [
              -44.9405,
              -20.8134
            ],
            [
              -44.9415,
              -20.8158
            ],
            [
              -44.9416,
              -20.8173
            ],
            [
              -44.9426,
              -20.8184
            ],
            [
              -44.9451,
              -20.8187
            ],
            [
              -44.9461,
              -20.8176
            ],
            [
              -44.9475,
              -20.8152
            ],
            [
              -44.9518,
              -20.8128
            ],
            [
              -44.9571,
              -20.813
            ],
            [
              -44.9588,
              -20.8112
            ],
            [
              -44.9613,
              -20.8092
            ],
            [
              -44.967,
              -20.8075
            ],
            [
              -44.9718,
              -20.8082
            ],
            [
              -44.9729,
              -20.8087
            ],
            [
              -44.9748,
              -20.8106
            ],
            [
              -44.9783,
              -20.8122
            ],
            [
              -44.9813,
              -20.8115
            ],
            [
              -44.9856,
              -20.8114
            ],
            [
              -44.9873,
              -20.8106
            ],
            [
              -44.9887,
              -20.8088
            ],
            [
              -44.99,
              -20.808
            ],
            [
              -44.9917,
              -20.8078
            ],
            [
              -44.9945,
              -20.8086
            ],
            [
              -44.9986,
              -20.809
            ],
            [
              -45.0016,
              -20.8108
            ],
            [
              -45.0034,
              -20.8138
            ],
            [
              -45.0043,
              -20.8144
            ],
            [
              -45.0065,
              -20.8147
            ],
            [
              -45.0097,
              -20.8137
            ],
            [
              -45.0125,
              -20.8134
            ],
            [
              -45.0138,
              -20.8116
            ],
            [
              -45.0156,
              -20.81
            ],
            [
              -45.0188,
              -20.8104
            ],
            [
              -45.0231,
              -20.8126
            ],
            [
              -45.0249,
              -20.8126
            ],
            [
              -45.0264,
              -20.8107
            ],
            [
              -45.0297,
              -20.8095
            ],
            [
              -45.0308,
              -20.8087
            ],
            [
              -45.0344,
              -20.8073
            ],
            [
              -45.0375,
              -20.808
            ],
            [
              -45.0392,
              -20.8093
            ],
            [
              -45.0381,
              -20.8129
            ],
            [
              -45.0391,
              -20.8149
            ],
            [
              -45.039,
              -20.8169
            ],
            [
              -45.0382,
              -20.8175
            ],
            [
              -45.0359,
              -20.8171
            ],
            [
              -45.0339,
              -20.8174
            ],
            [
              -45.0277,
              -20.8208
            ],
            [
              -45.0251,
              -20.8236
            ],
            [
              -45.0246,
              -20.8247
            ],
            [
              -45.0247,
              -20.8272
            ],
            [
              -45.0252,
              -20.8293
            ],
            [
              -45.0245,
              -20.8304
            ],
            [
              -45.0216,
              -20.8332
            ],
            [
              -45.0199,
              -20.8355
            ],
            [
              -45.0197,
              -20.8369
            ],
            [
              -45.0149,
              -20.8423
            ],
            [
              -45.0113,
              -20.8437
            ],
            [
              -45.0103,
              -20.8447
            ],
            [
              -45.0102,
              -20.8477
            ],
            [
              -45.008,
              -20.8529
            ],
            [
              -45.0086,
              -20.8559
            ],
            [
              -45.0086,
              -20.8583
            ],
            [
              -45.0081,
              -20.8617
            ],
            [
              -45.0096,
              -20.8639
            ],
            [
              -45.0105,
              -20.8668
            ],
            [
              -45.0098,
              -20.8681
            ],
            [
              -45.0074,
              -20.8689
            ],
            [
              -45.0059,
              -20.8686
            ],
            [
              -45.0041,
              -20.8675
            ],
            [
              -45.0029,
              -20.8676
            ],
            [
              -45.002,
              -20.8692
            ],
            [
              -45.0003,
              -20.87
            ],
            [
              -44.9996,
              -20.8711
            ],
            [
              -45.001,
              -20.8748
            ],
            [
              -45.001,
              -20.8758
            ],
            [
              -44.9998,
              -20.8767
            ],
            [
              -44.9983,
              -20.8759
            ],
            [
              -44.9973,
              -20.8772
            ],
            [
              -44.9971,
              -20.8806
            ],
            [
              -44.9976,
              -20.8825
            ],
            [
              -44.9994,
              -20.8867
            ],
            [
              -45.0009,
              -20.8892
            ],
            [
              -45.0028,
              -20.8914
            ],
            [
              -45.0035,
              -20.8933
            ],
            [
              -45.0053,
              -20.8963
            ],
            [
              -45.0077,
              -20.897
            ],
            [
              -45.0101,
              -20.8956
            ],
            [
              -45.0114,
              -20.8965
            ],
            [
              -45.0121,
              -20.8991
            ],
            [
              -45.0154,
              -20.9014
            ],
            [
              -45.0182,
              -20.9018
            ],
            [
              -45.0195,
              -20.9031
            ],
            [
              -45.0193,
              -20.9052
            ],
            [
              -45.0204,
              -20.9069
            ],
            [
              -45.0226,
              -20.9077
            ],
            [
              -45.026,
              -20.9078
            ],
            [
              -45.0296,
              -20.9095
            ],
            [
              -45.0367,
              -20.9137
            ],
            [
              -45.0403,
              -20.9152
            ],
            [
              -45.042,
              -20.9181
            ],
            [
              -45.0431,
              -20.919
            ],
            [
              -45.0472,
              -20.9194
            ],
            [
              -45.049,
              -20.92
            ],
            [
              -45.0496,
              -20.921
            ],
            [
              -45.0518,
              -20.9207
            ],
            [
              -45.0526,
              -20.918
            ],
            [
              -45.0546,
              -20.9166
            ],
            [
              -45.0566,
              -20.916
            ],
            [
              -45.0586,
              -20.9147
            ],
            [
              -45.061,
              -20.9141
            ],
            [
              -45.0661,
              -20.914
            ],
            [
              -45.0681,
              -20.915
            ],
            [
              -45.0702,
              -20.9173
            ],
            [
              -45.0721,
              -20.9187
            ],
            [
              -45.0753,
              -20.9197
            ],
            [
              -45.0759,
              -20.9209
            ],
            [
              -45.0744,
              -20.9266
            ],
            [
              -45.0727,
              -20.928
            ],
            [
              -45.0702,
              -20.929
            ],
            [
              -45.0676,
              -20.9296
            ],
            [
              -45.0654,
              -20.9308
            ],
            [
              -45.0657,
              -20.9324
            ],
            [
              -45.0665,
              -20.9331
            ],
            [
              -45.0694,
              -20.9344
            ],
            [
              -45.0727,
              -20.9351
            ],
            [
              -45.0749,
              -20.9371
            ],
            [
              -45.0756,
              -20.9393
            ],
            [
              -45.0754,
              -20.9403
            ],
            [
              -45.0746,
              -20.9423
            ],
            [
              -45.0721,
              -20.9454
            ],
            [
              -45.0706,
              -20.9469
            ],
            [
              -45.0668,
              -20.9492
            ],
            [
              -45.0658,
              -20.9509
            ],
            [
              -45.0654,
              -20.9532
            ],
            [
              -45.0634,
              -20.9549
            ],
            [
              -45.063,
              -20.9585
            ],
            [
              -45.0639,
              -20.9606
            ],
            [
              -45.0626,
              -20.9617
            ],
            [
              -45.0617,
              -20.9634
            ],
            [
              -45.0626,
              -20.9648
            ],
            [
              -45.0621,
              -20.9658
            ],
            [
              -45.0628,
              -20.9675
            ],
            [
              -45.0625,
              -20.9684
            ],
            [
              -45.0629,
              -20.971
            ],
            [
              -45.064,
              -20.9731
            ],
            [
              -45.0628,
              -20.974
            ],
            [
              -45.0593,
              -20.975
            ],
            [
              -45.06,
              -20.9764
            ],
            [
              -45.0633,
              -20.9767
            ],
            [
              -45.0643,
              -20.9785
            ],
            [
              -45.0633,
              -20.9809
            ],
            [
              -45.0634,
              -20.9827
            ],
            [
              -45.0653,
              -20.9855
            ],
            [
              -45.0648,
              -20.9865
            ],
            [
              -45.0621,
              -20.9867
            ],
            [
              -45.0611,
              -20.9874
            ],
            [
              -45.0615,
              -20.99
            ],
            [
              -45.0612,
              -20.9926
            ],
            [
              -45.0593,
              -20.9969
            ],
            [
              -45.0585,
              -20.9994
            ],
            [
              -45.0574,
              -21.0011
            ],
            [
              -45.0564,
              -21.0037
            ],
            [
              -45.057,
              -21.0052
            ],
            [
              -45.0585,
              -21.0058
            ],
            [
              -45.0593,
              -21.007
            ],
            [
              -45.0597,
              -21.01
            ],
            [
              -45.0603,
              -21.0112
            ],
            [
              -45.0625,
              -21.0128
            ],
            [
              -45.0636,
              -21.0146
            ],
            [
              -45.0658,
              -21.0164
            ],
            [
              -45.0673,
              -21.017
            ],
            [
              -45.068,
              -21.0188
            ],
            [
              -45.0676,
              -21.0205
            ],
            [
              -45.0652,
              -21.0237
            ],
            [
              -45.0618,
              -21.0278
            ],
            [
              -45.0608,
              -21.0298
            ],
            [
              -45.0571,
              -21.0331
            ],
            [
              -45.0547,
              -21.0349
            ],
            [
              -45.0533,
              -21.0372
            ],
            [
              -45.0509,
              -21.0399
            ],
            [
              -45.0467,
              -21.0424
            ],
            [
              -45.0425,
              -21.0436
            ],
            [
              -45.0401,
              -21.043
            ],
            [
              -45.0392,
              -21.0418
            ],
            [
              -45.0362,
              -21.036
            ],
            [
              -45.0346,
              -21.0349
            ],
            [
              -45.0303,
              -21.0349
            ],
            [
              -45.0256,
              -21.0369
            ],
            [
              -45.0244,
              -21.0366
            ],
            [
              -45.0225,
              -21.0351
            ],
            [
              -45.0199,
              -21.0356
            ],
            [
              -45.0158,
              -21.038
            ],
            [
              -45.0131,
              -21.0398
            ],
            [
              -45.0098,
              -21.0384
            ],
            [
              -45.0077,
              -21.0381
            ],
            [
              -45.0033,
              -21.039
            ],
            [
              -45.0005,
              -21.0403
            ],
            [
              -44.9988,
              -21.0417
            ],
            [
              -44.9957,
              -21.0417
            ],
            [
              -44.9946,
              -21.041
            ],
            [
              -44.9939,
              -21.0389
            ],
            [
              -44.9925,
              -21.0381
            ],
            [
              -44.99,
              -21.0374
            ],
            [
              -44.9869,
              -21.0354
            ],
            [
              -44.9855,
              -21.0333
            ],
            [
              -44.9833,
              -21.0306
            ],
            [
              -44.9812,
              -21.0301
            ],
            [
              -44.9806,
              -21.0292
            ],
            [
              -44.9785,
              -21.0289
            ],
            [
              -44.976,
              -21.0279
            ],
            [
              -44.9769,
              -21.0267
            ],
            [
              -44.9784,
              -21.0263
            ],
            [
              -44.9789,
              -21.0248
            ],
            [
              -44.9777,
              -21.0219
            ],
            [
              -44.9763,
              -21.0205
            ],
            [
              -44.9736,
              -21.0199
            ],
            [
              -44.973,
              -21.0185
            ],
            [
              -44.9735,
              -21.0156
            ],
            [
              -44.9722,
              -21.0135
            ],
            [
              -44.9724,
              -21.0114
            ],
            [
              -44.9713,
              -21.011
            ],
            [
              -44.9679,
              -21.0117
            ],
            [
              -44.9671,
              -21.0122
            ],
            [
              -44.9657,
              -21.0151
            ],
            [
              -44.9636,
              -21.0163
            ],
            [
              -44.9615,
              -21.0163
            ],
            [
              -44.9572,
              -21.0171
            ],
            [
              -44.9555,
              -21.016
            ],
            [
              -44.9532,
              -21.0127
            ],
            [
              -44.9501,
              -21.01
            ],
            [
              -44.9489,
              -21.0079
            ],
            [
              -44.9482,
              -21.006
            ],
            [
              -44.9464,
              -21.0037
            ],
            [
              -44.9455,
              -21.0015
            ],
            [
              -44.9456,
              -20.9977
            ],
            [
              -44.9452,
              -20.996
            ],
            [
              -44.9438,
              -20.9942
            ],
            [
              -44.9392,
              -20.9911
            ],
            [
              -44.9352,
              -20.9894
            ],
            [
              -44.9327,
              -20.9897
            ],
            [
              -44.9295,
              -20.9927
            ],
            [
              -44.9274,
              -20.9934
            ],
            [
              -44.9244,
              -20.9933
            ],
            [
              -44.9196,
              -20.9944
            ],
            [
              -44.9164,
              -20.9965
            ],
            [
              -44.9119,
              -20.9987
            ],
            [
              -44.9113,
              -21.0004
            ],
            [
              -44.9089,
              -21.0043
            ],
            [
              -44.9079,
              -21.0051
            ],
            [
              -44.9017,
              -21.0033
            ],
            [
              -44.8992,
              -21.0015
            ],
            [
              -44.8973,
              -21.001
            ],
            [
              -44.8947,
              -21.0011
            ],
            [
              -44.8913,
              -21.0025
            ],
            [
              -44.8896,
              -21.0045
            ],
            [
              -44.8882,
              -21.0052
            ],
            [
              -44.8861,
              -21.0053
            ],
            [
              -44.8845,
              -21.0036
            ],
            [
              -44.8836,
              -21.0016
            ],
            [
              -44.8832,
              -20.998
            ],
            [
              -44.8838,
              -20.9955
            ],
            [
              -44.8834,
              -20.9914
            ],
            [
              -44.882,
              -20.9896
            ],
            [
              -44.8797,
              -20.9883
            ],
            [
              -44.8777,
              -20.9882
            ],
            [
              -44.8762,
              -20.9872
            ],
            [
              -44.8724,
              -20.9858
            ],
            [
              -44.8716,
              -20.9832
            ],
            [
              -44.8723,
              -20.981
            ],
            [
              -44.8738,
              -20.9792
            ],
            [
              -44.874,
              -20.9781
            ],
            [
              -44.8717,
              -20.9769
            ],
            [
              -44.8707,
              -20.9755
            ],
            [
              -44.8702,
              -20.9724
            ],
            [
              -44.8687,
              -20.9708
            ],
            [
              -44.8689,
              -20.968
            ],
            [
              -44.8699,
              -20.9652
            ],
            [
              -44.8693,
              -20.9608
            ],
            [
              -44.8685,
              -20.9589
            ],
            [
              -44.8667,
              -20.956
            ],
            [
              -44.8652,
              -20.9548
            ],
            [
              -44.8628,
              -20.955
            ],
            [
              -44.8605,
              -20.956
            ],
            [
              -44.859,
              -20.956
            ],
            [
              -44.8577,
              -20.9547
            ],
            [
              -44.855,
              -20.9535
            ],
            [
              -44.8536,
              -20.9524
            ],
            [
              -44.8514,
              -20.9537
            ],
            [
              -44.8504,
              -20.9561
            ],
            [
              -44.8469,
              -20.9579
            ],
            [
              -44.8464,
              -20.9585
            ],
            [
              -44.8431,
              -20.96
            ],
            [
              -44.8399,
              -20.9609
            ],
            [
              -44.8351,
              -20.9615
            ],
            [
              -44.832,
              -20.9613
            ],
            [
              -44.8291,
              -20.9606
            ],
            [
              -44.8252,
              -20.9588
            ],
            [
              -44.8202,
              -20.9584
            ],
            [
              -44.8166,
              -20.9585
            ],
            [
              -44.8153,
              -20.9573
            ],
            [
              -44.8145,
              -20.9547
            ],
            [
              -44.8135,
              -20.9537
            ],
            [
              -44.8111,
              -20.9533
            ],
            [
              -44.8101,
              -20.9492
            ],
            [
              -44.8106,
              -20.9472
            ],
            [
              -44.8101,
              -20.9456
            ],
            [
              -44.8074,
              -20.9435
            ],
            [
              -44.8075,
              -20.9425
            ],
            [
              -44.8087,
              -20.941
            ],
            [
              -44.811,
              -20.9358
            ],
            [
              -44.8098,
              -20.9341
            ],
            [
              -44.8091,
              -20.9302
            ],
            [
              -44.808,
              -20.928
            ],
            [
              -44.8079,
              -20.9251
            ],
            [
              -44.806,
              -20.9225
            ],
            [
              -44.8073,
              -20.92
            ],
            [
              -44.8062,
              -20.9152
            ],
            [
              -44.8053,
              -20.9126
            ],
            [
              -44.8035,
              -20.9103
            ],
            [
              -44.8003,
              -20.9103
            ],
            [
              -44.7997,
              -20.9084
            ],
            [
              -44.7998,
              -20.9066
            ],
            [
              -44.8005,
              -20.9049
            ],
            [
              -44.8002,
              -20.9038
            ],
            [
              -44.8006,
              -20.9012
            ],
            [
              -44.8015,
              -20.8995
            ],
            [
              -44.8048,
              -20.898
            ],
            [
              -44.805,
              -20.8976
            ]
          ]
        ]
      },
      "properties": {
        "codarea": "3159902",
        "nome_municipio": "Santo Antônio do Amparo",
        "codigo_ibge": 3159902
      }
    },
    {
      "type": "Feature",
      "geometry": {
        "type": "Polygon",
        "coordinates": [
          [
            [
              -50.3575,
              -29.1171
            ],
            [
              -50.3588,
              -29.1153
            ],
            [
              -50.3613,
              -29.1133
            ],
            [
              -50.3636,
              -29.1125
            ],
            [
              -50.3659,
              -29.1124
            ],
            [
              -50.3678,
              -29.1114
            ],
            [
              -50.368,
              -29.1105
            ],
            [
              -50.3661,
              -29.1061
            ],
            [
              -50.3668,
              -29.1045
            ],
            [
              -50.3713,
              -29.1071
            ],
            [
              -50.3732,
              -29.1074
            ],
            [
              -50.3765,
              -29.1087
            ],
            [
              -50.3776,
              -29.1095
            ],
            [
              -50.3799,
              -29.11
            ],
            [
              -50.3893,
              -29.1134
            ],
            [
              -50.3917,
              -29.114
            ],
            [
              -50.3929,
              -29.115
            ],
            [
              -50.3953,
              -29.116
            ],
            [
              -50.3966,
              -29.1159
            ],
            [
              -50.3991,
              -29.117
            ],
            [
              -50.4008,
              -29.1173
            ],
            [
              -50.4021,
              -29.1187
            ],
            [
              -50.4033,
              -29.1186
            ],
            [
              -50.4051,
              -29.1195
            ],
            [
              -50.4079,
              -29.1202
            ],
            [
              -50.4112,
              -29.1189
            ],
            [
              -50.4134,
              -29.12
            ],
            [
              -50.4143,
              -29.1217
            ],
            [
              -50.4164,
              -29.1234
            ],
            [
              -50.4195,
              -29.1264
            ],
            [
              -50.4202,
              -29.1283
            ],
            [
              -50.4226,
              -29.1304
            ],
            [
              -50.4271,
              -29.1329
            ],
            [
              -50.4284,
              -29.1315
            ],
            [
              -50.4318,
              -29.1318
            ],
            [
              -50.4346,
              -29.1316
            ],
            [
              -50.4351,
              -29.1305
            ],
            [
              -50.4369,
              -29.1305
            ],
            [
              -50.4376,
              -29.1314
            ],
            [
              -50.4396,
              -29.1318
            ],
            [
              -50.442,
              -29.1288
            ],
            [
              -50.4439,
              -29.1292
            ],
            [
              -50.4438,
              -29.1221
            ],
            [
              -50.4443,
              -29.1171
            ],
            [
              -50.4442,
              -29.1157
            ],
            [
              -50.4425,
              -29.1127
            ],
            [
              -50.4398,
              -29.106
            ],
            [
              -50.4374,
              -29.0975
            ],
            [
              -50.4376,
              -29.0883
            ],
            [
              -50.4363,
              -29.0848
            ],
            [
              -50.4336,
              -29.0808
            ],
            [
              -50.4322,
              -29.0781
            ],
            [
              -50.4315,
              -29.076
            ],
            [
              -50.4325,
              -29.0734
            ],
            [
              -50.4357,
              -29.0683
            ],
            [
              -50.4391,
              -29.0613
            ],
            [
              -50.4404,
              -29.0564
            ],
            [
              -50.4423,
              -29.0535
            ],
            [
              -50.4434,
              -29.0512
            ],
            [
              -50.4428,
              -29.0481
            ],
            [
              -50.4454,
              -29.0469
            ],
            [
              -50.4465,
              -29.046
            ],
            [
              -50.4491,
              -29.0449
            ],
            [
              -50.4515,
              -29.0451
            ],
            [
              -50.4507,
              -29.0434
            ],
            [
              -50.4512,
              -29.0423
            ],
            [
              -50.4533,
              -29.0403
            ],
            [
              -50.4543,
              -29.0374
            ],
            [
              -50.4558,
              -29.0374
            ],
            [
              -50.4557,
              -29.0359
            ],
            [
              -50.4546,
              -29.0347
            ],
            [
              -50.4562,
              -29.0331
            ],
            [
              -50.4557,
              -29.0324
            ],
            [
              -50.4569,
              -29.0288
            ],
            [
              -50.4568,
              -29.0261
            ],
            [
              -50.4581,
              -29.0243
            ],
            [
              -50.4574,
              -29.021
            ],
            [
              -50.4589,
              -29.0188
            ],
            [
              -50.4587,
              -29.0166
            ],
            [
              -50.4601,
              -29.0138
            ],
            [
              -50.4586,
              -29.0118
            ],
            [
              -50.4592,
              -29.0113
            ],
            [
              -50.458,
              -29.0096
            ],
            [
              -50.4571,
              -29.0072
            ],
            [
              -50.4572,
              -29.004
            ],
            [
              -50.459,
              -29.0032
            ],
            [
              -50.4591,
              -29.0015
            ],
            [
              -50.461,
              -28.9999
            ],
            [
              -50.4602,
              -28.9984
            ],
            [
              -50.4635,
              -28.9965
            ],
            [
              -50.4644,
              -28.995
            ],
            [
              -50.4631,
              -28.9947
            ],
            [
              -50.4587,
              -28.9929
            ],
            [
              -50.4617,
              -28.988
            ],
            [
              -50.463,
              -28.9848
            ],
            [
              -50.4625,
              -28.9839
            ],
            [
              -50.4627,
              -28.9801
            ],
            [
              -50.4636,
              -28.9773
            ],
            [
              -50.4627,
              -28.9759
            ],
            [
              -50.4644,
              -28.9741
            ],
            [
              -50.4651,
              -28.9722
            ],
            [
              -50.4647,
              -28.971
            ],
            [
              -50.4633,
              -28.9692
            ],
            [
              -50.4631,
              -28.964
            ],
            [
              -50.4639,
              -28.9632
            ],
            [
              -50.4633,
              -28.9605
            ],
            [
              -50.4635,
              -28.9596
            ],
            [
              -50.4667,
              -28.9597
            ],
            [
              -50.4682,
              -28.9587
            ],
            [
              -50.4686,
              -28.9568
            ],
            [
              -50.4701,
              -28.9536
            ],
            [
              -50.4686,
              -28.9496
            ],
            [
              -50.4713,
              -28.9474
            ],
            [
              -50.4702,
              -28.9457
            ],
            [
              -50.471,
              -28.9445
            ],
            [
              -50.475,
              -28.9427
            ],
            [
              -50.4761,
              -28.9398
            ],
            [
              -50.4754,
              -28.9372
            ],
            [
              -50.4773,
              -28.9351
            ],
            [
              -50.4785,
              -28.9347
            ],
            [
              -50.4815,
              -28.9353
            ],
            [
              -50.4831,
              -28.934
            ],
            [
              -50.4861,
              -28.9328
            ],
            [
              -50.4878,
              -28.9297
            ],
            [
              -50.4866,
              -28.9277
            ],
            [
              -50.487,
              -28.9269
            ],
            [
              -50.4895,
              -28.9256
            ],
            [
              -50.4934,
              -28.926
            ],
            [
              -50.4953,
              -28.9271
            ],
            [
              -50.4977,
              -28.9275
            ],
            [
              -50.5002,
              -28.9253
            ],
            [
              -50.5018,
              -28.9249
            ],
            [
              -50.5054,
              -28.9223
            ],
            [
              -50.5071,
              -28.9205
            ],
            [
              -50.5068,
              -28.9175
            ],
            [
              -50.5075,
              -28.914
            ],
            [
              -50.5107,
              -28.9136
            ],
            [
              -50.5119,
              -28.9128
            ],
            [
              -50.5145,
              -28.9119
            ],
            [
              -50.5161,
              -28.9099
            ],
            [
              -50.5156,
              -28.9079
            ],
            [
              -50.513,
              -28.9061
            ],
            [
              -50.5128,
              -28.9045
            ],
            [
              -50.5182,
              -28.9016
            ],
            [
              -50.5176,
              -28.9001
            ],
            [
              -50.5157,
              -28.8999
            ],
            [
              -50.5148,
              -28.8991
            ],
            [
              -50.515,
              -28.8979
            ],
            [
              -50.5187,
              -28.8973
            ],
            [
              -50.5191,
              -28.8955
            ],
            [
              -50.5237,
              -28.895
            ],
            [
              -50.5263,
              -28.8935
            ],
            [
              -50.5291,
              -28.8895
            ],
            [
              -50.5313,
              -28.8881
            ],
            [
              -50.5351,
              -28.8873
            ],
            [
              -50.5375,
              -28.8873
            ],
            [
              -50.5395,
              -28.8879
            ],
            [
              -50.544,
              -28.8911
            ],
            [
              -50.5456,
              -28.8933
            ],
            [
              -50.5468,
              -28.8939
            ],
            [
              -50.5489,
              -28.8931
            ],
            [
              -50.5502,
              -28.8917
            ],
            [
              -50.5533,
              -28.8927
            ],
            [
              -50.555,
              -28.8923
            ],
            [
              -50.5551,
              -28.8896
            ],
            [
              -50.5535,
              -28.8871
            ],
            [
              -50.5521,
              -28.8844
            ],
            [
              -50.5527,
              -28.882
            ],
            [
              -50.5549,
              -28.8828
            ],
            [
              -50.5567,
              -28.8844
            ],
            [
              -50.5581,
              -28.8867
            ],
            [
              -50.5597,
              -28.8881
            ],
            [
              -50.5622,
              -28.8866
            ],
            [
              -50.5623,
              -28.8857
            ],
            [
              -50.5603,
              -28.8841
            ],
            [
              -50.56,
              -28.8807
            ],
            [
              -50.5568,
              -28.8773
            ],
            [
              -50.5569,
              -28.8748
            ],
            [
              -50.5607,
              -28.8733
            ],
            [
              -50.5612,
              -28.8723
            ],
            [
              -50.5573,
              -28.8713
            ],
            [
              -50.553,
              -28.872
            ],
            [
              -50.5514,
              -28.8704
            ],
            [
              -50.5497,
              -28.865
            ],
            [
              -50.5513,
              -28.8626
            ],
            [
              -50.5542,
              -28.8631
            ],
            [
              -50.5574,
              -28.8632
            ],
            [
              -50.5631,
              -28.865
            ],
            [
              -50.5668,
              -28.8642
            ],
            [
              -50.5692,
              -28.8641
            ],
            [
              -50.5727,
              -28.8632
            ],
            [
              -50.5727,
              -28.8618
            ],
            [
              -50.5707,
              -28.8606
            ],
            [
              -50.567,
              -28.8592
            ],
            [
              -50.5662,
              -28.8584
            ],
            [
              -50.5636,
              -28.8539
            ],
            [
              -50.5633,
              -28.8524
            ],
            [
              -50.5644,
              -28.8509
            ],
            [
              -50.5659,
              -28.8505
            ],
            [
              -50.5673,
              -28.8511
            ],
            [
              -50.57,
              -28.8541
            ],
            [
              -50.5715,
              -28.8552
            ],
            [
              -50.5731,
              -28.8557
            ],
            [
              -50.5796,
              -28.856
            ],
            [
              -50.5825,
              -28.8551
            ],
            [
              -50.5846,
              -28.8528
            ],
            [
              -50.5847,
              -28.8517
            ],
            [
              -50.5837,
              -28.8503
            ],
            [
              -50.5796,
              -28.8476
            ],
            [
              -50.5783,
              -28.8464
            ],
            [
              -50.5786,
              -28.8432
            ],
            [
              -50.5816,
              -28.8421
            ],
            [
              -50.5834,
              -28.8409
            ],
            [
              -50.5948,
              -28.8369
            ],
            [
              -50.6047,
              -28.8318
            ],
            [
              -50.6064,
              -28.8303
            ],
            [
              -50.607,
              -28.8285
            ],
            [
              -50.6062,
              -28.8267
            ],
            [
              -50.6024,
              -28.8252
            ],
            [
              -50.6004,
              -28.8234
            ],
            [
              -50.6005,
              -28.8218
            ],
            [
              -50.6029,
              -28.8195
            ],
            [
              -50.604,
              -28.8177
            ],
            [
              -50.6046,
              -28.8152
            ],
            [
              -50.6043,
              -28.8101
            ],
            [
              -50.6109,
              -28.8078
            ],
            [
              -50.6156,
              -28.8047
            ],
            [
              -50.6175,
              -28.8041
            ],
            [
              -50.6187,
              -28.8049
            ],
            [
              -50.6189,
              -28.8066
            ],
            [
              -50.6174,
              -28.8108
            ],
            [
              -50.6177,
              -28.8147
            ],
            [
              -50.6197,
              -28.8161
            ],
            [
              -50.6271,
              -28.8176
            ],
            [
              -50.6296,
              -28.8175
            ],
            [
              -50.6348,
              -28.8145
            ],
            [
              -50.64,
              -28.8125
            ],
            [
              -50.6424,
              -28.8122
            ],
            [
              -50.6475,
              -28.8126
            ],
            [
              -50.6534,
              -28.8143
            ],
            [
              -50.658,
              -28.8151
            ],
            [
              -50.6613,
              -28.8153
            ],
            [
              -50.6639,
              -28.8144
            ],
            [
              -50.6647,
              -28.8124
            ],
            [
              -50.6643,
              -28.8109
            ],
            [
              -50.6613,
              -28.8083
            ],
            [
              -50.6597,
              -28.8075
            ],
            [
              -50.6551,
              -28.8033
            ],
            [
              -50.6543,
              -28.8021
            ],
            [
              -50.6541,
              -28.8003
            ],
            [
              -50.6557,
              -28.7983
            ],
            [
              -50.6586,
              -28.7972
            ],
            [
              -50.6614,
              -28.7969
            ],
            [
              -50.6683,
              -28.7981
            ],
            [
              -50.6758,
              -28.799
            ],
            [
              -50.681,
              -28.8017
            ],
            [
              -50.6832,
              -28.8022
            ],
            [
              -50.6899,
              -28.8022
            ],
            [
              -50.6912,
              -28.8019
            ],
            [
              -50.6954,
              -28.799
            ],
            [
              -50.7013,
              -28.7962
            ],
            [
              -50.705,
              -28.7951
            ],
            [
              -50.7084,
              -28.7954
            ],
            [
              -50.7119,
              -28.7966
            ],
            [
              -50.7205,
              -28.8019
            ],
            [
              -50.7248,
              -28.8032
            ],
            [
              -50.7273,
              -28.8026
            ],
            [
              -50.7288,
              -28.8014
            ],
            [
              -50.7305,
              -28.7983
            ],
            [
              -50.7304,
              -28.7966
            ],
            [
              -50.7297,
              -28.7956
            ],
            [
              -50.727,
              -28.7935
            ],
            [
              -50.7226,
              -28.7911
            ],
            [
              -50.7179,
              -28.7866
            ],
            [
              -50.7173,
              -28.7849
            ],
            [
              -50.7182,
              -28.7829
            ],
            [
              -50.72,
              -28.7821
            ],
            [
              -50.7223,
              -28.7816
            ],
            [
              -50.7283,
              -28.7826
            ],
            [
              -50.7306,
              -28.7834
            ],
            [
              -50.7326,
              -28.7849
            ],
            [
              -50.7343,
              -28.7873
            ],
            [
              -50.7354,
              -28.7901
            ],
            [
              -50.737,
              -28.7952
            ],
            [
              -50.7393,
              -28.7986
            ],
            [
              -50.7418,
              -28.7986
            ],
            [
              -50.7436,
              -28.7974
            ],
            [
              -50.7451,
              -28.7955
            ],
            [
              -50.7461,
              -28.7932
            ],
            [
              -50.7462,
              -28.7915
            ],
            [
              -50.7456,
              -28.7887
            ],
            [
              -50.7456,
              -28.7847
            ],
            [
              -50.7459,
              -28.7827
            ],
            [
              -50.7484,
              -28.7772
            ],
            [
              -50.7492,
              -28.7763
            ],
            [
              -50.7554,
              -28.772
            ],
            [
              -50.7577,
              -28.7719
            ],
            [
              -50.7611,
              -28.7735
            ],
            [
              -50.7621,
              -28.7748
            ],
            [
              -50.763,
              -28.7781
            ],
            [
              -50.7616,
              -28.7831
            ],
            [
              -50.7621,
              -28.7853
            ],
            [
              -50.7638,
              -28.7874
            ],
            [
              -50.7669,
              -28.7883
            ],
            [
              -50.7757,
              -28.7901
            ],
            [
              -50.7802,
              -28.7913
            ],
            [
              -50.7861,
              -28.7932
            ],
            [
              -50.791,
              -28.796
            ],
            [
              -50.7954,
              -28.7974
            ],
            [
              -50.7978,
              -28.7988
            ],
            [
              -50.7984,
              -28.8004
            ],
            [
              -50.7961,
              -28.802
            ],
            [
              -50.7925,
              -28.8049
            ],
            [
              -50.7887,
              -28.8094
            ],
            [
              -50.7865,
              -28.8129
            ],
            [
              -50.7865,
              -28.8144
            ],
            [
              -50.7909,
              -28.8157
            ],
            [
              -50.8007,
              -28.817
            ],
            [
              -50.8054,
              -28.8181
            ],
            [
              -50.8089,
              -28.8198
            ],
            [
              -50.8103,
              -28.8213
            ],
            [
              -50.8128,
              -28.8245
            ],
            [
              -50.8142,
              -28.8256
            ],
            [
              -50.8161,
              -28.8263
            ],
            [
              -50.8187,
              -28.8257
            ],
            [
              -50.822,
              -28.8229
            ],
            [
              -50.8249,
              -28.8216
            ],
            [
              -50.8266,
              -28.8219
            ],
            [
              -50.8286,
              -28.8233
            ],
            [
              -50.8298,
              -28.8235
            ],
            [
              -50.8319,
              -28.8223
            ],
            [
              -50.833,
              -28.8199
            ],
            [
              -50.8344,
              -28.8184
            ],
            [
              -50.8395,
              -28.8146
            ],
            [
              -50.8418,
              -28.8134
            ],
            [
              -50.8443,
              -28.8126
            ],
            [
              -50.8464,
              -28.8124
            ],
            [
              -50.8498,
              -28.8172
            ],
            [
              -50.8507,
              -28.8206
            ],
            [
              -50.8507,
              -28.8237
            ],
            [
              -50.8504,
              -28.8248
            ],
            [
              -50.8497,
              -28.8301
            ],
            [
              -50.8499,
              -28.8327
            ],
            [
              -50.8487,
              -28.8327
            ],
            [
              -50.8447,
              -28.8313
            ],
            [
              -50.8421,
              -28.83
            ],
            [
              -50.8408,
              -28.8299
            ],
            [
              -50.8396,
              -28.8315
            ],
            [
              -50.8384,
              -28.8359
            ],
            [
              -50.8359,
              -28.8364
            ],
            [
              -50.8302,
              -28.8351
            ],
            [
              -50.8263,
              -28.8358
            ],
            [
              -50.8208,
              -28.8365
            ],
            [
              -50.8188,
              -28.8377
            ],
            [
              -50.8179,
              -28.8399
            ],
            [
              -50.8176,
              -28.8424
            ],
            [
              -50.8192,
              -28.8465
            ],
            [
              -50.8195,
              -28.8485
            ],
            [
              -50.8203,
              -28.8497
            ],
            [
              -50.823,
              -28.8523
            ],
            [
              -50.8272,
              -28.8552
            ],
            [
              -50.8274,
              -28.8565
            ],
            [
              -50.8234,
              -28.8621
            ],
            [
              -50.8222,
              -28.8651
            ],
            [
              -50.821,
              -28.8674
            ],
            [
              -50.8198,
              -28.8682
            ],
            [
              -50.8174,
              -28.8687
            ],
            [
              -50.8114,
              -28.8688
            ],
            [
              -50.8062,
              -28.868
            ],
            [
              -50.8042,
              -28.8685
            ],
            [
              -50.8015,
              -28.8711
            ],
            [
              -50.7988,
              -28.8728
            ],
            [
              -50.7954,
              -28.8734
            ],
            [
              -50.7944,
              -28.8748
            ],
            [
              -50.7949,
              -28.8758
            ],
            [
              -50.8007,
              -28.8787
            ],
            [
              -50.8006,
              -28.8798
            ],
            [
              -50.798,
              -28.8842
            ],
            [
              -50.7991,
              -28.8862
            ],
            [
              -50.7999,
              -28.8867
            ],
            [
              -50.8061,
              -28.8845
            ],
            [
              -50.8098,
              -28.8846
            ],
            [
              -50.8113,
              -28.8852
            ],
            [
              -50.8145,
              -28.8882
            ],
            [
              -50.82,
              -28.8924
            ],
            [
              -50.8202,
              -28.8939
            ],
            [
              -50.8194,
              -28.8965
            ],
            [
              -50.8154,
              -28.8995
            ],
            [
              -50.8133,
              -28.899
            ],
            [
              -50.8117,
              -28.8959
            ],
            [
              -50.8103,
              -28.8951
            ],
            [
              -50.8074,
              -28.8952
            ],
            [
              -50.8058,
              -28.8967
            ],
            [
              -50.8062,
              -28.8977
            ],
            [
              -50.8091,
              -28.8989
            ],
            [
              -50.8102,
              -28.8999
            ],
            [
              -50.8119,
              -28.9029
            ],
            [
              -50.8114,
              -28.9046
            ],
            [
              -50.8079,
              -28.9059
            ],
            [
              -50.8068,
              -28.9068
            ],
            [
              -50.8056,
              -28.9091
            ],
            [
              -50.8063,
              -28.912
            ],
            [
              -50.8069,
              -28.9129
            ],
            [
              -50.8096,
              -28.9147
            ],
            [
              -50.8099,
              -28.9171
            ],
            [
              -50.8086,
              -28.921
            ],
            [
              -50.8093,
              -28.9244
            ],
            [
              -50.8109,
              -28.9278
            ],
            [
              -50.8103,
              -28.9304
            ],
            [
              -50.8046,
              -28.9331
            ],
            [
              -50.8021,
              -28.9339
            ],
            [
              -50.7981,
              -28.9338
            ],
            [
              -50.7947,
              -28.9343
            ],
            [
              -50.7924,
              -28.9353
            ],
            [
              -50.7897,
              -28.9374
            ],
            [
              -50.7875,
              -28.9399
            ],
            [
              -50.7872,
              -28.9417
            ],
            [
              -50.7907,
              -28.9454
            ],
            [
              -50.7937,
              -28.9454
            ],
            [
              -50.7971,
              -28.9441
            ],
            [
              -50.7994,
              -28.945
            ],
            [
              -50.8014,
              -28.9484
            ],
            [
              -50.8014,
              -28.9512
            ],
            [
              -50.8023,
              -28.9532
            ],
            [
              -50.8049,
              -28.953
            ],
            [
              -50.8064,
              -28.9517
            ],
            [
              -50.8077,
              -28.9514
            ],
            [
              -50.814,
              -28.9524
            ],
            [
              -50.8161,
              -28.9521
            ],
            [
              -50.8164,
              -28.9562
            ],
            [
              -50.8155,
              -28.9572
            ],
            [
              -50.8125,
              -28.9565
            ],
            [
              -50.8106,
              -28.9575
            ],
            [
              -50.8104,
              -28.9594
            ],
            [
              -50.8129,
              -28.9627
            ],
            [
              -50.8168,
              -28.965
            ],
            [
              -50.8186,
              -28.9669
            ],
            [
              -50.8186,
              -28.9679
            ],
            [
              -50.8164,
              -28.9692
            ],
            [
              -50.8131,
              -28.9694
            ],
            [
              -50.8088,
              -28.9673
            ],
            [
              -50.8057,
              -28.9651
            ],
            [
              -50.8035,
              -28.964
            ],
            [
              -50.8005,
              -28.9638
            ],
            [
              -50.7977,
              -28.965
            ],
            [
              -50.795,
              -28.9668
            ],
            [
              -50.7935,
              -28.9687
            ],
            [
              -50.7918,
              -28.9715
            ],
            [
              -50.7914,
              -28.9738
            ],
            [
              -50.7922,
              -28.9766
            ],
            [
              -50.7921,
              -28.9778
            ],
            [
              -50.791,
              -28.9796
            ],
            [
              -50.7899,
              -28.9799
            ],
            [
              -50.7868,
              -28.9794
            ],
            [
              -50.7854,
              -28.9787
            ],
            [
              -50.7838,
              -28.9792
            ],
            [
              -50.7832,
              -28.9824
            ],
            [
              -50.7839,
              -28.9847
            ],
            [
              -50.7841,
              -28.9868
            ],
            [
              -50.7834,
              -28.9892
            ],
            [
              -50.7824,
              -28.9912
            ],
            [
              -50.7825,
              -28.9933
            ],
            [
              -50.7833,
              -28.9959
            ],
            [
              -50.7827,
              -29.0001
            ],
            [
              -50.7857,
              -29.0017
            ],
            [
              -50.7867,
              -29.003
            ],
            [
              -50.787,
              -29.0051
            ],
            [
              -50.7851,
              -29.0057
            ],
            [
              -50.785,
              -29.0067
            ],
            [
              -50.7866,
              -29.0097
            ],
            [
              -50.789,
              -29.0115
            ],
            [
              -50.79,
              -29.0128
            ],
            [
              -50.7938,
              -29.0112
            ],
            [
              -50.7949,
              -29.0102
            ],
            [
              -50.7958,
              -29.0138
            ],
            [
              -50.7957,
              -29.0153
            ],
            [
              -50.7937,
              -29.0168
            ],
            [
              -50.7963,
              -29.0196
            ],
            [
              -50.7992,
              -29.0254
            ],
            [
              -50.8008,
              -29.0262
            ],
            [
              -50.8026,
              -29.025
            ],
            [
              -50.8063,
              -29.0249
            ],
            [
              -50.8099,
              -29.0317
            ],
            [
              -50.8138,
              -29.0284
            ],
            [
              -50.8151,
              -29.0285
            ],
            [
              -50.8159,
              -29.0307
            ],
            [
              -50.8139,
              -29.0345
            ],
            [
              -50.817,
              -29.034
            ],
            [
              -50.8169,
              -29.038
            ],
            [
              -50.8194,
              -29.0382
            ],
            [
              -50.8181,
              -29.043
            ],
            [
              -50.8186,
              -29.0445
            ],
            [
              -50.822,
              -29.0474
            ],
            [
              -50.823,
              -29.05
            ],
            [
              -50.8229,
              -29.0543
            ],
            [
              -50.8257,
              -29.057
            ],
            [
              -50.828,
              -29.0584
            ],
            [
              -50.8288,
              -29.0606
            ],
            [
              -50.831,
              -29.0625
            ],
            [
              -50.8316,
              -29.0641
            ],
            [
              -50.8332,
              -29.0626
            ],
            [
              -50.838,
              -29.0615
            ],
            [
              -50.8395,
              -29.0605
            ],
            [
              -50.8423,
              -29.062
            ],
            [
              -50.8452,
              -29.0622
            ],
            [
              -50.8483,
              -29.0629
            ],
            [
              -50.8496,
              -29.0636
            ],
            [
              -50.8523,
              -29.0661
            ],
            [
              -50.8549,
              -29.0669
            ],
            [
              -50.8578,
              -29.067
            ],
            [
              -50.8583,
              -29.0681
            ],
            [
              -50.8607,
              -29.0673
            ],
            [
              -50.8619,
              -29.0664
            ],
            [
              -50.8636,
              -29.0661
            ],
            [
              -50.8665,
              -29.0675
            ],
            [
              -50.8682,
              -29.0689
            ],
            [
              -50.8692,
              -29.069
            ],
            [
              -50.8761,
              -29.0673
            ],
            [
              -50.882,
              -29.0677
            ],
            [
              -50.884,
              -29.0676
            ],
            [
              -50.8914,
              -29.0666
            ],
            [
              -50.8931,
              -29.0668
            ],
            [
              -50.9002,
              -29.0697
            ],
            [
              -50.9023,
              -29.0711
            ],
            [
              -50.9028,
              -29.0724
            ],
            [
              -50.905,
              -29.0738
            ],
            [
              -50.9085,
              -29.075
            ],
            [
              -50.9099,
              -29.075
            ],
            [
              -50.9145,
              -29.0739
            ],
            [
              -50.9172,
              -29.0743
            ],
            [
              -50.9183,
              -29.0741
            ],
            [
              -50.9239,
              -29.0746
            ],
            [
              -50.9258,
              -29.0738
            ],
            [
              -50.9315,
              -29.0744
            ],
            [
              -50.9355,
              -29.0729
            ],
            [
              -50.9372,
              -29.0718
            ],
            [
              -50.9368,
              -29.0697
            ],
            [
              -50.9388,
              -29.0695
            ],
            [
              -50.9438,
              -29.0712
            ],
            [
              -50.9436,
              -29.074
            ],
            [
              -50.942,
              -29.0759
            ],
            [
              -50.9413,
              -29.0776
            ],
            [
              -50.9418,
              -29.0783
            ],
            [
              -50.9408,
              -29.08
            ],
            [
              -50.9388,
              -29.0808
            ],
            [
              -50.9375,
              -29.0808
            ],
            [
              -50.9353,
              -29.0788
            ],
            [
              -50.9315,
              -29.0786
            ],
            [
              -50.9286,
              -29.0807
            ],
            [
              -50.9218,
              -29.0792
            ],
            [
              -50.9147,
              -29.0804
            ],
            [
              -50.909,
              -29.0835
            ],
            [
              -50.9065,
              -29.0872
            ],
            [
              -50.9025,
              -29.0903
            ],
            [
              -50.9021,
              -29.0952
            ],
            [
              -50.9026,
              -29.0989
            ],
            [
              -50.9046,
              -29.1006
            ],
            [
              -50.9047,
              -29.102
            ],
            [
              -50.9064,
              -29.1024
            ],
            [
              -50.9079,
              -29.106
            ],
            [
              -50.9109,
              -29.1078
            ],
            [
              -50.913,
              -29.1124
            ],
            [
              -50.9129,
              -29.1179
            ],
            [
              -50.909,
              -29.1172
            ],
            [
              -50.9043,
              -29.116
            ],
            [
              -50.9031,
              -29.1163
            ],
            [
              -50.9005,
              -29.1189
            ],
            [
              -50.8986,
              -29.1192
            ],
            [
              -50.8928,
              -29.1171
            ],
            [
              -50.8912,
              -29.1177
            ],
            [
              -50.8848,
              -29.1184
            ],
            [
              -50.883,
              -29.1181
            ],
            [
              -50.8817,
              -29.1185
            ],
            [
              -50.8809,
              -29.1196
            ],
            [
              -50.8797,
              -29.1194
            ],
            [
              -50.8782,
              -29.1176
            ],
            [
              -50.8762,
              -29.1165
            ],
            [
              -50.875,
              -29.1164
            ],
            [
              -50.8727,
              -29.1176
            ],
            [
              -50.8713,
              -29.1207
            ],
            [
              -50.8699,
              -29.121
            ],
            [
              -50.8687,
              -29.1203
            ],
            [
              -50.8672,
              -29.121
            ],
            [
              -50.8666,
              -29.1232
            ],
            [
              -50.8642,
              -29.1236
            ],
            [
              -50.8617,
              -29.1231
            ],
            [
              -50.8602,
              -29.1218
            ],
            [
              -50.8584,
              -29.1212
            ],
            [
              -50.8565,
              -29.1198
            ],
            [
              -50.8545,
              -29.1195
            ],
            [
              -50.848,
              -29.1215
            ],
            [
              -50.8477,
              -29.1245
            ],
            [
              -50.8472,
              -29.1258
            ],
            [
              -50.8443,
              -29.1279
            ],
            [
              -50.8424,
              -29.1272
            ],
            [
              -50.8409,
              -29.1282
            ],
            [
              -50.8402,
              -29.1302
            ],
            [
              -50.841,
              -29.1335
            ],
            [
              -50.8388,
              -29.1381
            ],
            [
              -50.8379,
              -29.1415
            ],
            [
              -50.8394,
              -29.1433
            ],
            [
              -50.8404,
              -29.1487
            ],
            [
              -50.8418,
              -29.1511
            ],
            [
              -50.8415,
              -29.1535
            ],
            [
              -50.8439,
              -29.1568
            ],
            [
              -50.8449,
              -29.159
            ],
            [
              -50.8423,
              -29.1592
            ],
            [
              -50.8413,
              -29.1604
            ],
            [
              -50.8407,
              -29.1637
            ],
            [
              -50.8398,
              -29.1648
            ],
            [
              -50.8398,
              -29.1676
            ],
            [
              -50.843,
              -29.1677
            ],
            [
              -50.843,
              -29.1689
            ],
            [
              -50.8402,
              -29.1702
            ],
            [
              -50.8401,
              -29.1716
            ],
            [
              -50.8389,
              -29.1725
            ],
            [
              -50.8391,
              -29.1737
            ],
            [
              -50.8381,
              -29.1756
            ],
            [
              -50.8364,
              -29.1758
            ],
            [
              -50.835,
              -29.1774
            ],
            [
              -50.8346,
              -29.1787
            ],
            [
              -50.8362,
              -29.1797
            ],
            [
              -50.8365,
              -29.1819
            ],
            [
              -50.8356,
              -29.1831
            ],
            [
              -50.836,
              -29.186
            ],
            [
              -50.8384,
              -29.1875
            ],
            [
              -50.8391,
              -29.1892
            ],
            [
              -50.8401,
              -29.1896
            ],
            [
              -50.8407,
              -29.1912
            ],
            [
              -50.8391,
              -29.1936
            ],
            [
              -50.8393,
              -29.1948
            ],
            [
              -50.8416,
              -29.1971
            ],
            [
              -50.844,
              -29.1981
            ],
            [
              -50.8451,
              -29.2006
            ],
            [
              -50.8466,
              -29.2023
            ],
            [
              -50.8464,
              -29.2037
            ],
            [
              -50.8484,
              -29.2053
            ],
            [
              -50.8478,
              -29.2074
            ],
            [
              -50.8483,
              -29.2099
            ],
            [
              -50.8508,
              -29.2102
            ],
            [
              -50.8547,
              -29.2131
            ],
            [
              -50.855,
              -29.2138
            ],
            [
              -50.8549,
              -29.2167
            ],
            [
              -50.8542,
              -29.2195
            ],
            [
              -50.8545,
              -29.2208
            ],
            [
              -50.856,
              -29.2227
            ],
            [
              -50.8561,
              -29.2236
            ],
            [
              -50.8544,
              -29.2245
            ],
            [
              -50.8544,
              -29.2254
            ],
            [
              -50.8581,
              -29.2249
            ],
            [
              -50.8597,
              -29.2254
            ],
            [
              -50.8602,
              -29.2276
            ],
            [
              -50.8584,
              -29.2286
            ],
            [
              -50.8565,
              -29.2332
            ],
            [
              -50.8563,
              -29.2343
            ],
            [
              -50.8604,
              -29.2359
            ],
            [
              -50.8612,
              -29.237
            ],
            [
              -50.8615,
              -29.239
            ],
            [
              -50.8599,
              -29.2418
            ],
            [
              -50.8585,
              -29.2428
            ],
            [
              -50.8584,
              -29.2438
            ],
            [
              -50.8595,
              -29.245
            ],
            [
              -50.8593,
              -29.2476
            ],
            [
              -50.8564,
              -29.2497
            ],
            [
              -50.8549,
              -29.2526
            ],
            [
              -50.8546,
              -29.255
            ],
            [
              -50.8548,
              -29.2569
            ],
            [
              -50.8558,
              -29.2596
            ],
            [
              -50.8542,
              -29.2632
            ],
            [
              -50.851,
              -29.2661
            ],
            [
              -50.8493,
              -29.2669
            ],
            [
              -50.8455,
              -29.2673
            ],
            [
              -50.8445,
              -29.2668
            ],
            [
              -50.8438,
              -29.2643
            ],
            [
              -50.8441,
              -29.2608
            ],
            [
              -50.8434,
              -29.2593
            ],
            [
              -50.8414,
              -29.2582
            ],
            [
              -50.8395,
              -29.258
            ],
            [
              -50.8356,
              -29.2592
            ],
            [
              -50.834,
              -29.2592
            ],
            [
              -50.8312,
              -29.2581
            ],
            [
              -50.8278,
              -29.2577
            ],
            [
              -50.8268,
              -29.2595
            ],
            [
              -50.827,
              -29.2614
            ],
            [
              -50.8279,
              -29.2623
            ],
            [
              -50.8281,
              -29.2649
            ],
            [
              -50.8271,
              -29.2659
            ],
            [
              -50.8257,
              -29.2657
            ],
            [
              -50.8249,
              -29.2638
            ],
            [
              -50.8229,
              -29.2606
            ],
            [
              -50.8183,
              -29.2576
            ],
            [
              -50.8165,
              -29.2574
            ],
            [
              -50.8152,
              -29.258
            ],
            [
              -50.8122,
              -29.2621
            ],
            [
              -50.8081,
              -29.2651
            ],
            [
              -50.8026,
              -29.2673
            ],
            [
              -50.8019,
              -29.2693
            ],
            [
              -50.8014,
              -29.2729
            ],
            [
              -50.7997,
              -29.2751
            ],
            [
              -50.7968,
              -29.2769
            ],
            [
              -50.7944,
              -29.2774
            ],
            [
              -50.791,
              -29.2772
            ],
            [
              -50.7876,
              -29.2781
            ],
            [
              -50.7834,
              -29.2789
            ],
            [
              -50.781,
              -29.279
            ],
            [
              -50.7799,
              -29.2783
            ],
            [
              -50.7783,
              -29.276
            ],
            [
              -50.7767,
              -29.2753
            ],
            [
              -50.7716,
              -29.2756
            ],
            [
              -50.766,
              -29.2771
            ],
            [
              -50.7631,
              -29.2762
            ],
            [
              -50.7612,
              -29.2773
            ],
            [
              -50.7607,
              -29.2792
            ],
            [
              -50.7581,
              -29.2821
            ],
            [
              -50.7575,
              -29.2877
            ],
            [
              -50.7569,
              -29.2898
            ],
            [
              -50.7577,
              -29.2908
            ],
            [
              -50.7598,
              -29.2911
            ],
            [
              -50.7602,
              -29.2919
            ],
            [
              -50.7595,
              -29.2958
            ],
            [
              -50.7607,
              -29.2971
            ],
            [
              -50.7619,
              -29.3002
            ],
            [
              -50.763,
              -29.3023
            ],
            [
              -50.763,
              -29.3041
            ],
            [
              -50.7614,
              -29.3065
            ],
            [
              -50.7617,
              -29.308
            ],
            [
              -50.7591,
              -29.3114
            ],
            [
              -50.7571,
              -29.3137
            ],
            [
              -50.7537,
              -29.3161
            ],
            [
              -50.7484,
              -29.3187
            ],
            [
              -50.7471,
              -29.3188
            ],
            [
              -50.7457,
              -29.3197
            ],
            [
              -50.7447,
              -29.3213
            ],
            [
              -50.7448,
              -29.3231
            ],
            [
              -50.743,
              -29.327
            ],
            [
              -50.7237,
              -29.3283
            ],
            [
              -50.7115,
              -29.3344
            ],
            [
              -50.7083,
              -29.3342
            ],
            [
              -50.6966,
              -29.3301
            ],
            [
              -50.6968,
              -29.3281
            ],
            [
              -50.6983,
              -29.3273
            ],
            [
              -50.6987,
              -29.3242
            ],
            [
              -50.6958,
              -29.3227
            ],
            [
              -50.6919,
              -29.3227
            ],
            [
              -50.689,
              -29.3241
            ],
            [
              -50.6863,
              -29.3259
            ],
            [
              -50.6852,
              -29.3276
            ],
            [
              -50.6847,
              -29.3296
            ],
            [
              -50.682,
              -29.3324
            ],
            [
              -50.6791,
              -29.3342
            ],
            [
              -50.6752,
              -29.3356
            ],
            [
              -50.674,
              -29.3365
            ],
            [
              -50.6731,
              -29.3383
            ],
            [
              -50.6731,
              -29.3406
            ],
            [
              -50.674,
              -29.3433
            ],
            [
              -50.6758,
              -29.3472
            ],
            [
              -50.6761,
              -29.349
            ],
            [
              -50.6749,
              -29.3517
            ],
            [
              -50.675,
              -29.3528
            ],
            [
              -50.6799,
              -29.357
            ],
            [
              -50.6824,
              -29.3596
            ],
            [
              -50.6831,
              -29.362
            ],
            [
              -50.6826,
              -29.3637
            ],
            [
              -50.6804,
              -29.3653
            ],
            [
              -50.6774,
              -29.3661
            ],
            [
              -50.6772,
              -29.367
            ],
            [
              -50.6772,
              -29.371
            ],
            [
              -50.676,
              -29.374
            ],
            [
              -50.6749,
              -29.3748
            ],
            [
              -50.6735,
              -29.374
            ],
            [
              -50.6703,
              -29.3712
            ],
            [
              -50.6674,
              -29.3704
            ],
            [
              -50.6652,
              -29.3711
            ],
            [
              -50.6617,
              -29.373
            ],
            [
              -50.6578,
              -29.3737
            ],
            [
              -50.6546,
              -29.3734
            ],
            [
              -50.6525,
              -29.3737
            ],
            [
              -50.6493,
              -29.3757
            ],
            [
              -50.6472,
              -29.378
            ],
            [
              -50.6446,
              -29.3822
            ],
            [
              -50.6446,
              -29.3851
            ],
            [
              -50.6458,
              -29.3868
            ],
            [
              -50.6475,
              -29.3884
            ],
            [
              -50.6474,
              -29.3898
            ],
            [
              -50.6448,
              -29.3917
            ],
            [
              -50.6439,
              -29.3934
            ],
            [
              -50.6437,
              -29.3994
            ],
            [
              -50.6446,
              -29.406
            ],
            [
              -50.6453,
              -29.4082
            ],
            [
              -50.647,
              -29.4112
            ],
            [
              -50.6497,
              -29.412
            ],
            [
              -50.6541,
              -29.4182
            ],
            [
              -50.656,
              -29.4196
            ],
            [
              -50.6575,
              -29.4221
            ],
            [
              -50.6597,
              -29.4209
            ],
            [
              -50.6603,
              -29.4189
            ],
            [
              -50.6626,
              -29.4179
            ],
            [
              -50.6649,
              -29.4179
            ],
            [
              -50.6684,
              -29.4186
            ],
            [
              -50.6714,
              -29.4199
            ],
            [
              -50.6739,
              -29.4159
            ],
            [
              -50.6782,
              -29.4159
            ],
            [
              -50.6805,
              -29.4146
            ],
            [
              -50.6822,
              -29.4104
            ],
            [
              -50.6848,
              -29.4069
            ],
            [
              -50.6844,
              -29.4077
            ],
            [
              -50.695,
              -29.4116
            ],
            [
              -50.6991,
              -29.4141
            ],
            [
              -50.7024,
              -29.4164
            ],
            [
              -50.7046,
              -29.419
            ],
            [
              -50.7042,
              -29.4206
            ],
            [
              -50.705,
              -29.4248
            ],
            [
              -50.7062,
              -29.4257
            ],
            [
              -50.7088,
              -29.429
            ],
            [
              -50.7116,
              -29.4318
            ],
            [
              -50.7127,
              -29.4336
            ],
            [
              -50.7177,
              -29.4369
            ],
            [
              -50.719,
              -29.4393
            ],
            [
              -50.7208,
              -29.4403
            ],
            [
              -50.7219,
              -29.4417
            ],
            [
              -50.7227,
              -29.4435
            ],
            [
              -50.7237,
              -29.4444
            ],
            [
              -50.7244,
              -29.4473
            ],
            [
              -50.7261,
              -29.4477
            ],
            [
              -50.7264,
              -29.452
            ],
            [
              -50.7281,
              -29.453
            ],
            [
              -50.7273,
              -29.4543
            ],
            [
              -50.7241,
              -29.456
            ],
            [
              -50.7232,
              -29.4558
            ],
            [
              -50.7229,
              -29.4541
            ],
            [
              -50.7209,
              -29.4557
            ],
            [
              -50.7184,
              -29.4559
            ],
            [
              -50.7155,
              -29.4552
            ],
            [
              -50.7152,
              -29.4557
            ],
            [
              -50.7111,
              -29.4586
            ],
            [
              -50.7108,
              -29.4594
            ],
            [
              -50.708,
              -29.4611
            ],
            [
              -50.7071,
              -29.4624
            ],
            [
              -50.705,
              -29.4639
            ],
            [
              -50.7029,
              -29.4645
            ],
            [
              -50.7001,
              -29.4662
            ],
            [
              -50.697,
              -29.4673
            ],
            [
              -50.693,
              -29.4706
            ],
            [
              -50.6926,
              -29.4712
            ],
            [
              -50.689,
              -29.474
            ],
            [
              -50.6878,
              -29.4755
            ],
            [
              -50.6888,
              -29.4763
            ],
            [
              -50.6899,
              -29.4798
            ],
            [
              -50.6881,
              -29.4836
            ],
            [
              -50.6866,
              -29.4824
            ],
            [
              -50.6856,
              -29.4809
            ],
            [
              -50.6837,
              -29.4793
            ],
            [
              -50.6809,
              -29.4782
            ],
            [
              -50.6793,
              -29.4751
            ],
            [
              -50.6771,
              -29.473
            ],
            [
              -50.6751,
              -29.4718
            ],
            [
              -50.6741,
              -29.4721
            ],
            [
              -50.675,
              -29.4751
            ],
            [
              -50.6745,
              -29.478
            ],
            [
              -50.675,
              -29.4793
            ],
            [
              -50.674,
              -29.4809
            ],
            [
              -50.6741,
              -29.4879
            ],
            [
              -50.6722,
              -29.4919
            ],
            [
              -50.6712,
              -29.4932
            ],
            [
              -50.6674,
              -29.4949
            ],
            [
              -50.6668,
              -29.4956
            ],
            [
              -50.6668,
              -29.4976
            ],
            [
              -50.6646,
              -29.501
            ],
            [
              -50.6616,
              -29.5044
            ],
            [
              -50.6605,
              -29.5063
            ],
            [
              -50.6547,
              -29.506
            ],
            [
              -50.6517,
              -29.5038
            ],
            [
              -50.6512,
              -29.5025
            ],
            [
              -50.6309,
              -29.5586
            ],
            [
              -50.6295,
              -29.5607
            ],
            [
              -50.6284,
              -29.5605
            ],
            [
              -50.6231,
              -29.5573
            ],
            [
              -50.6222,
              -29.5584
            ],
            [
              -50.6179,
              -29.5576
            ],
            [
              -50.6158,
              -29.5578
            ],
            [
              -50.6126,
              -29.557
            ],
            [
              -50.6103,
              -29.5573
            ],
            [
              -50.6082,
              -29.5561
            ],
            [
              -50.6061,
              -29.5542
            ],
            [
              -50.6053,
              -29.5527
            ],
            [
              -50.6024,
              -29.5518
            ],
            [
              -50.596,
              -29.5526
            ],
            [
              -50.5947,
              -29.5521
            ],
            [
              -50.5929,
              -29.5529
            ],
            [
              -50.5901,
              -29.5533
            ],
            [
              -50.5884,
              -29.5523
            ],
            [
              -50.5843,
              -29.5521
            ],
            [
              -50.5823,
              -29.5516
            ],
            [
              -50.5789,
              -29.553
            ],
            [
              -50.5752,
              -29.553
            ],
            [
              -50.5722,
              -29.5524
            ],
            [
              -50.5709,
              -29.5516
            ],
            [
              -50.5707,
              -29.55
            ],
            [
              -50.5656,
              -29.5478
            ],
            [
              -50.5621,
              -29.547
            ],
            [
              -50.5609,
              -29.5464
            ],
            [
              -50.5603,
              -29.5446
            ],
            [
              -50.559,
              -29.5442
            ],
            [
              -50.5585,
              -29.5423
            ],
            [
              -50.557,
              -29.5403
            ],
            [
              -50.5548,
              -29.5391
            ],
            [
              -50.5528,
              -29.5386
            ],
            [
              -50.5367,
              -29.5388
            ],
            [
              -50.4611,
              -29.5386
            ],
            [
              -50.4329,
              -29.5373
            ],
            [
              -50.4314,
              -29.5362
            ],
            [
              -50.4326,
              -29.5337
            ],
            [
              -50.4321,
              -29.5331
            ],
            [
              -50.4296,
              -29.5328
            ],
            [
              -50.4297,
              -29.5305
            ],
            [
              -50.4275,
              -29.5284
            ],
            [
              -50.4264,
              -29.5268
            ],
            [
              -50.4248,
              -29.5261
            ],
            [
              -50.4239,
              -29.5228
            ],
            [
              -50.4227,
              -29.5225
            ],
            [
              -50.4219,
              -29.521
            ],
            [
              -50.4222,
              -29.52
            ],
            [
              -50.4212,
              -29.5183
            ],
            [
              -50.4193,
              -29.5174
            ],
            [
              -50.4187,
              -29.5189
            ],
            [
              -50.4175,
              -29.5196
            ],
            [
              -50.4144,
              -29.519
            ],
            [
              -50.4126,
              -29.5191
            ],
            [
              -50.4114,
              -29.5184
            ],
            [
              -50.4099,
              -29.5191
            ],
            [
              -50.4067,
              -29.5187
            ],
            [
              -50.4047,
              -29.5179
            ],
            [
              -50.4039,
              -29.516
            ],
            [
              -50.3997,
              -29.515
            ],
            [
              -50.3966,
              -29.5149
            ],
            [
              -50.3965,
              -29.5131
            ],
            [
              -50.3938,
              -29.5133
            ],
            [
              -50.391,
              -29.5121
            ],
            [
              -50.3906,
              -29.5113
            ],
            [
              -50.386,
              -29.5098
            ],
            [
              -50.3846,
              -29.5105
            ],
            [
              -50.3824,
              -29.5085
            ],
            [
              -50.3799,
              -29.509
            ],
            [
              -50.3778,
              -29.5067
            ],
            [
              -50.3752,
              -29.5066
            ],
            [
              -50.3706,
              -29.5038
            ],
            [
              -50.3703,
              -29.5013
            ],
            [
              -50.3709,
              -29.5003
            ],
            [
              -50.3694,
              -29.4988
            ],
            [
              -50.3655,
              -29.4985
            ],
            [
              -50.363,
              -29.4988
            ],
            [
              -50.361,
              -29.4996
            ],
            [
              -50.3573,
              -29.4987
            ],
            [
              -50.3543,
              -29.497
            ],
            [
              -50.352,
              -29.4964
            ],
            [
              -50.3477,
              -29.4943
            ],
            [
              -50.3374,
              -29.4877
            ],
            [
              -50.3351,
              -29.4855
            ],
            [
              -50.3339,
              -29.4832
            ],
            [
              -50.334,
              -29.4813
            ],
            [
              -50.3352,
              -29.4799
            ],
            [
              -50.3311,
              -29.4783
            ],
            [
              -50.3287,
              -29.4787
            ],
            [
              -50.3274,
              -29.4772
            ],
            [
              -50.3245,
              -29.4762
            ],
            [
              -50.3231,
              -29.4743
            ],
            [
              -50.3204,
              -29.4742
            ],
            [
              -50.3179,
              -29.4729
            ],
            [
              -50.3174,
              -29.4751
            ],
            [
              -50.3151,
              -29.475
            ],
            [
              -50.3149,
              -29.4743
            ],
            [
              -50.3158,
              -29.4697
            ],
            [
              -50.3181,
              -29.467
            ],
            [
              -50.318,
              -29.4645
            ],
            [
              -50.3195,
              -29.4626
            ],
            [
              -50.32,
              -29.4603
            ],
            [
              -50.3214,
              -29.4596
            ],
            [
              -50.3248,
              -29.4615
            ],
            [
              -50.3272,
              -29.4609
            ],
            [
              -50.3252,
              -29.459
            ],
            [
              -50.3222,
              -29.4582
            ],
            [
              -50.3191,
              -29.4578
            ],
            [
              -50.3157,
              -29.4581
            ],
            [
              -50.3148,
              -29.4571
            ],
            [
              -50.3162,
              -29.4548
            ],
            [
              -50.3166,
              -29.453
            ],
            [
              -50.3179,
              -29.4511
            ],
            [
              -50.3197,
              -29.4492
            ],
            [
              -50.3205,
              -29.4474
            ],
            [
              -50.3224,
              -29.4476
            ],
            [
              -50.3232,
              -29.4465
            ],
            [
              -50.3225,
              -29.445
            ],
            [
              -50.3232,
              -29.4426
            ],
            [
              -50.3249,
              -29.4416
            ],
            [
              -50.324,
              -29.4402
            ],
            [
              -50.3199,
              -29.4412
            ],
            [
              -50.318,
              -29.441
            ],
            [
              -50.3161,
              -29.4402
            ],
            [
              -50.314,
              -29.4383
            ],
            [
              -50.3131,
              -29.4367
            ],
            [
              -50.3111,
              -29.4365
            ],
            [
              -50.3121,
              -29.4388
            ],
            [
              -50.3138,
              -29.4406
            ],
            [
              -50.3157,
              -29.4434
            ],
            [
              -50.3158,
              -29.445
            ],
            [
              -50.3149,
              -29.4453
            ],
            [
              -50.3133,
              -29.4482
            ],
            [
              -50.3111,
              -29.4494
            ],
            [
              -50.3101,
              -29.4489
            ],
            [
              -50.3099,
              -29.4457
            ],
            [
              -50.3092,
              -29.4447
            ],
            [
              -50.3058,
              -29.4452
            ],
            [
              -50.3028,
              -29.4477
            ],
            [
              -50.3012,
              -29.4469
            ],
            [
              -50.2977,
              -29.4464
            ],
            [
              -50.2971,
              -29.4458
            ],
            [
              -50.2974,
              -29.4431
            ],
            [
              -50.2994,
              -29.4416
            ],
            [
              -50.2984,
              -29.4407
            ],
            [
              -50.2963,
              -29.4416
            ],
            [
              -50.295,
              -29.443
            ],
            [
              -50.2953,
              -29.446
            ],
            [
              -50.2965,
              -29.448
            ],
            [
              -50.2964,
              -29.4496
            ],
            [
              -50.2953,
              -29.4503
            ],
            [
              -50.2936,
              -29.4489
            ],
            [
              -50.2926,
              -29.4465
            ],
            [
              -50.2889,
              -29.446
            ],
            [
              -50.2907,
              -29.4484
            ],
            [
              -50.291,
              -29.4498
            ],
            [
              -50.2965,
              -29.4547
            ],
            [
              -50.2971,
              -29.4561
            ],
            [
              -50.2969,
              -29.4585
            ],
            [
              -50.2955,
              -29.4596
            ],
            [
              -50.2925,
              -29.4594
            ],
            [
              -50.2907,
              -29.4578
            ],
            [
              -50.2892,
              -29.4572
            ],
            [
              -50.2868,
              -29.4555
            ],
            [
              -50.2838,
              -29.4519
            ],
            [
              -50.2829,
              -29.454
            ],
            [
              -50.2831,
              -29.4547
            ],
            [
              -50.2856,
              -29.4574
            ],
            [
              -50.2855,
              -29.4583
            ],
            [
              -50.2834,
              -29.4585
            ],
            [
              -50.2844,
              -29.4598
            ],
            [
              -50.2879,
              -29.4614
            ],
            [
              -50.2915,
              -29.4637
            ],
            [
              -50.2925,
              -29.4659
            ],
            [
              -50.294,
              -29.4674
            ],
            [
              -50.2922,
              -29.4684
            ],
            [
              -50.29,
              -29.4677
            ],
            [
              -50.2859,
              -29.4656
            ],
            [
              -50.2748,
              -29.463
            ],
            [
              -50.2727,
              -29.4628
            ],
            [
              -50.2728,
              -29.4645
            ],
            [
              -50.275,
              -29.4673
            ],
            [
              -50.2744,
              -29.4685
            ],
            [
              -50.2729,
              -29.4678
            ],
            [
              -50.2727,
              -29.4665
            ],
            [
              -50.2694,
              -29.4651
            ],
            [
              -50.2691,
              -29.4635
            ],
            [
              -50.2696,
              -29.4608
            ],
            [
              -50.2693,
              -29.4597
            ],
            [
              -50.2671,
              -29.4564
            ],
            [
              -50.2671,
              -29.4546
            ],
            [
              -50.2658,
              -29.4549
            ],
            [
              -50.2657,
              -29.4573
            ],
            [
              -50.2665,
              -29.4591
            ],
            [
              -50.2652,
              -29.4603
            ],
            [
              -50.2665,
              -29.4628
            ],
            [
              -50.2668,
              -29.4664
            ],
            [
              -50.2678,
              -29.4686
            ],
            [
              -50.2681,
              -29.4702
            ],
            [
              -50.2693,
              -29.4717
            ],
            [
              -50.2686,
              -29.4732
            ],
            [
              -50.2687,
              -29.4766
            ],
            [
              -50.2695,
              -29.4775
            ],
            [
              -50.2726,
              -29.4795
            ],
            [
              -50.2734,
              -29.4794
            ],
            [
              -50.274,
              -29.4759
            ],
            [
              -50.2745,
              -29.4751
            ],
            [
              -50.2764,
              -29.4738
            ],
            [
              -50.2785,
              -29.474
            ],
            [
              -50.2788,
              -29.4767
            ],
            [
              -50.2797,
              -29.4776
            ],
            [
              -50.2815,
              -29.4781
            ],
            [
              -50.2841,
              -29.478
            ],
            [
              -50.2853,
              -29.4785
            ],
            [
              -50.2859,
              -29.4798
            ],
            [
              -50.2863,
              -29.4826
            ],
            [
              -50.2872,
              -29.4839
            ],
            [
              -50.2896,
              -29.4831
            ],
            [
              -50.291,
              -29.4835
            ],
            [
              -50.2913,
              -29.4849
            ],
            [
              -50.2944,
              -29.4853
            ],
            [
              -50.2946,
              -29.4881
            ],
            [
              -50.2959,
              -29.49
            ],
            [
              -50.2955,
              -29.4921
            ],
            [
              -50.2968,
              -29.494
            ],
            [
              -50.2965,
              -29.4951
            ],
            [
              -50.2948,
              -29.495
            ],
            [
              -50.2914,
              -29.494
            ],
            [
              -50.2898,
              -29.496
            ],
            [
              -50.2898,
              -29.4972
            ],
            [
              -50.2913,
              -29.4998
            ],
            [
              -50.293,
              -29.501
            ],
            [
              -50.2932,
              -29.5023
            ],
            [
              -50.2919,
              -29.5037
            ],
            [
              -50.2923,
              -29.5064
            ],
            [
              -50.2909,
              -29.5067
            ],
            [
              -50.289,
              -29.5062
            ],
            [
              -50.2873,
              -29.5064
            ],
            [
              -50.2849,
              -29.5059
            ],
            [
              -50.2809,
              -29.506
            ],
            [
              -50.2792,
              -29.5065
            ],
            [
              -50.2789,
              -29.5033
            ],
            [
              -50.2779,
              -29.5004
            ],
            [
              -50.279,
              -29.495
            ],
            [
              -50.277,
              -29.4927
            ],
            [
              -50.2762,
              -29.4894
            ],
            [
              -50.2746,
              -29.4878
            ],
            [
              -50.2741,
              -29.486
            ],
            [
              -50.2748,
              -29.4845
            ],
            [
              -50.2738,
              -29.4836
            ],
            [
              -50.2726,
              -29.4846
            ],
            [
              -50.2722,
              -29.4898
            ],
            [
              -50.2717,
              -29.4908
            ],
            [
              -50.2702,
              -29.491
            ],
            [
              -50.269,
              -29.49
            ],
            [
              -50.2674,
              -29.4895
            ],
            [
              -50.264,
              -29.4902
            ],
            [
              -50.2638,
              -29.4937
            ],
            [
              -50.2626,
              -29.4952
            ],
            [
              -50.2607,
              -29.4961
            ],
            [
              -50.2567,
              -29.4967
            ],
            [
              -50.2542,
              -29.4976
            ],
            [
              -50.2518,
              -29.4999
            ],
            [
              -50.2504,
              -29.4993
            ],
            [
              -50.2506,
              -29.4963
            ],
            [
              -50.2526,
              -29.4926
            ],
            [
              -50.2526,
              -29.4917
            ],
            [
              -50.2506,
              -29.4914
            ],
            [
              -50.2498,
              -29.4933
            ],
            [
              -50.2472,
              -29.4946
            ],
            [
              -50.241,
              -29.4939
            ],
            [
              -50.2396,
              -29.4941
            ],
            [
              -50.2381,
              -29.4951
            ],
            [
              -50.2367,
              -29.4949
            ],
            [
              -50.2358,
              -29.4933
            ],
            [
              -50.2331,
              -29.4935
            ],
            [
              -50.2296,
              -29.4947
            ],
            [
              -50.2285,
              -29.4944
            ],
            [
              -50.227,
              -29.4927
            ],
            [
              -50.2249,
              -29.4932
            ],
            [
              -50.2239,
              -29.4944
            ],
            [
              -50.2225,
              -29.4946
            ],
            [
              -50.2201,
              -29.4928
            ],
            [
              -50.2194,
              -29.4929
            ],
            [
              -50.2194,
              -29.4954
            ],
            [
              -50.2168,
              -29.4959
            ],
            [
              -50.216,
              -29.4968
            ],
            [
              -50.2135,
              -29.4969
            ],
            [
              -50.2083,
              -29.4961
            ],
            [
              -50.2032,
              -29.4949
            ],
            [
              -50.2012,
              -29.495
            ],
            [
              -50.1997,
              -29.496
            ],
            [
              -50.2002,
              -29.4976
            ],
            [
              -50.2019,
              -29.4975
            ],
            [
              -50.203,
              -29.4991
            ],
            [
              -50.2044,
              -29.4995
            ],
            [
              -50.2059,
              -29.4989
            ],
            [
              -50.2102,
              -29.5004
            ],
            [
              -50.2118,
              -29.5017
            ],
            [
              -50.2138,
              -29.5042
            ],
            [
              -50.216,
              -29.5049
            ],
            [
              -50.2199,
              -29.5057
            ],
            [
              -50.2217,
              -29.5065
            ],
            [
              -50.2249,
              -29.5096
            ],
            [
              -50.2261,
              -29.5101
            ],
            [
              -50.2313,
              -29.5112
            ],
            [
              -50.2308,
              -29.5125
            ],
            [
              -50.2288,
              -29.512
            ],
            [
              -50.2266,
              -29.5125
            ],
            [
              -50.2236,
              -29.5122
            ],
            [
              -50.22,
              -29.5126
            ],
            [
              -50.2184,
              -29.5137
            ],
            [
              -50.2154,
              -29.5137
            ],
            [
              -50.2135,
              -29.5152
            ],
            [
              -50.2104,
              -29.5158
            ],
            [
              -50.21,
              -29.5139
            ],
            [
              -50.2073,
              -29.5166
            ],
            [
              -50.2105,
              -29.5181
            ],
            [
              -50.2104,
              -29.519
            ],
            [
              -50.2079,
              -29.5193
            ],
            [
              -50.2036,
              -29.5187
            ],
            [
              -50.2021,
              -29.5176
            ],
            [
              -50.1999,
              -29.5173
            ],
            [
              -50.1984,
              -29.5164
            ],
            [
              -50.1972,
              -29.5169
            ],
            [
              -50.1978,
              -29.5197
            ],
            [
              -50.1968,
              -29.5213
            ],
            [
              -50.1951,
              -29.5218
            ],
            [
              -50.1926,
              -29.5196
            ],
            [
              -50.1919,
              -29.5202
            ],
            [
              -50.1902,
              -29.524
            ],
            [
              -50.1893,
              -29.5248
            ],
            [
              -50.1862,
              -29.5248
            ],
            [
              -50.1849,
              -29.527
            ],
            [
              -50.185,
              -29.5307
            ],
            [
              -50.1828,
              -29.5306
            ],
            [
              -50.1813,
              -29.5325
            ],
            [
              -50.1794,
              -29.5328
            ],
            [
              -50.1777,
              -29.5324
            ],
            [
              -50.1756,
              -29.5299
            ],
            [
              -50.175,
              -29.5321
            ],
            [
              -50.1739,
              -29.5334
            ],
            [
              -50.1708,
              -29.5333
            ],
            [
              -50.168,
              -29.5351
            ],
            [
              -50.1679,
              -29.5331
            ],
            [
              -50.1685,
              -29.5316
            ],
            [
              -50.1708,
              -29.5287
            ],
            [
              -50.1709,
              -29.5276
            ],
            [
              -50.1704,
              -29.5233
            ],
            [
              -50.1723,
              -29.5207
            ],
            [
              -50.1735,
              -29.5208
            ],
            [
              -50.1761,
              -29.522
            ],
            [
              -50.1795,
              -29.5191
            ],
            [
              -50.1812,
              -29.5165
            ],
            [
              -50.1836,
              -29.5142
            ],
            [
              -50.1839,
              -29.5115
            ],
            [
              -50.1846,
              -29.5093
            ],
            [
              -50.1847,
              -29.5066
            ],
            [
              -50.1882,
              -29.5064
            ],
            [
              -50.1892,
              -29.5056
            ],
            [
              -50.1864,
              -29.5035
            ],
            [
              -50.1844,
              -29.4989
            ],
            [
              -50.1825,
              -29.4969
            ],
            [
              -50.183,
              -29.4955
            ],
            [
              -50.1819,
              -29.4946
            ],
            [
              -50.1791,
              -29.491
            ],
            [
              -50.1772,
              -29.4892
            ],
            [
              -50.1823,
              -29.4899
            ],
            [
              -50.1793,
              -29.4871
            ],
            [
              -50.1754,
              -29.4832
            ],
            [
              -50.175,
              -29.4824
            ],
            [
              -50.1687,
              -29.4779
            ],
            [
              -50.1663,
              -29.4766
            ],
            [
              -50.1622,
              -29.4753
            ],
            [
              -50.1588,
              -29.4748
            ],
            [
              -50.1516,
              -29.4758
            ],
            [
              -50.151,
              -29.4745
            ],
            [
              -50.1524,
              -29.4732
            ],
            [
              -50.1551,
              -29.4734
            ],
            [
              -50.1573,
              -29.471
            ],
            [
              -50.1607,
              -29.4702
            ],
            [
              -50.1619,
              -29.4691
            ],
            [
              -50.1639,
              -29.4645
            ],
            [
              -50.1657,
              -29.4634
            ],
            [
              -50.167,
              -29.4636
            ],
            [
              -50.1679,
              -29.4656
            ],
            [
              -50.1678,
              -29.467
            ],
            [
              -50.1669,
              -29.4703
            ],
            [
              -50.1678,
              -29.4729
            ],
            [
              -50.1675,
              -29.474
            ],
            [
              -50.1708,
              -29.4764
            ],
            [
              -50.1719,
              -29.4767
            ],
            [
              -50.1749,
              -29.4765
            ],
            [
              -50.1772,
              -29.4768
            ],
            [
              -50.1812,
              -29.478
            ],
            [
              -50.1829,
              -29.4778
            ],
            [
              -50.1839,
              -29.4789
            ],
            [
              -50.1864,
              -29.4828
            ],
            [
              -50.188,
              -29.4831
            ],
            [
              -50.1885,
              -29.4842
            ],
            [
              -50.1875,
              -29.4875
            ],
            [
              -50.189,
              -29.4884
            ],
            [
              -50.1914,
              -29.4855
            ],
            [
              -50.1938,
              -29.4843
            ],
            [
              -50.1976,
              -29.4845
            ],
            [
              -50.199,
              -29.4842
            ],
            [
              -50.2007,
              -29.4828
            ],
            [
              -50.1995,
              -29.4806
            ],
            [
              -50.1989,
              -29.4786
            ],
            [
              -50.2012,
              -29.4776
            ],
            [
              -50.2055,
              -29.4779
            ],
            [
              -50.2076,
              -29.4777
            ],
            [
              -50.2104,
              -29.478
            ],
            [
              -50.2134,
              -29.477
            ],
            [
              -50.2145,
              -29.4776
            ],
            [
              -50.2188,
              -29.4815
            ],
            [
              -50.2196,
              -29.4796
            ],
            [
              -50.2192,
              -29.4773
            ],
            [
              -50.2172,
              -29.4763
            ],
            [
              -50.2155,
              -29.4764
            ],
            [
              -50.2139,
              -29.4745
            ],
            [
              -50.2106,
              -29.4729
            ],
            [
              -50.2108,
              -29.4717
            ],
            [
              -50.2069,
              -29.4705
            ],
            [
              -50.2044,
              -29.4665
            ],
            [
              -50.2037,
              -29.4631
            ],
            [
              -50.2067,
              -29.4629
            ],
            [
              -50.2069,
              -29.4622
            ],
            [
              -50.2053,
              -29.4607
            ],
            [
              -50.2049,
              -29.4592
            ],
            [
              -50.2051,
              -29.4571
            ],
            [
              -50.2033,
              -29.4551
            ],
            [
              -50.2042,
              -29.4543
            ],
            [
              -50.2066,
              -29.457
            ],
            [
              -50.2079,
              -29.4594
            ],
            [
              -50.2116,
              -29.4607
            ],
            [
              -50.2123,
              -29.4601
            ],
            [
              -50.2101,
              -29.4577
            ],
            [
              -50.2097,
              -29.4561
            ],
            [
              -50.2095,
              -29.4517
            ],
            [
              -50.2121,
              -29.4511
            ],
            [
              -50.2158,
              -29.4524
            ],
            [
              -50.2164,
              -29.4515
            ],
            [
              -50.2122,
              -29.4486
            ],
            [
              -50.2111,
              -29.4474
            ],
            [
              -50.2108,
              -29.4446
            ],
            [
              -50.2073,
              -29.4435
            ],
            [
              -50.206,
              -29.4425
            ],
            [
              -50.2064,
              -29.4415
            ],
            [
              -50.2099,
              -29.442
            ],
            [
              -50.213,
              -29.4418
            ],
            [
              -50.215,
              -29.4405
            ],
            [
              -50.2183,
              -29.4426
            ],
            [
              -50.2209,
              -29.4455
            ],
            [
              -50.2236,
              -29.4508
            ],
            [
              -50.2253,
              -29.4515
            ],
            [
              -50.2251,
              -29.4495
            ],
            [
              -50.2235,
              -29.4439
            ],
            [
              -50.2314,
              -29.4437
            ],
            [
              -50.2301,
              -29.4424
            ],
            [
              -50.2277,
              -29.4425
            ],
            [
              -50.2241,
              -29.4416
            ],
            [
              -50.2258,
              -29.4408
            ],
            [
              -50.2264,
              -29.4395
            ],
            [
              -50.2231,
              -29.4352
            ],
            [
              -50.2219,
              -29.433
            ],
            [
              -50.2227,
              -29.4314
            ],
            [
              -50.2242,
              -29.4309
            ],
            [
              -50.2272,
              -29.4323
            ],
            [
              -50.2283,
              -29.4354
            ],
            [
              -50.2303,
              -29.435
            ],
            [
              -50.2313,
              -29.4356
            ],
            [
              -50.2322,
              -29.4346
            ],
            [
              -50.231,
              -29.4331
            ],
            [
              -50.2326,
              -29.4314
            ],
            [
              -50.2352,
              -29.4304
            ],
            [
              -50.2344,
              -29.4288
            ],
            [
              -50.2356,
              -29.4281
            ],
            [
              -50.2379,
              -29.4279
            ],
            [
              -50.2408,
              -29.4268
            ],
            [
              -50.2399,
              -29.4246
            ],
            [
              -50.2386,
              -29.4234
            ],
            [
              -50.2398,
              -29.4224
            ],
            [
              -50.241,
              -29.4232
            ],
            [
              -50.2429,
              -29.4231
            ],
            [
              -50.2437,
              -29.4224
            ],
            [
              -50.2429,
              -29.4196
            ],
            [
              -50.2452,
              -29.4176
            ],
            [
              -50.2474,
              -29.4166
            ],
            [
              -50.2484,
              -29.4156
            ],
            [
              -50.2493,
              -29.411
            ],
            [
              -50.2472,
              -29.4112
            ],
            [
              -50.246,
              -29.4093
            ],
            [
              -50.2463,
              -29.4073
            ],
            [
              -50.244,
              -29.4082
            ],
            [
              -50.2442,
              -29.4104
            ],
            [
              -50.2456,
              -29.4123
            ],
            [
              -50.2448,
              -29.4134
            ],
            [
              -50.2433,
              -29.4136
            ],
            [
              -50.2437,
              -29.4149
            ],
            [
              -50.243,
              -29.4159
            ],
            [
              -50.2414,
              -29.4166
            ],
            [
              -50.2398,
              -29.4164
            ],
            [
              -50.2363,
              -29.4132
            ],
            [
              -50.234,
              -29.4133
            ],
            [
              -50.2325,
              -29.4148
            ],
            [
              -50.2331,
              -29.4157
            ],
            [
              -50.2359,
              -29.4161
            ],
            [
              -50.2324,
              -29.4176
            ],
            [
              -50.23,
              -29.4166
            ],
            [
              -50.2263,
              -29.4168
            ],
            [
              -50.2246,
              -29.4174
            ],
            [
              -50.2224,
              -29.4168
            ],
            [
              -50.2211,
              -29.414
            ],
            [
              -50.2203,
              -29.4133
            ],
            [
              -50.2165,
              -29.4126
            ],
            [
              -50.2156,
              -29.4121
            ],
            [
              -50.2121,
              -29.4115
            ],
            [
              -50.2117,
              -29.4102
            ],
            [
              -50.2146,
              -29.4108
            ],
            [
              -50.2184,
              -29.4098
            ],
            [
              -50.2208,
              -29.4089
            ],
            [
              -50.2221,
              -29.4099
            ],
            [
              -50.2231,
              -29.4094
            ],
            [
              -50.2231,
              -29.4081
            ],
            [
              -50.2201,
              -29.4067
            ],
            [
              -50.2198,
              -29.4058
            ],
            [
              -50.2218,
              -29.4054
            ],
            [
              -50.2231,
              -29.4036
            ],
            [
              -50.223,
              -29.4018
            ],
            [
              -50.2185,
              -29.4021
            ],
            [
              -50.2146,
              -29.4001
            ],
            [
              -50.2133,
              -29.3988
            ],
            [
              -50.214,
              -29.3956
            ],
            [
              -50.2108,
              -29.3948
            ],
            [
              -50.2096,
              -29.3931
            ],
            [
              -50.2105,
              -29.3926
            ],
            [
              -50.2129,
              -29.3938
            ],
            [
              -50.2146,
              -29.3933
            ],
            [
              -50.2167,
              -29.3921
            ],
            [
              -50.2174,
              -29.3902
            ],
            [
              -50.22,
              -29.3894
            ],
            [
              -50.226,
              -29.3911
            ],
            [
              -50.2271,
              -29.3917
            ],
            [
              -50.2278,
              -29.3931
            ],
            [
              -50.2309,
              -29.3939
            ],
            [
              -50.2352,
              -29.3942
            ],
            [
              -50.2379,
              -29.3958
            ],
            [
              -50.2401,
              -29.3951
            ],
            [
              -50.2378,
              -29.3941
            ],
            [
              -50.2372,
              -29.3925
            ],
            [
              -50.238,
              -29.3919
            ],
            [
              -50.2414,
              -29.3904
            ],
            [
              -50.2419,
              -29.3888
            ],
            [
              -50.2431,
              -29.3877
            ],
            [
              -50.2441,
              -29.3847
            ],
            [
              -50.242,
              -29.3841
            ],
            [
              -50.2423,
              -29.383
            ],
            [
              -50.2404,
              -29.383
            ],
            [
              -50.2413,
              -29.3847
            ],
            [
              -50.2403,
              -29.3865
            ],
            [
              -50.2382,
              -29.387
            ],
            [
              -50.2352,
              -29.3884
            ],
            [
              -50.233,
              -29.3855
            ],
            [
              -50.2335,
              -29.3837
            ],
            [
              -50.2327,
              -29.3832
            ],
            [
              -50.2316,
              -29.3798
            ],
            [
              -50.2334,
              -29.3791
            ],
            [
              -50.2369,
              -29.3802
            ],
            [
              -50.2419,
              -29.3798
            ],
            [
              -50.242,
              -29.3784
            ],
            [
              -50.2396,
              -29.3783
            ],
            [
              -50.2383,
              -29.3775
            ],
            [
              -50.239,
              -29.3766
            ],
            [
              -50.238,
              -29.375
            ],
            [
              -50.2414,
              -29.3751
            ],
            [
              -50.2449,
              -29.3788
            ],
            [
              -50.2446,
              -29.3809
            ],
            [
              -50.2452,
              -29.3819
            ],
            [
              -50.2471,
              -29.3823
            ],
            [
              -50.2478,
              -29.381
            ],
            [
              -50.2497,
              -29.3803
            ],
            [
              -50.25,
              -29.379
            ],
            [
              -50.248,
              -29.3777
            ],
            [
              -50.2471,
              -29.3759
            ],
            [
              -50.2451,
              -29.3742
            ],
            [
              -50.2476,
              -29.3739
            ],
            [
              -50.2487,
              -29.3726
            ],
            [
              -50.2481,
              -29.3711
            ],
            [
              -50.2448,
              -29.3707
            ],
            [
              -50.2418,
              -29.3688
            ],
            [
              -50.2411,
              -29.3672
            ],
            [
              -50.2395,
              -29.3656
            ],
            [
              -50.2382,
              -29.3616
            ],
            [
              -50.2408,
              -29.3612
            ],
            [
              -50.2437,
              -29.3623
            ],
            [
              -50.2458,
              -29.3616
            ],
            [
              -50.2434,
              -29.3582
            ],
            [
              -50.2422,
              -29.3575
            ],
            [
              -50.2391,
              -29.3547
            ],
            [
              -50.2428,
              -29.3524
            ],
            [
              -50.247,
              -29.3517
            ],
            [
              -50.2454,
              -29.3504
            ],
            [
              -50.2411,
              -29.3482
            ],
            [
              -50.2393,
              -29.3481
            ],
            [
              -50.2385,
              -29.3463
            ],
            [
              -50.2404,
              -29.3465
            ],
            [
              -50.243,
              -29.3448
            ],
            [
              -50.2448,
              -29.3447
            ],
            [
              -50.2466,
              -29.3457
            ],
            [
              -50.249,
              -29.3455
            ],
            [
              -50.2498,
              -29.3439
            ],
            [
              -50.2498,
              -29.3399
            ],
            [
              -50.2482,
              -29.3402
            ],
            [
              -50.2464,
              -29.3394
            ],
            [
              -50.2497,
              -29.335
            ],
            [
              -50.2514,
              -29.3346
            ],
            [
              -50.2496,
              -29.3321
            ],
            [
              -50.2493,
              -29.3304
            ],
            [
              -50.2464,
              -29.3324
            ],
            [
              -50.244,
              -29.3351
            ],
            [
              -50.2419,
              -29.3361
            ],
            [
              -50.2399,
              -29.3354
            ],
            [
              -50.239,
              -29.337
            ],
            [
              -50.2365,
              -29.3366
            ],
            [
              -50.2348,
              -29.3345
            ],
            [
              -50.2322,
              -29.3365
            ],
            [
              -50.2309,
              -29.3366
            ],
            [
              -50.2262,
              -29.3341
            ],
            [
              -50.2221,
              -29.3308
            ],
            [
              -50.2205,
              -29.3281
            ],
            [
              -50.2192,
              -29.3281
            ],
            [
              -50.2179,
              -29.3289
            ],
            [
              -50.2189,
              -29.332
            ],
            [
              -50.2202,
              -29.3342
            ],
            [
              -50.2206,
              -29.3368
            ],
            [
              -50.2225,
              -29.3398
            ],
            [
              -50.2225,
              -29.3413
            ],
            [
              -50.2211,
              -29.3422
            ],
            [
              -50.2187,
              -29.3406
            ],
            [
              -50.2169,
              -29.3403
            ],
            [
              -50.2154,
              -29.3388
            ],
            [
              -50.2161,
              -29.3366
            ],
            [
              -50.2152,
              -29.3362
            ],
            [
              -50.2149,
              -29.334
            ],
            [
              -50.2137,
              -29.3328
            ],
            [
              -50.2129,
              -29.3343
            ],
            [
              -50.2102,
              -29.3329
            ],
            [
              -50.2091,
              -29.3313
            ],
            [
              -50.2061,
              -29.3302
            ],
            [
              -50.2057,
              -29.331
            ],
            [
              -50.2069,
              -29.3322
            ],
            [
              -50.2062,
              -29.3344
            ],
            [
              -50.2073,
              -29.3363
            ],
            [
              -50.2077,
              -29.3382
            ],
            [
              -50.2061,
              -29.338
            ],
            [
              -50.2047,
              -29.3387
            ],
            [
              -50.2018,
              -29.3376
            ],
            [
              -50.2009,
              -29.3396
            ],
            [
              -50.198,
              -29.3388
            ],
            [
              -50.1974,
              -29.3397
            ],
            [
              -50.1975,
              -29.3417
            ],
            [
              -50.1953,
              -29.3414
            ],
            [
              -50.1935,
              -29.3422
            ],
            [
              -50.1942,
              -29.3444
            ],
            [
              -50.1929,
              -29.3463
            ],
            [
              -50.1933,
              -29.3477
            ],
            [
              -50.1953,
              -29.3487
            ],
            [
              -50.1945,
              -29.3524
            ],
            [
              -50.1972,
              -29.3535
            ],
            [
              -50.1993,
              -29.3529
            ],
            [
              -50.1999,
              -29.3543
            ],
            [
              -50.2019,
              -29.3546
            ],
            [
              -50.2023,
              -29.3555
            ],
            [
              -50.2042,
              -29.3565
            ],
            [
              -50.2033,
              -29.3582
            ],
            [
              -50.2051,
              -29.3589
            ],
            [
              -50.2074,
              -29.3614
            ],
            [
              -50.2063,
              -29.3619
            ],
            [
              -50.2016,
              -29.3616
            ],
            [
              -50.1998,
              -29.3617
            ],
            [
              -50.1991,
              -29.3626
            ],
            [
              -50.2021,
              -29.3645
            ],
            [
              -50.204,
              -29.3663
            ],
            [
              -50.2037,
              -29.3676
            ],
            [
              -50.2019,
              -29.3674
            ],
            [
              -50.1995,
              -29.3679
            ],
            [
              -50.1957,
              -29.3678
            ],
            [
              -50.1951,
              -29.3666
            ],
            [
              -50.1952,
              -29.3646
            ],
            [
              -50.1947,
              -29.3634
            ],
            [
              -50.1923,
              -29.3626
            ],
            [
              -50.1886,
              -29.3602
            ],
            [
              -50.1886,
              -29.3586
            ],
            [
              -50.1859,
              -29.3575
            ],
            [
              -50.185,
              -29.3595
            ],
            [
              -50.1861,
              -29.3646
            ],
            [
              -50.1849,
              -29.3651
            ],
            [
              -50.1829,
              -29.3647
            ],
            [
              -50.1823,
              -29.3623
            ],
            [
              -50.1797,
              -29.3598
            ],
            [
              -50.1787,
              -29.3579
            ],
            [
              -50.1789,
              -29.3555
            ],
            [
              -50.1783,
              -29.3545
            ],
            [
              -50.1737,
              -29.3529
            ],
            [
              -50.1736,
              -29.3515
            ],
            [
              -50.1758,
              -29.3506
            ],
            [
              -50.1757,
              -29.3499
            ],
            [
              -50.1736,
              -29.3485
            ],
            [
              -50.1702,
              -29.345
            ],
            [
              -50.1679,
              -29.3443
            ],
            [
              -50.1665,
              -29.343
            ],
            [
              -50.1654,
              -29.3439
            ],
            [
              -50.1639,
              -29.3421
            ],
            [
              -50.162,
              -29.3412
            ],
            [
              -50.1606,
              -29.3394
            ],
            [
              -50.1587,
              -29.3391
            ],
            [
              -50.1572,
              -29.3379
            ],
            [
              -50.1562,
              -29.3392
            ],
            [
              -50.154,
              -29.3391
            ],
            [
              -50.151,
              -29.3402
            ],
            [
              -50.148,
              -29.3401
            ],
            [
              -50.1462,
              -29.3393
            ],
            [
              -50.1436,
              -29.3395
            ],
            [
              -50.1425,
              -29.3387
            ],
            [
              -50.1405,
              -29.3385
            ],
            [
              -50.1372,
              -29.339
            ],
            [
              -50.1357,
              -29.3379
            ],
            [
              -50.1348,
              -29.3354
            ],
            [
              -50.1337,
              -29.3353
            ],
            [
              -50.1309,
              -29.3365
            ],
            [
              -50.1291,
              -29.3364
            ],
            [
              -50.1274,
              -29.3353
            ],
            [
              -50.1256,
              -29.3356
            ],
            [
              -50.1226,
              -29.3352
            ],
            [
              -50.1202,
              -29.3343
            ],
            [
              -50.118,
              -29.3363
            ],
            [
              -50.1156,
              -29.3351
            ],
            [
              -50.1157,
              -29.334
            ],
            [
              -50.1176,
              -29.3331
            ],
            [
              -50.1171,
              -29.3307
            ],
            [
              -50.118,
              -29.329
            ],
            [
              -50.1179,
              -29.3269
            ],
            [
              -50.1201,
              -29.3257
            ],
            [
              -50.1185,
              -29.3241
            ],
            [
              -50.1162,
              -29.3258
            ],
            [
              -50.1158,
              -29.3276
            ],
            [
              -50.1132,
              -29.3268
            ],
            [
              -50.1123,
              -29.3274
            ],
            [
              -50.1127,
              -29.3291
            ],
            [
              -50.1119,
              -29.3301
            ],
            [
              -50.1107,
              -29.3302
            ],
            [
              -50.1093,
              -29.3292
            ],
            [
              -50.1058,
              -29.328
            ],
            [
              -50.1056,
              -29.3295
            ],
            [
              -50.1068,
              -29.3326
            ],
            [
              -50.108,
              -29.3347
            ],
            [
              -50.1066,
              -29.3361
            ],
            [
              -50.104,
              -29.3349
            ],
            [
              -50.1016,
              -29.3327
            ],
            [
              -50.0991,
              -29.3341
            ],
            [
              -50.0965,
              -29.3343
            ],
            [
              -50.0946,
              -29.3338
            ],
            [
              -50.0921,
              -29.334
            ],
            [
              -50.0884,
              -29.3326
            ],
            [
              -50.0863,
              -29.3328
            ],
            [
              -50.0886,
              -29.335
            ],
            [
              -50.0898,
              -29.3377
            ],
            [
              -50.0913,
              -29.3395
            ],
            [
              -50.0916,
              -29.3407
            ],
            [
              -50.0908,
              -29.3423
            ],
            [
              -50.0873,
              -29.3419
            ],
            [
              -50.0859,
              -29.3424
            ],
            [
              -50.0882,
              -29.3453
            ],
            [
              -50.0873,
              -29.3469
            ],
            [
              -50.0854,
              -29.3468
            ],
            [
              -50.0832,
              -29.3479
            ],
            [
              -50.0842,
              -29.3495
            ],
            [
              -50.082,
              -29.3509
            ],
            [
              -50.0823,
              -29.3519
            ],
            [
              -50.0789,
              -29.3528
            ],
            [
              -50.0779,
              -29.3526
            ],
            [
              -50.0763,
              -29.3545
            ],
            [
              -50.0775,
              -29.3547
            ],
            [
              -50.0775,
              -29.356
            ],
            [
              -50.0756,
              -29.356
            ],
            [
              -50.0752,
              -29.3585
            ],
            [
              -50.071,
              -29.36
            ],
            [
              -50.07,
              -29.3614
            ],
            [
              -50.0672,
              -29.3616
            ],
            [
              -50.0652,
              -29.3631
            ],
            [
              -50.0634,
              -29.3639
            ],
            [
              -50.0621,
              -29.3637
            ],
            [
              -50.0601,
              -29.3648
            ],
            [
              -50.0529,
              -29.3569
            ],
            [
              -50.0473,
              -29.3556
            ],
            [
              -50.0422,
              -29.3532
            ],
            [
              -50.041,
              -29.3551
            ],
            [
              -50.0407,
              -29.3536
            ],
            [
              -50.0386,
              -29.3498
            ],
            [
              -50.0385,
              -29.3472
            ],
            [
              -50.0424,
              -29.3448
            ],
            [
              -50.0468,
              -29.3404
            ],
            [
              -50.0509,
              -29.3391
            ],
            [
              -50.0527,
              -29.3396
            ],
            [
              -50.0558,
              -29.3414
            ],
            [
              -50.0582,
              -29.3436
            ],
            [
              -50.06,
              -29.3438
            ],
            [
              -50.0595,
              -29.3412
            ],
            [
              -50.0602,
              -29.34
            ],
            [
              -50.0626,
              -29.3412
            ],
            [
              -50.0654,
              -29.3416
            ],
            [
              -50.068,
              -29.3425
            ],
            [
              -50.0685,
              -29.3422
            ],
            [
              -50.0662,
              -29.3391
            ],
            [
              -50.0651,
              -29.3398
            ],
            [
              -50.0621,
              -29.338
            ],
            [
              -50.0598,
              -29.3371
            ],
            [
              -50.0602,
              -29.3353
            ],
            [
              -50.0665,
              -29.3355
            ],
            [
              -50.065,
              -29.3333
            ],
            [
              -50.063,
              -29.332
            ],
            [
              -50.0612,
              -29.3315
            ],
            [
              -50.0583,
              -29.33
            ],
            [
              -50.0582,
              -29.3276
            ],
            [
              -50.0618,
              -29.3277
            ],
            [
              -50.0658,
              -29.329
            ],
            [
              -50.0685,
              -29.3294
            ],
            [
              -50.071,
              -29.3295
            ],
            [
              -50.0729,
              -29.3283
            ],
            [
              -50.0745,
              -29.3282
            ],
            [
              -50.0701,
              -29.3257
            ],
            [
              -50.0656,
              -29.3228
            ],
            [
              -50.0673,
              -29.3228
            ],
            [
              -50.0723,
              -29.3247
            ],
            [
              -50.0746,
              -29.3244
            ],
            [
              -50.0722,
              -29.321
            ],
            [
              -50.0736,
              -29.3211
            ],
            [
              -50.0762,
              -29.3226
            ],
            [
              -50.0783,
              -29.3227
            ],
            [
              -50.0781,
              -29.3215
            ],
            [
              -50.0796,
              -29.3212
            ],
            [
              -50.0838,
              -29.3224
            ],
            [
              -50.0854,
              -29.3235
            ],
            [
              -50.0877,
              -29.3243
            ],
            [
              -50.0886,
              -29.3232
            ],
            [
              -50.0883,
              -29.3215
            ],
            [
              -50.087,
              -29.3205
            ],
            [
              -50.0858,
              -29.318
            ],
            [
              -50.0852,
              -29.3145
            ],
            [
              -50.0876,
              -29.3146
            ],
            [
              -50.0915,
              -29.3108
            ],
            [
              -50.0944,
              -29.3115
            ],
            [
              -50.0992,
              -29.3114
            ],
            [
              -50.1017,
              -29.3108
            ],
            [
              -50.1036,
              -29.3099
            ],
            [
              -50.1036,
              -29.3074
            ],
            [
              -50.1057,
              -29.3072
            ],
            [
              -50.1105,
              -29.3057
            ],
            [
              -50.1125,
              -29.3058
            ],
            [
              -50.1125,
              -29.304
            ],
            [
              -50.1064,
              -29.3007
            ],
            [
              -50.1052,
              -29.2994
            ],
            [
              -50.1057,
              -29.2983
            ],
            [
              -50.1141,
              -29.2992
            ],
            [
              -50.1163,
              -29.2989
            ],
            [
              -50.12,
              -29.2967
            ],
            [
              -50.1189,
              -29.2936
            ],
            [
              -50.1171,
              -29.2918
            ],
            [
              -50.1194,
              -29.2899
            ],
            [
              -50.1237,
              -29.2872
            ],
            [
              -50.1242,
              -29.2861
            ],
            [
              -50.1223,
              -29.2843
            ],
            [
              -50.123,
              -29.282
            ],
            [
              -50.1262,
              -29.2813
            ],
            [
              -50.1277,
              -29.2817
            ],
            [
              -50.1284,
              -29.2841
            ],
            [
              -50.1301,
              -29.2858
            ],
            [
              -50.1304,
              -29.287
            ],
            [
              -50.1288,
              -29.2895
            ],
            [
              -50.1294,
              -29.2919
            ],
            [
              -50.1302,
              -29.292
            ],
            [
              -50.1283,
              -29.2979
            ],
            [
              -50.1287,
              -29.2994
            ],
            [
              -50.1302,
              -29.3006
            ],
            [
              -50.1287,
              -29.3036
            ],
            [
              -50.1316,
              -29.3035
            ],
            [
              -50.1341,
              -29.3022
            ],
            [
              -50.1329,
              -29.3003
            ],
            [
              -50.1363,
              -29.2989
            ],
            [
              -50.1358,
              -29.2972
            ],
            [
              -50.1368,
              -29.2964
            ],
            [
              -50.1384,
              -29.2937
            ],
            [
              -50.1392,
              -29.2932
            ],
            [
              -50.1387,
              -29.2916
            ],
            [
              -50.1403,
              -29.2912
            ],
            [
              -50.141,
              -29.2926
            ],
            [
              -50.1434,
              -29.2936
            ],
            [
              -50.1449,
              -29.2936
            ],
            [
              -50.145,
              -29.2925
            ],
            [
              -50.1436,
              -29.2921
            ],
            [
              -50.1426,
              -29.2905
            ],
            [
              -50.1404,
              -29.2897
            ],
            [
              -50.141,
              -29.2878
            ],
            [
              -50.1408,
              -29.2865
            ],
            [
              -50.1438,
              -29.2859
            ],
            [
              -50.1437,
              -29.2843
            ],
            [
              -50.1396,
              -29.282
            ],
            [
              -50.1412,
              -29.2802
            ],
            [
              -50.1436,
              -29.2805
            ],
            [
              -50.1473,
              -29.2832
            ],
            [
              -50.1503,
              -29.2845
            ],
            [
              -50.1489,
              -29.282
            ],
            [
              -50.1464,
              -29.2795
            ],
            [
              -50.146,
              -29.2786
            ],
            [
              -50.1435,
              -29.2758
            ],
            [
              -50.1435,
              -29.2731
            ],
            [
              -50.1426,
              -29.272
            ],
            [
              -50.143,
              -29.2708
            ],
            [
              -50.1446,
              -29.2702
            ],
            [
              -50.1831,
              -29.2646
            ],
            [
              -50.1856,
              -29.2615
            ],
            [
              -50.1874,
              -29.2614
            ],
            [
              -50.1908,
              -29.26
            ],
            [
              -50.1927,
              -29.2589
            ],
            [
              -50.1942,
              -29.2596
            ],
            [
              -50.1961,
              -29.2593
            ],
            [
              -50.1963,
              -29.2582
            ],
            [
              -50.1998,
              -29.257
            ],
            [
              -50.2026,
              -29.2579
            ],
            [
              -50.2035,
              -29.2588
            ],
            [
              -50.206,
              -29.2598
            ],
            [
              -50.2071,
              -29.2594
            ],
            [
              -50.2093,
              -29.2609
            ],
            [
              -50.2116,
              -29.2604
            ],
            [
              -50.2127,
              -29.2623
            ],
            [
              -50.2148,
              -29.2625
            ],
            [
              -50.2161,
              -29.2621
            ],
            [
              -50.2194,
              -29.2621
            ],
            [
              -50.221,
              -29.2644
            ],
            [
              -50.2216,
              -29.2658
            ],
            [
              -50.2229,
              -29.2658
            ],
            [
              -50.2242,
              -29.2668
            ],
            [
              -50.2297,
              -29.2687
            ],
            [
              -50.2317,
              -29.2691
            ],
            [
              -50.2353,
              -29.2708
            ],
            [
              -50.2395,
              -29.2724
            ],
            [
              -50.2415,
              -29.2729
            ],
            [
              -50.2431,
              -29.274
            ],
            [
              -50.2448,
              -29.2743
            ],
            [
              -50.2461,
              -29.2738
            ],
            [
              -50.2476,
              -29.2741
            ],
            [
              -50.248,
              -29.2756
            ],
            [
              -50.2491,
              -29.2767
            ],
            [
              -50.2509,
              -29.2758
            ],
            [
              -50.2534,
              -29.276
            ],
            [
              -50.2571,
              -29.2774
            ],
            [
              -50.258,
              -29.2804
            ],
            [
              -50.2578,
              -29.2813
            ],
            [
              -50.2598,
              -29.2818
            ],
            [
              -50.2619,
              -29.2811
            ],
            [
              -50.2639,
              -29.2816
            ],
            [
              -50.2634,
              -29.284
            ],
            [
              -50.265,
              -29.285
            ],
            [
              -50.2666,
              -29.2875
            ],
            [
              -50.2669,
              -29.2898
            ],
            [
              -50.2685,
              -29.2911
            ],
            [
              -50.2703,
              -29.2909
            ],
            [
              -50.2709,
              -29.2897
            ],
            [
              -50.2728,
              -29.2878
            ],
            [
              -50.2756,
              -29.2875
            ],
            [
              -50.2768,
              -29.2891
            ],
            [
              -50.2789,
              -29.2906
            ],
            [
              -50.2827,
              -29.2897
            ],
            [
              -50.2842,
              -29.2906
            ],
            [
              -50.2852,
              -29.2905
            ],
            [
              -50.2865,
              -29.2922
            ],
            [
              -50.286,
              -29.2938
            ],
            [
              -50.287,
              -29.2955
            ],
            [
              -50.29,
              -29.2949
            ],
            [
              -50.2919,
              -29.2927
            ],
            [
              -50.2956,
              -29.2916
            ],
            [
              -50.2983,
              -29.2931
            ],
            [
              -50.2987,
              -29.294
            ],
            [
              -50.3008,
              -29.2933
            ],
            [
              -50.3014,
              -29.2908
            ],
            [
              -50.3,
              -29.2879
            ],
            [
              -50.2999,
              -29.2868
            ],
            [
              -50.3018,
              -29.285
            ],
            [
              -50.3027,
              -29.285
            ],
            [
              -50.3032,
              -29.2834
            ],
            [
              -50.302,
              -29.2818
            ],
            [
              -50.2974,
              -29.2782
            ],
            [
              -50.2979,
              -29.2772
            ],
            [
              -50.2998,
              -29.2761
            ],
            [
              -50.3015,
              -29.2762
            ],
            [
              -50.304,
              -29.273
            ],
            [
              -50.3037,
              -29.2707
            ],
            [
              -50.3043,
              -29.2703
            ],
            [
              -50.3075,
              -29.2715
            ],
            [
              -50.3095,
              -29.2684
            ],
            [
              -50.313,
              -29.2693
            ],
            [
              -50.3143,
              -29.2691
            ],
            [
              -50.315,
              -29.2671
            ],
            [
              -50.315,
              -29.2638
            ],
            [
              -50.3155,
              -29.2628
            ],
            [
              -50.3156,
              -29.2592
            ],
            [
              -50.3189,
              -29.2567
            ],
            [
              -50.3231,
              -29.257
            ],
            [
              -50.3248,
              -29.2579
            ],
            [
              -50.327,
              -29.2575
            ],
            [
              -50.3283,
              -29.2559
            ],
            [
              -50.3264,
              -29.2545
            ],
            [
              -50.325,
              -29.2513
            ],
            [
              -50.3261,
              -29.2503
            ],
            [
              -50.3256,
              -29.2492
            ],
            [
              -50.3286,
              -29.2474
            ],
            [
              -50.3296,
              -29.2457
            ],
            [
              -50.3303,
              -29.243
            ],
            [
              -50.3319,
              -29.2428
            ],
            [
              -50.3326,
              -29.2395
            ],
            [
              -50.3296,
              -29.2356
            ],
            [
              -50.329,
              -29.2341
            ],
            [
              -50.3269,
              -29.2257
            ],
            [
              -50.3259,
              -29.2248
            ],
            [
              -50.3244,
              -29.2219
            ],
            [
              -50.325,
              -29.2206
            ],
            [
              -50.3281,
              -29.2205
            ],
            [
              -50.3296,
              -29.2229
            ],
            [
              -50.3336,
              -29.224
            ],
            [
              -50.3343,
              -29.2221
            ],
            [
              -50.3325,
              -29.2207
            ],
            [
              -50.332,
              -29.2197
            ],
            [
              -50.3301,
              -29.2187
            ],
            [
              -50.3327,
              -29.2126
            ],
            [
              -50.335,
              -29.213
            ],
            [
              -50.3362,
              -29.2127
            ],
            [
              -50.3394,
              -29.2094
            ],
            [
              -50.341,
              -29.2058
            ],
            [
              -50.3428,
              -29.2043
            ],
            [
              -50.3432,
              -29.2027
            ],
            [
              -50.3429,
              -29.201
            ],
            [
              -50.3456,
              -29.1978
            ],
            [
              -50.3486,
              -29.1961
            ],
            [
              -50.3499,
              -29.1948
            ],
            [
              -50.3569,
              -29.1905
            ],
            [
              -50.3576,
              -29.189
            ],
            [
              -50.3571,
              -29.1869
            ],
            [
              -50.3576,
              -29.1851
            ],
            [
              -50.3575,
              -29.183
            ],
            [
              -50.3563,
              -29.1809
            ],
            [
              -50.3565,
              -29.1797
            ],
            [
              -50.359,
              -29.1766
            ],
            [
              -50.3599,
              -29.1731
            ],
            [
              -50.36,
              -29.1702
            ],
            [
              -50.3582,
              -29.1688
            ],
            [
              -50.3591,
              -29.1674
            ],
            [
              -50.3601,
              -29.1641
            ],
            [
              -50.3598,
              -29.1631
            ],
            [
              -50.357,
              -29.1594
            ],
            [
              -50.3559,
              -29.1567
            ],
            [
              -50.3563,
              -29.1561
            ],
            [
              -50.3593,
              -29.1553
            ],
            [
              -50.3617,
              -29.1539
            ],
            [
              -50.3622,
              -29.1528
            ],
            [
              -50.3591,
              -29.1512
            ],
            [
              -50.3575,
              -29.1494
            ],
            [
              -50.3546,
              -29.1485
            ],
            [
              -50.3542,
              -29.1478
            ],
            [
              -50.3544,
              -29.1451
            ],
            [
              -50.3539,
              -29.144
            ],
            [
              -50.3534,
              -29.1411
            ],
            [
              -50.3514,
              -29.1396
            ],
            [
              -50.3513,
              -29.1375
            ],
            [
              -50.3524,
              -29.1366
            ],
            [
              -50.3572,
              -29.1362
            ],
            [
              -50.362,
              -29.1382
            ],
            [
              -50.3657,
              -29.1366
            ],
            [
              -50.3663,
              -29.1352
            ],
            [
              -50.3657,
              -29.1343
            ],
            [
              -50.3653,
              -29.1317
            ],
            [
              -50.3643,
              -29.1301
            ],
            [
              -50.3616,
              -29.1282
            ],
            [
              -50.3563,
              -29.126
            ],
            [
              -50.3561,
              -29.1236
            ],
            [
              -50.3581,
              -29.1197
            ],
            [
              -50.3575,
              -29.1171
            ]
          ]
        ]
      },
      "properties": {
        "codarea": "4318200",
        "nome_municipio": "São Francisco de Paula",
        "codigo_ibge": 4318200
      }
    },
    {
      "type": "Feature",
      "geometry": {
        "type": "Polygon",
        "coordinates": [
          [
            [
              -44.4818,
              -21.4082
            ],
            [
              -44.481,
              -21.4067
            ],
            [
              -44.4774,
              -21.4024
            ],
            [
              -44.4737,
              -21.4017
            ],
            [
              -44.4705,
              -21.4018
            ],
            [
              -44.4683,
              -21.4027
            ],
            [
              -44.4665,
              -21.4022
            ],
            [
              -44.4649,
              -21.4012
            ],
            [
              -44.463,
              -21.399
            ],
            [
              -44.46,
              -21.3982
            ],
            [
              -44.459,
              -21.3989
            ],
            [
              -44.4573,
              -21.4017
            ],
            [
              -44.4559,
              -21.4018
            ],
            [
              -44.4538,
              -21.4008
            ],
            [
              -44.4506,
              -21.3988
            ],
            [
              -44.4463,
              -21.3974
            ],
            [
              -44.4455,
              -21.398
            ],
            [
              -44.4432,
              -21.3968
            ],
            [
              -44.442,
              -21.399
            ],
            [
              -44.4402,
              -21.3988
            ],
            [
              -44.4385,
              -21.4
            ],
            [
              -44.4393,
              -21.4018
            ],
            [
              -44.4379,
              -21.4036
            ],
            [
              -44.4335,
              -21.4082
            ],
            [
              -44.4346,
              -21.4089
            ],
            [
              -44.4354,
              -21.4121
            ],
            [
              -44.4329,
              -21.413
            ],
            [
              -44.4309,
              -21.4101
            ],
            [
              -44.4275,
              -21.4087
            ],
            [
              -44.4229,
              -21.4084
            ],
            [
              -44.4229,
              -21.4107
            ],
            [
              -44.4206,
              -21.4108
            ],
            [
              -44.4175,
              -21.412
            ],
            [
              -44.4159,
              -21.4147
            ],
            [
              -44.4126,
              -21.4105
            ],
            [
              -44.4117,
              -21.4114
            ],
            [
              -44.41,
              -21.4111
            ],
            [
              -44.4091,
              -21.4102
            ],
            [
              -44.4084,
              -21.4081
            ],
            [
              -44.4062,
              -21.4085
            ],
            [
              -44.406,
              -21.4071
            ],
            [
              -44.4041,
              -21.4075
            ],
            [
              -44.4024,
              -21.4085
            ],
            [
              -44.4014,
              -21.4101
            ],
            [
              -44.3993,
              -21.4101
            ],
            [
              -44.3969,
              -21.4083
            ],
            [
              -44.3954,
              -21.4089
            ],
            [
              -44.3946,
              -21.4062
            ],
            [
              -44.3927,
              -21.4069
            ],
            [
              -44.3925,
              -21.4081
            ],
            [
              -44.391,
              -21.4094
            ],
            [
              -44.3876,
              -21.4087
            ],
            [
              -44.3867,
              -21.4096
            ],
            [
              -44.387,
              -21.4116
            ],
            [
              -44.3864,
              -21.4135
            ],
            [
              -44.385,
              -21.4135
            ],
            [
              -44.3848,
              -21.412
            ],
            [
              -44.3829,
              -21.4092
            ],
            [
              -44.3806,
              -21.4075
            ],
            [
              -44.3795,
              -21.4059
            ],
            [
              -44.3769,
              -21.4064
            ],
            [
              -44.3754,
              -21.4074
            ],
            [
              -44.3747,
              -21.4069
            ],
            [
              -44.3732,
              -21.4074
            ],
            [
              -44.3716,
              -21.4093
            ],
            [
              -44.3701,
              -21.41
            ],
            [
              -44.3695,
              -21.4077
            ],
            [
              -44.3681,
              -21.4076
            ],
            [
              -44.3672,
              -21.4083
            ],
            [
              -44.3642,
              -21.4085
            ],
            [
              -44.3633,
              -21.4064
            ],
            [
              -44.3608,
              -21.4066
            ],
            [
              -44.3606,
              -21.4054
            ],
            [
              -44.3615,
              -21.4045
            ],
            [
              -44.3609,
              -21.4029
            ],
            [
              -44.3574,
              -21.4023
            ],
            [
              -44.3555,
              -21.3999
            ],
            [
              -44.3545,
              -21.3992
            ],
            [
              -44.3522,
              -21.3987
            ],
            [
              -44.3511,
              -21.3975
            ],
            [
              -44.3498,
              -21.3972
            ],
            [
              -44.349,
              -21.3962
            ],
            [
              -44.349,
              -21.3927
            ],
            [
              -44.3482,
              -21.3919
            ],
            [
              -44.3463,
              -21.3919
            ],
            [
              -44.3424,
              -21.391
            ],
            [
              -44.3394,
              -21.3899
            ],
            [
              -44.3353,
              -21.3898
            ],
            [
              -44.335,
              -21.3873
            ],
            [
              -44.3317,
              -21.387
            ],
            [
              -44.3312,
              -21.3885
            ],
            [
              -44.3286,
              -21.3883
            ],
            [
              -44.3232,
              -21.3884
            ],
            [
              -44.3228,
              -21.3873
            ],
            [
              -44.3197,
              -21.3863
            ],
            [
              -44.3189,
              -21.385
            ],
            [
              -44.3147,
              -21.3839
            ],
            [
              -44.3133,
              -21.3849
            ],
            [
              -44.3108,
              -21.3838
            ],
            [
              -44.31,
              -21.3829
            ],
            [
              -44.3083,
              -21.3824
            ],
            [
              -44.307,
              -21.383
            ],
            [
              -44.303,
              -21.3798
            ],
            [
              -44.3008,
              -21.3785
            ],
            [
              -44.299,
              -21.3791
            ],
            [
              -44.298,
              -21.3802
            ],
            [
              -44.2962,
              -21.3804
            ],
            [
              -44.2938,
              -21.3789
            ],
            [
              -44.2902,
              -21.3787
            ],
            [
              -44.2887,
              -21.378
            ],
            [
              -44.2861,
              -21.3777
            ],
            [
              -44.2835,
              -21.3783
            ],
            [
              -44.282,
              -21.3779
            ],
            [
              -44.2797,
              -21.3758
            ],
            [
              -44.2758,
              -21.3755
            ],
            [
              -44.2735,
              -21.3742
            ],
            [
              -44.2722,
              -21.373
            ],
            [
              -44.2691,
              -21.3713
            ],
            [
              -44.2666,
              -21.3714
            ],
            [
              -44.2655,
              -21.3719
            ],
            [
              -44.2611,
              -21.3705
            ],
            [
              -44.2599,
              -21.3706
            ],
            [
              -44.2581,
              -21.372
            ],
            [
              -44.2562,
              -21.3722
            ],
            [
              -44.2537,
              -21.3742
            ],
            [
              -44.2502,
              -21.3743
            ],
            [
              -44.2486,
              -21.3747
            ],
            [
              -44.2464,
              -21.3765
            ],
            [
              -44.243,
              -21.3776
            ],
            [
              -44.2408,
              -21.3778
            ],
            [
              -44.2379,
              -21.3756
            ],
            [
              -44.2345,
              -21.3747
            ],
            [
              -44.2311,
              -21.375
            ],
            [
              -44.2257,
              -21.3761
            ],
            [
              -44.2221,
              -21.3761
            ],
            [
              -44.2176,
              -21.3752
            ],
            [
              -44.2139,
              -21.3758
            ],
            [
              -44.2125,
              -21.3767
            ],
            [
              -44.2083,
              -21.3769
            ],
            [
              -44.2049,
              -21.3788
            ],
            [
              -44.202,
              -21.3835
            ],
            [
              -44.1994,
              -21.3848
            ],
            [
              -44.1983,
              -21.3861
            ],
            [
              -44.198,
              -21.3895
            ],
            [
              -44.1988,
              -21.3908
            ],
            [
              -44.1962,
              -21.3908
            ],
            [
              -44.1948,
              -21.3895
            ],
            [
              -44.1932,
              -21.3893
            ],
            [
              -44.1905,
              -21.3909
            ],
            [
              -44.1863,
              -21.3911
            ],
            [
              -44.1845,
              -21.3905
            ],
            [
              -44.182,
              -21.3886
            ],
            [
              -44.1793,
              -21.3877
            ],
            [
              -44.1766,
              -21.3877
            ],
            [
              -44.1737,
              -21.3864
            ],
            [
              -44.1719,
              -21.3861
            ],
            [
              -44.1707,
              -21.3881
            ],
            [
              -44.1675,
              -21.3895
            ],
            [
              -44.1658,
              -21.3892
            ],
            [
              -44.1626,
              -21.3876
            ],
            [
              -44.1603,
              -21.386
            ],
            [
              -44.1572,
              -21.3844
            ],
            [
              -44.1532,
              -21.3839
            ],
            [
              -44.1475,
              -21.3852
            ],
            [
              -44.143,
              -21.3857
            ],
            [
              -44.1418,
              -21.3862
            ],
            [
              -44.1407,
              -21.3874
            ],
            [
              -44.1403,
              -21.3894
            ],
            [
              -44.1374,
              -21.3942
            ],
            [
              -44.1352,
              -21.3931
            ],
            [
              -44.1328,
              -21.393
            ],
            [
              -44.1307,
              -21.3942
            ],
            [
              -44.1285,
              -21.3949
            ],
            [
              -44.1253,
              -21.3967
            ],
            [
              -44.1228,
              -21.3989
            ],
            [
              -44.1206,
              -21.3999
            ],
            [
              -44.1177,
              -21.4022
            ],
            [
              -44.1163,
              -21.4039
            ],
            [
              -44.1143,
              -21.4051
            ],
            [
              -44.114,
              -21.4074
            ],
            [
              -44.1144,
              -21.4115
            ],
            [
              -44.1125,
              -21.4169
            ],
            [
              -44.1095,
              -21.4213
            ],
            [
              -44.1094,
              -21.4239
            ],
            [
              -44.1083,
              -21.4248
            ],
            [
              -44.1059,
              -21.4249
            ],
            [
              -44.1024,
              -21.428
            ],
            [
              -44.0984,
              -21.4285
            ],
            [
              -44.0963,
              -21.4297
            ],
            [
              -44.0946,
              -21.4284
            ],
            [
              -44.0926,
              -21.4295
            ],
            [
              -44.0915,
              -21.4333
            ],
            [
              -44.0907,
              -21.4345
            ],
            [
              -44.0891,
              -21.4354
            ],
            [
              -44.0885,
              -21.4347
            ],
            [
              -44.087,
              -21.4293
            ],
            [
              -44.0854,
              -21.4274
            ],
            [
              -44.0855,
              -21.4251
            ],
            [
              -44.0818,
              -21.4196
            ],
            [
              -44.0779,
              -21.4169
            ],
            [
              -44.0765,
              -21.4147
            ],
            [
              -44.0742,
              -21.4126
            ],
            [
              -44.0692,
              -21.4119
            ],
            [
              -44.068,
              -21.409
            ],
            [
              -44.0678,
              -21.4058
            ],
            [
              -44.0664,
              -21.4057
            ],
            [
              -44.0655,
              -21.4074
            ],
            [
              -44.0652,
              -21.4091
            ],
            [
              -44.0625,
              -21.4102
            ],
            [
              -44.0601,
              -21.4096
            ],
            [
              -44.0583,
              -21.4096
            ],
            [
              -44.0541,
              -21.4071
            ],
            [
              -44.0532,
              -21.405
            ],
            [
              -44.0534,
              -21.4033
            ],
            [
              -44.0529,
              -21.4015
            ],
            [
              -44.0498,
              -21.3975
            ],
            [
              -44.0479,
              -21.3967
            ],
            [
              -44.0471,
              -21.395
            ],
            [
              -44.0454,
              -21.3933
            ],
            [
              -44.0443,
              -21.3905
            ],
            [
              -44.0418,
              -21.3896
            ],
            [
              -44.0418,
              -21.3887
            ],
            [
              -44.0399,
              -21.3878
            ],
            [
              -44.0397,
              -21.3868
            ],
            [
              -44.0384,
              -21.3858
            ],
            [
              -44.0372,
              -21.3842
            ],
            [
              -44.035,
              -21.3833
            ],
            [
              -44.0322,
              -21.3808
            ],
            [
              -44.0288,
              -21.3802
            ],
            [
              -44.0262,
              -21.3808
            ],
            [
              -44.0225,
              -21.3794
            ],
            [
              -44.0208,
              -21.3794
            ],
            [
              -44.018,
              -21.3786
            ],
            [
              -44.0164,
              -21.3767
            ],
            [
              -44.0112,
              -21.3738
            ],
            [
              -44.0112,
              -21.3722
            ],
            [
              -44.0104,
              -21.3687
            ],
            [
              -44.007,
              -21.3684
            ],
            [
              -44.0064,
              -21.3676
            ],
            [
              -44.0037,
              -21.3676
            ],
            [
              -44.0047,
              -21.3658
            ],
            [
              -44.006,
              -21.3645
            ],
            [
              -44.0054,
              -21.3632
            ],
            [
              -44.0089,
              -21.3609
            ],
            [
              -44.0095,
              -21.3598
            ],
            [
              -44.0114,
              -21.36
            ],
            [
              -44.0133,
              -21.3585
            ],
            [
              -44.013,
              -21.3576
            ],
            [
              -44.0156,
              -21.3557
            ],
            [
              -44.0172,
              -21.3541
            ],
            [
              -44.0175,
              -21.3526
            ],
            [
              -44.0166,
              -21.3503
            ],
            [
              -44.0153,
              -21.3494
            ],
            [
              -44.0143,
              -21.3473
            ],
            [
              -44.0147,
              -21.3452
            ],
            [
              -44.0185,
              -21.3445
            ],
            [
              -44.0243,
              -21.3415
            ],
            [
              -44.0233,
              -21.338
            ],
            [
              -44.0232,
              -21.3356
            ],
            [
              -44.0205,
              -21.3336
            ],
            [
              -44.0189,
              -21.3314
            ],
            [
              -44.0197,
              -21.3311
            ],
            [
              -44.0201,
              -21.3292
            ],
            [
              -44.0182,
              -21.3267
            ],
            [
              -44.0194,
              -21.325
            ],
            [
              -44.0189,
              -21.3234
            ],
            [
              -44.0165,
              -21.3216
            ],
            [
              -44.0155,
              -21.3224
            ],
            [
              -44.0144,
              -21.3212
            ],
            [
              -44.0146,
              -21.3198
            ],
            [
              -44.0159,
              -21.3198
            ],
            [
              -44.0176,
              -21.3189
            ],
            [
              -44.0184,
              -21.3172
            ],
            [
              -44.0179,
              -21.3157
            ],
            [
              -44.0164,
              -21.3152
            ],
            [
              -44.0142,
              -21.3156
            ],
            [
              -44.0133,
              -21.3139
            ],
            [
              -44.0099,
              -21.3128
            ],
            [
              -44.0108,
              -21.3116
            ],
            [
              -44.0108,
              -21.3105
            ],
            [
              -44.0086,
              -21.3116
            ],
            [
              -44.0076,
              -21.311
            ],
            [
              -44.0084,
              -21.3096
            ],
            [
              -44.0104,
              -21.3083
            ],
            [
              -44.011,
              -21.3073
            ],
            [
              -44.0097,
              -21.3059
            ],
            [
              -44.0082,
              -21.3055
            ],
            [
              -44.0072,
              -21.3037
            ],
            [
              -44.0045,
              -21.3021
            ],
            [
              -44.0028,
              -21.3016
            ],
            [
              -44.0009,
              -21.3037
            ],
            [
              -44.0019,
              -21.307
            ],
            [
              -44.0016,
              -21.3075
            ],
            [
              -43.999,
              -21.3082
            ],
            [
              -43.9976,
              -21.3077
            ],
            [
              -43.9982,
              -21.3062
            ],
            [
              -43.9968,
              -21.3049
            ],
            [
              -43.9975,
              -21.3022
            ],
            [
              -43.9968,
              -21.3015
            ],
            [
              -43.9936,
              -21.3005
            ],
            [
              -43.9937,
              -21.2989
            ],
            [
              -43.9916,
              -21.2981
            ],
            [
              -43.9898,
              -21.2986
            ],
            [
              -43.9884,
              -21.2974
            ],
            [
              -43.9899,
              -21.2947
            ],
            [
              -43.992,
              -21.2948
            ],
            [
              -43.9929,
              -21.2937
            ],
            [
              -43.9947,
              -21.2941
            ],
            [
              -43.995,
              -21.2922
            ],
            [
              -43.9966,
              -21.2926
            ],
            [
              -43.9977,
              -21.2919
            ],
            [
              -43.9982,
              -21.2904
            ],
            [
              -43.9974,
              -21.2894
            ],
            [
              -43.9977,
              -21.2881
            ],
            [
              -43.997,
              -21.2869
            ],
            [
              -44.0002,
              -21.2873
            ],
            [
              -44.0011,
              -21.289
            ],
            [
              -44.003,
              -21.2895
            ],
            [
              -44.008,
              -21.2893
            ],
            [
              -44.0075,
              -21.2866
            ],
            [
              -44.0065,
              -21.2858
            ],
            [
              -44.0112,
              -21.2837
            ],
            [
              -44.0102,
              -21.2822
            ],
            [
              -44.0105,
              -21.2812
            ],
            [
              -44.012,
              -21.2813
            ],
            [
              -44.0123,
              -21.28
            ],
            [
              -44.0096,
              -21.28
            ],
            [
              -44.0091,
              -21.2785
            ],
            [
              -44.0109,
              -21.2761
            ],
            [
              -44.0113,
              -21.2737
            ],
            [
              -44.0136,
              -21.2741
            ],
            [
              -44.0146,
              -21.2736
            ],
            [
              -44.0196,
              -21.2732
            ],
            [
              -44.02,
              -21.272
            ],
            [
              -44.0156,
              -21.2722
            ],
            [
              -44.0152,
              -21.2711
            ],
            [
              -44.01,
              -21.2711
            ],
            [
              -44.0123,
              -21.2688
            ],
            [
              -44.0134,
              -21.2684
            ],
            [
              -44.0139,
              -21.2669
            ],
            [
              -44.0108,
              -21.2655
            ],
            [
              -44.0095,
              -21.2657
            ],
            [
              -44.0085,
              -21.2647
            ],
            [
              -44.0086,
              -21.2622
            ],
            [
              -44.0076,
              -21.2615
            ],
            [
              -44.0057,
              -21.2614
            ],
            [
              -44.0058,
              -21.2605
            ],
            [
              -44.0084,
              -21.2593
            ],
            [
              -44.0107,
              -21.2591
            ],
            [
              -44.0147,
              -21.2604
            ],
            [
              -44.0148,
              -21.2624
            ],
            [
              -44.0172,
              -21.2614
            ],
            [
              -44.0176,
              -21.2603
            ],
            [
              -44.0187,
              -21.2599
            ],
            [
              -44.0198,
              -21.2606
            ],
            [
              -44.0204,
              -21.262
            ],
            [
              -44.0217,
              -21.2607
            ],
            [
              -44.0214,
              -21.259
            ],
            [
              -44.0248,
              -21.2591
            ],
            [
              -44.025,
              -21.2579
            ],
            [
              -44.0265,
              -21.2577
            ],
            [
              -44.0286,
              -21.2555
            ],
            [
              -44.0287,
              -21.2532
            ],
            [
              -44.0258,
              -21.2529
            ],
            [
              -44.0222,
              -21.2556
            ],
            [
              -44.0208,
              -21.2541
            ],
            [
              -44.0212,
              -21.2514
            ],
            [
              -44.0205,
              -21.2499
            ],
            [
              -44.0232,
              -21.2464
            ],
            [
              -44.0235,
              -21.2448
            ],
            [
              -44.0228,
              -21.2431
            ],
            [
              -44.0229,
              -21.2416
            ],
            [
              -44.0251,
              -21.2412
            ],
            [
              -44.0263,
              -21.2405
            ],
            [
              -44.0282,
              -21.2404
            ],
            [
              -44.0285,
              -21.2414
            ],
            [
              -44.0279,
              -21.243
            ],
            [
              -44.0298,
              -21.2436
            ],
            [
              -44.0307,
              -21.2423
            ],
            [
              -44.0319,
              -21.2441
            ],
            [
              -44.0333,
              -21.2428
            ],
            [
              -44.0344,
              -21.2435
            ],
            [
              -44.0363,
              -21.2465
            ],
            [
              -44.0372,
              -21.2471
            ],
            [
              -44.0389,
              -21.2462
            ],
            [
              -44.0391,
              -21.2443
            ],
            [
              -44.0402,
              -21.2433
            ],
            [
              -44.0422,
              -21.2432
            ],
            [
              -44.0428,
              -21.2418
            ],
            [
              -44.0405,
              -21.2408
            ],
            [
              -44.0404,
              -21.2398
            ],
            [
              -44.0416,
              -21.2375
            ],
            [
              -44.0442,
              -21.2361
            ],
            [
              -44.0449,
              -21.2351
            ],
            [
              -44.0468,
              -21.2346
            ],
            [
              -44.0453,
              -21.2321
            ],
            [
              -44.0469,
              -21.2301
            ],
            [
              -44.0483,
              -21.2291
            ],
            [
              -44.0475,
              -21.2268
            ],
            [
              -44.0456,
              -21.2251
            ],
            [
              -44.0463,
              -21.2242
            ],
            [
              -44.048,
              -21.2244
            ],
            [
              -44.0499,
              -21.2238
            ],
            [
              -44.0504,
              -21.2215
            ],
            [
              -44.0497,
              -21.2199
            ],
            [
              -44.0513,
              -21.219
            ],
            [
              -44.0518,
              -21.2207
            ],
            [
              -44.0544,
              -21.2197
            ],
            [
              -44.0576,
              -21.2204
            ],
            [
              -44.0616,
              -21.219
            ],
            [
              -44.0627,
              -21.2201
            ],
            [
              -44.0637,
              -21.219
            ],
            [
              -44.0643,
              -21.2172
            ],
            [
              -44.0654,
              -21.2173
            ],
            [
              -44.0646,
              -21.2199
            ],
            [
              -44.0654,
              -21.2205
            ],
            [
              -44.0665,
              -21.2196
            ],
            [
              -44.0667,
              -21.2179
            ],
            [
              -44.0679,
              -21.218
            ],
            [
              -44.0693,
              -21.2204
            ],
            [
              -44.0703,
              -21.22
            ],
            [
              -44.0698,
              -21.2166
            ],
            [
              -44.07,
              -21.2147
            ],
            [
              -44.0728,
              -21.2139
            ],
            [
              -44.073,
              -21.2131
            ],
            [
              -44.0717,
              -21.2108
            ],
            [
              -44.073,
              -21.2102
            ],
            [
              -44.0727,
              -21.2092
            ],
            [
              -44.0751,
              -21.2089
            ],
            [
              -44.0756,
              -21.2064
            ],
            [
              -44.0765,
              -21.2062
            ],
            [
              -44.0772,
              -21.2042
            ],
            [
              -44.0783,
              -21.2038
            ],
            [
              -44.0786,
              -21.2018
            ],
            [
              -44.0795,
              -21.2004
            ],
            [
              -44.0819,
              -21.1988
            ],
            [
              -44.0808,
              -21.1973
            ],
            [
              -44.0816,
              -21.1967
            ],
            [
              -44.083,
              -21.1975
            ],
            [
              -44.0837,
              -21.1963
            ],
            [
              -44.0859,
              -21.1966
            ],
            [
              -44.0853,
              -21.1979
            ],
            [
              -44.0866,
              -21.1995
            ],
            [
              -44.0869,
              -21.2019
            ],
            [
              -44.0883,
              -21.2028
            ],
            [
              -44.0896,
              -21.2022
            ],
            [
              -44.0929,
              -21.2032
            ],
            [
              -44.0933,
              -21.2043
            ],
            [
              -44.0947,
              -21.204
            ],
            [
              -44.0953,
              -21.2056
            ],
            [
              -44.0972,
              -21.2065
            ],
            [
              -44.1001,
              -21.2059
            ],
            [
              -44.1028,
              -21.2065
            ],
            [
              -44.1059,
              -21.2042
            ],
            [
              -44.1078,
              -21.2038
            ],
            [
              -44.1094,
              -21.2015
            ],
            [
              -44.1082,
              -21.2003
            ],
            [
              -44.1081,
              -21.1986
            ],
            [
              -44.1103,
              -21.1986
            ],
            [
              -44.1115,
              -21.197
            ],
            [
              -44.1133,
              -21.1967
            ],
            [
              -44.1143,
              -21.1984
            ],
            [
              -44.1158,
              -21.1993
            ],
            [
              -44.1157,
              -21.2005
            ],
            [
              -44.1209,
              -21.2029
            ],
            [
              -44.121,
              -21.199
            ],
            [
              -44.122,
              -21.1976
            ],
            [
              -44.1236,
              -21.1966
            ],
            [
              -44.1215,
              -21.1953
            ],
            [
              -44.1202,
              -21.1961
            ],
            [
              -44.1183,
              -21.1958
            ],
            [
              -44.1179,
              -21.193
            ],
            [
              -44.1204,
              -21.193
            ],
            [
              -44.1203,
              -21.1918
            ],
            [
              -44.1216,
              -21.1912
            ],
            [
              -44.1216,
              -21.1896
            ],
            [
              -44.1199,
              -21.1877
            ],
            [
              -44.1206,
              -21.1852
            ],
            [
              -44.1219,
              -21.1842
            ],
            [
              -44.124,
              -21.184
            ],
            [
              -44.1252,
              -21.183
            ],
            [
              -44.124,
              -21.1806
            ],
            [
              -44.1223,
              -21.1801
            ],
            [
              -44.1214,
              -21.1788
            ],
            [
              -44.1214,
              -21.1778
            ],
            [
              -44.1228,
              -21.1767
            ],
            [
              -44.1247,
              -21.1769
            ],
            [
              -44.1268,
              -21.1756
            ],
            [
              -44.1273,
              -21.1743
            ],
            [
              -44.1291,
              -21.1721
            ],
            [
              -44.1324,
              -21.1726
            ],
            [
              -44.1325,
              -21.1712
            ],
            [
              -44.1365,
              -21.171
            ],
            [
              -44.1346,
              -21.1699
            ],
            [
              -44.1354,
              -21.1675
            ],
            [
              -44.1358,
              -21.1643
            ],
            [
              -44.1373,
              -21.162
            ],
            [
              -44.1385,
              -21.162
            ],
            [
              -44.1407,
              -21.1607
            ],
            [
              -44.1412,
              -21.1587
            ],
            [
              -44.1427,
              -21.1591
            ],
            [
              -44.1443,
              -21.1578
            ],
            [
              -44.1443,
              -21.1565
            ],
            [
              -44.1455,
              -21.1555
            ],
            [
              -44.1443,
              -21.1541
            ],
            [
              -44.1463,
              -21.1537
            ],
            [
              -44.1441,
              -21.1521
            ],
            [
              -44.145,
              -21.1499
            ],
            [
              -44.1463,
              -21.1494
            ],
            [
              -44.1496,
              -21.1497
            ],
            [
              -44.152,
              -21.1504
            ],
            [
              -44.1538,
              -21.1477
            ],
            [
              -44.1551,
              -21.1481
            ],
            [
              -44.1566,
              -21.1463
            ],
            [
              -44.1578,
              -21.1471
            ],
            [
              -44.1588,
              -21.1445
            ],
            [
              -44.1618,
              -21.1442
            ],
            [
              -44.1621,
              -21.142
            ],
            [
              -44.1619,
              -21.1405
            ],
            [
              -44.1622,
              -21.1389
            ],
            [
              -44.1634,
              -21.1385
            ],
            [
              -44.1629,
              -21.1364
            ],
            [
              -44.163,
              -21.1328
            ],
            [
              -44.1645,
              -21.1323
            ],
            [
              -44.1653,
              -21.1338
            ],
            [
              -44.1668,
              -21.1339
            ],
            [
              -44.1689,
              -21.1332
            ],
            [
              -44.1697,
              -21.1335
            ],
            [
              -44.1711,
              -21.1324
            ],
            [
              -44.1735,
              -21.1319
            ],
            [
              -44.1772,
              -21.1323
            ],
            [
              -44.1791,
              -21.1314
            ],
            [
              -44.1817,
              -21.1284
            ],
            [
              -44.1841,
              -21.1271
            ],
            [
              -44.19,
              -21.1277
            ],
            [
              -44.1914,
              -21.127
            ],
            [
              -44.1921,
              -21.1232
            ],
            [
              -44.1942,
              -21.1226
            ],
            [
              -44.1958,
              -21.1238
            ],
            [
              -44.1974,
              -21.123
            ],
            [
              -44.1998,
              -21.1228
            ],
            [
              -44.2035,
              -21.1227
            ],
            [
              -44.2057,
              -21.1221
            ],
            [
              -44.2084,
              -21.1227
            ],
            [
              -44.2114,
              -21.1241
            ],
            [
              -44.2134,
              -21.1247
            ],
            [
              -44.2152,
              -21.1243
            ],
            [
              -44.219,
              -21.1251
            ],
            [
              -44.2209,
              -21.1261
            ],
            [
              -44.2225,
              -21.126
            ],
            [
              -44.2254,
              -21.1272
            ],
            [
              -44.227,
              -21.1285
            ],
            [
              -44.2294,
              -21.1278
            ],
            [
              -44.2301,
              -21.1263
            ],
            [
              -44.2323,
              -21.1246
            ],
            [
              -44.2329,
              -21.1225
            ],
            [
              -44.2359,
              -21.1216
            ],
            [
              -44.235,
              -21.1201
            ],
            [
              -44.2321,
              -21.1192
            ],
            [
              -44.2302,
              -21.1177
            ],
            [
              -44.2266,
              -21.1166
            ],
            [
              -44.2233,
              -21.1166
            ],
            [
              -44.2208,
              -21.1147
            ],
            [
              -44.2175,
              -21.1143
            ],
            [
              -44.217,
              -21.1152
            ],
            [
              -44.2152,
              -21.1148
            ],
            [
              -44.2129,
              -21.1137
            ],
            [
              -44.211,
              -21.114
            ],
            [
              -44.2075,
              -21.1156
            ],
            [
              -44.2047,
              -21.1155
            ],
            [
              -44.2037,
              -21.114
            ],
            [
              -44.2039,
              -21.113
            ],
            [
              -44.2054,
              -21.1112
            ],
            [
              -44.2048,
              -21.1087
            ],
            [
              -44.2062,
              -21.1057
            ],
            [
              -44.2054,
              -21.1035
            ],
            [
              -44.2034,
              -21.1019
            ],
            [
              -44.2039,
              -21.1009
            ],
            [
              -44.2057,
              -21.1001
            ],
            [
              -44.2068,
              -21.0989
            ],
            [
              -44.207,
              -21.0969
            ],
            [
              -44.2062,
              -21.0945
            ],
            [
              -44.2067,
              -21.0928
            ],
            [
              -44.208,
              -21.0907
            ],
            [
              -44.2082,
              -21.0888
            ],
            [
              -44.2138,
              -21.0888
            ],
            [
              -44.2176,
              -21.0882
            ],
            [
              -44.2194,
              -21.0874
            ],
            [
              -44.2228,
              -21.0853
            ],
            [
              -44.2238,
              -21.0824
            ],
            [
              -44.2243,
              -21.0782
            ],
            [
              -44.2239,
              -21.0761
            ],
            [
              -44.2245,
              -21.0747
            ],
            [
              -44.2265,
              -21.0736
            ],
            [
              -44.2288,
              -21.0716
            ],
            [
              -44.2306,
              -21.0707
            ],
            [
              -44.2303,
              -21.0684
            ],
            [
              -44.2322,
              -21.0671
            ],
            [
              -44.2323,
              -21.0662
            ],
            [
              -44.2351,
              -21.0646
            ],
            [
              -44.2369,
              -21.0671
            ],
            [
              -44.2392,
              -21.0675
            ],
            [
              -44.2414,
              -21.0711
            ],
            [
              -44.2435,
              -21.073
            ],
            [
              -44.244,
              -21.0762
            ],
            [
              -44.245,
              -21.077
            ],
            [
              -44.2454,
              -21.079
            ],
            [
              -44.2462,
              -21.0803
            ],
            [
              -44.2486,
              -21.0802
            ],
            [
              -44.2496,
              -21.0809
            ],
            [
              -44.2553,
              -21.0823
            ],
            [
              -44.2577,
              -21.0821
            ],
            [
              -44.2615,
              -21.0834
            ],
            [
              -44.2623,
              -21.084
            ],
            [
              -44.2638,
              -21.0838
            ],
            [
              -44.266,
              -21.0813
            ],
            [
              -44.2661,
              -21.0788
            ],
            [
              -44.2655,
              -21.0766
            ],
            [
              -44.2639,
              -21.0755
            ],
            [
              -44.2632,
              -21.0733
            ],
            [
              -44.2637,
              -21.0727
            ],
            [
              -44.2681,
              -21.0702
            ],
            [
              -44.271,
              -21.0705
            ],
            [
              -44.2731,
              -21.07
            ],
            [
              -44.2739,
              -21.0693
            ],
            [
              -44.2741,
              -21.0675
            ],
            [
              -44.2738,
              -21.0638
            ],
            [
              -44.2724,
              -21.0619
            ],
            [
              -44.272,
              -21.0606
            ],
            [
              -44.2738,
              -21.0586
            ],
            [
              -44.2743,
              -21.0569
            ],
            [
              -44.2776,
              -21.0566
            ],
            [
              -44.2821,
              -21.0554
            ],
            [
              -44.283,
              -21.0546
            ],
            [
              -44.283,
              -21.0533
            ],
            [
              -44.2849,
              -21.0513
            ],
            [
              -44.2853,
              -21.0474
            ],
            [
              -44.2861,
              -21.0448
            ],
            [
              -44.2877,
              -21.0437
            ],
            [
              -44.2915,
              -21.0429
            ],
            [
              -44.2933,
              -21.0406
            ],
            [
              -44.2955,
              -21.0407
            ],
            [
              -44.2968,
              -21.0415
            ],
            [
              -44.2972,
              -21.043
            ],
            [
              -44.2964,
              -21.0441
            ],
            [
              -44.2951,
              -21.0473
            ],
            [
              -44.2964,
              -21.0498
            ],
            [
              -44.2985,
              -21.0513
            ],
            [
              -44.301,
              -21.0519
            ],
            [
              -44.3035,
              -21.0515
            ],
            [
              -44.3073,
              -21.0524
            ],
            [
              -44.3089,
              -21.0525
            ],
            [
              -44.3096,
              -21.0545
            ],
            [
              -44.3068,
              -21.057
            ],
            [
              -44.3064,
              -21.0589
            ],
            [
              -44.3078,
              -21.0594
            ],
            [
              -44.3097,
              -21.0615
            ],
            [
              -44.3111,
              -21.0626
            ],
            [
              -44.3151,
              -21.0627
            ],
            [
              -44.317,
              -21.0638
            ],
            [
              -44.3192,
              -21.0637
            ],
            [
              -44.3193,
              -21.066
            ],
            [
              -44.3189,
              -21.0668
            ],
            [
              -44.3163,
              -21.0686
            ],
            [
              -44.3171,
              -21.0693
            ],
            [
              -44.32,
              -21.069
            ],
            [
              -44.3236,
              -21.0669
            ],
            [
              -44.3247,
              -21.0668
            ],
            [
              -44.3269,
              -21.0695
            ],
            [
              -44.3296,
              -21.0696
            ],
            [
              -44.3318,
              -21.0701
            ],
            [
              -44.3331,
              -21.0709
            ],
            [
              -44.3345,
              -21.073
            ],
            [
              -44.3341,
              -21.0754
            ],
            [
              -44.3312,
              -21.0764
            ],
            [
              -44.3308,
              -21.0786
            ],
            [
              -44.3314,
              -21.0798
            ],
            [
              -44.3358,
              -21.0827
            ],
            [
              -44.3392,
              -21.083
            ],
            [
              -44.3421,
              -21.0811
            ],
            [
              -44.3421,
              -21.0801
            ],
            [
              -44.3391,
              -21.0784
            ],
            [
              -44.3385,
              -21.0776
            ],
            [
              -44.3386,
              -21.0756
            ],
            [
              -44.3405,
              -21.0715
            ],
            [
              -44.342,
              -21.0702
            ],
            [
              -44.3433,
              -21.0699
            ],
            [
              -44.3449,
              -21.0708
            ],
            [
              -44.3466,
              -21.0712
            ],
            [
              -44.3479,
              -21.0708
            ],
            [
              -44.3518,
              -21.071
            ],
            [
              -44.3527,
              -21.0704
            ],
            [
              -44.3547,
              -21.072
            ],
            [
              -44.3544,
              -21.075
            ],
            [
              -44.3553,
              -21.0769
            ],
            [
              -44.3569,
              -21.0788
            ],
            [
              -44.3603,
              -21.08
            ],
            [
              -44.3628,
              -21.0804
            ],
            [
              -44.3653,
              -21.0817
            ],
            [
              -44.366,
              -21.0828
            ],
            [
              -44.3655,
              -21.0873
            ],
            [
              -44.3664,
              -21.0886
            ],
            [
              -44.3689,
              -21.0886
            ],
            [
              -44.3704,
              -21.0861
            ],
            [
              -44.3736,
              -21.0838
            ],
            [
              -44.375,
              -21.0817
            ],
            [
              -44.3777,
              -21.0799
            ],
            [
              -44.3793,
              -21.0806
            ],
            [
              -44.38,
              -21.082
            ],
            [
              -44.3807,
              -21.0849
            ],
            [
              -44.3839,
              -21.0876
            ],
            [
              -44.3845,
              -21.0887
            ],
            [
              -44.3837,
              -21.0913
            ],
            [
              -44.3839,
              -21.0929
            ],
            [
              -44.3848,
              -21.0946
            ],
            [
              -44.3892,
              -21.0938
            ],
            [
              -44.3924,
              -21.0928
            ],
            [
              -44.3936,
              -21.0929
            ],
            [
              -44.3956,
              -21.0942
            ],
            [
              -44.4,
              -21.0947
            ],
            [
              -44.4043,
              -21.0942
            ],
            [
              -44.4057,
              -21.0937
            ],
            [
              -44.4063,
              -21.0922
            ],
            [
              -44.4039,
              -21.0884
            ],
            [
              -44.4035,
              -21.087
            ],
            [
              -44.4039,
              -21.0847
            ],
            [
              -44.4048,
              -21.0845
            ],
            [
              -44.406,
              -21.0857
            ],
            [
              -44.407,
              -21.0876
            ],
            [
              -44.4086,
              -21.0885
            ],
            [
              -44.4094,
              -21.0897
            ],
            [
              -44.4105,
              -21.0925
            ],
            [
              -44.4106,
              -21.0972
            ],
            [
              -44.4116,
              -21.0976
            ],
            [
              -44.414,
              -21.0966
            ],
            [
              -44.4173,
              -21.0961
            ],
            [
              -44.4169,
              -21.0944
            ],
            [
              -44.4151,
              -21.0937
            ],
            [
              -44.4154,
              -21.0925
            ],
            [
              -44.417,
              -21.0916
            ],
            [
              -44.4206,
              -21.0886
            ],
            [
              -44.4257,
              -21.0875
            ],
            [
              -44.426,
              -21.0889
            ],
            [
              -44.4239,
              -21.0911
            ],
            [
              -44.4244,
              -21.0922
            ],
            [
              -44.4272,
              -21.0926
            ],
            [
              -44.4276,
              -21.0955
            ],
            [
              -44.4285,
              -21.0966
            ],
            [
              -44.4238,
              -21.0988
            ],
            [
              -44.4203,
              -21.1015
            ],
            [
              -44.4194,
              -21.1025
            ],
            [
              -44.4187,
              -21.1044
            ],
            [
              -44.4191,
              -21.1074
            ],
            [
              -44.4207,
              -21.1101
            ],
            [
              -44.4201,
              -21.1116
            ],
            [
              -44.4176,
              -21.1139
            ],
            [
              -44.4172,
              -21.1159
            ],
            [
              -44.4178,
              -21.1183
            ],
            [
              -44.4167,
              -21.1204
            ],
            [
              -44.415,
              -21.1216
            ],
            [
              -44.4128,
              -21.1209
            ],
            [
              -44.4106,
              -21.1218
            ],
            [
              -44.4091,
              -21.123
            ],
            [
              -44.4085,
              -21.1248
            ],
            [
              -44.4084,
              -21.1294
            ],
            [
              -44.4067,
              -21.131
            ],
            [
              -44.4049,
              -21.1307
            ],
            [
              -44.4024,
              -21.1311
            ],
            [
              -44.3996,
              -21.132
            ],
            [
              -44.3949,
              -21.1325
            ],
            [
              -44.3918,
              -21.1324
            ],
            [
              -44.3898,
              -21.1329
            ],
            [
              -44.388,
              -21.1343
            ],
            [
              -44.3885,
              -21.1362
            ],
            [
              -44.3898,
              -21.1371
            ],
            [
              -44.3917,
              -21.1377
            ],
            [
              -44.3923,
              -21.1392
            ],
            [
              -44.3917,
              -21.1413
            ],
            [
              -44.3943,
              -21.143
            ],
            [
              -44.3957,
              -21.145
            ],
            [
              -44.3956,
              -21.148
            ],
            [
              -44.3943,
              -21.1502
            ],
            [
              -44.3939,
              -21.1527
            ],
            [
              -44.3943,
              -21.1533
            ],
            [
              -44.3975,
              -21.1538
            ],
            [
              -44.4003,
              -21.1539
            ],
            [
              -44.4003,
              -21.1526
            ],
            [
              -44.3991,
              -21.1512
            ],
            [
              -44.3993,
              -21.1493
            ],
            [
              -44.3972,
              -21.1484
            ],
            [
              -44.3973,
              -21.1473
            ],
            [
              -44.3992,
              -21.1459
            ],
            [
              -44.4006,
              -21.1456
            ],
            [
              -44.4016,
              -21.1467
            ],
            [
              -44.4031,
              -21.1466
            ],
            [
              -44.4044,
              -21.1446
            ],
            [
              -44.4059,
              -21.1464
            ],
            [
              -44.4076,
              -21.1456
            ],
            [
              -44.41,
              -21.1452
            ],
            [
              -44.4118,
              -21.1442
            ],
            [
              -44.4137,
              -21.1454
            ],
            [
              -44.4158,
              -21.1453
            ],
            [
              -44.4176,
              -21.1439
            ],
            [
              -44.4189,
              -21.1448
            ],
            [
              -44.42,
              -21.1477
            ],
            [
              -44.4224,
              -21.1492
            ],
            [
              -44.4236,
              -21.1514
            ],
            [
              -44.4261,
              -21.1547
            ],
            [
              -44.4261,
              -21.156
            ],
            [
              -44.424,
              -21.1575
            ],
            [
              -44.4236,
              -21.1595
            ],
            [
              -44.4235,
              -21.1624
            ],
            [
              -44.4227,
              -21.1634
            ],
            [
              -44.4235,
              -21.1659
            ],
            [
              -44.4228,
              -21.1672
            ],
            [
              -44.4243,
              -21.1717
            ],
            [
              -44.4244,
              -21.1751
            ],
            [
              -44.426,
              -21.1759
            ],
            [
              -44.4254,
              -21.1783
            ],
            [
              -44.4291,
              -21.1812
            ],
            [
              -44.4309,
              -21.1811
            ],
            [
              -44.4322,
              -21.1822
            ],
            [
              -44.4328,
              -21.1841
            ],
            [
              -44.4345,
              -21.1829
            ],
            [
              -44.4368,
              -21.1861
            ],
            [
              -44.4362,
              -21.1874
            ],
            [
              -44.4373,
              -21.1909
            ],
            [
              -44.4389,
              -21.191
            ],
            [
              -44.4399,
              -21.1938
            ],
            [
              -44.44,
              -21.1956
            ],
            [
              -44.4417,
              -21.1958
            ],
            [
              -44.4427,
              -21.1977
            ],
            [
              -44.4449,
              -21.1988
            ],
            [
              -44.4466,
              -21.2004
            ],
            [
              -44.4502,
              -21.1999
            ],
            [
              -44.4535,
              -21.2008
            ],
            [
              -44.4557,
              -21.2008
            ],
            [
              -44.4566,
              -21.2018
            ],
            [
              -44.4579,
              -21.202
            ],
            [
              -44.4607,
              -21.2038
            ],
            [
              -44.4616,
              -21.2056
            ],
            [
              -44.4622,
              -21.2095
            ],
            [
              -44.4622,
              -21.2114
            ],
            [
              -44.4613,
              -21.2145
            ],
            [
              -44.462,
              -21.2175
            ],
            [
              -44.4623,
              -21.2219
            ],
            [
              -44.4639,
              -21.2249
            ],
            [
              -44.4641,
              -21.2273
            ],
            [
              -44.4638,
              -21.2299
            ],
            [
              -44.4645,
              -21.2309
            ],
            [
              -44.466,
              -21.231
            ],
            [
              -44.4671,
              -21.2329
            ],
            [
              -44.4663,
              -21.2351
            ],
            [
              -44.4658,
              -21.2391
            ],
            [
              -44.4646,
              -21.2406
            ],
            [
              -44.4642,
              -21.2419
            ],
            [
              -44.4644,
              -21.2448
            ],
            [
              -44.4675,
              -21.2463
            ],
            [
              -44.471,
              -21.249
            ],
            [
              -44.4737,
              -21.2508
            ],
            [
              -44.4751,
              -21.2531
            ],
            [
              -44.4775,
              -21.2543
            ],
            [
              -44.4783,
              -21.2553
            ],
            [
              -44.4799,
              -21.256
            ],
            [
              -44.4806,
              -21.2575
            ],
            [
              -44.4836,
              -21.2586
            ],
            [
              -44.485,
              -21.2612
            ],
            [
              -44.4884,
              -21.2626
            ],
            [
              -44.4896,
              -21.2641
            ],
            [
              -44.4924,
              -21.2648
            ],
            [
              -44.4949,
              -21.2664
            ],
            [
              -44.4951,
              -21.2682
            ],
            [
              -44.498,
              -21.2711
            ],
            [
              -44.4989,
              -21.2715
            ],
            [
              -44.5004,
              -21.2736
            ],
            [
              -44.5027,
              -21.2755
            ],
            [
              -44.506,
              -21.2768
            ],
            [
              -44.5075,
              -21.2795
            ],
            [
              -44.5122,
              -21.2789
            ],
            [
              -44.514,
              -21.2791
            ],
            [
              -44.5171,
              -21.2806
            ],
            [
              -44.5183,
              -21.282
            ],
            [
              -44.5211,
              -21.2801
            ],
            [
              -44.5222,
              -21.2811
            ],
            [
              -44.5248,
              -21.2819
            ],
            [
              -44.5284,
              -21.2809
            ],
            [
              -44.5293,
              -21.2834
            ],
            [
              -44.5312,
              -21.2854
            ],
            [
              -44.5321,
              -21.2882
            ],
            [
              -44.5331,
              -21.2895
            ],
            [
              -44.5354,
              -21.2901
            ],
            [
              -44.5372,
              -21.2888
            ],
            [
              -44.5396,
              -21.289
            ],
            [
              -44.5404,
              -21.2903
            ],
            [
              -44.5419,
              -21.291
            ],
            [
              -44.5457,
              -21.2908
            ],
            [
              -44.5472,
              -21.292
            ],
            [
              -44.5484,
              -21.2937
            ],
            [
              -44.5489,
              -21.2952
            ],
            [
              -44.5528,
              -21.2973
            ],
            [
              -44.555,
              -21.3005
            ],
            [
              -44.5585,
              -21.3002
            ],
            [
              -44.5604,
              -21.3004
            ],
            [
              -44.562,
              -21.2997
            ],
            [
              -44.5647,
              -21.2974
            ],
            [
              -44.5665,
              -21.2973
            ],
            [
              -44.568,
              -21.2984
            ],
            [
              -44.5688,
              -21.2999
            ],
            [
              -44.5696,
              -21.3025
            ],
            [
              -44.5733,
              -21.3057
            ],
            [
              -44.5744,
              -21.3073
            ],
            [
              -44.5748,
              -21.3093
            ],
            [
              -44.5711,
              -21.3092
            ],
            [
              -44.5673,
              -21.3105
            ],
            [
              -44.5646,
              -21.3117
            ],
            [
              -44.5607,
              -21.3119
            ],
            [
              -44.5565,
              -21.3127
            ],
            [
              -44.5538,
              -21.3141
            ],
            [
              -44.5523,
              -21.3163
            ],
            [
              -44.552,
              -21.3184
            ],
            [
              -44.5506,
              -21.3218
            ],
            [
              -44.5492,
              -21.324
            ],
            [
              -44.5481,
              -21.3268
            ],
            [
              -44.5477,
              -21.3311
            ],
            [
              -44.5477,
              -21.3336
            ],
            [
              -44.5481,
              -21.3355
            ],
            [
              -44.548,
              -21.338
            ],
            [
              -44.5474,
              -21.3389
            ],
            [
              -44.5458,
              -21.3384
            ],
            [
              -44.5439,
              -21.3372
            ],
            [
              -44.5401,
              -21.3365
            ],
            [
              -44.5378,
              -21.337
            ],
            [
              -44.5365,
              -21.3379
            ],
            [
              -44.5347,
              -21.3379
            ],
            [
              -44.5322,
              -21.3371
            ],
            [
              -44.5294,
              -21.3352
            ],
            [
              -44.527,
              -21.3357
            ],
            [
              -44.5262,
              -21.3367
            ],
            [
              -44.5239,
              -21.3431
            ],
            [
              -44.5226,
              -21.3449
            ],
            [
              -44.5199,
              -21.3476
            ],
            [
              -44.5182,
              -21.3489
            ],
            [
              -44.5142,
              -21.3504
            ],
            [
              -44.5113,
              -21.3541
            ],
            [
              -44.5115,
              -21.3577
            ],
            [
              -44.5128,
              -21.3595
            ],
            [
              -44.5161,
              -21.361
            ],
            [
              -44.5174,
              -21.3611
            ],
            [
              -44.5214,
              -21.3634
            ],
            [
              -44.5223,
              -21.3648
            ],
            [
              -44.5211,
              -21.3668
            ],
            [
              -44.5155,
              -21.3704
            ],
            [
              -44.5139,
              -21.3721
            ],
            [
              -44.5143,
              -21.374
            ],
            [
              -44.5161,
              -21.3754
            ],
            [
              -44.52,
              -21.377
            ],
            [
              -44.5224,
              -21.3793
            ],
            [
              -44.5236,
              -21.3817
            ],
            [
              -44.5246,
              -21.3827
            ],
            [
              -44.5316,
              -21.3842
            ],
            [
              -44.534,
              -21.3858
            ],
            [
              -44.5344,
              -21.3886
            ],
            [
              -44.5337,
              -21.3914
            ],
            [
              -44.5324,
              -21.3932
            ],
            [
              -44.5304,
              -21.3937
            ],
            [
              -44.5272,
              -21.3923
            ],
            [
              -44.5216,
              -21.3925
            ],
            [
              -44.5209,
              -21.3929
            ],
            [
              -44.521,
              -21.3977
            ],
            [
              -44.5201,
              -21.3996
            ],
            [
              -44.5187,
              -21.4047
            ],
            [
              -44.518,
              -21.4057
            ],
            [
              -44.5138,
              -21.4079
            ],
            [
              -44.5127,
              -21.4071
            ],
            [
              -44.5117,
              -21.4046
            ],
            [
              -44.5089,
              -21.4022
            ],
            [
              -44.5076,
              -21.3994
            ],
            [
              -44.5048,
              -21.3971
            ],
            [
              -44.5027,
              -21.3946
            ],
            [
              -44.4997,
              -21.3942
            ],
            [
              -44.4994,
              -21.3948
            ],
            [
              -44.4994,
              -21.3985
            ],
            [
              -44.4991,
              -21.4017
            ],
            [
              -44.4977,
              -21.4044
            ],
            [
              -44.4959,
              -21.4057
            ],
            [
              -44.4922,
              -21.4076
            ],
            [
              -44.488,
              -21.4088
            ],
            [
              -44.4856,
              -21.409
            ],
            [
              -44.4818,
              -21.4082
            ]
          ]
        ]
      },
      "properties": {
        "codarea": "3162500",
        "nome_municipio": "São João del Rei",
        "codigo_ibge": 3162500
      }
    },
    {
      "type": "Feature",
      "geometry": {
        "type": "Polygon",
        "coordinates": [
          [
            [
              -44.4477,
              -20.7863
            ],
            [
              -44.4493,
              -20.7872
            ],
            [
              -44.4512,
              -20.7874
            ],
            [
              -44.4538,
              -20.7865
            ],
            [
              -44.4566,
              -20.787
            ],
            [
              -44.4604,
              -20.7892
            ],
            [
              -44.463,
              -20.7895
            ],
            [
              -44.4678,
              -20.789
            ],
            [
              -44.4699,
              -20.7897
            ],
            [
              -44.4712,
              -20.7909
            ],
            [
              -44.4751,
              -20.7933
            ],
            [
              -44.4778,
              -20.7978
            ],
            [
              -44.4791,
              -20.7986
            ],
            [
              -44.4799,
              -20.8004
            ],
            [
              -44.4822,
              -20.8025
            ],
            [
              -44.4819,
              -20.8047
            ],
            [
              -44.4827,
              -20.8053
            ],
            [
              -44.4828,
              -20.8072
            ],
            [
              -44.4857,
              -20.809
            ],
            [
              -44.487,
              -20.8084
            ],
            [
              -44.4883,
              -20.8091
            ],
            [
              -44.4897,
              -20.812
            ],
            [
              -44.4909,
              -20.8123
            ],
            [
              -44.491,
              -20.814
            ],
            [
              -44.492,
              -20.8145
            ],
            [
              -44.4933,
              -20.8169
            ],
            [
              -44.495,
              -20.8166
            ],
            [
              -44.496,
              -20.8173
            ],
            [
              -44.4958,
              -20.8197
            ],
            [
              -44.4966,
              -20.8205
            ],
            [
              -44.4985,
              -20.8207
            ],
            [
              -44.5011,
              -20.8221
            ],
            [
              -44.5052,
              -20.8269
            ],
            [
              -44.5055,
              -20.8293
            ],
            [
              -44.5074,
              -20.83
            ],
            [
              -44.5111,
              -20.8325
            ],
            [
              -44.5122,
              -20.8336
            ],
            [
              -44.5151,
              -20.834
            ],
            [
              -44.5173,
              -20.8331
            ],
            [
              -44.5191,
              -20.8309
            ],
            [
              -44.5225,
              -20.8289
            ],
            [
              -44.5258,
              -20.8289
            ],
            [
              -44.5303,
              -20.827
            ],
            [
              -44.5326,
              -20.825
            ],
            [
              -44.5346,
              -20.8237
            ],
            [
              -44.5376,
              -20.8211
            ],
            [
              -44.5394,
              -20.8205
            ],
            [
              -44.5442,
              -20.8206
            ],
            [
              -44.5464,
              -20.8198
            ],
            [
              -44.5481,
              -20.82
            ],
            [
              -44.5479,
              -20.8176
            ],
            [
              -44.5496,
              -20.8155
            ],
            [
              -44.5517,
              -20.8149
            ],
            [
              -44.5523,
              -20.8141
            ],
            [
              -44.5547,
              -20.8124
            ],
            [
              -44.556,
              -20.8096
            ],
            [
              -44.5565,
              -20.8068
            ],
            [
              -44.5601,
              -20.8041
            ],
            [
              -44.5611,
              -20.8039
            ],
            [
              -44.5643,
              -20.8053
            ],
            [
              -44.5685,
              -20.8047
            ],
            [
              -44.5696,
              -20.8052
            ],
            [
              -44.5717,
              -20.8073
            ],
            [
              -44.5731,
              -20.8082
            ],
            [
              -44.5771,
              -20.8092
            ],
            [
              -44.5795,
              -20.8077
            ],
            [
              -44.5812,
              -20.8077
            ],
            [
              -44.5857,
              -20.8129
            ],
            [
              -44.5885,
              -20.8144
            ],
            [
              -44.5904,
              -20.817
            ],
            [
              -44.5935,
              -20.8189
            ],
            [
              -44.5953,
              -20.8222
            ],
            [
              -44.5976,
              -20.8228
            ],
            [
              -44.5987,
              -20.8222
            ],
            [
              -44.6008,
              -20.819
            ],
            [
              -44.6036,
              -20.8162
            ],
            [
              -44.6082,
              -20.8141
            ],
            [
              -44.6092,
              -20.8123
            ],
            [
              -44.6108,
              -20.8116
            ],
            [
              -44.6127,
              -20.8138
            ],
            [
              -44.6163,
              -20.814
            ],
            [
              -44.618,
              -20.8153
            ],
            [
              -44.6193,
              -20.8185
            ],
            [
              -44.6204,
              -20.8196
            ],
            [
              -44.6243,
              -20.8217
            ],
            [
              -44.6278,
              -20.8242
            ],
            [
              -44.6283,
              -20.8272
            ],
            [
              -44.6314,
              -20.8303
            ],
            [
              -44.635,
              -20.8332
            ],
            [
              -44.6361,
              -20.8364
            ],
            [
              -44.6382,
              -20.8379
            ],
            [
              -44.6421,
              -20.8388
            ],
            [
              -44.6435,
              -20.842
            ],
            [
              -44.6432,
              -20.8437
            ],
            [
              -44.6408,
              -20.8462
            ],
            [
              -44.6406,
              -20.8491
            ],
            [
              -44.6413,
              -20.8518
            ],
            [
              -44.6411,
              -20.8563
            ],
            [
              -44.6413,
              -20.8574
            ],
            [
              -44.6428,
              -20.8578
            ],
            [
              -44.6461,
              -20.8558
            ],
            [
              -44.6479,
              -20.8562
            ],
            [
              -44.6486,
              -20.8574
            ],
            [
              -44.6492,
              -20.8634
            ],
            [
              -44.6511,
              -20.866
            ],
            [
              -44.6511,
              -20.8691
            ],
            [
              -44.6514,
              -20.8716
            ],
            [
              -44.6528,
              -20.8708
            ],
            [
              -44.6531,
              -20.8694
            ],
            [
              -44.6541,
              -20.8682
            ],
            [
              -44.6573,
              -20.8659
            ],
            [
              -44.6593,
              -20.8641
            ],
            [
              -44.6626,
              -20.8593
            ],
            [
              -44.6644,
              -20.8561
            ],
            [
              -44.6655,
              -20.8526
            ],
            [
              -44.6672,
              -20.8519
            ],
            [
              -44.6693,
              -20.85
            ],
            [
              -44.6745,
              -20.8483
            ],
            [
              -44.6761,
              -20.8487
            ],
            [
              -44.6774,
              -20.8507
            ],
            [
              -44.678,
              -20.853
            ],
            [
              -44.6794,
              -20.8549
            ],
            [
              -44.6814,
              -20.8552
            ],
            [
              -44.6838,
              -20.8546
            ],
            [
              -44.687,
              -20.8544
            ],
            [
              -44.6893,
              -20.8512
            ],
            [
              -44.6959,
              -20.8498
            ],
            [
              -44.6992,
              -20.8498
            ],
            [
              -44.7024,
              -20.8475
            ],
            [
              -44.7048,
              -20.847
            ],
            [
              -44.7067,
              -20.8478
            ],
            [
              -44.7084,
              -20.848
            ],
            [
              -44.7091,
              -20.8489
            ],
            [
              -44.7067,
              -20.8517
            ],
            [
              -44.7041,
              -20.8535
            ],
            [
              -44.7017,
              -20.8574
            ],
            [
              -44.7002,
              -20.8614
            ],
            [
              -44.7001,
              -20.864
            ],
            [
              -44.6995,
              -20.865
            ],
            [
              -44.6971,
              -20.8672
            ],
            [
              -44.6952,
              -20.8693
            ],
            [
              -44.6937,
              -20.8702
            ],
            [
              -44.6926,
              -20.8715
            ],
            [
              -44.6903,
              -20.8731
            ],
            [
              -44.6886,
              -20.8732
            ],
            [
              -44.6867,
              -20.8758
            ],
            [
              -44.6847,
              -20.8757
            ],
            [
              -44.6831,
              -20.8742
            ],
            [
              -44.6807,
              -20.8758
            ],
            [
              -44.6787,
              -20.8785
            ],
            [
              -44.6786,
              -20.8797
            ],
            [
              -44.6767,
              -20.8818
            ],
            [
              -44.6765,
              -20.8844
            ],
            [
              -44.6752,
              -20.8861
            ],
            [
              -44.6731,
              -20.8875
            ],
            [
              -44.671,
              -20.8865
            ],
            [
              -44.6691,
              -20.8878
            ],
            [
              -44.6697,
              -20.8889
            ],
            [
              -44.6696,
              -20.8905
            ],
            [
              -44.6681,
              -20.8929
            ],
            [
              -44.6642,
              -20.8936
            ],
            [
              -44.6641,
              -20.8948
            ],
            [
              -44.6621,
              -20.8962
            ],
            [
              -44.6617,
              -20.8984
            ],
            [
              -44.6594,
              -20.8986
            ],
            [
              -44.6593,
              -20.9002
            ],
            [
              -44.6585,
              -20.9009
            ],
            [
              -44.6585,
              -20.9034
            ],
            [
              -44.6594,
              -20.9045
            ],
            [
              -44.6607,
              -20.905
            ],
            [
              -44.6607,
              -20.9063
            ],
            [
              -44.6595,
              -20.9084
            ],
            [
              -44.6618,
              -20.9102
            ],
            [
              -44.663,
              -20.9102
            ],
            [
              -44.663,
              -20.9125
            ],
            [
              -44.6619,
              -20.9135
            ],
            [
              -44.6612,
              -20.9169
            ],
            [
              -44.6605,
              -20.918
            ],
            [
              -44.6608,
              -20.9209
            ],
            [
              -44.6604,
              -20.9225
            ],
            [
              -44.659,
              -20.9243
            ],
            [
              -44.6595,
              -20.9258
            ],
            [
              -44.6609,
              -20.9279
            ],
            [
              -44.6608,
              -20.9314
            ],
            [
              -44.6592,
              -20.9341
            ],
            [
              -44.6592,
              -20.9351
            ],
            [
              -44.6606,
              -20.936
            ],
            [
              -44.661,
              -20.9387
            ],
            [
              -44.6605,
              -20.9398
            ],
            [
              -44.6614,
              -20.9418
            ],
            [
              -44.6612,
              -20.9447
            ],
            [
              -44.6617,
              -20.946
            ],
            [
              -44.6639,
              -20.9476
            ],
            [
              -44.6652,
              -20.9492
            ],
            [
              -44.6654,
              -20.9502
            ],
            [
              -44.6643,
              -20.9523
            ],
            [
              -44.6641,
              -20.954
            ],
            [
              -44.6633,
              -20.9563
            ],
            [
              -44.6641,
              -20.9578
            ],
            [
              -44.6638,
              -20.9609
            ],
            [
              -44.6629,
              -20.9631
            ],
            [
              -44.6631,
              -20.9659
            ],
            [
              -44.6615,
              -20.9692
            ],
            [
              -44.6601,
              -20.9738
            ],
            [
              -44.6598,
              -20.9768
            ],
            [
              -44.6609,
              -20.9781
            ],
            [
              -44.6629,
              -20.9793
            ],
            [
              -44.6635,
              -20.9829
            ],
            [
              -44.6615,
              -20.9846
            ],
            [
              -44.6611,
              -20.99
            ],
            [
              -44.6597,
              -20.9907
            ],
            [
              -44.6552,
              -20.9907
            ],
            [
              -44.6532,
              -20.991
            ],
            [
              -44.6511,
              -20.9921
            ],
            [
              -44.6488,
              -20.9925
            ],
            [
              -44.6459,
              -20.9943
            ],
            [
              -44.6448,
              -20.9963
            ],
            [
              -44.6437,
              -20.9965
            ],
            [
              -44.6406,
              -20.9957
            ],
            [
              -44.64,
              -20.9971
            ],
            [
              -44.64,
              -20.9998
            ],
            [
              -44.6421,
              -21.0027
            ],
            [
              -44.6431,
              -21.0072
            ],
            [
              -44.6426,
              -21.0085
            ],
            [
              -44.6403,
              -21.0103
            ],
            [
              -44.64,
              -21.0118
            ],
            [
              -44.641,
              -21.0145
            ],
            [
              -44.6399,
              -21.0162
            ],
            [
              -44.6397,
              -21.02
            ],
            [
              -44.6415,
              -21.0219
            ],
            [
              -44.643,
              -21.0245
            ],
            [
              -44.6423,
              -21.0261
            ],
            [
              -44.6379,
              -21.0295
            ],
            [
              -44.637,
              -21.0312
            ],
            [
              -44.636,
              -21.0371
            ],
            [
              -44.6338,
              -21.0381
            ],
            [
              -44.6346,
              -21.041
            ],
            [
              -44.6349,
              -21.0438
            ],
            [
              -44.6342,
              -21.0469
            ],
            [
              -44.6324,
              -21.0503
            ],
            [
              -44.6299,
              -21.0518
            ],
            [
              -44.6263,
              -21.0525
            ],
            [
              -44.6238,
              -21.0519
            ],
            [
              -44.6236,
              -21.0527
            ],
            [
              -44.6262,
              -21.0598
            ],
            [
              -44.6257,
              -21.0617
            ],
            [
              -44.6245,
              -21.0641
            ],
            [
              -44.6236,
              -21.0673
            ],
            [
              -44.6219,
              -21.0706
            ],
            [
              -44.6218,
              -21.0722
            ],
            [
              -44.6211,
              -21.0745
            ],
            [
              -44.6208,
              -21.0777
            ],
            [
              -44.6211,
              -21.0808
            ],
            [
              -44.6215,
              -21.0822
            ],
            [
              -44.6216,
              -21.0858
            ],
            [
              -44.6189,
              -21.0889
            ],
            [
              -44.6183,
              -21.0916
            ],
            [
              -44.6195,
              -21.0939
            ],
            [
              -44.6213,
              -21.0958
            ],
            [
              -44.6194,
              -21.0975
            ],
            [
              -44.6174,
              -21.0977
            ],
            [
              -44.6141,
              -21.0972
            ],
            [
              -44.613,
              -21.0934
            ],
            [
              -44.6117,
              -21.0924
            ],
            [
              -44.6086,
              -21.0914
            ],
            [
              -44.6039,
              -21.0891
            ],
            [
              -44.6003,
              -21.088
            ],
            [
              -44.5974,
              -21.0865
            ],
            [
              -44.5951,
              -21.0871
            ],
            [
              -44.5926,
              -21.0862
            ],
            [
              -44.5926,
              -21.0852
            ],
            [
              -44.5941,
              -21.0826
            ],
            [
              -44.5938,
              -21.0805
            ],
            [
              -44.5931,
              -21.0794
            ],
            [
              -44.5912,
              -21.0794
            ],
            [
              -44.588,
              -21.0802
            ],
            [
              -44.5846,
              -21.0804
            ],
            [
              -44.5824,
              -21.0826
            ],
            [
              -44.5824,
              -21.0859
            ],
            [
              -44.5804,
              -21.0882
            ],
            [
              -44.5803,
              -21.0894
            ],
            [
              -44.5811,
              -21.0919
            ],
            [
              -44.5834,
              -21.0949
            ],
            [
              -44.5838,
              -21.0975
            ],
            [
              -44.5832,
              -21.1
            ],
            [
              -44.5823,
              -21.1019
            ],
            [
              -44.5805,
              -21.1028
            ],
            [
              -44.5788,
              -21.1018
            ],
            [
              -44.5744,
              -21.0982
            ],
            [
              -44.5732,
              -21.0978
            ],
            [
              -44.5699,
              -21.0982
            ],
            [
              -44.5658,
              -21.0979
            ],
            [
              -44.5648,
              -21.0965
            ],
            [
              -44.565,
              -21.0943
            ],
            [
              -44.5643,
              -21.0927
            ],
            [
              -44.5612,
              -21.0922
            ],
            [
              -44.5596,
              -21.0924
            ],
            [
              -44.5576,
              -21.0935
            ],
            [
              -44.5562,
              -21.0978
            ],
            [
              -44.5532,
              -21.0991
            ],
            [
              -44.5517,
              -21.0991
            ],
            [
              -44.5482,
              -21.0974
            ],
            [
              -44.5447,
              -21.0961
            ],
            [
              -44.544,
              -21.0946
            ],
            [
              -44.5472,
              -21.0927
            ],
            [
              -44.5489,
              -21.0922
            ],
            [
              -44.5494,
              -21.0913
            ],
            [
              -44.5491,
              -21.0895
            ],
            [
              -44.5477,
              -21.0875
            ],
            [
              -44.5424,
              -21.0849
            ],
            [
              -44.5411,
              -21.0847
            ],
            [
              -44.5376,
              -21.0871
            ],
            [
              -44.5355,
              -21.0867
            ],
            [
              -44.5347,
              -21.0857
            ],
            [
              -44.5349,
              -21.0838
            ],
            [
              -44.5365,
              -21.0811
            ],
            [
              -44.5343,
              -21.0781
            ],
            [
              -44.5328,
              -21.0777
            ],
            [
              -44.5314,
              -21.0783
            ],
            [
              -44.5298,
              -21.0777
            ],
            [
              -44.5267,
              -21.0778
            ],
            [
              -44.5249,
              -21.0785
            ],
            [
              -44.5227,
              -21.0771
            ],
            [
              -44.521,
              -21.0775
            ],
            [
              -44.5199,
              -21.0797
            ],
            [
              -44.5175,
              -21.0796
            ],
            [
              -44.5151,
              -21.0812
            ],
            [
              -44.5125,
              -21.0804
            ],
            [
              -44.5118,
              -21.0792
            ],
            [
              -44.5093,
              -21.08
            ],
            [
              -44.5086,
              -21.0791
            ],
            [
              -44.5087,
              -21.0777
            ],
            [
              -44.5096,
              -21.0759
            ],
            [
              -44.5099,
              -21.074
            ],
            [
              -44.5091,
              -21.0733
            ],
            [
              -44.5095,
              -21.0715
            ],
            [
              -44.5087,
              -21.0696
            ],
            [
              -44.5068,
              -21.0686
            ],
            [
              -44.5062,
              -21.0673
            ],
            [
              -44.5018,
              -21.0662
            ],
            [
              -44.5004,
              -21.0647
            ],
            [
              -44.5004,
              -21.0638
            ],
            [
              -44.5018,
              -21.0613
            ],
            [
              -44.4987,
              -21.0599
            ],
            [
              -44.4973,
              -21.0573
            ],
            [
              -44.4904,
              -21.0548
            ],
            [
              -44.4884,
              -21.0558
            ],
            [
              -44.4855,
              -21.0549
            ],
            [
              -44.4845,
              -21.0549
            ],
            [
              -44.4835,
              -21.0565
            ],
            [
              -44.4814,
              -21.0578
            ],
            [
              -44.4803,
              -21.0576
            ],
            [
              -44.48,
              -21.0563
            ],
            [
              -44.4804,
              -21.0528
            ],
            [
              -44.4796,
              -21.0507
            ],
            [
              -44.4815,
              -21.0479
            ],
            [
              -44.4824,
              -21.0437
            ],
            [
              -44.4841,
              -21.0415
            ],
            [
              -44.483,
              -21.0389
            ],
            [
              -44.4829,
              -21.0351
            ],
            [
              -44.4834,
              -21.0346
            ],
            [
              -44.4869,
              -21.0347
            ],
            [
              -44.4882,
              -21.0343
            ],
            [
              -44.4925,
              -21.0347
            ],
            [
              -44.4927,
              -21.0339
            ],
            [
              -44.4909,
              -21.0283
            ],
            [
              -44.4892,
              -21.027
            ],
            [
              -44.4878,
              -21.0239
            ],
            [
              -44.4858,
              -21.0218
            ],
            [
              -44.4851,
              -21.0188
            ],
            [
              -44.4813,
              -21.0121
            ],
            [
              -44.4831,
              -21.0112
            ],
            [
              -44.4839,
              -21.0091
            ],
            [
              -44.4851,
              -21.0077
            ],
            [
              -44.484,
              -21.0065
            ],
            [
              -44.4839,
              -21.005
            ],
            [
              -44.4852,
              -21.002
            ],
            [
              -44.4852,
              -20.9985
            ],
            [
              -44.4836,
              -20.9982
            ],
            [
              -44.4836,
              -20.9948
            ],
            [
              -44.4824,
              -20.9927
            ],
            [
              -44.4821,
              -20.9912
            ],
            [
              -44.4808,
              -20.99
            ],
            [
              -44.4775,
              -20.9898
            ],
            [
              -44.4751,
              -20.9874
            ],
            [
              -44.4717,
              -20.9862
            ],
            [
              -44.4717,
              -20.984
            ],
            [
              -44.4735,
              -20.9834
            ],
            [
              -44.4757,
              -20.9839
            ],
            [
              -44.4772,
              -20.9831
            ],
            [
              -44.4768,
              -20.9808
            ],
            [
              -44.4777,
              -20.9797
            ],
            [
              -44.477,
              -20.977
            ],
            [
              -44.4768,
              -20.9741
            ],
            [
              -44.4776,
              -20.9729
            ],
            [
              -44.4778,
              -20.9711
            ],
            [
              -44.4794,
              -20.9702
            ],
            [
              -44.4796,
              -20.9685
            ],
            [
              -44.4781,
              -20.9667
            ],
            [
              -44.4794,
              -20.9602
            ],
            [
              -44.4785,
              -20.958
            ],
            [
              -44.4754,
              -20.9568
            ],
            [
              -44.4735,
              -20.9529
            ],
            [
              -44.4712,
              -20.953
            ],
            [
              -44.4701,
              -20.951
            ],
            [
              -44.4682,
              -20.9496
            ],
            [
              -44.4686,
              -20.9468
            ],
            [
              -44.4694,
              -20.9458
            ],
            [
              -44.4678,
              -20.9448
            ],
            [
              -44.4653,
              -20.9438
            ],
            [
              -44.4643,
              -20.9411
            ],
            [
              -44.4641,
              -20.9385
            ],
            [
              -44.4648,
              -20.9367
            ],
            [
              -44.4631,
              -20.936
            ],
            [
              -44.4614,
              -20.9341
            ],
            [
              -44.4627,
              -20.932
            ],
            [
              -44.4625,
              -20.9304
            ],
            [
              -44.4605,
              -20.9295
            ],
            [
              -44.4602,
              -20.9278
            ],
            [
              -44.4585,
              -20.9265
            ],
            [
              -44.4586,
              -20.9246
            ],
            [
              -44.4576,
              -20.9234
            ],
            [
              -44.4561,
              -20.9225
            ],
            [
              -44.4563,
              -20.9204
            ],
            [
              -44.453,
              -20.9171
            ],
            [
              -44.4518,
              -20.9145
            ],
            [
              -44.4521,
              -20.9124
            ],
            [
              -44.45,
              -20.9115
            ],
            [
              -44.4481,
              -20.9095
            ],
            [
              -44.4471,
              -20.9092
            ],
            [
              -44.4454,
              -20.9078
            ],
            [
              -44.4458,
              -20.9036
            ],
            [
              -44.4452,
              -20.9023
            ],
            [
              -44.446,
              -20.8992
            ],
            [
              -44.4459,
              -20.8972
            ],
            [
              -44.4466,
              -20.8962
            ],
            [
              -44.4466,
              -20.8929
            ],
            [
              -44.448,
              -20.892
            ],
            [
              -44.4482,
              -20.8911
            ],
            [
              -44.4475,
              -20.8886
            ],
            [
              -44.4481,
              -20.8875
            ],
            [
              -44.4493,
              -20.8867
            ],
            [
              -44.4489,
              -20.8848
            ],
            [
              -44.4475,
              -20.8828
            ],
            [
              -44.4466,
              -20.8828
            ],
            [
              -44.4459,
              -20.8806
            ],
            [
              -44.4467,
              -20.8796
            ],
            [
              -44.4461,
              -20.8779
            ],
            [
              -44.4465,
              -20.8764
            ],
            [
              -44.4495,
              -20.8771
            ],
            [
              -44.4503,
              -20.8756
            ],
            [
              -44.4504,
              -20.8741
            ],
            [
              -44.4514,
              -20.8741
            ],
            [
              -44.4533,
              -20.8725
            ],
            [
              -44.453,
              -20.8714
            ],
            [
              -44.4514,
              -20.871
            ],
            [
              -44.4502,
              -20.8687
            ],
            [
              -44.4511,
              -20.8678
            ],
            [
              -44.4512,
              -20.8647
            ],
            [
              -44.4525,
              -20.8641
            ],
            [
              -44.453,
              -20.8608
            ],
            [
              -44.4522,
              -20.8592
            ],
            [
              -44.4528,
              -20.8584
            ],
            [
              -44.4529,
              -20.8558
            ],
            [
              -44.4538,
              -20.8544
            ],
            [
              -44.4541,
              -20.8503
            ],
            [
              -44.4536,
              -20.8492
            ],
            [
              -44.4556,
              -20.8451
            ],
            [
              -44.4556,
              -20.8438
            ],
            [
              -44.4574,
              -20.8386
            ],
            [
              -44.457,
              -20.8366
            ],
            [
              -44.4574,
              -20.8347
            ],
            [
              -44.4575,
              -20.832
            ],
            [
              -44.4567,
              -20.8306
            ],
            [
              -44.4538,
              -20.828
            ],
            [
              -44.4527,
              -20.8254
            ],
            [
              -44.4528,
              -20.8246
            ],
            [
              -44.4549,
              -20.8222
            ],
            [
              -44.4565,
              -20.8176
            ],
            [
              -44.4565,
              -20.8157
            ],
            [
              -44.4554,
              -20.8146
            ],
            [
              -44.4545,
              -20.8125
            ],
            [
              -44.4533,
              -20.8114
            ],
            [
              -44.453,
              -20.81
            ],
            [
              -44.4536,
              -20.808
            ],
            [
              -44.4532,
              -20.8069
            ],
            [
              -44.4532,
              -20.8042
            ],
            [
              -44.4526,
              -20.8023
            ],
            [
              -44.4518,
              -20.8012
            ],
            [
              -44.4497,
              -20.8006
            ],
            [
              -44.4459,
              -20.7958
            ],
            [
              -44.4447,
              -20.7952
            ],
            [
              -44.442,
              -20.7951
            ],
            [
              -44.4411,
              -20.7944
            ],
            [
              -44.4415,
              -20.7929
            ],
            [
              -44.4431,
              -20.792
            ],
            [
              -44.4459,
              -20.7891
            ],
            [
              -44.4477,
              -20.7863
            ]
          ]
        ]
      },
      "properties": {
        "codarea": "3165008",
        "nome_municipio": "São Tiago",
        "codigo_ibge": 3165008
      }
    }
  ]
}