{
  "type": "FeatureCollection",
  "nome_ig": "Canastra",
  "municipios_lista": "bambui;capitolio;d;delfinopolis;doresopolis;medeiros;minas;pimenta;piumhi;sao joao batista do gloria;sao roqu;vargem bonita",
  "features": [
    {
      "type": "Feature",
      "geometry": {
        "type": "Polygon",
        "coordinates": [
          [
            [
              -46.2257,
              -20.1846
            ],
            [
              -46.2246,
              -20.1815
            ],
            [
              -46.2228,
              -20.1799
            ],
            [
              -46.2222,
              -20.1784
            ],
            [
              -46.2196,
              -20.1762
            ],
            [
              -46.2193,
              -20.1743
            ],
            [
              -46.2198,
              -20.1734
            ],
            [
              -46.2199,
              -20.1697
            ],
            [
              -46.2189,
              -20.1674
            ],
            [
              -46.219,
              -20.1652
            ],
            [
              -46.2184,
              -20.1637
            ],
            [
              -46.2167,
              -20.1613
            ],
            [
              -46.2167,
              -20.1591
            ],
            [
              -46.2159,
              -20.1578
            ],
            [
              -46.2143,
              -20.1571
            ],
            [
              -46.2126,
              -20.155
            ],
            [
              -46.2127,
              -20.1524
            ],
            [
              -46.2139,
              -20.1511
            ],
            [
              -46.2158,
              -20.1499
            ],
            [
              -46.2208,
              -20.1499
            ],
            [
              -46.2227,
              -20.1486
            ],
            [
              -46.2233,
              -20.1473
            ],
            [
              -46.2208,
              -20.1451
            ],
            [
              -46.2196,
              -20.1427
            ],
            [
              -46.2194,
              -20.1379
            ],
            [
              -46.2183,
              -20.1354
            ],
            [
              -46.2156,
              -20.1336
            ],
            [
              -46.2152,
              -20.1318
            ],
            [
              -46.2159,
              -20.1298
            ],
            [
              -46.216,
              -20.1243
            ],
            [
              -46.2144,
              -20.124
            ],
            [
              -46.211,
              -20.125
            ],
            [
              -46.2091,
              -20.1251
            ],
            [
              -46.205,
              -20.1266
            ],
            [
              -46.2034,
              -20.1265
            ],
            [
              -46.1989,
              -20.1248
            ],
            [
              -46.1959,
              -20.1211
            ],
            [
              -46.1922,
              -20.1203
            ],
            [
              -46.1901,
              -20.1194
            ],
            [
              -46.1879,
              -20.1176
            ],
            [
              -46.1842,
              -20.117
            ],
            [
              -46.1777,
              -20.1179
            ],
            [
              -46.1764,
              -20.1176
            ],
            [
              -46.1719,
              -20.1158
            ],
            [
              -46.1679,
              -20.1162
            ],
            [
              -46.1646,
              -20.1153
            ],
            [
              -46.1622,
              -20.1132
            ],
            [
              -46.1597,
              -20.1119
            ],
            [
              -46.1566,
              -20.1072
            ],
            [
              -46.1531,
              -20.1
            ],
            [
              -46.1503,
              -20.0969
            ],
            [
              -46.1483,
              -20.0936
            ],
            [
              -46.1486,
              -20.0919
            ],
            [
              -46.1483,
              -20.0906
            ],
            [
              -46.1462,
              -20.0879
            ],
            [
              -46.1433,
              -20.0854
            ],
            [
              -46.1388,
              -20.0834
            ],
            [
              -46.1354,
              -20.0811
            ],
            [
              -46.1326,
              -20.0777
            ],
            [
              -46.131,
              -20.0762
            ],
            [
              -46.1291,
              -20.0753
            ],
            [
              -46.1268,
              -20.0732
            ],
            [
              -46.1206,
              -20.0707
            ],
            [
              -46.1177,
              -20.0685
            ],
            [
              -46.1156,
              -20.0662
            ],
            [
              -46.1145,
              -20.0643
            ],
            [
              -46.1128,
              -20.0624
            ],
            [
              -46.1129,
              -20.0607
            ],
            [
              -46.1137,
              -20.0592
            ],
            [
              -46.1132,
              -20.0573
            ],
            [
              -46.1134,
              -20.0553
            ],
            [
              -46.1159,
              -20.0555
            ],
            [
              -46.1166,
              -20.0545
            ],
            [
              -46.1178,
              -20.0546
            ],
            [
              -46.1173,
              -20.0527
            ],
            [
              -46.1186,
              -20.0509
            ],
            [
              -46.1175,
              -20.049
            ],
            [
              -46.1203,
              -20.0487
            ],
            [
              -46.1199,
              -20.0462
            ],
            [
              -46.1224,
              -20.0468
            ],
            [
              -46.1238,
              -20.0463
            ],
            [
              -46.1238,
              -20.0437
            ],
            [
              -46.1224,
              -20.0444
            ],
            [
              -46.123,
              -20.0408
            ],
            [
              -46.1223,
              -20.0393
            ],
            [
              -46.123,
              -20.0385
            ],
            [
              -46.125,
              -20.0382
            ],
            [
              -46.1263,
              -20.0374
            ],
            [
              -46.1303,
              -20.0397
            ],
            [
              -46.1311,
              -20.0388
            ],
            [
              -46.1303,
              -20.0366
            ],
            [
              -46.1311,
              -20.0354
            ],
            [
              -46.1289,
              -20.0334
            ],
            [
              -46.129,
              -20.0311
            ],
            [
              -46.1299,
              -20.0299
            ],
            [
              -46.1322,
              -20.0286
            ],
            [
              -46.1339,
              -20.0289
            ],
            [
              -46.1361,
              -20.0301
            ],
            [
              -46.1389,
              -20.0311
            ],
            [
              -46.1402,
              -20.0321
            ],
            [
              -46.1414,
              -20.0318
            ],
            [
              -46.1427,
              -20.0305
            ],
            [
              -46.1437,
              -20.0283
            ],
            [
              -46.1434,
              -20.0266
            ],
            [
              -46.144,
              -20.0244
            ],
            [
              -46.1447,
              -20.0236
            ],
            [
              -46.1463,
              -20.0238
            ],
            [
              -46.1461,
              -20.0218
            ],
            [
              -46.1468,
              -20.0184
            ],
            [
              -46.1492,
              -20.0152
            ],
            [
              -46.1487,
              -20.0142
            ],
            [
              -46.1487,
              -20.0115
            ],
            [
              -46.1474,
              -20.0102
            ],
            [
              -46.1457,
              -20.0113
            ],
            [
              -46.1441,
              -20.0115
            ],
            [
              -46.1424,
              -20.0123
            ],
            [
              -46.1406,
              -20.0103
            ],
            [
              -46.139,
              -20.0091
            ],
            [
              -46.1388,
              -20.0075
            ],
            [
              -46.1438,
              -20.0049
            ],
            [
              -46.1473,
              -20.0041
            ],
            [
              -46.1505,
              -20.0005
            ],
            [
              -46.1523,
              -19.9997
            ],
            [
              -46.1551,
              -19.9996
            ],
            [
              -46.1553,
              -19.9975
            ],
            [
              -46.1533,
              -19.9962
            ],
            [
              -46.1487,
              -19.9941
            ],
            [
              -46.1444,
              -19.9936
            ],
            [
              -46.1415,
              -19.9924
            ],
            [
              -46.1385,
              -19.9906
            ],
            [
              -46.1328,
              -19.9863
            ],
            [
              -46.1318,
              -19.9853
            ],
            [
              -46.1273,
              -19.985
            ],
            [
              -46.1252,
              -19.9816
            ],
            [
              -46.1211,
              -19.9779
            ],
            [
              -46.1211,
              -19.9759
            ],
            [
              -46.1216,
              -19.973
            ],
            [
              -46.1211,
              -19.969
            ],
            [
              -46.1176,
              -19.9629
            ],
            [
              -46.1165,
              -19.9601
            ],
            [
              -46.1189,
              -19.9605
            ],
            [
              -46.1203,
              -19.96
            ],
            [
              -46.1233,
              -19.9603
            ],
            [
              -46.1236,
              -19.9585
            ],
            [
              -46.1244,
              -19.958
            ],
            [
              -46.1253,
              -19.9558
            ],
            [
              -46.1271,
              -19.9561
            ],
            [
              -46.1275,
              -19.9579
            ],
            [
              -46.1286,
              -19.9592
            ],
            [
              -46.1309,
              -19.9596
            ],
            [
              -46.1325,
              -19.9611
            ],
            [
              -46.1333,
              -19.9606
            ],
            [
              -46.1333,
              -19.9589
            ],
            [
              -46.135,
              -19.9579
            ],
            [
              -46.1393,
              -19.958
            ],
            [
              -46.1421,
              -19.9569
            ],
            [
              -46.1437,
              -19.9538
            ],
            [
              -46.1444,
              -19.9513
            ],
            [
              -46.146,
              -19.949
            ],
            [
              -46.149,
              -19.9479
            ],
            [
              -46.1501,
              -19.9471
            ],
            [
              -46.1521,
              -19.9434
            ],
            [
              -46.1538,
              -19.9418
            ],
            [
              -46.1585,
              -19.9392
            ],
            [
              -46.1614,
              -19.9384
            ],
            [
              -46.1633,
              -19.9362
            ],
            [
              -46.1665,
              -19.9348
            ],
            [
              -46.1672,
              -19.9321
            ],
            [
              -46.1684,
              -19.9303
            ],
            [
              -46.1718,
              -19.931
            ],
            [
              -46.1738,
              -19.9326
            ],
            [
              -46.1781,
              -19.9355
            ],
            [
              -46.1811,
              -19.9369
            ],
            [
              -46.1845,
              -19.9375
            ],
            [
              -46.1865,
              -19.9364
            ],
            [
              -46.1872,
              -19.9304
            ],
            [
              -46.1883,
              -19.9247
            ],
            [
              -46.1897,
              -19.9214
            ],
            [
              -46.1903,
              -19.9206
            ],
            [
              -46.1935,
              -19.919
            ],
            [
              -46.1969,
              -19.9178
            ],
            [
              -46.1997,
              -19.9136
            ],
            [
              -46.2041,
              -19.9109
            ],
            [
              -46.2084,
              -19.9068
            ],
            [
              -46.2135,
              -19.904
            ],
            [
              -46.2161,
              -19.9013
            ],
            [
              -46.2183,
              -19.9
            ],
            [
              -46.2203,
              -19.8995
            ],
            [
              -46.2223,
              -19.8997
            ],
            [
              -46.2252,
              -19.9024
            ],
            [
              -46.228,
              -19.9073
            ],
            [
              -46.23,
              -19.9126
            ],
            [
              -46.233,
              -19.9152
            ],
            [
              -46.2347,
              -19.918
            ],
            [
              -46.2365,
              -19.9202
            ],
            [
              -46.2379,
              -19.9201
            ],
            [
              -46.2397,
              -19.9179
            ],
            [
              -46.2411,
              -19.9171
            ],
            [
              -46.2451,
              -19.9162
            ],
            [
              -46.2507,
              -19.9164
            ],
            [
              -46.2546,
              -19.9151
            ],
            [
              -46.2565,
              -19.9148
            ],
            [
              -46.2587,
              -19.9135
            ],
            [
              -46.2618,
              -19.9133
            ],
            [
              -46.2645,
              -19.9145
            ],
            [
              -46.2666,
              -19.9148
            ],
            [
              -46.27,
              -19.9149
            ],
            [
              -46.2733,
              -19.9142
            ],
            [
              -46.2757,
              -19.9131
            ],
            [
              -46.278,
              -19.9102
            ],
            [
              -46.2799,
              -19.9065
            ],
            [
              -46.2827,
              -19.9029
            ],
            [
              -46.2847,
              -19.9012
            ],
            [
              -46.289,
              -19.8991
            ],
            [
              -46.2903,
              -19.8975
            ],
            [
              -46.291,
              -19.8957
            ],
            [
              -46.2919,
              -19.8907
            ],
            [
              -46.2933,
              -19.8869
            ],
            [
              -46.2931,
              -19.8846
            ],
            [
              -46.2918,
              -19.8824
            ],
            [
              -46.2918,
              -19.8814
            ],
            [
              -46.2929,
              -19.8797
            ],
            [
              -46.2968,
              -19.879
            ],
            [
              -46.2985,
              -19.8792
            ],
            [
              -46.3011,
              -19.8778
            ],
            [
              -46.3022,
              -19.8766
            ],
            [
              -46.3044,
              -19.8721
            ],
            [
              -46.3053,
              -19.8689
            ],
            [
              -46.3066,
              -19.8658
            ],
            [
              -46.3109,
              -19.8627
            ],
            [
              -46.3119,
              -19.8643
            ],
            [
              -46.3129,
              -19.8682
            ],
            [
              -46.3141,
              -19.8704
            ],
            [
              -46.3157,
              -19.8715
            ],
            [
              -46.3178,
              -19.8724
            ],
            [
              -46.3202,
              -19.8725
            ],
            [
              -46.3216,
              -19.8712
            ],
            [
              -46.3221,
              -19.8698
            ],
            [
              -46.3246,
              -19.868
            ],
            [
              -46.3276,
              -19.8673
            ],
            [
              -46.3345,
              -19.8672
            ],
            [
              -46.3365,
              -19.8675
            ],
            [
              -46.3395,
              -19.8714
            ],
            [
              -46.3414,
              -19.8722
            ],
            [
              -46.3435,
              -19.8724
            ],
            [
              -46.3458,
              -19.8733
            ],
            [
              -46.3498,
              -19.8713
            ],
            [
              -46.3526,
              -19.8719
            ],
            [
              -46.3548,
              -19.8733
            ],
            [
              -46.3586,
              -19.8747
            ],
            [
              -46.3621,
              -19.8724
            ],
            [
              -46.3659,
              -19.8702
            ],
            [
              -46.3696,
              -19.8693
            ],
            [
              -46.3732,
              -19.8687
            ],
            [
              -46.3765,
              -19.8694
            ],
            [
              -46.379,
              -19.8717
            ],
            [
              -46.3802,
              -19.8741
            ],
            [
              -46.3829,
              -19.8776
            ],
            [
              -46.3844,
              -19.8777
            ],
            [
              -46.3886,
              -19.8762
            ],
            [
              -46.3902,
              -19.8744
            ],
            [
              -46.3937,
              -19.8722
            ],
            [
              -46.3952,
              -19.8717
            ],
            [
              -46.3981,
              -19.8721
            ],
            [
              -46.4004,
              -19.874
            ],
            [
              -46.4008,
              -19.8749
            ],
            [
              -46.401,
              -19.8793
            ],
            [
              -46.402,
              -19.881
            ],
            [
              -46.4038,
              -19.8816
            ],
            [
              -46.4066,
              -19.8814
            ],
            [
              -46.4094,
              -19.88
            ],
            [
              -46.4105,
              -19.8789
            ],
            [
              -46.4139,
              -19.8766
            ],
            [
              -46.416,
              -19.8731
            ],
            [
              -46.4193,
              -19.871
            ],
            [
              -46.423,
              -19.868
            ],
            [
              -46.4254,
              -19.8671
            ],
            [
              -46.4291,
              -19.8679
            ],
            [
              -46.4335,
              -19.8694
            ],
            [
              -46.4374,
              -19.8715
            ],
            [
              -46.4386,
              -19.8726
            ],
            [
              -46.4393,
              -19.8753
            ],
            [
              -46.4413,
              -19.878
            ],
            [
              -46.444,
              -19.8794
            ],
            [
              -46.4481,
              -19.8797
            ],
            [
              -46.454,
              -19.8829
            ],
            [
              -46.4572,
              -19.8841
            ],
            [
              -46.461,
              -19.8843
            ],
            [
              -46.4625,
              -19.884
            ],
            [
              -46.4669,
              -19.8822
            ],
            [
              -46.4684,
              -19.8821
            ],
            [
              -46.4761,
              -19.878
            ],
            [
              -46.4801,
              -19.8772
            ],
            [
              -46.4825,
              -19.8753
            ],
            [
              -46.4836,
              -19.8735
            ],
            [
              -46.4848,
              -19.8698
            ],
            [
              -46.4849,
              -19.8689
            ],
            [
              -46.4863,
              -19.867
            ],
            [
              -46.4889,
              -19.8653
            ],
            [
              -46.4908,
              -19.8649
            ],
            [
              -46.4949,
              -19.8662
            ],
            [
              -46.5,
              -19.8691
            ],
            [
              -46.5007,
              -19.8702
            ],
            [
              -46.5024,
              -19.8706
            ],
            [
              -46.5057,
              -19.8701
            ],
            [
              -46.5072,
              -19.8693
            ],
            [
              -46.5098,
              -19.8668
            ],
            [
              -46.5124,
              -19.8656
            ],
            [
              -46.515,
              -19.8622
            ],
            [
              -46.5158,
              -19.8588
            ],
            [
              -46.5178,
              -19.8577
            ],
            [
              -46.519,
              -19.8577
            ],
            [
              -46.5212,
              -19.8591
            ],
            [
              -46.5226,
              -19.8594
            ],
            [
              -46.5255,
              -19.8588
            ],
            [
              -46.5277,
              -19.8581
            ],
            [
              -46.5302,
              -19.8584
            ],
            [
              -46.5332,
              -19.8613
            ],
            [
              -46.535,
              -19.8639
            ],
            [
              -46.5379,
              -19.8664
            ],
            [
              -46.5415,
              -19.869
            ],
            [
              -46.5421,
              -19.8719
            ],
            [
              -46.5436,
              -19.8755
            ],
            [
              -46.5449,
              -19.8778
            ],
            [
              -46.5449,
              -19.8795
            ],
            [
              -46.5432,
              -19.8843
            ],
            [
              -46.5403,
              -19.8876
            ],
            [
              -46.5401,
              -19.8885
            ],
            [
              -46.5413,
              -19.8919
            ],
            [
              -46.5411,
              -19.8946
            ],
            [
              -46.5418,
              -19.8976
            ],
            [
              -46.5445,
              -19.9031
            ],
            [
              -46.5456,
              -19.9048
            ],
            [
              -46.5482,
              -19.9069
            ],
            [
              -46.5505,
              -19.907
            ],
            [
              -46.5521,
              -19.9065
            ],
            [
              -46.5541,
              -19.905
            ],
            [
              -46.5564,
              -19.9039
            ],
            [
              -46.563,
              -19.8981
            ],
            [
              -46.5643,
              -19.8963
            ],
            [
              -46.5685,
              -19.8925
            ],
            [
              -46.5708,
              -19.8908
            ],
            [
              -46.5719,
              -19.891
            ],
            [
              -46.5743,
              -19.8931
            ],
            [
              -46.576,
              -19.8932
            ],
            [
              -46.5821,
              -19.8952
            ],
            [
              -46.5848,
              -19.8969
            ],
            [
              -46.5861,
              -19.8983
            ],
            [
              -46.5876,
              -19.9016
            ],
            [
              -46.5888,
              -19.9054
            ],
            [
              -46.5912,
              -19.9066
            ],
            [
              -46.5947,
              -19.9099
            ],
            [
              -46.5956,
              -19.9123
            ],
            [
              -46.5968,
              -19.9143
            ],
            [
              -46.5975,
              -19.9167
            ],
            [
              -46.5983,
              -19.9213
            ],
            [
              -46.6006,
              -19.9268
            ],
            [
              -46.6007,
              -19.9278
            ],
            [
              -46.6035,
              -19.9302
            ],
            [
              -46.6065,
              -19.9312
            ],
            [
              -46.6097,
              -19.9341
            ],
            [
              -46.6128,
              -19.9363
            ],
            [
              -46.6183,
              -19.9385
            ],
            [
              -46.6193,
              -19.9385
            ],
            [
              -46.624,
              -19.9404
            ],
            [
              -46.6286,
              -19.9414
            ],
            [
              -46.6296,
              -19.9431
            ],
            [
              -46.6285,
              -19.9451
            ],
            [
              -46.6285,
              -19.947
            ],
            [
              -46.6298,
              -19.951
            ],
            [
              -46.6311,
              -19.9529
            ],
            [
              -46.6319,
              -19.9546
            ],
            [
              -46.6336,
              -19.9568
            ],
            [
              -46.6346,
              -19.959
            ],
            [
              -46.6347,
              -19.9604
            ],
            [
              -46.6341,
              -19.967
            ],
            [
              -46.6337,
              -19.969
            ],
            [
              -46.6313,
              -19.9723
            ],
            [
              -46.6285,
              -19.9727
            ],
            [
              -46.6252,
              -19.9723
            ],
            [
              -46.6201,
              -19.9766
            ],
            [
              -46.6168,
              -19.9773
            ],
            [
              -46.6138,
              -19.9792
            ],
            [
              -46.6115,
              -19.9812
            ],
            [
              -46.6078,
              -19.9829
            ],
            [
              -46.6039,
              -19.9856
            ],
            [
              -46.6005,
              -19.9899
            ],
            [
              -46.5997,
              -19.9921
            ],
            [
              -46.5998,
              -19.9948
            ],
            [
              -46.6015,
              -19.996
            ],
            [
              -46.6054,
              -19.9975
            ],
            [
              -46.6088,
              -19.9978
            ],
            [
              -46.6114,
              -19.9966
            ],
            [
              -46.6138,
              -19.9944
            ],
            [
              -46.6173,
              -19.9925
            ],
            [
              -46.6212,
              -19.991
            ],
            [
              -46.6241,
              -19.9912
            ],
            [
              -46.6261,
              -19.9939
            ],
            [
              -46.6254,
              -19.9952
            ],
            [
              -46.6237,
              -19.9965
            ],
            [
              -46.6157,
              -20.0008
            ],
            [
              -46.6134,
              -20.0026
            ],
            [
              -46.6104,
              -20.0039
            ],
            [
              -46.6076,
              -20.0038
            ],
            [
              -46.6061,
              -20.0045
            ],
            [
              -46.6047,
              -20.0061
            ],
            [
              -46.6023,
              -20.0069
            ],
            [
              -46.6019,
              -20.0078
            ],
            [
              -46.5986,
              -20.0086
            ],
            [
              -46.5982,
              -20.0095
            ],
            [
              -46.5964,
              -20.0111
            ],
            [
              -46.5915,
              -20.0113
            ],
            [
              -46.5901,
              -20.0103
            ],
            [
              -46.588,
              -20.0105
            ],
            [
              -46.5867,
              -20.0101
            ],
            [
              -46.5858,
              -20.0109
            ],
            [
              -46.5816,
              -20.0124
            ],
            [
              -46.5798,
              -20.0115
            ],
            [
              -46.5769,
              -20.008
            ],
            [
              -46.5754,
              -20.0066
            ],
            [
              -46.5741,
              -20.0042
            ],
            [
              -46.5724,
              -20.0037
            ],
            [
              -46.5717,
              -20.0011
            ],
            [
              -46.5702,
              -20.0004
            ],
            [
              -46.5691,
              -19.998
            ],
            [
              -46.5675,
              -19.9975
            ],
            [
              -46.5655,
              -19.996
            ],
            [
              -46.5638,
              -19.9972
            ],
            [
              -46.5622,
              -19.9991
            ],
            [
              -46.5593,
              -20.0
            ],
            [
              -46.5598,
              -19.9978
            ],
            [
              -46.5588,
              -19.9971
            ],
            [
              -46.5579,
              -19.9989
            ],
            [
              -46.555,
              -19.9994
            ],
            [
              -46.5542,
              -20.0015
            ],
            [
              -46.5532,
              -20.0009
            ],
            [
              -46.5517,
              -20.0016
            ],
            [
              -46.5498,
              -20.0003
            ],
            [
              -46.5483,
              -20.0003
            ],
            [
              -46.5474,
              -20.002
            ],
            [
              -46.5453,
              -20.0046
            ],
            [
              -46.5437,
              -20.0055
            ],
            [
              -46.5426,
              -20.0055
            ],
            [
              -46.5424,
              -20.0071
            ],
            [
              -46.5411,
              -20.0077
            ],
            [
              -46.5385,
              -20.0072
            ],
            [
              -46.535,
              -20.0074
            ],
            [
              -46.5318,
              -20.0053
            ],
            [
              -46.5302,
              -20.0058
            ],
            [
              -46.5294,
              -20.0083
            ],
            [
              -46.5288,
              -20.0091
            ],
            [
              -46.5258,
              -20.0101
            ],
            [
              -46.5247,
              -20.0099
            ],
            [
              -46.523,
              -20.0086
            ],
            [
              -46.5193,
              -20.008
            ],
            [
              -46.5172,
              -20.0093
            ],
            [
              -46.5149,
              -20.0085
            ],
            [
              -46.5141,
              -20.0091
            ],
            [
              -46.5127,
              -20.0081
            ],
            [
              -46.5114,
              -20.008
            ],
            [
              -46.5068,
              -20.0091
            ],
            [
              -46.5055,
              -20.0088
            ],
            [
              -46.5057,
              -20.0062
            ],
            [
              -46.5039,
              -20.0046
            ],
            [
              -46.5025,
              -20.0044
            ],
            [
              -46.5006,
              -20.0051
            ],
            [
              -46.499,
              -20.0047
            ],
            [
              -46.4984,
              -20.0026
            ],
            [
              -46.4974,
              -20.0017
            ],
            [
              -46.497,
              -20.0001
            ],
            [
              -46.4947,
              -19.9975
            ],
            [
              -46.4932,
              -19.9975
            ],
            [
              -46.4924,
              -19.9959
            ],
            [
              -46.4938,
              -19.9946
            ],
            [
              -46.4946,
              -19.9926
            ],
            [
              -46.4919,
              -19.9916
            ],
            [
              -46.4937,
              -19.9907
            ],
            [
              -46.4939,
              -19.9895
            ],
            [
              -46.4914,
              -19.9873
            ],
            [
              -46.4916,
              -19.9851
            ],
            [
              -46.4922,
              -19.9839
            ],
            [
              -46.4908,
              -19.9804
            ],
            [
              -46.4908,
              -19.979
            ],
            [
              -46.4889,
              -19.9792
            ],
            [
              -46.4882,
              -19.9776
            ],
            [
              -46.4885,
              -19.9763
            ],
            [
              -46.4865,
              -19.9743
            ],
            [
              -46.4841,
              -19.9743
            ],
            [
              -46.4817,
              -19.9732
            ],
            [
              -46.4811,
              -19.9715
            ],
            [
              -46.4811,
              -19.9701
            ],
            [
              -46.4792,
              -19.9709
            ],
            [
              -46.4789,
              -19.9695
            ],
            [
              -46.4776,
              -19.9699
            ],
            [
              -46.4757,
              -19.9696
            ],
            [
              -46.4758,
              -19.972
            ],
            [
              -46.4747,
              -19.973
            ],
            [
              -46.4748,
              -19.9751
            ],
            [
              -46.4729,
              -19.975
            ],
            [
              -46.471,
              -19.9758
            ],
            [
              -46.4697,
              -19.974
            ],
            [
              -46.4683,
              -19.9744
            ],
            [
              -46.4674,
              -19.9729
            ],
            [
              -46.4656,
              -19.9736
            ],
            [
              -46.4632,
              -19.9739
            ],
            [
              -46.4618,
              -19.9769
            ],
            [
              -46.4606,
              -19.9782
            ],
            [
              -46.4583,
              -19.9769
            ],
            [
              -46.4572,
              -19.9746
            ],
            [
              -46.4549,
              -19.9739
            ],
            [
              -46.4539,
              -19.9755
            ],
            [
              -46.4525,
              -19.9739
            ],
            [
              -46.4506,
              -19.9749
            ],
            [
              -46.4494,
              -19.9769
            ],
            [
              -46.4491,
              -19.9791
            ],
            [
              -46.4507,
              -19.9802
            ],
            [
              -46.4517,
              -19.9822
            ],
            [
              -46.4495,
              -19.9846
            ],
            [
              -46.4474,
              -19.9841
            ],
            [
              -46.4447,
              -19.9859
            ],
            [
              -46.4443,
              -19.9877
            ],
            [
              -46.4435,
              -19.9889
            ],
            [
              -46.4411,
              -19.9895
            ],
            [
              -46.4405,
              -19.9926
            ],
            [
              -46.4396,
              -19.9931
            ],
            [
              -46.4378,
              -19.9922
            ],
            [
              -46.4366,
              -19.9942
            ],
            [
              -46.4345,
              -19.9942
            ],
            [
              -46.4335,
              -19.9957
            ],
            [
              -46.4343,
              -19.9984
            ],
            [
              -46.4339,
              -19.9997
            ],
            [
              -46.4305,
              -20.0001
            ],
            [
              -46.4299,
              -20.0016
            ],
            [
              -46.4276,
              -20.0025
            ],
            [
              -46.4262,
              -20.0045
            ],
            [
              -46.4227,
              -20.0067
            ],
            [
              -46.4235,
              -20.0089
            ],
            [
              -46.4222,
              -20.0096
            ],
            [
              -46.4208,
              -20.0093
            ],
            [
              -46.4195,
              -20.0064
            ],
            [
              -46.4185,
              -20.0058
            ],
            [
              -46.4156,
              -20.0055
            ],
            [
              -46.4155,
              -20.0034
            ],
            [
              -46.4128,
              -20.0042
            ],
            [
              -46.4116,
              -20.0028
            ],
            [
              -46.4118,
              -20.001
            ],
            [
              -46.4078,
              -20.0007
            ],
            [
              -46.4068,
              -20.0022
            ],
            [
              -46.405,
              -20.0002
            ],
            [
              -46.4039,
              -20.0011
            ],
            [
              -46.4032,
              -20.0025
            ],
            [
              -46.4031,
              -20.0042
            ],
            [
              -46.4014,
              -20.0033
            ],
            [
              -46.4008,
              -20.004
            ],
            [
              -46.401,
              -20.0062
            ],
            [
              -46.3993,
              -20.0049
            ],
            [
              -46.3984,
              -20.005
            ],
            [
              -46.398,
              -20.0068
            ],
            [
              -46.3985,
              -20.0083
            ],
            [
              -46.3969,
              -20.0114
            ],
            [
              -46.395,
              -20.0109
            ],
            [
              -46.3929,
              -20.0134
            ],
            [
              -46.3926,
              -20.0159
            ],
            [
              -46.3907,
              -20.0154
            ],
            [
              -46.3896,
              -20.0169
            ],
            [
              -46.3877,
              -20.0159
            ],
            [
              -46.3857,
              -20.0155
            ],
            [
              -46.384,
              -20.0145
            ],
            [
              -46.3837,
              -20.0164
            ],
            [
              -46.3831,
              -20.0174
            ],
            [
              -46.383,
              -20.0208
            ],
            [
              -46.3842,
              -20.0237
            ],
            [
              -46.3839,
              -20.0243
            ],
            [
              -46.3812,
              -20.0261
            ],
            [
              -46.3799,
              -20.0277
            ],
            [
              -46.3792,
              -20.0311
            ],
            [
              -46.3785,
              -20.032
            ],
            [
              -46.3767,
              -20.0325
            ],
            [
              -46.3764,
              -20.0343
            ],
            [
              -46.3738,
              -20.0341
            ],
            [
              -46.3714,
              -20.0346
            ],
            [
              -46.371,
              -20.0357
            ],
            [
              -46.3695,
              -20.0358
            ],
            [
              -46.3682,
              -20.0365
            ],
            [
              -46.368,
              -20.038
            ],
            [
              -46.3704,
              -20.0397
            ],
            [
              -46.3724,
              -20.0397
            ],
            [
              -46.3729,
              -20.0407
            ],
            [
              -46.3721,
              -20.0425
            ],
            [
              -46.3731,
              -20.044
            ],
            [
              -46.3707,
              -20.0449
            ],
            [
              -46.3703,
              -20.0459
            ],
            [
              -46.3719,
              -20.0468
            ],
            [
              -46.3726,
              -20.0481
            ],
            [
              -46.3738,
              -20.0487
            ],
            [
              -46.3732,
              -20.0506
            ],
            [
              -46.371,
              -20.0501
            ],
            [
              -46.3687,
              -20.0506
            ],
            [
              -46.3679,
              -20.0518
            ],
            [
              -46.3664,
              -20.0507
            ],
            [
              -46.3651,
              -20.0512
            ],
            [
              -46.3663,
              -20.0529
            ],
            [
              -46.3662,
              -20.0541
            ],
            [
              -46.3633,
              -20.0559
            ],
            [
              -46.3609,
              -20.0559
            ],
            [
              -46.3604,
              -20.0575
            ],
            [
              -46.3588,
              -20.0579
            ],
            [
              -46.3537,
              -20.0559
            ],
            [
              -46.353,
              -20.0565
            ],
            [
              -46.353,
              -20.0583
            ],
            [
              -46.354,
              -20.0601
            ],
            [
              -46.3528,
              -20.0607
            ],
            [
              -46.351,
              -20.0599
            ],
            [
              -46.3499,
              -20.0607
            ],
            [
              -46.3501,
              -20.0624
            ],
            [
              -46.3492,
              -20.0662
            ],
            [
              -46.3493,
              -20.0677
            ],
            [
              -46.3481,
              -20.0701
            ],
            [
              -46.348,
              -20.0741
            ],
            [
              -46.3491,
              -20.0768
            ],
            [
              -46.3475,
              -20.079
            ],
            [
              -46.3462,
              -20.0821
            ],
            [
              -46.3447,
              -20.0849
            ],
            [
              -46.342,
              -20.0889
            ],
            [
              -46.341,
              -20.0916
            ],
            [
              -46.3395,
              -20.0932
            ],
            [
              -46.3394,
              -20.0943
            ],
            [
              -46.342,
              -20.0973
            ],
            [
              -46.3425,
              -20.0996
            ],
            [
              -46.3419,
              -20.1007
            ],
            [
              -46.3399,
              -20.1018
            ],
            [
              -46.3382,
              -20.1018
            ],
            [
              -46.3359,
              -20.1045
            ],
            [
              -46.3346,
              -20.1051
            ],
            [
              -46.3326,
              -20.1044
            ],
            [
              -46.3303,
              -20.1029
            ],
            [
              -46.3289,
              -20.1032
            ],
            [
              -46.3287,
              -20.1049
            ],
            [
              -46.3274,
              -20.1057
            ],
            [
              -46.3266,
              -20.1078
            ],
            [
              -46.3246,
              -20.1085
            ],
            [
              -46.3239,
              -20.1112
            ],
            [
              -46.3222,
              -20.1125
            ],
            [
              -46.3211,
              -20.1148
            ],
            [
              -46.3193,
              -20.1149
            ],
            [
              -46.3176,
              -20.1163
            ],
            [
              -46.3171,
              -20.1182
            ],
            [
              -46.3148,
              -20.119
            ],
            [
              -46.3133,
              -20.1227
            ],
            [
              -46.3152,
              -20.1236
            ],
            [
              -46.3148,
              -20.1252
            ],
            [
              -46.312,
              -20.1277
            ],
            [
              -46.3118,
              -20.1286
            ],
            [
              -46.3136,
              -20.1301
            ],
            [
              -46.3151,
              -20.1309
            ],
            [
              -46.3167,
              -20.1327
            ],
            [
              -46.3159,
              -20.1336
            ],
            [
              -46.3124,
              -20.1326
            ],
            [
              -46.3109,
              -20.1335
            ],
            [
              -46.3097,
              -20.1398
            ],
            [
              -46.3083,
              -20.1397
            ],
            [
              -46.3069,
              -20.1435
            ],
            [
              -46.3102,
              -20.1448
            ],
            [
              -46.308,
              -20.1463
            ],
            [
              -46.3052,
              -20.1459
            ],
            [
              -46.3024,
              -20.1498
            ],
            [
              -46.2975,
              -20.1511
            ],
            [
              -46.2977,
              -20.1529
            ],
            [
              -46.296,
              -20.1537
            ],
            [
              -46.2925,
              -20.153
            ],
            [
              -46.2899,
              -20.1532
            ],
            [
              -46.2885,
              -20.1527
            ],
            [
              -46.2884,
              -20.1518
            ],
            [
              -46.2892,
              -20.1491
            ],
            [
              -46.2885,
              -20.1477
            ],
            [
              -46.2874,
              -20.1496
            ],
            [
              -46.2862,
              -20.1497
            ],
            [
              -46.2849,
              -20.1466
            ],
            [
              -46.2813,
              -20.1436
            ],
            [
              -46.2778,
              -20.1424
            ],
            [
              -46.2767,
              -20.1418
            ],
            [
              -46.2756,
              -20.1421
            ],
            [
              -46.2733,
              -20.1442
            ],
            [
              -46.2714,
              -20.1443
            ],
            [
              -46.2702,
              -20.1469
            ],
            [
              -46.2708,
              -20.1504
            ],
            [
              -46.2693,
              -20.151
            ],
            [
              -46.2709,
              -20.1521
            ],
            [
              -46.2704,
              -20.1531
            ],
            [
              -46.2685,
              -20.1537
            ],
            [
              -46.2663,
              -20.1513
            ],
            [
              -46.2636,
              -20.1508
            ],
            [
              -46.262,
              -20.1529
            ],
            [
              -46.2602,
              -20.153
            ],
            [
              -46.2593,
              -20.1542
            ],
            [
              -46.2602,
              -20.1554
            ],
            [
              -46.2597,
              -20.1563
            ],
            [
              -46.2576,
              -20.1561
            ],
            [
              -46.2561,
              -20.1572
            ],
            [
              -46.2542,
              -20.1568
            ],
            [
              -46.2546,
              -20.1593
            ],
            [
              -46.2539,
              -20.1598
            ],
            [
              -46.2524,
              -20.1583
            ],
            [
              -46.2518,
              -20.1596
            ],
            [
              -46.2531,
              -20.1615
            ],
            [
              -46.2553,
              -20.1621
            ],
            [
              -46.2552,
              -20.1636
            ],
            [
              -46.2528,
              -20.1636
            ],
            [
              -46.252,
              -20.1663
            ],
            [
              -46.2488,
              -20.1687
            ],
            [
              -46.2475,
              -20.1709
            ],
            [
              -46.2457,
              -20.1711
            ],
            [
              -46.2448,
              -20.1724
            ],
            [
              -46.2434,
              -20.1722
            ],
            [
              -46.2402,
              -20.1737
            ],
            [
              -46.2387,
              -20.1751
            ],
            [
              -46.2369,
              -20.1744
            ],
            [
              -46.2366,
              -20.1753
            ],
            [
              -46.237,
              -20.177
            ],
            [
              -46.2365,
              -20.1794
            ],
            [
              -46.2344,
              -20.1807
            ],
            [
              -46.2343,
              -20.1832
            ],
            [
              -46.2331,
              -20.1839
            ],
            [
              -46.2312,
              -20.1832
            ],
            [
              -46.2287,
              -20.1837
            ],
            [
              -46.2266,
              -20.1832
            ],
            [
              -46.2257,
              -20.1846
            ]
          ]
        ]
      },
      "properties": {
        "codarea": "3141306",
        "nome_municipio": "Medeiros",
        "codigo_ibge": 3141306
      }
    },
    {
      "type": "Feature",
      "geometry": {
        "type": "Polygon",
        "coordinates": [
          [
            [
              -45.8902,
              -20.2172
            ],
            [
              -45.8893,
              -20.2138
            ],
            [
              -45.8891,
              -20.211
            ],
            [
              -45.8854,
              -20.2098
            ],
            [
              -45.881,
              -20.2099
            ],
            [
              -45.8792,
              -20.2093
            ],
            [
              -45.8787,
              -20.208
            ],
            [
              -45.8803,
              -20.2068
            ],
            [
              -45.8833,
              -20.2076
            ],
            [
              -45.8854,
              -20.2076
            ],
            [
              -45.8866,
              -20.2054
            ],
            [
              -45.8856,
              -20.2038
            ],
            [
              -45.8827,
              -20.2031
            ],
            [
              -45.8813,
              -20.2017
            ],
            [
              -45.8813,
              -20.1998
            ],
            [
              -45.8828,
              -20.1969
            ],
            [
              -45.8811,
              -20.1956
            ],
            [
              -45.8816,
              -20.1944
            ],
            [
              -45.8858,
              -20.1951
            ],
            [
              -45.8865,
              -20.1941
            ],
            [
              -45.8861,
              -20.1923
            ],
            [
              -45.8862,
              -20.1898
            ],
            [
              -45.8855,
              -20.1889
            ],
            [
              -45.8831,
              -20.189
            ],
            [
              -45.8807,
              -20.1874
            ],
            [
              -45.8795,
              -20.1848
            ],
            [
              -45.8797,
              -20.1809
            ],
            [
              -45.8791,
              -20.1796
            ],
            [
              -45.878,
              -20.1796
            ],
            [
              -45.875,
              -20.1806
            ],
            [
              -45.8726,
              -20.1798
            ],
            [
              -45.8717,
              -20.1776
            ],
            [
              -45.8726,
              -20.1761
            ],
            [
              -45.8743,
              -20.1756
            ],
            [
              -45.8741,
              -20.1744
            ],
            [
              -45.872,
              -20.1754
            ],
            [
              -45.8688,
              -20.1758
            ],
            [
              -45.8682,
              -20.1746
            ],
            [
              -45.8689,
              -20.1729
            ],
            [
              -45.8694,
              -20.1694
            ],
            [
              -45.8717,
              -20.1672
            ],
            [
              -45.8753,
              -20.1661
            ],
            [
              -45.8762,
              -20.1647
            ],
            [
              -45.8761,
              -20.1636
            ],
            [
              -45.8739,
              -20.1636
            ],
            [
              -45.8728,
              -20.1651
            ],
            [
              -45.8713,
              -20.1661
            ],
            [
              -45.8697,
              -20.1664
            ],
            [
              -45.8669,
              -20.1658
            ],
            [
              -45.8638,
              -20.1639
            ],
            [
              -45.863,
              -20.1627
            ],
            [
              -45.863,
              -20.1607
            ],
            [
              -45.8643,
              -20.1594
            ],
            [
              -45.8651,
              -20.1594
            ],
            [
              -45.87,
              -20.1613
            ],
            [
              -45.8713,
              -20.1614
            ],
            [
              -45.8729,
              -20.1606
            ],
            [
              -45.8734,
              -20.1591
            ],
            [
              -45.8729,
              -20.157
            ],
            [
              -45.8719,
              -20.1559
            ],
            [
              -45.8702,
              -20.1557
            ],
            [
              -45.8643,
              -20.1559
            ],
            [
              -45.8627,
              -20.1547
            ],
            [
              -45.8626,
              -20.1525
            ],
            [
              -45.8619,
              -20.1502
            ],
            [
              -45.8606,
              -20.1496
            ],
            [
              -45.8574,
              -20.1529
            ],
            [
              -45.8546,
              -20.1521
            ],
            [
              -45.8539,
              -20.1507
            ],
            [
              -45.8543,
              -20.1472
            ],
            [
              -45.8543,
              -20.1455
            ],
            [
              -45.8534,
              -20.1425
            ],
            [
              -45.8525,
              -20.1407
            ],
            [
              -45.8514,
              -20.1354
            ],
            [
              -45.8496,
              -20.1334
            ],
            [
              -45.8503,
              -20.1313
            ],
            [
              -45.8498,
              -20.1297
            ],
            [
              -45.85,
              -20.1266
            ],
            [
              -45.8494,
              -20.1241
            ],
            [
              -45.8473,
              -20.1231
            ],
            [
              -45.848,
              -20.1208
            ],
            [
              -45.8474,
              -20.1178
            ],
            [
              -45.8454,
              -20.1155
            ],
            [
              -45.8434,
              -20.1124
            ],
            [
              -45.8421,
              -20.1076
            ],
            [
              -45.8422,
              -20.1046
            ],
            [
              -45.844,
              -20.1017
            ],
            [
              -45.8452,
              -20.0987
            ],
            [
              -45.8453,
              -20.0967
            ],
            [
              -45.8435,
              -20.0907
            ],
            [
              -45.8429,
              -20.0871
            ],
            [
              -45.8409,
              -20.0851
            ],
            [
              -45.8395,
              -20.0819
            ],
            [
              -45.8386,
              -20.0813
            ],
            [
              -45.8354,
              -20.0804
            ],
            [
              -45.8309,
              -20.0742
            ],
            [
              -45.8291,
              -20.0726
            ],
            [
              -45.8274,
              -20.072
            ],
            [
              -45.8251,
              -20.072
            ],
            [
              -45.8225,
              -20.0712
            ],
            [
              -45.8202,
              -20.0694
            ],
            [
              -45.8186,
              -20.0665
            ],
            [
              -45.8163,
              -20.065
            ],
            [
              -45.8152,
              -20.0637
            ],
            [
              -45.815,
              -20.0593
            ],
            [
              -45.8145,
              -20.0585
            ],
            [
              -45.8089,
              -20.0558
            ],
            [
              -45.8048,
              -20.0572
            ],
            [
              -45.803,
              -20.0573
            ],
            [
              -45.8003,
              -20.0568
            ],
            [
              -45.7972,
              -20.058
            ],
            [
              -45.7937,
              -20.0576
            ],
            [
              -45.7874,
              -20.0549
            ],
            [
              -45.7847,
              -20.0546
            ],
            [
              -45.7825,
              -20.054
            ],
            [
              -45.7762,
              -20.0538
            ],
            [
              -45.7757,
              -20.052
            ],
            [
              -45.7812,
              -20.0491
            ],
            [
              -45.7826,
              -20.0472
            ],
            [
              -45.7809,
              -20.0435
            ],
            [
              -45.7808,
              -20.0423
            ],
            [
              -45.7815,
              -20.0403
            ],
            [
              -45.7836,
              -20.0371
            ],
            [
              -45.7866,
              -20.0294
            ],
            [
              -45.7869,
              -20.0232
            ],
            [
              -45.7878,
              -20.0197
            ],
            [
              -45.7913,
              -20.0149
            ],
            [
              -45.7916,
              -20.0136
            ],
            [
              -45.7915,
              -20.0098
            ],
            [
              -45.792,
              -20.0076
            ],
            [
              -45.7947,
              -20.0037
            ],
            [
              -45.7956,
              -20.0009
            ],
            [
              -45.7937,
              -19.9998
            ],
            [
              -45.7895,
              -19.998
            ],
            [
              -45.7878,
              -19.9982
            ],
            [
              -45.7842,
              -19.9975
            ],
            [
              -45.7822,
              -19.9974
            ],
            [
              -45.7803,
              -19.9961
            ],
            [
              -45.7789,
              -19.9921
            ],
            [
              -45.7784,
              -19.9912
            ],
            [
              -45.7778,
              -19.9872
            ],
            [
              -45.7763,
              -19.9859
            ],
            [
              -45.7746,
              -19.9834
            ],
            [
              -45.7719,
              -19.9819
            ],
            [
              -45.7695,
              -19.9813
            ],
            [
              -45.7666,
              -19.9794
            ],
            [
              -45.7634,
              -19.9779
            ],
            [
              -45.7611,
              -19.9759
            ],
            [
              -45.7595,
              -19.9726
            ],
            [
              -45.7609,
              -19.9725
            ],
            [
              -45.7609,
              -19.9699
            ],
            [
              -45.7628,
              -19.9701
            ],
            [
              -45.7633,
              -19.9688
            ],
            [
              -45.7619,
              -19.9653
            ],
            [
              -45.764,
              -19.9619
            ],
            [
              -45.764,
              -19.9605
            ],
            [
              -45.7633,
              -19.9588
            ],
            [
              -45.7651,
              -19.9524
            ],
            [
              -45.767,
              -19.9503
            ],
            [
              -45.7693,
              -19.9494
            ],
            [
              -45.7702,
              -19.9504
            ],
            [
              -45.7717,
              -19.9503
            ],
            [
              -45.775,
              -19.9483
            ],
            [
              -45.7767,
              -19.9499
            ],
            [
              -45.7786,
              -19.9502
            ],
            [
              -45.7789,
              -19.9515
            ],
            [
              -45.7785,
              -19.9536
            ],
            [
              -45.7819,
              -19.9547
            ],
            [
              -45.7843,
              -19.9551
            ],
            [
              -45.7859,
              -19.9562
            ],
            [
              -45.7856,
              -19.9574
            ],
            [
              -45.7881,
              -19.9579
            ],
            [
              -45.7895,
              -19.9575
            ],
            [
              -45.7898,
              -19.9552
            ],
            [
              -45.7912,
              -19.9531
            ],
            [
              -45.7915,
              -19.9516
            ],
            [
              -45.7904,
              -19.9502
            ],
            [
              -45.7903,
              -19.9467
            ],
            [
              -45.7891,
              -19.9477
            ],
            [
              -45.7863,
              -19.9469
            ],
            [
              -45.7867,
              -19.944
            ],
            [
              -45.7864,
              -19.9422
            ],
            [
              -45.7854,
              -19.9423
            ],
            [
              -45.7837,
              -19.9445
            ],
            [
              -45.7846,
              -19.9464
            ],
            [
              -45.7825,
              -19.946
            ],
            [
              -45.7803,
              -19.9451
            ],
            [
              -45.7793,
              -19.9428
            ],
            [
              -45.778,
              -19.9412
            ],
            [
              -45.778,
              -19.9398
            ],
            [
              -45.7792,
              -19.9353
            ],
            [
              -45.78,
              -19.9334
            ],
            [
              -45.7829,
              -19.9328
            ],
            [
              -45.7837,
              -19.9317
            ],
            [
              -45.7857,
              -19.9318
            ],
            [
              -45.7862,
              -19.9331
            ],
            [
              -45.7877,
              -19.9331
            ],
            [
              -45.7881,
              -19.9308
            ],
            [
              -45.789,
              -19.9296
            ],
            [
              -45.7907,
              -19.9288
            ],
            [
              -45.7905,
              -19.9269
            ],
            [
              -45.793,
              -19.9275
            ],
            [
              -45.792,
              -19.9241
            ],
            [
              -45.7939,
              -19.9243
            ],
            [
              -45.7941,
              -19.9228
            ],
            [
              -45.792,
              -19.9223
            ],
            [
              -45.7925,
              -19.9204
            ],
            [
              -45.7952,
              -19.9192
            ],
            [
              -45.7977,
              -19.9174
            ],
            [
              -45.7987,
              -19.9187
            ],
            [
              -45.801,
              -19.9171
            ],
            [
              -45.7978,
              -19.9158
            ],
            [
              -45.7976,
              -19.9147
            ],
            [
              -45.7991,
              -19.9155
            ],
            [
              -45.8011,
              -19.9155
            ],
            [
              -45.8049,
              -19.9144
            ],
            [
              -45.806,
              -19.9148
            ],
            [
              -45.8068,
              -19.9131
            ],
            [
              -45.8122,
              -19.9112
            ],
            [
              -45.8139,
              -19.9093
            ],
            [
              -45.8155,
              -19.9098
            ],
            [
              -45.8175,
              -19.9094
            ],
            [
              -45.8182,
              -19.9078
            ],
            [
              -45.8212,
              -19.9075
            ],
            [
              -45.8233,
              -19.9054
            ],
            [
              -45.8255,
              -19.9054
            ],
            [
              -45.8268,
              -19.9048
            ],
            [
              -45.8296,
              -19.9049
            ],
            [
              -45.8316,
              -19.9056
            ],
            [
              -45.8329,
              -19.9048
            ],
            [
              -45.8346,
              -19.9056
            ],
            [
              -45.8354,
              -19.9044
            ],
            [
              -45.8383,
              -19.9047
            ],
            [
              -45.8403,
              -19.9032
            ],
            [
              -45.8401,
              -19.9008
            ],
            [
              -45.8414,
              -19.9002
            ],
            [
              -45.843,
              -19.9002
            ],
            [
              -45.8447,
              -19.9011
            ],
            [
              -45.8466,
              -19.9005
            ],
            [
              -45.8472,
              -19.8981
            ],
            [
              -45.8512,
              -19.8982
            ],
            [
              -45.8522,
              -19.8985
            ],
            [
              -45.8524,
              -19.8999
            ],
            [
              -45.8538,
              -19.8998
            ],
            [
              -45.856,
              -19.8985
            ],
            [
              -45.8576,
              -19.8981
            ],
            [
              -45.862,
              -19.8977
            ],
            [
              -45.8638,
              -19.8965
            ],
            [
              -45.8646,
              -19.8976
            ],
            [
              -45.8708,
              -19.8983
            ],
            [
              -45.8721,
              -19.899
            ],
            [
              -45.8728,
              -19.9008
            ],
            [
              -45.8747,
              -19.9007
            ],
            [
              -45.8759,
              -19.902
            ],
            [
              -45.8755,
              -19.9028
            ],
            [
              -45.8771,
              -19.9037
            ],
            [
              -45.8771,
              -19.9054
            ],
            [
              -45.8787,
              -19.9046
            ],
            [
              -45.8799,
              -19.9053
            ],
            [
              -45.8791,
              -19.9063
            ],
            [
              -45.885,
              -19.909
            ],
            [
              -45.8854,
              -19.9109
            ],
            [
              -45.8862,
              -19.9121
            ],
            [
              -45.889,
              -19.9091
            ],
            [
              -45.8888,
              -19.9083
            ],
            [
              -45.8906,
              -19.9076
            ],
            [
              -45.8936,
              -19.9071
            ],
            [
              -45.8942,
              -19.9078
            ],
            [
              -45.8965,
              -19.9068
            ],
            [
              -45.8981,
              -19.9045
            ],
            [
              -45.901,
              -19.9039
            ],
            [
              -45.9032,
              -19.9039
            ],
            [
              -45.9044,
              -19.9045
            ],
            [
              -45.9057,
              -19.9027
            ],
            [
              -45.9087,
              -19.9056
            ],
            [
              -45.9097,
              -19.905
            ],
            [
              -45.9095,
              -19.9032
            ],
            [
              -45.9109,
              -19.9028
            ],
            [
              -45.9109,
              -19.901
            ],
            [
              -45.9122,
              -19.9005
            ],
            [
              -45.9152,
              -19.9019
            ],
            [
              -45.9146,
              -19.9037
            ],
            [
              -45.9156,
              -19.9053
            ],
            [
              -45.9168,
              -19.9045
            ],
            [
              -45.917,
              -19.907
            ],
            [
              -45.9184,
              -19.9083
            ],
            [
              -45.9204,
              -19.9083
            ],
            [
              -45.9208,
              -19.9093
            ],
            [
              -45.9224,
              -19.9095
            ],
            [
              -45.9228,
              -19.9087
            ],
            [
              -45.9248,
              -19.9075
            ],
            [
              -45.9243,
              -19.9057
            ],
            [
              -45.9247,
              -19.9045
            ],
            [
              -45.9267,
              -19.9041
            ],
            [
              -45.9278,
              -19.9025
            ],
            [
              -45.9287,
              -19.9023
            ],
            [
              -45.9309,
              -19.9034
            ],
            [
              -45.9333,
              -19.9029
            ],
            [
              -45.9338,
              -19.9012
            ],
            [
              -45.9351,
              -19.9028
            ],
            [
              -45.9372,
              -19.9037
            ],
            [
              -45.9375,
              -19.9046
            ],
            [
              -45.9395,
              -19.906
            ],
            [
              -45.9398,
              -19.9075
            ],
            [
              -45.9393,
              -19.9089
            ],
            [
              -45.9395,
              -19.9103
            ],
            [
              -45.9414,
              -19.9107
            ],
            [
              -45.945,
              -19.9108
            ],
            [
              -45.9476,
              -19.9094
            ],
            [
              -45.9503,
              -19.9073
            ],
            [
              -45.9528,
              -19.9073
            ],
            [
              -45.9562,
              -19.9043
            ],
            [
              -45.9564,
              -19.9034
            ],
            [
              -45.9584,
              -19.9013
            ],
            [
              -45.9603,
              -19.9005
            ],
            [
              -45.9614,
              -19.8989
            ],
            [
              -45.965,
              -19.899
            ],
            [
              -45.9668,
              -19.8969
            ],
            [
              -45.9695,
              -19.8959
            ],
            [
              -45.9708,
              -19.8964
            ],
            [
              -45.9748,
              -19.8947
            ],
            [
              -45.9745,
              -19.8929
            ],
            [
              -45.9764,
              -19.8935
            ],
            [
              -45.9779,
              -19.8918
            ],
            [
              -45.9798,
              -19.8926
            ],
            [
              -45.9803,
              -19.8942
            ],
            [
              -45.9818,
              -19.8943
            ],
            [
              -45.9839,
              -19.8965
            ],
            [
              -45.9854,
              -19.8966
            ],
            [
              -45.9866,
              -19.899
            ],
            [
              -45.9858,
              -19.9
            ],
            [
              -45.9855,
              -19.9021
            ],
            [
              -45.9844,
              -19.9046
            ],
            [
              -45.9829,
              -19.9045
            ],
            [
              -45.9814,
              -19.906
            ],
            [
              -45.9822,
              -19.908
            ],
            [
              -45.9805,
              -19.9084
            ],
            [
              -45.9806,
              -19.9108
            ],
            [
              -45.9821,
              -19.9108
            ],
            [
              -45.983,
              -19.9123
            ],
            [
              -45.9854,
              -19.9122
            ],
            [
              -45.9859,
              -19.913
            ],
            [
              -45.9888,
              -19.9129
            ],
            [
              -45.99,
              -19.9155
            ],
            [
              -45.9903,
              -19.9178
            ],
            [
              -45.992,
              -19.919
            ],
            [
              -45.9947,
              -19.918
            ],
            [
              -45.9967,
              -19.9206
            ],
            [
              -45.9974,
              -19.9226
            ],
            [
              -45.9963,
              -19.9259
            ],
            [
              -45.9939,
              -19.9283
            ],
            [
              -45.9927,
              -19.9291
            ],
            [
              -45.9921,
              -19.9309
            ],
            [
              -45.9892,
              -19.9327
            ],
            [
              -45.9884,
              -19.9339
            ],
            [
              -45.9883,
              -19.9365
            ],
            [
              -45.9888,
              -19.9408
            ],
            [
              -45.9885,
              -19.9466
            ],
            [
              -45.9896,
              -19.9487
            ],
            [
              -45.9901,
              -19.9508
            ],
            [
              -45.993,
              -19.9512
            ],
            [
              -45.9949,
              -19.9526
            ],
            [
              -45.9963,
              -19.953
            ],
            [
              -45.9984,
              -19.9523
            ],
            [
              -46.0,
              -19.9525
            ],
            [
              -46.0019,
              -19.9513
            ],
            [
              -46.0029,
              -19.9498
            ],
            [
              -46.0056,
              -19.9508
            ],
            [
              -46.0064,
              -19.9515
            ],
            [
              -46.0097,
              -19.9515
            ],
            [
              -46.0149,
              -19.9533
            ],
            [
              -46.0178,
              -19.9529
            ],
            [
              -46.021,
              -19.9513
            ],
            [
              -46.0234,
              -19.9493
            ],
            [
              -46.0258,
              -19.9482
            ],
            [
              -46.0283,
              -19.9485
            ],
            [
              -46.0301,
              -19.9513
            ],
            [
              -46.0312,
              -19.9523
            ],
            [
              -46.0375,
              -19.9545
            ],
            [
              -46.0416,
              -19.9545
            ],
            [
              -46.0442,
              -19.9541
            ],
            [
              -46.0471,
              -19.952
            ],
            [
              -46.0496,
              -19.9495
            ],
            [
              -46.0517,
              -19.9494
            ],
            [
              -46.0551,
              -19.95
            ],
            [
              -46.0596,
              -19.9499
            ],
            [
              -46.0608,
              -19.9507
            ],
            [
              -46.0634,
              -19.9508
            ],
            [
              -46.0683,
              -19.9496
            ],
            [
              -46.0694,
              -19.9497
            ],
            [
              -46.0744,
              -19.9478
            ],
            [
              -46.0754,
              -19.9488
            ],
            [
              -46.0748,
              -19.9544
            ],
            [
              -46.0755,
              -19.9549
            ],
            [
              -46.0776,
              -19.9549
            ],
            [
              -46.0826,
              -19.9535
            ],
            [
              -46.0855,
              -19.9543
            ],
            [
              -46.0866,
              -19.9552
            ],
            [
              -46.0883,
              -19.958
            ],
            [
              -46.0888,
              -19.9594
            ],
            [
              -46.091,
              -19.962
            ],
            [
              -46.0923,
              -19.9628
            ],
            [
              -46.094,
              -19.9627
            ],
            [
              -46.0982,
              -19.9635
            ],
            [
              -46.1,
              -19.9644
            ],
            [
              -46.1017,
              -19.963
            ],
            [
              -46.1057,
              -19.9629
            ],
            [
              -46.1103,
              -19.9624
            ],
            [
              -46.111,
              -19.9618
            ],
            [
              -46.1127,
              -19.9622
            ],
            [
              -46.1136,
              -19.9611
            ],
            [
              -46.115,
              -19.961
            ],
            [
              -46.1165,
              -19.9601
            ],
            [
              -46.1176,
              -19.9629
            ],
            [
              -46.1211,
              -19.969
            ],
            [
              -46.1216,
              -19.973
            ],
            [
              -46.1211,
              -19.9759
            ],
            [
              -46.1211,
              -19.9779
            ],
            [
              -46.1252,
              -19.9816
            ],
            [
              -46.1273,
              -19.985
            ],
            [
              -46.1318,
              -19.9853
            ],
            [
              -46.1328,
              -19.9863
            ],
            [
              -46.1385,
              -19.9906
            ],
            [
              -46.1415,
              -19.9924
            ],
            [
              -46.1444,
              -19.9936
            ],
            [
              -46.1487,
              -19.9941
            ],
            [
              -46.1533,
              -19.9962
            ],
            [
              -46.1553,
              -19.9975
            ],
            [
              -46.1551,
              -19.9996
            ],
            [
              -46.1523,
              -19.9997
            ],
            [
              -46.1505,
              -20.0005
            ],
            [
              -46.1473,
              -20.0041
            ],
            [
              -46.1438,
              -20.0049
            ],
            [
              -46.1388,
              -20.0075
            ],
            [
              -46.139,
              -20.0091
            ],
            [
              -46.1406,
              -20.0103
            ],
            [
              -46.1424,
              -20.0123
            ],
            [
              -46.1441,
              -20.0115
            ],
            [
              -46.1457,
              -20.0113
            ],
            [
              -46.1474,
              -20.0102
            ],
            [
              -46.1487,
              -20.0115
            ],
            [
              -46.1487,
              -20.0142
            ],
            [
              -46.1492,
              -20.0152
            ],
            [
              -46.1468,
              -20.0184
            ],
            [
              -46.1461,
              -20.0218
            ],
            [
              -46.1463,
              -20.0238
            ],
            [
              -46.1447,
              -20.0236
            ],
            [
              -46.144,
              -20.0244
            ],
            [
              -46.1434,
              -20.0266
            ],
            [
              -46.1437,
              -20.0283
            ],
            [
              -46.1427,
              -20.0305
            ],
            [
              -46.1414,
              -20.0318
            ],
            [
              -46.1402,
              -20.0321
            ],
            [
              -46.1389,
              -20.0311
            ],
            [
              -46.1361,
              -20.0301
            ],
            [
              -46.1339,
              -20.0289
            ],
            [
              -46.1322,
              -20.0286
            ],
            [
              -46.1299,
              -20.0299
            ],
            [
              -46.129,
              -20.0311
            ],
            [
              -46.1289,
              -20.0334
            ],
            [
              -46.1311,
              -20.0354
            ],
            [
              -46.1303,
              -20.0366
            ],
            [
              -46.1311,
              -20.0388
            ],
            [
              -46.1303,
              -20.0397
            ],
            [
              -46.1263,
              -20.0374
            ],
            [
              -46.125,
              -20.0382
            ],
            [
              -46.123,
              -20.0385
            ],
            [
              -46.1223,
              -20.0393
            ],
            [
              -46.123,
              -20.0408
            ],
            [
              -46.1224,
              -20.0444
            ],
            [
              -46.1238,
              -20.0437
            ],
            [
              -46.1238,
              -20.0463
            ],
            [
              -46.1224,
              -20.0468
            ],
            [
              -46.1199,
              -20.0462
            ],
            [
              -46.1203,
              -20.0487
            ],
            [
              -46.1175,
              -20.049
            ],
            [
              -46.1186,
              -20.0509
            ],
            [
              -46.1173,
              -20.0527
            ],
            [
              -46.1178,
              -20.0546
            ],
            [
              -46.1166,
              -20.0545
            ],
            [
              -46.1159,
              -20.0555
            ],
            [
              -46.1134,
              -20.0553
            ],
            [
              -46.1132,
              -20.0573
            ],
            [
              -46.1137,
              -20.0592
            ],
            [
              -46.1129,
              -20.0607
            ],
            [
              -46.1128,
              -20.0624
            ],
            [
              -46.1145,
              -20.0643
            ],
            [
              -46.1156,
              -20.0662
            ],
            [
              -46.1177,
              -20.0685
            ],
            [
              -46.1206,
              -20.0707
            ],
            [
              -46.1268,
              -20.0732
            ],
            [
              -46.1291,
              -20.0753
            ],
            [
              -46.131,
              -20.0762
            ],
            [
              -46.1326,
              -20.0777
            ],
            [
              -46.1354,
              -20.0811
            ],
            [
              -46.1388,
              -20.0834
            ],
            [
              -46.1433,
              -20.0854
            ],
            [
              -46.1462,
              -20.0879
            ],
            [
              -46.1483,
              -20.0906
            ],
            [
              -46.1486,
              -20.0919
            ],
            [
              -46.1483,
              -20.0936
            ],
            [
              -46.1503,
              -20.0969
            ],
            [
              -46.1531,
              -20.1
            ],
            [
              -46.1566,
              -20.1072
            ],
            [
              -46.1597,
              -20.1119
            ],
            [
              -46.1622,
              -20.1132
            ],
            [
              -46.1646,
              -20.1153
            ],
            [
              -46.1679,
              -20.1162
            ],
            [
              -46.1719,
              -20.1158
            ],
            [
              -46.1764,
              -20.1176
            ],
            [
              -46.1777,
              -20.1179
            ],
            [
              -46.1842,
              -20.117
            ],
            [
              -46.1879,
              -20.1176
            ],
            [
              -46.1901,
              -20.1194
            ],
            [
              -46.1922,
              -20.1203
            ],
            [
              -46.1959,
              -20.1211
            ],
            [
              -46.1989,
              -20.1248
            ],
            [
              -46.2034,
              -20.1265
            ],
            [
              -46.205,
              -20.1266
            ],
            [
              -46.2091,
              -20.1251
            ],
            [
              -46.211,
              -20.125
            ],
            [
              -46.2144,
              -20.124
            ],
            [
              -46.216,
              -20.1243
            ],
            [
              -46.2159,
              -20.1298
            ],
            [
              -46.2152,
              -20.1318
            ],
            [
              -46.2156,
              -20.1336
            ],
            [
              -46.2183,
              -20.1354
            ],
            [
              -46.2194,
              -20.1379
            ],
            [
              -46.2196,
              -20.1427
            ],
            [
              -46.2208,
              -20.1451
            ],
            [
              -46.2233,
              -20.1473
            ],
            [
              -46.2227,
              -20.1486
            ],
            [
              -46.2208,
              -20.1499
            ],
            [
              -46.2158,
              -20.1499
            ],
            [
              -46.2139,
              -20.1511
            ],
            [
              -46.2127,
              -20.1524
            ],
            [
              -46.2126,
              -20.155
            ],
            [
              -46.2143,
              -20.1571
            ],
            [
              -46.2159,
              -20.1578
            ],
            [
              -46.2167,
              -20.1591
            ],
            [
              -46.2167,
              -20.1613
            ],
            [
              -46.2184,
              -20.1637
            ],
            [
              -46.219,
              -20.1652
            ],
            [
              -46.2189,
              -20.1674
            ],
            [
              -46.2199,
              -20.1697
            ],
            [
              -46.2198,
              -20.1734
            ],
            [
              -46.2193,
              -20.1743
            ],
            [
              -46.2196,
              -20.1762
            ],
            [
              -46.2222,
              -20.1784
            ],
            [
              -46.2228,
              -20.1799
            ],
            [
              -46.2246,
              -20.1815
            ],
            [
              -46.2257,
              -20.1846
            ],
            [
              -46.2261,
              -20.1852
            ],
            [
              -46.2261,
              -20.1882
            ],
            [
              -46.2271,
              -20.1892
            ],
            [
              -46.2247,
              -20.1919
            ],
            [
              -46.2218,
              -20.1929
            ],
            [
              -46.222,
              -20.1958
            ],
            [
              -46.2203,
              -20.1968
            ],
            [
              -46.2196,
              -20.198
            ],
            [
              -46.218,
              -20.1988
            ],
            [
              -46.2162,
              -20.2005
            ],
            [
              -46.2171,
              -20.2013
            ],
            [
              -46.2198,
              -20.2019
            ],
            [
              -46.2202,
              -20.2038
            ],
            [
              -46.2196,
              -20.2049
            ],
            [
              -46.2188,
              -20.2097
            ],
            [
              -46.2197,
              -20.2126
            ],
            [
              -46.223,
              -20.2139
            ],
            [
              -46.2238,
              -20.2165
            ],
            [
              -46.2232,
              -20.2178
            ],
            [
              -46.2233,
              -20.2194
            ],
            [
              -46.2227,
              -20.2213
            ],
            [
              -46.2215,
              -20.2225
            ],
            [
              -46.2201,
              -20.225
            ],
            [
              -46.2167,
              -20.2269
            ],
            [
              -46.214,
              -20.23
            ],
            [
              -46.2123,
              -20.2328
            ],
            [
              -46.2123,
              -20.2357
            ],
            [
              -46.211,
              -20.2389
            ],
            [
              -46.2084,
              -20.2398
            ],
            [
              -46.207,
              -20.2393
            ],
            [
              -46.2064,
              -20.2368
            ],
            [
              -46.2049,
              -20.2368
            ],
            [
              -46.2034,
              -20.2378
            ],
            [
              -46.2028,
              -20.2397
            ],
            [
              -46.2006,
              -20.2417
            ],
            [
              -46.2018,
              -20.243
            ],
            [
              -46.2042,
              -20.2437
            ],
            [
              -46.2052,
              -20.2445
            ],
            [
              -46.2048,
              -20.2458
            ],
            [
              -46.2015,
              -20.2443
            ],
            [
              -46.1992,
              -20.2441
            ],
            [
              -46.1962,
              -20.2431
            ],
            [
              -46.1948,
              -20.2422
            ],
            [
              -46.1936,
              -20.2398
            ],
            [
              -46.1915,
              -20.2393
            ],
            [
              -46.189,
              -20.241
            ],
            [
              -46.1871,
              -20.2419
            ],
            [
              -46.1851,
              -20.2438
            ],
            [
              -46.1833,
              -20.2471
            ],
            [
              -46.1819,
              -20.2478
            ],
            [
              -46.1781,
              -20.2486
            ],
            [
              -46.177,
              -20.2502
            ],
            [
              -46.1756,
              -20.2506
            ],
            [
              -46.1679,
              -20.2554
            ],
            [
              -46.1667,
              -20.2592
            ],
            [
              -46.1648,
              -20.2618
            ],
            [
              -46.1647,
              -20.2629
            ],
            [
              -46.1662,
              -20.2643
            ],
            [
              -46.1688,
              -20.2657
            ],
            [
              -46.1684,
              -20.2678
            ],
            [
              -46.17,
              -20.2703
            ],
            [
              -46.1687,
              -20.2716
            ],
            [
              -46.1689,
              -20.2731
            ],
            [
              -46.1701,
              -20.2741
            ],
            [
              -46.17,
              -20.2752
            ],
            [
              -46.1671,
              -20.2767
            ],
            [
              -46.1653,
              -20.278
            ],
            [
              -46.1632,
              -20.2782
            ],
            [
              -46.1612,
              -20.2795
            ],
            [
              -46.1605,
              -20.2838
            ],
            [
              -46.1614,
              -20.2851
            ],
            [
              -46.1642,
              -20.2872
            ],
            [
              -46.1636,
              -20.2891
            ],
            [
              -46.162,
              -20.2888
            ],
            [
              -46.1598,
              -20.2878
            ],
            [
              -46.159,
              -20.288
            ],
            [
              -46.1591,
              -20.2898
            ],
            [
              -46.1586,
              -20.2921
            ],
            [
              -46.1575,
              -20.2933
            ],
            [
              -46.1562,
              -20.2933
            ],
            [
              -46.1555,
              -20.2923
            ],
            [
              -46.1559,
              -20.2897
            ],
            [
              -46.154,
              -20.2892
            ],
            [
              -46.1521,
              -20.2899
            ],
            [
              -46.149,
              -20.2899
            ],
            [
              -46.1476,
              -20.2893
            ],
            [
              -46.1445,
              -20.289
            ],
            [
              -46.1434,
              -20.2901
            ],
            [
              -46.1412,
              -20.2905
            ],
            [
              -46.1404,
              -20.2899
            ],
            [
              -46.1397,
              -20.2872
            ],
            [
              -46.1398,
              -20.2841
            ],
            [
              -46.1386,
              -20.2841
            ],
            [
              -46.1356,
              -20.2851
            ],
            [
              -46.1305,
              -20.2853
            ],
            [
              -46.1284,
              -20.2858
            ],
            [
              -46.1222,
              -20.2851
            ],
            [
              -46.1202,
              -20.2842
            ],
            [
              -46.1196,
              -20.2851
            ],
            [
              -46.1204,
              -20.2864
            ],
            [
              -46.1199,
              -20.2882
            ],
            [
              -46.118,
              -20.2893
            ],
            [
              -46.1175,
              -20.2912
            ],
            [
              -46.1176,
              -20.2959
            ],
            [
              -46.1188,
              -20.2971
            ],
            [
              -46.1211,
              -20.2955
            ],
            [
              -46.1217,
              -20.2962
            ],
            [
              -46.1214,
              -20.2989
            ],
            [
              -46.123,
              -20.2994
            ],
            [
              -46.1251,
              -20.2969
            ],
            [
              -46.1276,
              -20.2964
            ],
            [
              -46.1299,
              -20.2978
            ],
            [
              -46.13,
              -20.2989
            ],
            [
              -46.129,
              -20.3005
            ],
            [
              -46.1289,
              -20.3026
            ],
            [
              -46.1283,
              -20.3034
            ],
            [
              -46.126,
              -20.3046
            ],
            [
              -46.1249,
              -20.3071
            ],
            [
              -46.1215,
              -20.3084
            ],
            [
              -46.1198,
              -20.3086
            ],
            [
              -46.1167,
              -20.3065
            ],
            [
              -46.1145,
              -20.3053
            ],
            [
              -46.1146,
              -20.3032
            ],
            [
              -46.1139,
              -20.3015
            ],
            [
              -46.1112,
              -20.3002
            ],
            [
              -46.1097,
              -20.3001
            ],
            [
              -46.1075,
              -20.3015
            ],
            [
              -46.1064,
              -20.3016
            ],
            [
              -46.1041,
              -20.2992
            ],
            [
              -46.1023,
              -20.3002
            ],
            [
              -46.1022,
              -20.302
            ],
            [
              -46.1043,
              -20.3039
            ],
            [
              -46.1045,
              -20.3071
            ],
            [
              -46.1034,
              -20.3073
            ],
            [
              -46.1022,
              -20.3063
            ],
            [
              -46.1015,
              -20.3074
            ],
            [
              -46.1023,
              -20.3093
            ],
            [
              -46.1025,
              -20.3111
            ],
            [
              -46.102,
              -20.3126
            ],
            [
              -46.1026,
              -20.316
            ],
            [
              -46.1044,
              -20.318
            ],
            [
              -46.1048,
              -20.3197
            ],
            [
              -46.1028,
              -20.3205
            ],
            [
              -46.1009,
              -20.3227
            ],
            [
              -46.0993,
              -20.3225
            ],
            [
              -46.0963,
              -20.319
            ],
            [
              -46.0946,
              -20.3186
            ],
            [
              -46.0915,
              -20.3198
            ],
            [
              -46.0888,
              -20.3231
            ],
            [
              -46.0863,
              -20.324
            ],
            [
              -46.0851,
              -20.3249
            ],
            [
              -46.0828,
              -20.3254
            ],
            [
              -46.0816,
              -20.3277
            ],
            [
              -46.0778,
              -20.3294
            ],
            [
              -46.0763,
              -20.3317
            ],
            [
              -46.0761,
              -20.3347
            ],
            [
              -46.0786,
              -20.3354
            ],
            [
              -46.0803,
              -20.3368
            ],
            [
              -46.0802,
              -20.3388
            ],
            [
              -46.0794,
              -20.3417
            ],
            [
              -46.0793,
              -20.3438
            ],
            [
              -46.0822,
              -20.3441
            ],
            [
              -46.0825,
              -20.3453
            ],
            [
              -46.0809,
              -20.347
            ],
            [
              -46.0811,
              -20.3484
            ],
            [
              -46.0825,
              -20.3502
            ],
            [
              -46.0823,
              -20.3519
            ],
            [
              -46.0802,
              -20.3531
            ],
            [
              -46.0792,
              -20.3543
            ],
            [
              -46.0782,
              -20.3541
            ],
            [
              -46.078,
              -20.3515
            ],
            [
              -46.0771,
              -20.3507
            ],
            [
              -46.0731,
              -20.3502
            ],
            [
              -46.0708,
              -20.3505
            ],
            [
              -46.0685,
              -20.3489
            ],
            [
              -46.0675,
              -20.3466
            ],
            [
              -46.0654,
              -20.3456
            ],
            [
              -46.0632,
              -20.3461
            ],
            [
              -46.0625,
              -20.3478
            ],
            [
              -46.0632,
              -20.3494
            ],
            [
              -46.0629,
              -20.3511
            ],
            [
              -46.0602,
              -20.35
            ],
            [
              -46.059,
              -20.3474
            ],
            [
              -46.0575,
              -20.3472
            ],
            [
              -46.0556,
              -20.3478
            ],
            [
              -46.051,
              -20.3504
            ],
            [
              -46.0484,
              -20.3524
            ],
            [
              -46.0456,
              -20.3522
            ],
            [
              -46.043,
              -20.351
            ],
            [
              -46.0412,
              -20.3513
            ],
            [
              -46.0388,
              -20.353
            ],
            [
              -46.0384,
              -20.3556
            ],
            [
              -46.0373,
              -20.356
            ],
            [
              -46.0346,
              -20.3543
            ],
            [
              -46.0315,
              -20.3538
            ],
            [
              -46.0277,
              -20.354
            ],
            [
              -46.0263,
              -20.355
            ],
            [
              -46.0241,
              -20.3545
            ],
            [
              -46.0217,
              -20.3486
            ],
            [
              -46.0206,
              -20.348
            ],
            [
              -46.0181,
              -20.3479
            ],
            [
              -46.0162,
              -20.3468
            ],
            [
              -46.0145,
              -20.3443
            ],
            [
              -46.0132,
              -20.3409
            ],
            [
              -46.0129,
              -20.3389
            ],
            [
              -46.0119,
              -20.3368
            ],
            [
              -46.0094,
              -20.3359
            ],
            [
              -46.0069,
              -20.3356
            ],
            [
              -46.0048,
              -20.3357
            ],
            [
              -46.0027,
              -20.3376
            ],
            [
              -46.0,
              -20.3386
            ],
            [
              -45.9975,
              -20.3405
            ],
            [
              -45.9964,
              -20.3403
            ],
            [
              -45.9944,
              -20.3386
            ],
            [
              -45.9918,
              -20.3349
            ],
            [
              -45.99,
              -20.3344
            ],
            [
              -45.9876,
              -20.3366
            ],
            [
              -45.9861,
              -20.3392
            ],
            [
              -45.9835,
              -20.3417
            ],
            [
              -45.9811,
              -20.3419
            ],
            [
              -45.9807,
              -20.3409
            ],
            [
              -45.9813,
              -20.3391
            ],
            [
              -45.9804,
              -20.3382
            ],
            [
              -45.976,
              -20.3383
            ],
            [
              -45.9733,
              -20.338
            ],
            [
              -45.9723,
              -20.3364
            ],
            [
              -45.9734,
              -20.3337
            ],
            [
              -45.9738,
              -20.3297
            ],
            [
              -45.9734,
              -20.3287
            ],
            [
              -45.9703,
              -20.3274
            ],
            [
              -45.9692,
              -20.3255
            ],
            [
              -45.9673,
              -20.325
            ],
            [
              -45.9652,
              -20.3254
            ],
            [
              -45.961,
              -20.324
            ],
            [
              -45.9599,
              -20.3239
            ],
            [
              -45.9577,
              -20.3249
            ],
            [
              -45.9529,
              -20.3242
            ],
            [
              -45.9526,
              -20.3231
            ],
            [
              -45.9507,
              -20.3216
            ],
            [
              -45.9495,
              -20.3196
            ],
            [
              -45.9495,
              -20.3183
            ],
            [
              -45.9485,
              -20.3172
            ],
            [
              -45.945,
              -20.3162
            ],
            [
              -45.9429,
              -20.3159
            ],
            [
              -45.9399,
              -20.314
            ],
            [
              -45.937,
              -20.3145
            ],
            [
              -45.9347,
              -20.3142
            ],
            [
              -45.9305,
              -20.3159
            ],
            [
              -45.9275,
              -20.3164
            ],
            [
              -45.9263,
              -20.3158
            ],
            [
              -45.9257,
              -20.3132
            ],
            [
              -45.9251,
              -20.3124
            ],
            [
              -45.9221,
              -20.3121
            ],
            [
              -45.9213,
              -20.3107
            ],
            [
              -45.9202,
              -20.307
            ],
            [
              -45.9205,
              -20.3062
            ],
            [
              -45.9247,
              -20.306
            ],
            [
              -45.9271,
              -20.3042
            ],
            [
              -45.9316,
              -20.3042
            ],
            [
              -45.9367,
              -20.3033
            ],
            [
              -45.9418,
              -20.3034
            ],
            [
              -45.9462,
              -20.302
            ],
            [
              -45.95,
              -20.2987
            ],
            [
              -45.9513,
              -20.298
            ],
            [
              -45.9548,
              -20.2975
            ],
            [
              -45.9562,
              -20.2962
            ],
            [
              -45.9565,
              -20.2919
            ],
            [
              -45.9555,
              -20.2888
            ],
            [
              -45.9557,
              -20.2854
            ],
            [
              -45.9552,
              -20.281
            ],
            [
              -45.9556,
              -20.2795
            ],
            [
              -45.9571,
              -20.277
            ],
            [
              -45.957,
              -20.2757
            ],
            [
              -45.9499,
              -20.2758
            ],
            [
              -45.9491,
              -20.276
            ],
            [
              -45.9459,
              -20.2759
            ],
            [
              -45.9448,
              -20.2749
            ],
            [
              -45.9452,
              -20.2734
            ],
            [
              -45.9465,
              -20.2718
            ],
            [
              -45.945,
              -20.2702
            ],
            [
              -45.9443,
              -20.2662
            ],
            [
              -45.9466,
              -20.2624
            ],
            [
              -45.9485,
              -20.2617
            ],
            [
              -45.951,
              -20.2632
            ],
            [
              -45.9529,
              -20.2631
            ],
            [
              -45.9546,
              -20.2625
            ],
            [
              -45.9551,
              -20.2617
            ],
            [
              -45.9543,
              -20.2604
            ],
            [
              -45.951,
              -20.2592
            ],
            [
              -45.9508,
              -20.2575
            ],
            [
              -45.9515,
              -20.2562
            ],
            [
              -45.9504,
              -20.2548
            ],
            [
              -45.9462,
              -20.2546
            ],
            [
              -45.9437,
              -20.2532
            ],
            [
              -45.944,
              -20.2501
            ],
            [
              -45.9429,
              -20.2479
            ],
            [
              -45.9417,
              -20.2473
            ],
            [
              -45.9377,
              -20.2474
            ],
            [
              -45.9356,
              -20.2478
            ],
            [
              -45.9348,
              -20.2455
            ],
            [
              -45.9336,
              -20.245
            ],
            [
              -45.9311,
              -20.2448
            ],
            [
              -45.9284,
              -20.243
            ],
            [
              -45.9283,
              -20.241
            ],
            [
              -45.9289,
              -20.2397
            ],
            [
              -45.9283,
              -20.2378
            ],
            [
              -45.9265,
              -20.2372
            ],
            [
              -45.9195,
              -20.2366
            ],
            [
              -45.9176,
              -20.2363
            ],
            [
              -45.9156,
              -20.2346
            ],
            [
              -45.9145,
              -20.231
            ],
            [
              -45.9131,
              -20.23
            ],
            [
              -45.9098,
              -20.2288
            ],
            [
              -45.9066,
              -20.228
            ],
            [
              -45.9041,
              -20.2264
            ],
            [
              -45.9039,
              -20.2245
            ],
            [
              -45.9043,
              -20.2226
            ],
            [
              -45.9037,
              -20.2218
            ],
            [
              -45.9018,
              -20.221
            ],
            [
              -45.8985,
              -20.2181
            ],
            [
              -45.8931,
              -20.2182
            ],
            [
              -45.8902,
              -20.2172
            ]
          ]
        ]
      },
      "properties": {
        "codarea": "3105103",
        "nome_municipio": "Bambuí",
        "codigo_ibge": 3105103
      }
    },
    {
      "type": "Feature",
      "geometry": {
        "type": "Polygon",
        "coordinates": [
          [
            [
              -45.976,
              -20.3383
            ],
            [
              -45.9718,
              -20.3398
            ],
            [
              -45.97,
              -20.3411
            ],
            [
              -45.9683,
              -20.3428
            ],
            [
              -45.966,
              -20.3442
            ],
            [
              -45.9633,
              -20.3446
            ],
            [
              -45.9621,
              -20.3453
            ],
            [
              -45.9597,
              -20.3489
            ],
            [
              -45.9574,
              -20.3509
            ],
            [
              -45.9558,
              -20.3516
            ],
            [
              -45.9534,
              -20.3511
            ],
            [
              -45.9525,
              -20.3495
            ],
            [
              -45.9523,
              -20.347
            ],
            [
              -45.9512,
              -20.3439
            ],
            [
              -45.9481,
              -20.3426
            ],
            [
              -45.9441,
              -20.3406
            ],
            [
              -45.9422,
              -20.3399
            ],
            [
              -45.9376,
              -20.3394
            ],
            [
              -45.9301,
              -20.3399
            ],
            [
              -45.9265,
              -20.3409
            ],
            [
              -45.9237,
              -20.3412
            ],
            [
              -45.9215,
              -20.3403
            ],
            [
              -45.92,
              -20.337
            ],
            [
              -45.9175,
              -20.3363
            ],
            [
              -45.9157,
              -20.3348
            ],
            [
              -45.9122,
              -20.3353
            ],
            [
              -45.9108,
              -20.3344
            ],
            [
              -45.9112,
              -20.3321
            ],
            [
              -45.9102,
              -20.3314
            ],
            [
              -45.9042,
              -20.3294
            ],
            [
              -45.9004,
              -20.3305
            ],
            [
              -45.8979,
              -20.3318
            ],
            [
              -45.8938,
              -20.3319
            ],
            [
              -45.8894,
              -20.3314
            ],
            [
              -45.8872,
              -20.3319
            ],
            [
              -45.8853,
              -20.3319
            ],
            [
              -45.8834,
              -20.3312
            ],
            [
              -45.8813,
              -20.3313
            ],
            [
              -45.8788,
              -20.3322
            ],
            [
              -45.8761,
              -20.3355
            ],
            [
              -45.8736,
              -20.3372
            ],
            [
              -45.8726,
              -20.3391
            ],
            [
              -45.8706,
              -20.3406
            ],
            [
              -45.8696,
              -20.3422
            ],
            [
              -45.8685,
              -20.3427
            ],
            [
              -45.8644,
              -20.343
            ],
            [
              -45.861,
              -20.3443
            ],
            [
              -45.8564,
              -20.3442
            ],
            [
              -45.8548,
              -20.3452
            ],
            [
              -45.849,
              -20.3472
            ],
            [
              -45.8459,
              -20.3497
            ],
            [
              -45.843,
              -20.3502
            ],
            [
              -45.8406,
              -20.3517
            ],
            [
              -45.8345,
              -20.3524
            ],
            [
              -45.8339,
              -20.3516
            ],
            [
              -45.8313,
              -20.3516
            ],
            [
              -45.8324,
              -20.3486
            ],
            [
              -45.8346,
              -20.3473
            ],
            [
              -45.8333,
              -20.3463
            ],
            [
              -45.8331,
              -20.3449
            ],
            [
              -45.832,
              -20.344
            ],
            [
              -45.8302,
              -20.3442
            ],
            [
              -45.8304,
              -20.3426
            ],
            [
              -45.8295,
              -20.341
            ],
            [
              -45.8271,
              -20.34
            ],
            [
              -45.8273,
              -20.3388
            ],
            [
              -45.8248,
              -20.3382
            ],
            [
              -45.8233,
              -20.3399
            ],
            [
              -45.8219,
              -20.3407
            ],
            [
              -45.8193,
              -20.3403
            ],
            [
              -45.8194,
              -20.339
            ],
            [
              -45.8181,
              -20.3383
            ],
            [
              -45.8176,
              -20.3364
            ],
            [
              -45.8159,
              -20.3364
            ],
            [
              -45.8151,
              -20.3346
            ],
            [
              -45.8141,
              -20.3343
            ],
            [
              -45.8145,
              -20.3313
            ],
            [
              -45.8167,
              -20.3303
            ],
            [
              -45.8183,
              -20.3274
            ],
            [
              -45.816,
              -20.3252
            ],
            [
              -45.8134,
              -20.3263
            ],
            [
              -45.8115,
              -20.3264
            ],
            [
              -45.8107,
              -20.3256
            ],
            [
              -45.8093,
              -20.326
            ],
            [
              -45.807,
              -20.3246
            ],
            [
              -45.8051,
              -20.3227
            ],
            [
              -45.805,
              -20.3209
            ],
            [
              -45.8031,
              -20.3175
            ],
            [
              -45.8016,
              -20.3161
            ],
            [
              -45.8022,
              -20.3146
            ],
            [
              -45.8013,
              -20.3138
            ],
            [
              -45.8017,
              -20.3124
            ],
            [
              -45.8007,
              -20.3119
            ],
            [
              -45.7999,
              -20.3105
            ],
            [
              -45.8011,
              -20.3081
            ],
            [
              -45.8032,
              -20.3066
            ],
            [
              -45.8063,
              -20.303
            ],
            [
              -45.8093,
              -20.3022
            ],
            [
              -45.8098,
              -20.3004
            ],
            [
              -45.8117,
              -20.2988
            ],
            [
              -45.8143,
              -20.2976
            ],
            [
              -45.8137,
              -20.2966
            ],
            [
              -45.8144,
              -20.2944
            ],
            [
              -45.816,
              -20.2932
            ],
            [
              -45.8171,
              -20.2942
            ],
            [
              -45.8185,
              -20.2921
            ],
            [
              -45.8215,
              -20.2905
            ],
            [
              -45.8203,
              -20.2888
            ],
            [
              -45.8226,
              -20.2888
            ],
            [
              -45.824,
              -20.2872
            ],
            [
              -45.8244,
              -20.286
            ],
            [
              -45.8256,
              -20.2859
            ],
            [
              -45.8259,
              -20.2835
            ],
            [
              -45.8292,
              -20.282
            ],
            [
              -45.8323,
              -20.2829
            ],
            [
              -45.8334,
              -20.2819
            ],
            [
              -45.8323,
              -20.2807
            ],
            [
              -45.8306,
              -20.2802
            ],
            [
              -45.8304,
              -20.2773
            ],
            [
              -45.8288,
              -20.2776
            ],
            [
              -45.8285,
              -20.2763
            ],
            [
              -45.8301,
              -20.276
            ],
            [
              -45.8315,
              -20.2727
            ],
            [
              -45.8329,
              -20.2732
            ],
            [
              -45.835,
              -20.2733
            ],
            [
              -45.8351,
              -20.272
            ],
            [
              -45.8378,
              -20.2718
            ],
            [
              -45.8393,
              -20.2711
            ],
            [
              -45.8399,
              -20.2721
            ],
            [
              -45.8411,
              -20.2725
            ],
            [
              -45.8409,
              -20.2706
            ],
            [
              -45.8434,
              -20.2697
            ],
            [
              -45.8448,
              -20.2676
            ],
            [
              -45.8445,
              -20.2665
            ],
            [
              -45.8456,
              -20.2658
            ],
            [
              -45.8449,
              -20.2646
            ],
            [
              -45.8454,
              -20.2633
            ],
            [
              -45.8449,
              -20.2609
            ],
            [
              -45.8462,
              -20.2591
            ],
            [
              -45.8503,
              -20.2572
            ],
            [
              -45.8496,
              -20.2557
            ],
            [
              -45.8514,
              -20.2547
            ],
            [
              -45.852,
              -20.2527
            ],
            [
              -45.854,
              -20.2518
            ],
            [
              -45.854,
              -20.2497
            ],
            [
              -45.855,
              -20.2469
            ],
            [
              -45.8567,
              -20.2452
            ],
            [
              -45.8577,
              -20.2455
            ],
            [
              -45.8593,
              -20.2433
            ],
            [
              -45.8558,
              -20.2417
            ],
            [
              -45.8563,
              -20.2409
            ],
            [
              -45.8596,
              -20.2413
            ],
            [
              -45.862,
              -20.2388
            ],
            [
              -45.8629,
              -20.2365
            ],
            [
              -45.8651,
              -20.2326
            ],
            [
              -45.8665,
              -20.2315
            ],
            [
              -45.8736,
              -20.2305
            ],
            [
              -45.8744,
              -20.2284
            ],
            [
              -45.8732,
              -20.2248
            ],
            [
              -45.8739,
              -20.224
            ],
            [
              -45.8777,
              -20.2246
            ],
            [
              -45.8794,
              -20.2245
            ],
            [
              -45.8815,
              -20.2238
            ],
            [
              -45.8846,
              -20.2216
            ],
            [
              -45.8857,
              -20.2185
            ],
            [
              -45.8869,
              -20.2172
            ],
            [
              -45.8902,
              -20.2172
            ],
            [
              -45.8931,
              -20.2182
            ],
            [
              -45.8985,
              -20.2181
            ],
            [
              -45.9018,
              -20.221
            ],
            [
              -45.9037,
              -20.2218
            ],
            [
              -45.9043,
              -20.2226
            ],
            [
              -45.9039,
              -20.2245
            ],
            [
              -45.9041,
              -20.2264
            ],
            [
              -45.9066,
              -20.228
            ],
            [
              -45.9098,
              -20.2288
            ],
            [
              -45.9131,
              -20.23
            ],
            [
              -45.9145,
              -20.231
            ],
            [
              -45.9156,
              -20.2346
            ],
            [
              -45.9176,
              -20.2363
            ],
            [
              -45.9195,
              -20.2366
            ],
            [
              -45.9265,
              -20.2372
            ],
            [
              -45.9283,
              -20.2378
            ],
            [
              -45.9289,
              -20.2397
            ],
            [
              -45.9283,
              -20.241
            ],
            [
              -45.9284,
              -20.243
            ],
            [
              -45.9311,
              -20.2448
            ],
            [
              -45.9336,
              -20.245
            ],
            [
              -45.9348,
              -20.2455
            ],
            [
              -45.9356,
              -20.2478
            ],
            [
              -45.9377,
              -20.2474
            ],
            [
              -45.9417,
              -20.2473
            ],
            [
              -45.9429,
              -20.2479
            ],
            [
              -45.944,
              -20.2501
            ],
            [
              -45.9437,
              -20.2532
            ],
            [
              -45.9462,
              -20.2546
            ],
            [
              -45.9504,
              -20.2548
            ],
            [
              -45.9515,
              -20.2562
            ],
            [
              -45.9508,
              -20.2575
            ],
            [
              -45.951,
              -20.2592
            ],
            [
              -45.9543,
              -20.2604
            ],
            [
              -45.9551,
              -20.2617
            ],
            [
              -45.9546,
              -20.2625
            ],
            [
              -45.9529,
              -20.2631
            ],
            [
              -45.951,
              -20.2632
            ],
            [
              -45.9485,
              -20.2617
            ],
            [
              -45.9466,
              -20.2624
            ],
            [
              -45.9443,
              -20.2662
            ],
            [
              -45.945,
              -20.2702
            ],
            [
              -45.9465,
              -20.2718
            ],
            [
              -45.9452,
              -20.2734
            ],
            [
              -45.9448,
              -20.2749
            ],
            [
              -45.9459,
              -20.2759
            ],
            [
              -45.9491,
              -20.276
            ],
            [
              -45.9499,
              -20.2758
            ],
            [
              -45.957,
              -20.2757
            ],
            [
              -45.9571,
              -20.277
            ],
            [
              -45.9556,
              -20.2795
            ],
            [
              -45.9552,
              -20.281
            ],
            [
              -45.9557,
              -20.2854
            ],
            [
              -45.9555,
              -20.2888
            ],
            [
              -45.9565,
              -20.2919
            ],
            [
              -45.9562,
              -20.2962
            ],
            [
              -45.9548,
              -20.2975
            ],
            [
              -45.9513,
              -20.298
            ],
            [
              -45.95,
              -20.2987
            ],
            [
              -45.9462,
              -20.302
            ],
            [
              -45.9418,
              -20.3034
            ],
            [
              -45.9367,
              -20.3033
            ],
            [
              -45.9316,
              -20.3042
            ],
            [
              -45.9271,
              -20.3042
            ],
            [
              -45.9247,
              -20.306
            ],
            [
              -45.9205,
              -20.3062
            ],
            [
              -45.9202,
              -20.307
            ],
            [
              -45.9213,
              -20.3107
            ],
            [
              -45.9221,
              -20.3121
            ],
            [
              -45.9251,
              -20.3124
            ],
            [
              -45.9257,
              -20.3132
            ],
            [
              -45.9263,
              -20.3158
            ],
            [
              -45.9275,
              -20.3164
            ],
            [
              -45.9305,
              -20.3159
            ],
            [
              -45.9347,
              -20.3142
            ],
            [
              -45.937,
              -20.3145
            ],
            [
              -45.9399,
              -20.314
            ],
            [
              -45.9429,
              -20.3159
            ],
            [
              -45.945,
              -20.3162
            ],
            [
              -45.9485,
              -20.3172
            ],
            [
              -45.9495,
              -20.3183
            ],
            [
              -45.9495,
              -20.3196
            ],
            [
              -45.9507,
              -20.3216
            ],
            [
              -45.9526,
              -20.3231
            ],
            [
              -45.9529,
              -20.3242
            ],
            [
              -45.9577,
              -20.3249
            ],
            [
              -45.9599,
              -20.3239
            ],
            [
              -45.961,
              -20.324
            ],
            [
              -45.9652,
              -20.3254
            ],
            [
              -45.9673,
              -20.325
            ],
            [
              -45.9692,
              -20.3255
            ],
            [
              -45.9703,
              -20.3274
            ],
            [
              -45.9734,
              -20.3287
            ],
            [
              -45.9738,
              -20.3297
            ],
            [
              -45.9734,
              -20.3337
            ],
            [
              -45.9723,
              -20.3364
            ],
            [
              -45.9733,
              -20.338
            ],
            [
              -45.976,
              -20.3383
            ]
          ]
        ]
      },
      "properties": {
        "codarea": "3123403",
        "nome_municipio": "Doresópolis",
        "codigo_ibge": 3123403
      }
    },
    {
      "type": "Feature",
      "geometry": {
        "type": "Polygon",
        "coordinates": [
          [
            [
              -45.8318,
              -20.6667
            ],
            [
              -45.8296,
              -20.6628
            ],
            [
              -45.8251,
              -20.6572
            ],
            [
              -45.8241,
              -20.6555
            ],
            [
              -45.8207,
              -20.6512
            ],
            [
              -45.8176,
              -20.6485
            ],
            [
              -45.8141,
              -20.6444
            ],
            [
              -45.8095,
              -20.6389
            ],
            [
              -45.8034,
              -20.6337
            ],
            [
              -45.7986,
              -20.6289
            ],
            [
              -45.7971,
              -20.6267
            ],
            [
              -45.795,
              -20.6225
            ],
            [
              -45.7918,
              -20.6134
            ],
            [
              -45.7909,
              -20.6077
            ],
            [
              -45.7899,
              -20.6047
            ],
            [
              -45.7892,
              -20.6003
            ],
            [
              -45.7883,
              -20.5963
            ],
            [
              -45.7875,
              -20.5943
            ],
            [
              -45.7858,
              -20.5914
            ],
            [
              -45.7839,
              -20.589
            ],
            [
              -45.7826,
              -20.5882
            ],
            [
              -45.777,
              -20.5857
            ],
            [
              -45.772,
              -20.5831
            ],
            [
              -45.7688,
              -20.5819
            ],
            [
              -45.7608,
              -20.5771
            ],
            [
              -45.7577,
              -20.5757
            ],
            [
              -45.7563,
              -20.5742
            ],
            [
              -45.7548,
              -20.5707
            ],
            [
              -45.7532,
              -20.5642
            ],
            [
              -45.753,
              -20.561
            ],
            [
              -45.7531,
              -20.5559
            ],
            [
              -45.752,
              -20.5524
            ],
            [
              -45.7507,
              -20.5507
            ],
            [
              -45.7491,
              -20.5496
            ],
            [
              -45.7485,
              -20.5482
            ],
            [
              -45.7484,
              -20.546
            ],
            [
              -45.7477,
              -20.5419
            ],
            [
              -45.747,
              -20.5408
            ],
            [
              -45.7457,
              -20.5372
            ],
            [
              -45.7434,
              -20.5355
            ],
            [
              -45.7416,
              -20.5331
            ],
            [
              -45.7398,
              -20.5318
            ],
            [
              -45.7355,
              -20.5324
            ],
            [
              -45.7339,
              -20.5321
            ],
            [
              -45.7314,
              -20.5307
            ],
            [
              -45.7281,
              -20.5309
            ],
            [
              -45.7248,
              -20.5321
            ],
            [
              -45.7209,
              -20.5346
            ],
            [
              -45.719,
              -20.5336
            ],
            [
              -45.718,
              -20.5301
            ],
            [
              -45.7166,
              -20.5273
            ],
            [
              -45.7162,
              -20.5254
            ],
            [
              -45.7153,
              -20.5235
            ],
            [
              -45.7131,
              -20.5223
            ],
            [
              -45.7138,
              -20.5207
            ],
            [
              -45.7151,
              -20.5201
            ],
            [
              -45.7163,
              -20.5182
            ],
            [
              -45.715,
              -20.5138
            ],
            [
              -45.7147,
              -20.5103
            ],
            [
              -45.7158,
              -20.5077
            ],
            [
              -45.7195,
              -20.5054
            ],
            [
              -45.7209,
              -20.5054
            ],
            [
              -45.7222,
              -20.5043
            ],
            [
              -45.7218,
              -20.4995
            ],
            [
              -45.721,
              -20.496
            ],
            [
              -45.7211,
              -20.4943
            ],
            [
              -45.7222,
              -20.4926
            ],
            [
              -45.7244,
              -20.4902
            ],
            [
              -45.7248,
              -20.4886
            ],
            [
              -45.7247,
              -20.4858
            ],
            [
              -45.7255,
              -20.4833
            ],
            [
              -45.7262,
              -20.4828
            ],
            [
              -45.7293,
              -20.4829
            ],
            [
              -45.7306,
              -20.4817
            ],
            [
              -45.7314,
              -20.4795
            ],
            [
              -45.7329,
              -20.4769
            ],
            [
              -45.7347,
              -20.4752
            ],
            [
              -45.7378,
              -20.4744
            ],
            [
              -45.7412,
              -20.4688
            ],
            [
              -45.743,
              -20.4685
            ],
            [
              -45.7458,
              -20.47
            ],
            [
              -45.7473,
              -20.4698
            ],
            [
              -45.7504,
              -20.4666
            ],
            [
              -45.7499,
              -20.4619
            ],
            [
              -45.7482,
              -20.4573
            ],
            [
              -45.7478,
              -20.4506
            ],
            [
              -45.7489,
              -20.4474
            ],
            [
              -45.7499,
              -20.4466
            ],
            [
              -45.7502,
              -20.4452
            ],
            [
              -45.7489,
              -20.4434
            ],
            [
              -45.7485,
              -20.4412
            ],
            [
              -45.7453,
              -20.4388
            ],
            [
              -45.7453,
              -20.4379
            ],
            [
              -45.7476,
              -20.4372
            ],
            [
              -45.7488,
              -20.4363
            ],
            [
              -45.7504,
              -20.4339
            ],
            [
              -45.7503,
              -20.4328
            ],
            [
              -45.7512,
              -20.4305
            ],
            [
              -45.7513,
              -20.4281
            ],
            [
              -45.7519,
              -20.4272
            ],
            [
              -45.7546,
              -20.4274
            ],
            [
              -45.7575,
              -20.4259
            ],
            [
              -45.758,
              -20.4248
            ],
            [
              -45.7598,
              -20.4236
            ],
            [
              -45.7597,
              -20.421
            ],
            [
              -45.7607,
              -20.4204
            ],
            [
              -45.765,
              -20.4192
            ],
            [
              -45.7658,
              -20.4192
            ],
            [
              -45.7669,
              -20.4219
            ],
            [
              -45.7684,
              -20.4228
            ],
            [
              -45.7712,
              -20.4216
            ],
            [
              -45.7731,
              -20.4215
            ],
            [
              -45.7757,
              -20.422
            ],
            [
              -45.7773,
              -20.4227
            ],
            [
              -45.7776,
              -20.4247
            ],
            [
              -45.7798,
              -20.4244
            ],
            [
              -45.7808,
              -20.4256
            ],
            [
              -45.7816,
              -20.4245
            ],
            [
              -45.7834,
              -20.4237
            ],
            [
              -45.7863,
              -20.4233
            ],
            [
              -45.787,
              -20.4212
            ],
            [
              -45.7882,
              -20.4203
            ],
            [
              -45.788,
              -20.419
            ],
            [
              -45.7889,
              -20.4181
            ],
            [
              -45.7908,
              -20.4175
            ],
            [
              -45.7945,
              -20.4176
            ],
            [
              -45.7972,
              -20.4153
            ],
            [
              -45.7962,
              -20.4147
            ],
            [
              -45.7964,
              -20.4116
            ],
            [
              -45.7974,
              -20.4117
            ],
            [
              -45.8001,
              -20.4109
            ],
            [
              -45.802,
              -20.4059
            ],
            [
              -45.8044,
              -20.4043
            ],
            [
              -45.8048,
              -20.4019
            ],
            [
              -45.8026,
              -20.3999
            ],
            [
              -45.8028,
              -20.3985
            ],
            [
              -45.8024,
              -20.3967
            ],
            [
              -45.8054,
              -20.3978
            ],
            [
              -45.8063,
              -20.3967
            ],
            [
              -45.8066,
              -20.3945
            ],
            [
              -45.808,
              -20.3941
            ],
            [
              -45.8079,
              -20.3931
            ],
            [
              -45.8108,
              -20.3913
            ],
            [
              -45.8122,
              -20.3916
            ],
            [
              -45.8129,
              -20.3906
            ],
            [
              -45.8154,
              -20.3899
            ],
            [
              -45.8157,
              -20.3889
            ],
            [
              -45.8174,
              -20.3886
            ],
            [
              -45.8174,
              -20.3869
            ],
            [
              -45.8184,
              -20.3846
            ],
            [
              -45.8187,
              -20.3812
            ],
            [
              -45.8193,
              -20.3802
            ],
            [
              -45.8181,
              -20.377
            ],
            [
              -45.8173,
              -20.3762
            ],
            [
              -45.8171,
              -20.3747
            ],
            [
              -45.818,
              -20.3714
            ],
            [
              -45.8205,
              -20.3677
            ],
            [
              -45.8223,
              -20.3666
            ],
            [
              -45.8219,
              -20.3643
            ],
            [
              -45.8233,
              -20.3625
            ],
            [
              -45.8267,
              -20.3614
            ],
            [
              -45.8292,
              -20.3601
            ],
            [
              -45.8317,
              -20.3602
            ],
            [
              -45.8346,
              -20.3583
            ],
            [
              -45.8341,
              -20.3603
            ],
            [
              -45.8352,
              -20.3604
            ],
            [
              -45.8348,
              -20.3626
            ],
            [
              -45.8349,
              -20.3659
            ],
            [
              -45.8344,
              -20.3668
            ],
            [
              -45.836,
              -20.3686
            ],
            [
              -45.8355,
              -20.37
            ],
            [
              -45.8354,
              -20.3727
            ],
            [
              -45.8333,
              -20.373
            ],
            [
              -45.8331,
              -20.3752
            ],
            [
              -45.8314,
              -20.3758
            ],
            [
              -45.8315,
              -20.3774
            ],
            [
              -45.8329,
              -20.3771
            ],
            [
              -45.8328,
              -20.3812
            ],
            [
              -45.8341,
              -20.3819
            ],
            [
              -45.834,
              -20.3831
            ],
            [
              -45.8371,
              -20.3845
            ],
            [
              -45.837,
              -20.3861
            ],
            [
              -45.8355,
              -20.3862
            ],
            [
              -45.8335,
              -20.3874
            ],
            [
              -45.8315,
              -20.3898
            ],
            [
              -45.8308,
              -20.3886
            ],
            [
              -45.8291,
              -20.3894
            ],
            [
              -45.8261,
              -20.3893
            ],
            [
              -45.8256,
              -20.3901
            ],
            [
              -45.8255,
              -20.3932
            ],
            [
              -45.8259,
              -20.3938
            ],
            [
              -45.8285,
              -20.3941
            ],
            [
              -45.8304,
              -20.3938
            ],
            [
              -45.8319,
              -20.3986
            ],
            [
              -45.8312,
              -20.4004
            ],
            [
              -45.8328,
              -20.4045
            ],
            [
              -45.8334,
              -20.4092
            ],
            [
              -45.835,
              -20.4104
            ],
            [
              -45.8348,
              -20.4128
            ],
            [
              -45.8356,
              -20.4143
            ],
            [
              -45.8345,
              -20.4166
            ],
            [
              -45.8346,
              -20.4181
            ],
            [
              -45.8363,
              -20.4213
            ],
            [
              -45.8355,
              -20.4233
            ],
            [
              -45.8359,
              -20.4246
            ],
            [
              -45.8407,
              -20.4258
            ],
            [
              -45.8414,
              -20.4263
            ],
            [
              -45.8443,
              -20.4257
            ],
            [
              -45.8451,
              -20.4266
            ],
            [
              -45.8481,
              -20.4285
            ],
            [
              -45.8482,
              -20.4308
            ],
            [
              -45.85,
              -20.4318
            ],
            [
              -45.8517,
              -20.4335
            ],
            [
              -45.8535,
              -20.433
            ],
            [
              -45.8542,
              -20.4315
            ],
            [
              -45.8562,
              -20.4299
            ],
            [
              -45.8585,
              -20.4289
            ],
            [
              -45.8601,
              -20.4288
            ],
            [
              -45.8635,
              -20.4298
            ],
            [
              -45.8658,
              -20.4322
            ],
            [
              -45.8706,
              -20.4338
            ],
            [
              -45.872,
              -20.4357
            ],
            [
              -45.874,
              -20.437
            ],
            [
              -45.8753,
              -20.4392
            ],
            [
              -45.8756,
              -20.4408
            ],
            [
              -45.8784,
              -20.4432
            ],
            [
              -45.8801,
              -20.4455
            ],
            [
              -45.8812,
              -20.4462
            ],
            [
              -45.8815,
              -20.4475
            ],
            [
              -45.8852,
              -20.4504
            ],
            [
              -45.8871,
              -20.4511
            ],
            [
              -45.8881,
              -20.4524
            ],
            [
              -45.8889,
              -20.4548
            ],
            [
              -45.8887,
              -20.4573
            ],
            [
              -45.888,
              -20.4589
            ],
            [
              -45.888,
              -20.4614
            ],
            [
              -45.8898,
              -20.4672
            ],
            [
              -45.8905,
              -20.472
            ],
            [
              -45.8913,
              -20.4755
            ],
            [
              -45.8912,
              -20.4775
            ],
            [
              -45.8888,
              -20.4811
            ],
            [
              -45.8876,
              -20.4822
            ],
            [
              -45.8871,
              -20.4866
            ],
            [
              -45.8881,
              -20.4889
            ],
            [
              -45.8886,
              -20.4908
            ],
            [
              -45.8885,
              -20.4929
            ],
            [
              -45.8876,
              -20.496
            ],
            [
              -45.8869,
              -20.5014
            ],
            [
              -45.887,
              -20.5045
            ],
            [
              -45.8879,
              -20.5087
            ],
            [
              -45.8883,
              -20.5118
            ],
            [
              -45.8876,
              -20.5157
            ],
            [
              -45.8876,
              -20.5185
            ],
            [
              -45.8896,
              -20.528
            ],
            [
              -45.8892,
              -20.5327
            ],
            [
              -45.8897,
              -20.5386
            ],
            [
              -45.8901,
              -20.5408
            ],
            [
              -45.8927,
              -20.5416
            ],
            [
              -45.8949,
              -20.5412
            ],
            [
              -45.8966,
              -20.5399
            ],
            [
              -45.8985,
              -20.5396
            ],
            [
              -45.9013,
              -20.54
            ],
            [
              -45.9034,
              -20.5387
            ],
            [
              -45.9052,
              -20.5381
            ],
            [
              -45.9086,
              -20.5358
            ],
            [
              -45.9115,
              -20.5365
            ],
            [
              -45.9155,
              -20.5372
            ],
            [
              -45.9169,
              -20.5378
            ],
            [
              -45.9194,
              -20.5376
            ],
            [
              -45.9207,
              -20.5384
            ],
            [
              -45.9222,
              -20.5379
            ],
            [
              -45.9241,
              -20.5359
            ],
            [
              -45.9267,
              -20.5363
            ],
            [
              -45.9267,
              -20.5376
            ],
            [
              -45.9255,
              -20.5403
            ],
            [
              -45.9255,
              -20.5426
            ],
            [
              -45.9265,
              -20.5459
            ],
            [
              -45.9284,
              -20.5489
            ],
            [
              -45.9306,
              -20.5498
            ],
            [
              -45.9336,
              -20.548
            ],
            [
              -45.935,
              -20.5481
            ],
            [
              -45.9381,
              -20.5461
            ],
            [
              -45.9394,
              -20.5465
            ],
            [
              -45.9408,
              -20.5478
            ],
            [
              -45.9418,
              -20.5495
            ],
            [
              -45.9422,
              -20.5511
            ],
            [
              -45.9425,
              -20.5546
            ],
            [
              -45.943,
              -20.556
            ],
            [
              -45.9428,
              -20.5608
            ],
            [
              -45.9435,
              -20.5625
            ],
            [
              -45.9453,
              -20.5628
            ],
            [
              -45.9473,
              -20.5612
            ],
            [
              -45.9488,
              -20.5621
            ],
            [
              -45.9498,
              -20.5644
            ],
            [
              -45.9522,
              -20.5664
            ],
            [
              -45.9528,
              -20.5675
            ],
            [
              -45.954,
              -20.5731
            ],
            [
              -45.9541,
              -20.5768
            ],
            [
              -45.9545,
              -20.579
            ],
            [
              -45.9555,
              -20.5812
            ],
            [
              -45.9565,
              -20.5859
            ],
            [
              -45.9585,
              -20.5882
            ],
            [
              -45.9608,
              -20.5889
            ],
            [
              -45.9627,
              -20.5888
            ],
            [
              -45.9657,
              -20.5877
            ],
            [
              -45.9676,
              -20.5881
            ],
            [
              -45.9658,
              -20.5937
            ],
            [
              -45.964,
              -20.5965
            ],
            [
              -45.9625,
              -20.601
            ],
            [
              -45.961,
              -20.6037
            ],
            [
              -45.9602,
              -20.6039
            ],
            [
              -45.9573,
              -20.6027
            ],
            [
              -45.9551,
              -20.6025
            ],
            [
              -45.9523,
              -20.6038
            ],
            [
              -45.9511,
              -20.6049
            ],
            [
              -45.9495,
              -20.6088
            ],
            [
              -45.9492,
              -20.6109
            ],
            [
              -45.9472,
              -20.6151
            ],
            [
              -45.9463,
              -20.6156
            ],
            [
              -45.9436,
              -20.6158
            ],
            [
              -45.9425,
              -20.614
            ],
            [
              -45.9424,
              -20.6105
            ],
            [
              -45.9415,
              -20.6078
            ],
            [
              -45.938,
              -20.6057
            ],
            [
              -45.9333,
              -20.605
            ],
            [
              -45.9309,
              -20.6042
            ],
            [
              -45.9284,
              -20.6042
            ],
            [
              -45.926,
              -20.6056
            ],
            [
              -45.922,
              -20.6061
            ],
            [
              -45.9211,
              -20.6065
            ],
            [
              -45.9192,
              -20.6107
            ],
            [
              -45.9186,
              -20.6129
            ],
            [
              -45.9173,
              -20.6158
            ],
            [
              -45.9161,
              -20.617
            ],
            [
              -45.9133,
              -20.6177
            ],
            [
              -45.9104,
              -20.618
            ],
            [
              -45.9093,
              -20.6186
            ],
            [
              -45.9068,
              -20.6241
            ],
            [
              -45.9044,
              -20.6253
            ],
            [
              -45.9015,
              -20.6245
            ],
            [
              -45.9,
              -20.6245
            ],
            [
              -45.8968,
              -20.626
            ],
            [
              -45.894,
              -20.625
            ],
            [
              -45.8888,
              -20.6236
            ],
            [
              -45.8883,
              -20.6238
            ],
            [
              -45.8838,
              -20.6293
            ],
            [
              -45.8791,
              -20.6316
            ],
            [
              -45.8766,
              -20.6337
            ],
            [
              -45.8764,
              -20.6354
            ],
            [
              -45.877,
              -20.6375
            ],
            [
              -45.8761,
              -20.6402
            ],
            [
              -45.8766,
              -20.6499
            ],
            [
              -45.8759,
              -20.6515
            ],
            [
              -45.8745,
              -20.652
            ],
            [
              -45.8713,
              -20.6507
            ],
            [
              -45.8694,
              -20.6506
            ],
            [
              -45.8661,
              -20.6521
            ],
            [
              -45.8637,
              -20.6551
            ],
            [
              -45.8617,
              -20.6564
            ],
            [
              -45.8581,
              -20.657
            ],
            [
              -45.8554,
              -20.6568
            ],
            [
              -45.8537,
              -20.6573
            ],
            [
              -45.8528,
              -20.6597
            ],
            [
              -45.8527,
              -20.6652
            ],
            [
              -45.8516,
              -20.6683
            ],
            [
              -45.85,
              -20.6689
            ],
            [
              -45.8409,
              -20.669
            ],
            [
              -45.8412,
              -20.6698
            ],
            [
              -45.8376,
              -20.6697
            ],
            [
              -45.8353,
              -20.6691
            ],
            [
              -45.835,
              -20.6677
            ],
            [
              -45.8318,
              -20.6667
            ]
          ]
        ]
      },
      "properties": {
        "codarea": "3150505",
        "nome_municipio": "Pimenta",
        "codigo_ibge": 3150505
      }
    },
    {
      "type": "Feature",
      "geometry": {
        "type": "Polygon",
        "coordinates": [
          [
            [
              -45.9676,
              -20.5881
            ],
            [
              -45.9657,
              -20.5877
            ],
            [
              -45.9627,
              -20.5888
            ],
            [
              -45.9608,
              -20.5889
            ],
            [
              -45.9585,
              -20.5882
            ],
            [
              -45.9565,
              -20.5859
            ],
            [
              -45.9555,
              -20.5812
            ],
            [
              -45.9545,
              -20.579
            ],
            [
              -45.9541,
              -20.5768
            ],
            [
              -45.954,
              -20.5731
            ],
            [
              -45.9528,
              -20.5675
            ],
            [
              -45.9522,
              -20.5664
            ],
            [
              -45.9498,
              -20.5644
            ],
            [
              -45.9488,
              -20.5621
            ],
            [
              -45.9473,
              -20.5612
            ],
            [
              -45.9453,
              -20.5628
            ],
            [
              -45.9435,
              -20.5625
            ],
            [
              -45.9428,
              -20.5608
            ],
            [
              -45.943,
              -20.556
            ],
            [
              -45.9425,
              -20.5546
            ],
            [
              -45.9422,
              -20.5511
            ],
            [
              -45.9418,
              -20.5495
            ],
            [
              -45.9408,
              -20.5478
            ],
            [
              -45.9394,
              -20.5465
            ],
            [
              -45.9381,
              -20.5461
            ],
            [
              -45.935,
              -20.5481
            ],
            [
              -45.9336,
              -20.548
            ],
            [
              -45.9306,
              -20.5498
            ],
            [
              -45.9284,
              -20.5489
            ],
            [
              -45.9265,
              -20.5459
            ],
            [
              -45.9255,
              -20.5426
            ],
            [
              -45.9255,
              -20.5403
            ],
            [
              -45.9267,
              -20.5376
            ],
            [
              -45.9267,
              -20.5363
            ],
            [
              -45.9241,
              -20.5359
            ],
            [
              -45.9222,
              -20.5379
            ],
            [
              -45.9207,
              -20.5384
            ],
            [
              -45.9194,
              -20.5376
            ],
            [
              -45.9169,
              -20.5378
            ],
            [
              -45.9155,
              -20.5372
            ],
            [
              -45.9115,
              -20.5365
            ],
            [
              -45.9086,
              -20.5358
            ],
            [
              -45.9052,
              -20.5381
            ],
            [
              -45.9034,
              -20.5387
            ],
            [
              -45.9013,
              -20.54
            ],
            [
              -45.8985,
              -20.5396
            ],
            [
              -45.8966,
              -20.5399
            ],
            [
              -45.8949,
              -20.5412
            ],
            [
              -45.8927,
              -20.5416
            ],
            [
              -45.8901,
              -20.5408
            ],
            [
              -45.8897,
              -20.5386
            ],
            [
              -45.8892,
              -20.5327
            ],
            [
              -45.8896,
              -20.528
            ],
            [
              -45.8876,
              -20.5185
            ],
            [
              -45.8876,
              -20.5157
            ],
            [
              -45.8883,
              -20.5118
            ],
            [
              -45.8879,
              -20.5087
            ],
            [
              -45.887,
              -20.5045
            ],
            [
              -45.8869,
              -20.5014
            ],
            [
              -45.8876,
              -20.496
            ],
            [
              -45.8885,
              -20.4929
            ],
            [
              -45.8886,
              -20.4908
            ],
            [
              -45.8881,
              -20.4889
            ],
            [
              -45.8871,
              -20.4866
            ],
            [
              -45.8876,
              -20.4822
            ],
            [
              -45.8888,
              -20.4811
            ],
            [
              -45.8912,
              -20.4775
            ],
            [
              -45.8913,
              -20.4755
            ],
            [
              -45.8905,
              -20.472
            ],
            [
              -45.8898,
              -20.4672
            ],
            [
              -45.888,
              -20.4614
            ],
            [
              -45.888,
              -20.4589
            ],
            [
              -45.8887,
              -20.4573
            ],
            [
              -45.8889,
              -20.4548
            ],
            [
              -45.8881,
              -20.4524
            ],
            [
              -45.8871,
              -20.4511
            ],
            [
              -45.8852,
              -20.4504
            ],
            [
              -45.8815,
              -20.4475
            ],
            [
              -45.8812,
              -20.4462
            ],
            [
              -45.8801,
              -20.4455
            ],
            [
              -45.8784,
              -20.4432
            ],
            [
              -45.8756,
              -20.4408
            ],
            [
              -45.8753,
              -20.4392
            ],
            [
              -45.874,
              -20.437
            ],
            [
              -45.872,
              -20.4357
            ],
            [
              -45.8706,
              -20.4338
            ],
            [
              -45.8658,
              -20.4322
            ],
            [
              -45.8635,
              -20.4298
            ],
            [
              -45.8601,
              -20.4288
            ],
            [
              -45.8585,
              -20.4289
            ],
            [
              -45.8562,
              -20.4299
            ],
            [
              -45.8542,
              -20.4315
            ],
            [
              -45.8535,
              -20.433
            ],
            [
              -45.8517,
              -20.4335
            ],
            [
              -45.85,
              -20.4318
            ],
            [
              -45.8482,
              -20.4308
            ],
            [
              -45.8481,
              -20.4285
            ],
            [
              -45.8451,
              -20.4266
            ],
            [
              -45.8443,
              -20.4257
            ],
            [
              -45.8414,
              -20.4263
            ],
            [
              -45.8407,
              -20.4258
            ],
            [
              -45.8359,
              -20.4246
            ],
            [
              -45.8355,
              -20.4233
            ],
            [
              -45.8363,
              -20.4213
            ],
            [
              -45.8346,
              -20.4181
            ],
            [
              -45.8345,
              -20.4166
            ],
            [
              -45.8356,
              -20.4143
            ],
            [
              -45.8348,
              -20.4128
            ],
            [
              -45.835,
              -20.4104
            ],
            [
              -45.8334,
              -20.4092
            ],
            [
              -45.8328,
              -20.4045
            ],
            [
              -45.8312,
              -20.4004
            ],
            [
              -45.8319,
              -20.3986
            ],
            [
              -45.8304,
              -20.3938
            ],
            [
              -45.8285,
              -20.3941
            ],
            [
              -45.8259,
              -20.3938
            ],
            [
              -45.8255,
              -20.3932
            ],
            [
              -45.8256,
              -20.3901
            ],
            [
              -45.8261,
              -20.3893
            ],
            [
              -45.8291,
              -20.3894
            ],
            [
              -45.8308,
              -20.3886
            ],
            [
              -45.8315,
              -20.3898
            ],
            [
              -45.8335,
              -20.3874
            ],
            [
              -45.8355,
              -20.3862
            ],
            [
              -45.837,
              -20.3861
            ],
            [
              -45.8371,
              -20.3845
            ],
            [
              -45.834,
              -20.3831
            ],
            [
              -45.8341,
              -20.3819
            ],
            [
              -45.8328,
              -20.3812
            ],
            [
              -45.8329,
              -20.3771
            ],
            [
              -45.8315,
              -20.3774
            ],
            [
              -45.8314,
              -20.3758
            ],
            [
              -45.8331,
              -20.3752
            ],
            [
              -45.8333,
              -20.373
            ],
            [
              -45.8354,
              -20.3727
            ],
            [
              -45.8355,
              -20.37
            ],
            [
              -45.836,
              -20.3686
            ],
            [
              -45.8344,
              -20.3668
            ],
            [
              -45.8349,
              -20.3659
            ],
            [
              -45.8348,
              -20.3626
            ],
            [
              -45.8352,
              -20.3604
            ],
            [
              -45.8341,
              -20.3603
            ],
            [
              -45.8346,
              -20.3583
            ],
            [
              -45.8355,
              -20.3567
            ],
            [
              -45.8357,
              -20.3532
            ],
            [
              -45.8345,
              -20.3524
            ],
            [
              -45.8406,
              -20.3517
            ],
            [
              -45.843,
              -20.3502
            ],
            [
              -45.8459,
              -20.3497
            ],
            [
              -45.849,
              -20.3472
            ],
            [
              -45.8548,
              -20.3452
            ],
            [
              -45.8564,
              -20.3442
            ],
            [
              -45.861,
              -20.3443
            ],
            [
              -45.8644,
              -20.343
            ],
            [
              -45.8685,
              -20.3427
            ],
            [
              -45.8696,
              -20.3422
            ],
            [
              -45.8706,
              -20.3406
            ],
            [
              -45.8726,
              -20.3391
            ],
            [
              -45.8736,
              -20.3372
            ],
            [
              -45.8761,
              -20.3355
            ],
            [
              -45.8788,
              -20.3322
            ],
            [
              -45.8813,
              -20.3313
            ],
            [
              -45.8834,
              -20.3312
            ],
            [
              -45.8853,
              -20.3319
            ],
            [
              -45.8872,
              -20.3319
            ],
            [
              -45.8894,
              -20.3314
            ],
            [
              -45.8938,
              -20.3319
            ],
            [
              -45.8979,
              -20.3318
            ],
            [
              -45.9004,
              -20.3305
            ],
            [
              -45.9042,
              -20.3294
            ],
            [
              -45.9102,
              -20.3314
            ],
            [
              -45.9112,
              -20.3321
            ],
            [
              -45.9108,
              -20.3344
            ],
            [
              -45.9122,
              -20.3353
            ],
            [
              -45.9157,
              -20.3348
            ],
            [
              -45.9175,
              -20.3363
            ],
            [
              -45.92,
              -20.337
            ],
            [
              -45.9215,
              -20.3403
            ],
            [
              -45.9237,
              -20.3412
            ],
            [
              -45.9265,
              -20.3409
            ],
            [
              -45.9301,
              -20.3399
            ],
            [
              -45.9376,
              -20.3394
            ],
            [
              -45.9422,
              -20.3399
            ],
            [
              -45.9441,
              -20.3406
            ],
            [
              -45.9481,
              -20.3426
            ],
            [
              -45.9512,
              -20.3439
            ],
            [
              -45.9523,
              -20.347
            ],
            [
              -45.9525,
              -20.3495
            ],
            [
              -45.9534,
              -20.3511
            ],
            [
              -45.9558,
              -20.3516
            ],
            [
              -45.9574,
              -20.3509
            ],
            [
              -45.9597,
              -20.3489
            ],
            [
              -45.9621,
              -20.3453
            ],
            [
              -45.9633,
              -20.3446
            ],
            [
              -45.966,
              -20.3442
            ],
            [
              -45.9683,
              -20.3428
            ],
            [
              -45.97,
              -20.3411
            ],
            [
              -45.9718,
              -20.3398
            ],
            [
              -45.976,
              -20.3383
            ],
            [
              -45.9804,
              -20.3382
            ],
            [
              -45.9813,
              -20.3391
            ],
            [
              -45.9807,
              -20.3409
            ],
            [
              -45.9811,
              -20.3419
            ],
            [
              -45.9835,
              -20.3417
            ],
            [
              -45.9861,
              -20.3392
            ],
            [
              -45.9876,
              -20.3366
            ],
            [
              -45.99,
              -20.3344
            ],
            [
              -45.9918,
              -20.3349
            ],
            [
              -45.9944,
              -20.3386
            ],
            [
              -45.9964,
              -20.3403
            ],
            [
              -45.9975,
              -20.3405
            ],
            [
              -46.0,
              -20.3386
            ],
            [
              -46.0027,
              -20.3376
            ],
            [
              -46.0048,
              -20.3357
            ],
            [
              -46.0069,
              -20.3356
            ],
            [
              -46.0094,
              -20.3359
            ],
            [
              -46.0119,
              -20.3368
            ],
            [
              -46.0129,
              -20.3389
            ],
            [
              -46.0132,
              -20.3409
            ],
            [
              -46.0145,
              -20.3443
            ],
            [
              -46.0162,
              -20.3468
            ],
            [
              -46.0181,
              -20.3479
            ],
            [
              -46.0206,
              -20.348
            ],
            [
              -46.0217,
              -20.3486
            ],
            [
              -46.0241,
              -20.3545
            ],
            [
              -46.0263,
              -20.355
            ],
            [
              -46.0277,
              -20.354
            ],
            [
              -46.0315,
              -20.3538
            ],
            [
              -46.0346,
              -20.3543
            ],
            [
              -46.0373,
              -20.356
            ],
            [
              -46.0384,
              -20.3556
            ],
            [
              -46.0388,
              -20.353
            ],
            [
              -46.0412,
              -20.3513
            ],
            [
              -46.043,
              -20.351
            ],
            [
              -46.0456,
              -20.3522
            ],
            [
              -46.0484,
              -20.3524
            ],
            [
              -46.051,
              -20.3504
            ],
            [
              -46.0556,
              -20.3478
            ],
            [
              -46.0575,
              -20.3472
            ],
            [
              -46.059,
              -20.3474
            ],
            [
              -46.0602,
              -20.35
            ],
            [
              -46.0629,
              -20.3511
            ],
            [
              -46.0632,
              -20.3494
            ],
            [
              -46.0625,
              -20.3478
            ],
            [
              -46.0632,
              -20.3461
            ],
            [
              -46.0654,
              -20.3456
            ],
            [
              -46.0675,
              -20.3466
            ],
            [
              -46.0685,
              -20.3489
            ],
            [
              -46.0708,
              -20.3505
            ],
            [
              -46.0731,
              -20.3502
            ],
            [
              -46.0771,
              -20.3507
            ],
            [
              -46.078,
              -20.3515
            ],
            [
              -46.0782,
              -20.3541
            ],
            [
              -46.0792,
              -20.3543
            ],
            [
              -46.0802,
              -20.3531
            ],
            [
              -46.0823,
              -20.3519
            ],
            [
              -46.0825,
              -20.3502
            ],
            [
              -46.0811,
              -20.3484
            ],
            [
              -46.0809,
              -20.347
            ],
            [
              -46.0825,
              -20.3453
            ],
            [
              -46.0822,
              -20.3441
            ],
            [
              -46.0793,
              -20.3438
            ],
            [
              -46.0794,
              -20.3417
            ],
            [
              -46.0802,
              -20.3388
            ],
            [
              -46.0827,
              -20.339
            ],
            [
              -46.0851,
              -20.3366
            ],
            [
              -46.0873,
              -20.3373
            ],
            [
              -46.0915,
              -20.3371
            ],
            [
              -46.092,
              -20.3346
            ],
            [
              -46.0929,
              -20.3353
            ],
            [
              -46.0938,
              -20.3381
            ],
            [
              -46.0954,
              -20.3376
            ],
            [
              -46.0963,
              -20.3394
            ],
            [
              -46.0974,
              -20.3403
            ],
            [
              -46.1001,
              -20.3404
            ],
            [
              -46.1007,
              -20.3398
            ],
            [
              -46.101,
              -20.3376
            ],
            [
              -46.1029,
              -20.3378
            ],
            [
              -46.1037,
              -20.3399
            ],
            [
              -46.1046,
              -20.341
            ],
            [
              -46.1075,
              -20.3403
            ],
            [
              -46.1103,
              -20.3385
            ],
            [
              -46.1117,
              -20.3381
            ],
            [
              -46.1155,
              -20.3355
            ],
            [
              -46.1178,
              -20.3346
            ],
            [
              -46.1226,
              -20.3354
            ],
            [
              -46.1247,
              -20.3378
            ],
            [
              -46.1265,
              -20.3389
            ],
            [
              -46.1292,
              -20.3383
            ],
            [
              -46.1316,
              -20.3403
            ],
            [
              -46.1327,
              -20.338
            ],
            [
              -46.134,
              -20.3373
            ],
            [
              -46.1365,
              -20.3374
            ],
            [
              -46.1406,
              -20.3371
            ],
            [
              -46.1415,
              -20.3377
            ],
            [
              -46.1426,
              -20.3414
            ],
            [
              -46.1428,
              -20.344
            ],
            [
              -46.1447,
              -20.3455
            ],
            [
              -46.1445,
              -20.3479
            ],
            [
              -46.1438,
              -20.3494
            ],
            [
              -46.1439,
              -20.3521
            ],
            [
              -46.1447,
              -20.3532
            ],
            [
              -46.1457,
              -20.353
            ],
            [
              -46.146,
              -20.3516
            ],
            [
              -46.1473,
              -20.3503
            ],
            [
              -46.1485,
              -20.351
            ],
            [
              -46.1494,
              -20.3533
            ],
            [
              -46.1514,
              -20.3554
            ],
            [
              -46.1536,
              -20.356
            ],
            [
              -46.1547,
              -20.3567
            ],
            [
              -46.1554,
              -20.3586
            ],
            [
              -46.1568,
              -20.3596
            ],
            [
              -46.1575,
              -20.3591
            ],
            [
              -46.1581,
              -20.3573
            ],
            [
              -46.1616,
              -20.3585
            ],
            [
              -46.162,
              -20.3582
            ],
            [
              -46.163,
              -20.3539
            ],
            [
              -46.1635,
              -20.3531
            ],
            [
              -46.1666,
              -20.3512
            ],
            [
              -46.1686,
              -20.3519
            ],
            [
              -46.1726,
              -20.3522
            ],
            [
              -46.1737,
              -20.3502
            ],
            [
              -46.1755,
              -20.3489
            ],
            [
              -46.1762,
              -20.3456
            ],
            [
              -46.1774,
              -20.344
            ],
            [
              -46.1796,
              -20.3431
            ],
            [
              -46.1817,
              -20.3428
            ],
            [
              -46.1835,
              -20.3414
            ],
            [
              -46.1848,
              -20.3415
            ],
            [
              -46.1871,
              -20.3424
            ],
            [
              -46.1886,
              -20.3415
            ],
            [
              -46.1906,
              -20.3414
            ],
            [
              -46.1914,
              -20.3398
            ],
            [
              -46.1948,
              -20.3385
            ],
            [
              -46.1968,
              -20.3401
            ],
            [
              -46.1982,
              -20.3396
            ],
            [
              -46.1999,
              -20.3397
            ],
            [
              -46.2031,
              -20.339
            ],
            [
              -46.2046,
              -20.3384
            ],
            [
              -46.2089,
              -20.3393
            ],
            [
              -46.2102,
              -20.3383
            ],
            [
              -46.2149,
              -20.3381
            ],
            [
              -46.2164,
              -20.3407
            ],
            [
              -46.2179,
              -20.3476
            ],
            [
              -46.2172,
              -20.3504
            ],
            [
              -46.2187,
              -20.3517
            ],
            [
              -46.2188,
              -20.3539
            ],
            [
              -46.2167,
              -20.3553
            ],
            [
              -46.2144,
              -20.3575
            ],
            [
              -46.2137,
              -20.361
            ],
            [
              -46.2141,
              -20.3621
            ],
            [
              -46.2154,
              -20.3626
            ],
            [
              -46.2196,
              -20.363
            ],
            [
              -46.2225,
              -20.3659
            ],
            [
              -46.2243,
              -20.367
            ],
            [
              -46.2259,
              -20.3669
            ],
            [
              -46.2279,
              -20.3654
            ],
            [
              -46.2307,
              -20.3647
            ],
            [
              -46.2371,
              -20.3648
            ],
            [
              -46.2409,
              -20.3655
            ],
            [
              -46.2424,
              -20.37
            ],
            [
              -46.2435,
              -20.371
            ],
            [
              -46.2453,
              -20.3715
            ],
            [
              -46.2483,
              -20.3736
            ],
            [
              -46.249,
              -20.3765
            ],
            [
              -46.2503,
              -20.3787
            ],
            [
              -46.2531,
              -20.3786
            ],
            [
              -46.2561,
              -20.3772
            ],
            [
              -46.2576,
              -20.377
            ],
            [
              -46.2613,
              -20.3784
            ],
            [
              -46.2619,
              -20.3796
            ],
            [
              -46.2641,
              -20.3797
            ],
            [
              -46.265,
              -20.3812
            ],
            [
              -46.2663,
              -20.3821
            ],
            [
              -46.2667,
              -20.3854
            ],
            [
              -46.266,
              -20.3887
            ],
            [
              -46.2666,
              -20.3904
            ],
            [
              -46.2666,
              -20.3929
            ],
            [
              -46.2659,
              -20.395
            ],
            [
              -46.2657,
              -20.3986
            ],
            [
              -46.2667,
              -20.3997
            ],
            [
              -46.2656,
              -20.4027
            ],
            [
              -46.2665,
              -20.4064
            ],
            [
              -46.2659,
              -20.4122
            ],
            [
              -46.2674,
              -20.4167
            ],
            [
              -46.2681,
              -20.4174
            ],
            [
              -46.2723,
              -20.4181
            ],
            [
              -46.2739,
              -20.4196
            ],
            [
              -46.274,
              -20.421
            ],
            [
              -46.2733,
              -20.4244
            ],
            [
              -46.2742,
              -20.4279
            ],
            [
              -46.2751,
              -20.4293
            ],
            [
              -46.2773,
              -20.4303
            ],
            [
              -46.282,
              -20.4303
            ],
            [
              -46.2852,
              -20.4324
            ],
            [
              -46.2883,
              -20.4332
            ],
            [
              -46.2887,
              -20.4338
            ],
            [
              -46.2886,
              -20.4368
            ],
            [
              -46.2902,
              -20.4396
            ],
            [
              -46.292,
              -20.4414
            ],
            [
              -46.2927,
              -20.4428
            ],
            [
              -46.2918,
              -20.4463
            ],
            [
              -46.2892,
              -20.451
            ],
            [
              -46.2866,
              -20.4534
            ],
            [
              -46.2844,
              -20.4528
            ],
            [
              -46.2817,
              -20.4535
            ],
            [
              -46.2797,
              -20.4546
            ],
            [
              -46.2782,
              -20.4547
            ],
            [
              -46.2772,
              -20.453
            ],
            [
              -46.2764,
              -20.453
            ],
            [
              -46.2744,
              -20.4543
            ],
            [
              -46.2738,
              -20.4526
            ],
            [
              -46.2714,
              -20.4525
            ],
            [
              -46.2707,
              -20.452
            ],
            [
              -46.2717,
              -20.4486
            ],
            [
              -46.27,
              -20.4478
            ],
            [
              -46.266,
              -20.4482
            ],
            [
              -46.2639,
              -20.4497
            ],
            [
              -46.2613,
              -20.45
            ],
            [
              -46.2601,
              -20.4509
            ],
            [
              -46.2597,
              -20.4535
            ],
            [
              -46.2585,
              -20.4543
            ],
            [
              -46.2585,
              -20.4574
            ],
            [
              -46.2563,
              -20.4611
            ],
            [
              -46.2522,
              -20.4627
            ],
            [
              -46.2504,
              -20.4608
            ],
            [
              -46.2475,
              -20.4601
            ],
            [
              -46.2464,
              -20.4584
            ],
            [
              -46.2448,
              -20.459
            ],
            [
              -46.2421,
              -20.456
            ],
            [
              -46.2398,
              -20.4547
            ],
            [
              -46.2386,
              -20.4528
            ],
            [
              -46.2366,
              -20.4516
            ],
            [
              -46.2356,
              -20.4482
            ],
            [
              -46.2336,
              -20.4463
            ],
            [
              -46.2314,
              -20.4446
            ],
            [
              -46.2276,
              -20.4448
            ],
            [
              -46.2266,
              -20.4466
            ],
            [
              -46.2236,
              -20.4472
            ],
            [
              -46.2231,
              -20.448
            ],
            [
              -46.2212,
              -20.4482
            ],
            [
              -46.2202,
              -20.4469
            ],
            [
              -46.2187,
              -20.4468
            ],
            [
              -46.2183,
              -20.4457
            ],
            [
              -46.2163,
              -20.4462
            ],
            [
              -46.2146,
              -20.4449
            ],
            [
              -46.2131,
              -20.4446
            ],
            [
              -46.21,
              -20.4452
            ],
            [
              -46.2086,
              -20.4469
            ],
            [
              -46.2087,
              -20.4492
            ],
            [
              -46.2096,
              -20.451
            ],
            [
              -46.2115,
              -20.4531
            ],
            [
              -46.2134,
              -20.4587
            ],
            [
              -46.2135,
              -20.461
            ],
            [
              -46.2143,
              -20.4658
            ],
            [
              -46.2153,
              -20.4684
            ],
            [
              -46.2169,
              -20.4749
            ],
            [
              -46.2175,
              -20.4761
            ],
            [
              -46.2198,
              -20.4782
            ],
            [
              -46.2216,
              -20.479
            ],
            [
              -46.2249,
              -20.48
            ],
            [
              -46.2284,
              -20.4833
            ],
            [
              -46.2309,
              -20.4859
            ],
            [
              -46.2334,
              -20.4868
            ],
            [
              -46.2347,
              -20.488
            ],
            [
              -46.2359,
              -20.4899
            ],
            [
              -46.2363,
              -20.4926
            ],
            [
              -46.2357,
              -20.4937
            ],
            [
              -46.2292,
              -20.5003
            ],
            [
              -46.2252,
              -20.5031
            ],
            [
              -46.2227,
              -20.504
            ],
            [
              -46.2219,
              -20.5055
            ],
            [
              -46.2217,
              -20.5084
            ],
            [
              -46.2206,
              -20.5108
            ],
            [
              -46.2185,
              -20.5122
            ],
            [
              -46.209,
              -20.5158
            ],
            [
              -46.2069,
              -20.5173
            ],
            [
              -46.2045,
              -20.5196
            ],
            [
              -46.2035,
              -20.5216
            ],
            [
              -46.2034,
              -20.5234
            ],
            [
              -46.2044,
              -20.5257
            ],
            [
              -46.2038,
              -20.5279
            ],
            [
              -46.2025,
              -20.5294
            ],
            [
              -46.2016,
              -20.5328
            ],
            [
              -46.2006,
              -20.5344
            ],
            [
              -46.1987,
              -20.5357
            ],
            [
              -46.1994,
              -20.5395
            ],
            [
              -46.1985,
              -20.5408
            ],
            [
              -46.1969,
              -20.5416
            ],
            [
              -46.194,
              -20.5415
            ],
            [
              -46.1896,
              -20.5429
            ],
            [
              -46.187,
              -20.5431
            ],
            [
              -46.1853,
              -20.544
            ],
            [
              -46.1834,
              -20.5456
            ],
            [
              -46.1815,
              -20.5461
            ],
            [
              -46.1806,
              -20.547
            ],
            [
              -46.1799,
              -20.5492
            ],
            [
              -46.1792,
              -20.5497
            ],
            [
              -46.1752,
              -20.5503
            ],
            [
              -46.1737,
              -20.5498
            ],
            [
              -46.1687,
              -20.5502
            ],
            [
              -46.1669,
              -20.5529
            ],
            [
              -46.1662,
              -20.556
            ],
            [
              -46.1654,
              -20.558
            ],
            [
              -46.1643,
              -20.5592
            ],
            [
              -46.1621,
              -20.5604
            ],
            [
              -46.1568,
              -20.5622
            ],
            [
              -46.1546,
              -20.5638
            ],
            [
              -46.1519,
              -20.5663
            ],
            [
              -46.1506,
              -20.5691
            ],
            [
              -46.1484,
              -20.5693
            ],
            [
              -46.1475,
              -20.5689
            ],
            [
              -46.1451,
              -20.5656
            ],
            [
              -46.1437,
              -20.5626
            ],
            [
              -46.1412,
              -20.5589
            ],
            [
              -46.1403,
              -20.5552
            ],
            [
              -46.1392,
              -20.5548
            ],
            [
              -46.1366,
              -20.5579
            ],
            [
              -46.1328,
              -20.559
            ],
            [
              -46.131,
              -20.5592
            ],
            [
              -46.1289,
              -20.5582
            ],
            [
              -46.1253,
              -20.553
            ],
            [
              -46.1241,
              -20.5501
            ],
            [
              -46.1235,
              -20.5468
            ],
            [
              -46.1229,
              -20.5461
            ],
            [
              -46.1206,
              -20.5452
            ],
            [
              -46.1156,
              -20.5446
            ],
            [
              -46.1139,
              -20.5441
            ],
            [
              -46.1117,
              -20.5428
            ],
            [
              -46.1109,
              -20.5418
            ],
            [
              -46.1106,
              -20.5392
            ],
            [
              -46.1112,
              -20.5363
            ],
            [
              -46.1098,
              -20.5346
            ],
            [
              -46.1044,
              -20.5327
            ],
            [
              -46.1032,
              -20.5325
            ],
            [
              -46.1013,
              -20.5333
            ],
            [
              -46.0988,
              -20.535
            ],
            [
              -46.0907,
              -20.5381
            ],
            [
              -46.0878,
              -20.54
            ],
            [
              -46.0865,
              -20.5442
            ],
            [
              -46.0848,
              -20.5458
            ],
            [
              -46.0815,
              -20.5477
            ],
            [
              -46.0766,
              -20.5497
            ],
            [
              -46.0741,
              -20.5514
            ],
            [
              -46.07,
              -20.5528
            ],
            [
              -46.0671,
              -20.5544
            ],
            [
              -46.0627,
              -20.5545
            ],
            [
              -46.0592,
              -20.5552
            ],
            [
              -46.0567,
              -20.5567
            ],
            [
              -46.0566,
              -20.5549
            ],
            [
              -46.0579,
              -20.5537
            ],
            [
              -46.0581,
              -20.5525
            ],
            [
              -46.0566,
              -20.5495
            ],
            [
              -46.0564,
              -20.5452
            ],
            [
              -46.0551,
              -20.5436
            ],
            [
              -46.0523,
              -20.5428
            ],
            [
              -46.0493,
              -20.5424
            ],
            [
              -46.0451,
              -20.5387
            ],
            [
              -46.0441,
              -20.5385
            ],
            [
              -46.0419,
              -20.5396
            ],
            [
              -46.0402,
              -20.5419
            ],
            [
              -46.038,
              -20.5426
            ],
            [
              -46.0344,
              -20.543
            ],
            [
              -46.0299,
              -20.5431
            ],
            [
              -46.0282,
              -20.545
            ],
            [
              -46.0286,
              -20.5472
            ],
            [
              -46.0307,
              -20.551
            ],
            [
              -46.0298,
              -20.5528
            ],
            [
              -46.03,
              -20.5537
            ],
            [
              -46.0284,
              -20.5554
            ],
            [
              -46.0246,
              -20.5567
            ],
            [
              -46.0231,
              -20.5579
            ],
            [
              -46.0224,
              -20.5595
            ],
            [
              -46.0199,
              -20.5601
            ],
            [
              -46.0167,
              -20.5617
            ],
            [
              -46.0159,
              -20.5602
            ],
            [
              -46.0142,
              -20.5601
            ],
            [
              -46.0115,
              -20.5606
            ],
            [
              -46.0104,
              -20.5616
            ],
            [
              -46.0069,
              -20.5615
            ],
            [
              -46.0059,
              -20.5621
            ],
            [
              -46.0016,
              -20.5629
            ],
            [
              -45.9995,
              -20.5603
            ],
            [
              -45.9965,
              -20.5599
            ],
            [
              -45.9917,
              -20.5586
            ],
            [
              -45.9892,
              -20.5585
            ],
            [
              -45.9872,
              -20.5605
            ],
            [
              -45.9847,
              -20.5625
            ],
            [
              -45.9829,
              -20.5626
            ],
            [
              -45.9806,
              -20.5637
            ],
            [
              -45.978,
              -20.5638
            ],
            [
              -45.977,
              -20.5648
            ],
            [
              -45.9749,
              -20.5655
            ],
            [
              -45.9748,
              -20.5669
            ],
            [
              -45.9736,
              -20.5677
            ],
            [
              -45.9729,
              -20.5697
            ],
            [
              -45.9717,
              -20.5698
            ],
            [
              -45.9695,
              -20.5712
            ],
            [
              -45.9657,
              -20.5746
            ],
            [
              -45.9651,
              -20.5766
            ],
            [
              -45.9651,
              -20.5806
            ],
            [
              -45.9665,
              -20.5827
            ],
            [
              -45.9677,
              -20.5869
            ],
            [
              -45.9676,
              -20.5881
            ]
          ]
        ]
      },
      "properties": {
        "codarea": "3151503",
        "nome_municipio": "Piumhi",
        "codigo_ibge": 3151503
      }
    },
    {
      "type": "Feature",
      "geometry": {
        "type": "Polygon",
        "coordinates": [
          [
            [
              -46.1289,
              -20.7173
            ],
            [
              -46.1254,
              -20.7162
            ],
            [
              -46.1226,
              -20.7157
            ],
            [
              -46.1191,
              -20.7144
            ],
            [
              -46.1156,
              -20.7123
            ],
            [
              -46.1119,
              -20.7105
            ],
            [
              -46.106,
              -20.7067
            ],
            [
              -46.1029,
              -20.704
            ],
            [
              -46.0977,
              -20.6973
            ],
            [
              -46.095,
              -20.6951
            ],
            [
              -46.0896,
              -20.6919
            ],
            [
              -46.0878,
              -20.6913
            ],
            [
              -46.0845,
              -20.6911
            ],
            [
              -46.0662,
              -20.6946
            ],
            [
              -46.0525,
              -20.7016
            ],
            [
              -46.0424,
              -20.6985
            ],
            [
              -46.0319,
              -20.6951
            ],
            [
              -46.0255,
              -20.6943
            ],
            [
              -46.0224,
              -20.6917
            ],
            [
              -46.0202,
              -20.6858
            ],
            [
              -46.0201,
              -20.6784
            ],
            [
              -46.0186,
              -20.6752
            ],
            [
              -46.0087,
              -20.6645
            ],
            [
              -46.0067,
              -20.6617
            ],
            [
              -46.005,
              -20.6588
            ],
            [
              -46.0041,
              -20.6555
            ],
            [
              -46.0033,
              -20.6514
            ],
            [
              -46.0029,
              -20.6471
            ],
            [
              -45.9976,
              -20.6422
            ],
            [
              -45.9952,
              -20.6405
            ],
            [
              -45.9939,
              -20.6391
            ],
            [
              -45.9931,
              -20.6369
            ],
            [
              -45.9938,
              -20.6336
            ],
            [
              -45.9955,
              -20.6293
            ],
            [
              -45.9955,
              -20.6257
            ],
            [
              -45.9949,
              -20.6235
            ],
            [
              -45.9933,
              -20.6208
            ],
            [
              -45.9928,
              -20.6183
            ],
            [
              -45.9917,
              -20.6179
            ],
            [
              -45.9906,
              -20.6154
            ],
            [
              -45.9895,
              -20.6138
            ],
            [
              -45.9882,
              -20.6132
            ],
            [
              -45.9852,
              -20.6131
            ],
            [
              -45.9839,
              -20.6124
            ],
            [
              -45.9803,
              -20.6128
            ],
            [
              -45.978,
              -20.6117
            ],
            [
              -45.9776,
              -20.6087
            ],
            [
              -45.9756,
              -20.6067
            ],
            [
              -45.9756,
              -20.6053
            ],
            [
              -45.9767,
              -20.6037
            ],
            [
              -45.9768,
              -20.6015
            ],
            [
              -45.9761,
              -20.6002
            ],
            [
              -45.9744,
              -20.5983
            ],
            [
              -45.9716,
              -20.596
            ],
            [
              -45.9682,
              -20.5915
            ],
            [
              -45.9676,
              -20.5881
            ],
            [
              -45.9677,
              -20.5869
            ],
            [
              -45.9665,
              -20.5827
            ],
            [
              -45.9651,
              -20.5806
            ],
            [
              -45.9651,
              -20.5766
            ],
            [
              -45.9657,
              -20.5746
            ],
            [
              -45.9695,
              -20.5712
            ],
            [
              -45.9717,
              -20.5698
            ],
            [
              -45.9729,
              -20.5697
            ],
            [
              -45.9736,
              -20.5677
            ],
            [
              -45.9748,
              -20.5669
            ],
            [
              -45.9749,
              -20.5655
            ],
            [
              -45.977,
              -20.5648
            ],
            [
              -45.978,
              -20.5638
            ],
            [
              -45.9806,
              -20.5637
            ],
            [
              -45.9829,
              -20.5626
            ],
            [
              -45.9847,
              -20.5625
            ],
            [
              -45.9872,
              -20.5605
            ],
            [
              -45.9892,
              -20.5585
            ],
            [
              -45.9917,
              -20.5586
            ],
            [
              -45.9965,
              -20.5599
            ],
            [
              -45.9995,
              -20.5603
            ],
            [
              -46.0016,
              -20.5629
            ],
            [
              -46.0059,
              -20.5621
            ],
            [
              -46.0069,
              -20.5615
            ],
            [
              -46.0104,
              -20.5616
            ],
            [
              -46.0115,
              -20.5606
            ],
            [
              -46.0142,
              -20.5601
            ],
            [
              -46.0159,
              -20.5602
            ],
            [
              -46.0167,
              -20.5617
            ],
            [
              -46.0199,
              -20.5601
            ],
            [
              -46.0224,
              -20.5595
            ],
            [
              -46.0231,
              -20.5579
            ],
            [
              -46.0246,
              -20.5567
            ],
            [
              -46.0284,
              -20.5554
            ],
            [
              -46.03,
              -20.5537
            ],
            [
              -46.0298,
              -20.5528
            ],
            [
              -46.0307,
              -20.551
            ],
            [
              -46.0286,
              -20.5472
            ],
            [
              -46.0282,
              -20.545
            ],
            [
              -46.0299,
              -20.5431
            ],
            [
              -46.0344,
              -20.543
            ],
            [
              -46.038,
              -20.5426
            ],
            [
              -46.0402,
              -20.5419
            ],
            [
              -46.0419,
              -20.5396
            ],
            [
              -46.0441,
              -20.5385
            ],
            [
              -46.0451,
              -20.5387
            ],
            [
              -46.0493,
              -20.5424
            ],
            [
              -46.0523,
              -20.5428
            ],
            [
              -46.0551,
              -20.5436
            ],
            [
              -46.0564,
              -20.5452
            ],
            [
              -46.0566,
              -20.5495
            ],
            [
              -46.0581,
              -20.5525
            ],
            [
              -46.0579,
              -20.5537
            ],
            [
              -46.0566,
              -20.5549
            ],
            [
              -46.0567,
              -20.5567
            ],
            [
              -46.0592,
              -20.5552
            ],
            [
              -46.0627,
              -20.5545
            ],
            [
              -46.0671,
              -20.5544
            ],
            [
              -46.07,
              -20.5528
            ],
            [
              -46.0741,
              -20.5514
            ],
            [
              -46.0766,
              -20.5497
            ],
            [
              -46.0815,
              -20.5477
            ],
            [
              -46.0848,
              -20.5458
            ],
            [
              -46.0865,
              -20.5442
            ],
            [
              -46.0878,
              -20.54
            ],
            [
              -46.0907,
              -20.5381
            ],
            [
              -46.0988,
              -20.535
            ],
            [
              -46.1013,
              -20.5333
            ],
            [
              -46.1032,
              -20.5325
            ],
            [
              -46.1044,
              -20.5327
            ],
            [
              -46.1098,
              -20.5346
            ],
            [
              -46.1112,
              -20.5363
            ],
            [
              -46.1106,
              -20.5392
            ],
            [
              -46.1109,
              -20.5418
            ],
            [
              -46.1117,
              -20.5428
            ],
            [
              -46.1139,
              -20.5441
            ],
            [
              -46.1156,
              -20.5446
            ],
            [
              -46.1206,
              -20.5452
            ],
            [
              -46.1229,
              -20.5461
            ],
            [
              -46.1235,
              -20.5468
            ],
            [
              -46.1241,
              -20.5501
            ],
            [
              -46.1253,
              -20.553
            ],
            [
              -46.1289,
              -20.5582
            ],
            [
              -46.131,
              -20.5592
            ],
            [
              -46.1328,
              -20.559
            ],
            [
              -46.1366,
              -20.5579
            ],
            [
              -46.1392,
              -20.5548
            ],
            [
              -46.1403,
              -20.5552
            ],
            [
              -46.1412,
              -20.5589
            ],
            [
              -46.1437,
              -20.5626
            ],
            [
              -46.1451,
              -20.5656
            ],
            [
              -46.1475,
              -20.5689
            ],
            [
              -46.1484,
              -20.5693
            ],
            [
              -46.1506,
              -20.5691
            ],
            [
              -46.1519,
              -20.5663
            ],
            [
              -46.1546,
              -20.5638
            ],
            [
              -46.1568,
              -20.5622
            ],
            [
              -46.1621,
              -20.5604
            ],
            [
              -46.1643,
              -20.5592
            ],
            [
              -46.1654,
              -20.558
            ],
            [
              -46.1662,
              -20.556
            ],
            [
              -46.1669,
              -20.5529
            ],
            [
              -46.1687,
              -20.5502
            ],
            [
              -46.1737,
              -20.5498
            ],
            [
              -46.1752,
              -20.5503
            ],
            [
              -46.1792,
              -20.5497
            ],
            [
              -46.1799,
              -20.5492
            ],
            [
              -46.1806,
              -20.547
            ],
            [
              -46.1815,
              -20.5461
            ],
            [
              -46.1834,
              -20.5456
            ],
            [
              -46.1853,
              -20.544
            ],
            [
              -46.187,
              -20.5431
            ],
            [
              -46.1896,
              -20.5429
            ],
            [
              -46.194,
              -20.5415
            ],
            [
              -46.1969,
              -20.5416
            ],
            [
              -46.1985,
              -20.5408
            ],
            [
              -46.1994,
              -20.5395
            ],
            [
              -46.1987,
              -20.5357
            ],
            [
              -46.2006,
              -20.5344
            ],
            [
              -46.2016,
              -20.5328
            ],
            [
              -46.2025,
              -20.5294
            ],
            [
              -46.2038,
              -20.5279
            ],
            [
              -46.2044,
              -20.5257
            ],
            [
              -46.2034,
              -20.5234
            ],
            [
              -46.2035,
              -20.5216
            ],
            [
              -46.2045,
              -20.5196
            ],
            [
              -46.2069,
              -20.5173
            ],
            [
              -46.209,
              -20.5158
            ],
            [
              -46.2185,
              -20.5122
            ],
            [
              -46.2206,
              -20.5108
            ],
            [
              -46.2217,
              -20.5084
            ],
            [
              -46.2219,
              -20.5055
            ],
            [
              -46.225,
              -20.5064
            ],
            [
              -46.2292,
              -20.5095
            ],
            [
              -46.2307,
              -20.5113
            ],
            [
              -46.2335,
              -20.5126
            ],
            [
              -46.2362,
              -20.5127
            ],
            [
              -46.2407,
              -20.5118
            ],
            [
              -46.2451,
              -20.5099
            ],
            [
              -46.2469,
              -20.508
            ],
            [
              -46.2481,
              -20.5079
            ],
            [
              -46.2519,
              -20.5103
            ],
            [
              -46.2539,
              -20.512
            ],
            [
              -46.2571,
              -20.5164
            ],
            [
              -46.2592,
              -20.5204
            ],
            [
              -46.2595,
              -20.5236
            ],
            [
              -46.2606,
              -20.527
            ],
            [
              -46.2617,
              -20.5285
            ],
            [
              -46.2636,
              -20.5291
            ],
            [
              -46.267,
              -20.528
            ],
            [
              -46.2686,
              -20.5271
            ],
            [
              -46.2714,
              -20.5268
            ],
            [
              -46.2726,
              -20.5272
            ],
            [
              -46.2781,
              -20.5312
            ],
            [
              -46.2839,
              -20.5338
            ],
            [
              -46.2873,
              -20.5364
            ],
            [
              -46.2878,
              -20.5379
            ],
            [
              -46.2868,
              -20.5402
            ],
            [
              -46.2862,
              -20.5454
            ],
            [
              -46.2863,
              -20.5493
            ],
            [
              -46.2877,
              -20.5531
            ],
            [
              -46.2878,
              -20.5578
            ],
            [
              -46.289,
              -20.5601
            ],
            [
              -46.2936,
              -20.5578
            ],
            [
              -46.2972,
              -20.5569
            ],
            [
              -46.3015,
              -20.5571
            ],
            [
              -46.3054,
              -20.5568
            ],
            [
              -46.3079,
              -20.5562
            ],
            [
              -46.3103,
              -20.5552
            ],
            [
              -46.3157,
              -20.5537
            ],
            [
              -46.3196,
              -20.5543
            ],
            [
              -46.3251,
              -20.5542
            ],
            [
              -46.3272,
              -20.5538
            ],
            [
              -46.3314,
              -20.5541
            ],
            [
              -46.3368,
              -20.5534
            ],
            [
              -46.3387,
              -20.5547
            ],
            [
              -46.3398,
              -20.5574
            ],
            [
              -46.3377,
              -20.5586
            ],
            [
              -46.3323,
              -20.5604
            ],
            [
              -46.3266,
              -20.5616
            ],
            [
              -46.3227,
              -20.5642
            ],
            [
              -46.3208,
              -20.5637
            ],
            [
              -46.3193,
              -20.5644
            ],
            [
              -46.3185,
              -20.5655
            ],
            [
              -46.315,
              -20.5668
            ],
            [
              -46.3127,
              -20.567
            ],
            [
              -46.3117,
              -20.5676
            ],
            [
              -46.3101,
              -20.5673
            ],
            [
              -46.3073,
              -20.5692
            ],
            [
              -46.307,
              -20.5707
            ],
            [
              -46.3049,
              -20.5724
            ],
            [
              -46.3037,
              -20.5738
            ],
            [
              -46.3041,
              -20.5759
            ],
            [
              -46.3041,
              -20.5788
            ],
            [
              -46.3052,
              -20.5797
            ],
            [
              -46.3047,
              -20.5823
            ],
            [
              -46.3049,
              -20.5834
            ],
            [
              -46.3029,
              -20.5873
            ],
            [
              -46.302,
              -20.5914
            ],
            [
              -46.3016,
              -20.5959
            ],
            [
              -46.3006,
              -20.5972
            ],
            [
              -46.2988,
              -20.5981
            ],
            [
              -46.2989,
              -20.6003
            ],
            [
              -46.2978,
              -20.6018
            ],
            [
              -46.2955,
              -20.602
            ],
            [
              -46.294,
              -20.6033
            ],
            [
              -46.2923,
              -20.6056
            ],
            [
              -46.2888,
              -20.6061
            ],
            [
              -46.2878,
              -20.6069
            ],
            [
              -46.287,
              -20.6096
            ],
            [
              -46.2871,
              -20.6111
            ],
            [
              -46.2897,
              -20.6129
            ],
            [
              -46.2908,
              -20.6144
            ],
            [
              -46.2906,
              -20.6161
            ],
            [
              -46.2897,
              -20.6173
            ],
            [
              -46.2883,
              -20.618
            ],
            [
              -46.2873,
              -20.6202
            ],
            [
              -46.286,
              -20.6211
            ],
            [
              -46.2845,
              -20.6231
            ],
            [
              -46.2842,
              -20.6253
            ],
            [
              -46.2852,
              -20.6273
            ],
            [
              -46.2873,
              -20.6282
            ],
            [
              -46.2879,
              -20.6301
            ],
            [
              -46.2876,
              -20.632
            ],
            [
              -46.2857,
              -20.6341
            ],
            [
              -46.2866,
              -20.6354
            ],
            [
              -46.287,
              -20.6376
            ],
            [
              -46.289,
              -20.6392
            ],
            [
              -46.2891,
              -20.6403
            ],
            [
              -46.2861,
              -20.6415
            ],
            [
              -46.2853,
              -20.6428
            ],
            [
              -46.2847,
              -20.6454
            ],
            [
              -46.2837,
              -20.6477
            ],
            [
              -46.2823,
              -20.6487
            ],
            [
              -46.2802,
              -20.6489
            ],
            [
              -46.2796,
              -20.6502
            ],
            [
              -46.2802,
              -20.6529
            ],
            [
              -46.2794,
              -20.6551
            ],
            [
              -46.2767,
              -20.658
            ],
            [
              -46.2753,
              -20.6601
            ],
            [
              -46.2742,
              -20.6594
            ],
            [
              -46.2727,
              -20.6569
            ],
            [
              -46.2691,
              -20.6555
            ],
            [
              -46.2661,
              -20.6536
            ],
            [
              -46.2613,
              -20.6527
            ],
            [
              -46.2569,
              -20.6532
            ],
            [
              -46.2555,
              -20.6539
            ],
            [
              -46.2542,
              -20.6561
            ],
            [
              -46.2542,
              -20.6595
            ],
            [
              -46.2555,
              -20.6688
            ],
            [
              -46.2549,
              -20.6706
            ],
            [
              -46.2548,
              -20.675
            ],
            [
              -46.2543,
              -20.6791
            ],
            [
              -46.2525,
              -20.6832
            ],
            [
              -46.2512,
              -20.6845
            ],
            [
              -46.2466,
              -20.6854
            ],
            [
              -46.243,
              -20.6872
            ],
            [
              -46.2407,
              -20.688
            ],
            [
              -46.2382,
              -20.6882
            ],
            [
              -46.2345,
              -20.6873
            ],
            [
              -46.2314,
              -20.6858
            ],
            [
              -46.2264,
              -20.6842
            ],
            [
              -46.2238,
              -20.6836
            ],
            [
              -46.2184,
              -20.682
            ],
            [
              -46.2141,
              -20.6814
            ],
            [
              -46.2104,
              -20.6821
            ],
            [
              -46.2044,
              -20.6869
            ],
            [
              -46.2023,
              -20.6896
            ],
            [
              -46.1984,
              -20.6936
            ],
            [
              -46.1954,
              -20.6958
            ],
            [
              -46.1906,
              -20.6979
            ],
            [
              -46.1863,
              -20.6981
            ],
            [
              -46.1827,
              -20.6962
            ],
            [
              -46.1753,
              -20.6919
            ],
            [
              -46.1713,
              -20.6909
            ],
            [
              -46.165,
              -20.6906
            ],
            [
              -46.1577,
              -20.6915
            ],
            [
              -46.1538,
              -20.693
            ],
            [
              -46.1504,
              -20.6949
            ],
            [
              -46.146,
              -20.6982
            ],
            [
              -46.1432,
              -20.701
            ],
            [
              -46.1403,
              -20.7043
            ],
            [
              -46.136,
              -20.7105
            ],
            [
              -46.1335,
              -20.7134
            ],
            [
              -46.1289,
              -20.7173
            ]
          ]
        ]
      },
      "properties": {
        "codarea": "3112802",
        "nome_municipio": "Capitólio",
        "codigo_ibge": 3112802
      }
    },
    {
      "type": "Feature",
      "geometry": {
        "type": "Polygon",
        "coordinates": [
          [
            [
              -46.5945,
              -20.567
            ],
            [
              -46.592,
              -20.572
            ],
            [
              -46.5905,
              -20.5795
            ],
            [
              -46.5863,
              -20.5853
            ],
            [
              -46.5848,
              -20.5878
            ],
            [
              -46.5843,
              -20.5908
            ],
            [
              -46.5848,
              -20.5937
            ],
            [
              -46.5864,
              -20.5981
            ],
            [
              -46.5886,
              -20.6015
            ],
            [
              -46.5905,
              -20.6053
            ],
            [
              -46.5911,
              -20.6087
            ],
            [
              -46.5922,
              -20.6124
            ],
            [
              -46.5941,
              -20.6162
            ],
            [
              -46.5972,
              -20.6211
            ],
            [
              -46.5975,
              -20.6244
            ],
            [
              -46.5959,
              -20.6287
            ],
            [
              -46.5942,
              -20.6314
            ],
            [
              -46.5917,
              -20.6344
            ],
            [
              -46.5892,
              -20.6369
            ],
            [
              -46.5861,
              -20.6392
            ],
            [
              -46.5846,
              -20.6398
            ],
            [
              -46.5778,
              -20.6415
            ],
            [
              -46.5723,
              -20.642
            ],
            [
              -46.57,
              -20.6425
            ],
            [
              -46.5652,
              -20.6427
            ],
            [
              -46.5604,
              -20.644
            ],
            [
              -46.5555,
              -20.6461
            ],
            [
              -46.5546,
              -20.6462
            ],
            [
              -46.551,
              -20.6484
            ],
            [
              -46.5472,
              -20.6516
            ],
            [
              -46.5426,
              -20.6547
            ],
            [
              -46.5399,
              -20.6562
            ],
            [
              -46.5358,
              -20.6577
            ],
            [
              -46.5264,
              -20.6603
            ],
            [
              -46.5211,
              -20.6593
            ],
            [
              -46.5178,
              -20.6593
            ],
            [
              -46.5127,
              -20.659
            ],
            [
              -46.5005,
              -20.6591
            ],
            [
              -46.4992,
              -20.658
            ],
            [
              -46.4948,
              -20.6586
            ],
            [
              -46.4882,
              -20.66
            ],
            [
              -46.4833,
              -20.6608
            ],
            [
              -46.4775,
              -20.6605
            ],
            [
              -46.4719,
              -20.6596
            ],
            [
              -46.4685,
              -20.6596
            ],
            [
              -46.464,
              -20.6602
            ],
            [
              -46.4618,
              -20.6607
            ],
            [
              -46.4566,
              -20.664
            ],
            [
              -46.4551,
              -20.6659
            ],
            [
              -46.4529,
              -20.6715
            ],
            [
              -46.4525,
              -20.6738
            ],
            [
              -46.4524,
              -20.6785
            ],
            [
              -46.451,
              -20.6836
            ],
            [
              -46.4503,
              -20.6852
            ],
            [
              -46.4472,
              -20.688
            ],
            [
              -46.4437,
              -20.69
            ],
            [
              -46.4398,
              -20.6911
            ],
            [
              -46.4358,
              -20.6913
            ],
            [
              -46.4327,
              -20.6907
            ],
            [
              -46.4313,
              -20.6899
            ],
            [
              -46.4256,
              -20.6879
            ],
            [
              -46.4163,
              -20.6828
            ],
            [
              -46.4081,
              -20.6772
            ],
            [
              -46.4056,
              -20.676
            ],
            [
              -46.403,
              -20.6754
            ],
            [
              -46.399,
              -20.6738
            ],
            [
              -46.3933,
              -20.6704
            ],
            [
              -46.3905,
              -20.6691
            ],
            [
              -46.3855,
              -20.6656
            ],
            [
              -46.3818,
              -20.6644
            ],
            [
              -46.3805,
              -20.6644
            ],
            [
              -46.3771,
              -20.6658
            ],
            [
              -46.3747,
              -20.6697
            ],
            [
              -46.372,
              -20.6765
            ],
            [
              -46.3696,
              -20.6811
            ],
            [
              -46.3668,
              -20.684
            ],
            [
              -46.3635,
              -20.6856
            ],
            [
              -46.3579,
              -20.6864
            ],
            [
              -46.3559,
              -20.6862
            ],
            [
              -46.353,
              -20.6854
            ],
            [
              -46.349,
              -20.6832
            ],
            [
              -46.3456,
              -20.6808
            ],
            [
              -46.3414,
              -20.6769
            ],
            [
              -46.3405,
              -20.6749
            ],
            [
              -46.341,
              -20.6728
            ],
            [
              -46.3405,
              -20.6705
            ],
            [
              -46.3396,
              -20.6698
            ],
            [
              -46.3372,
              -20.669
            ],
            [
              -46.335,
              -20.6691
            ],
            [
              -46.3329,
              -20.6699
            ],
            [
              -46.3301,
              -20.6704
            ],
            [
              -46.3267,
              -20.67
            ],
            [
              -46.3256,
              -20.6678
            ],
            [
              -46.3246,
              -20.6676
            ],
            [
              -46.3226,
              -20.6681
            ],
            [
              -46.3197,
              -20.6683
            ],
            [
              -46.3186,
              -20.6689
            ],
            [
              -46.316,
              -20.6713
            ],
            [
              -46.3148,
              -20.6708
            ],
            [
              -46.3121,
              -20.6668
            ],
            [
              -46.3104,
              -20.6653
            ],
            [
              -46.3058,
              -20.6627
            ],
            [
              -46.2999,
              -20.6603
            ],
            [
              -46.2981,
              -20.66
            ],
            [
              -46.2916,
              -20.6621
            ],
            [
              -46.2881,
              -20.6635
            ],
            [
              -46.2849,
              -20.6638
            ],
            [
              -46.2795,
              -20.6625
            ],
            [
              -46.2753,
              -20.6601
            ],
            [
              -46.2767,
              -20.658
            ],
            [
              -46.2794,
              -20.6551
            ],
            [
              -46.2802,
              -20.6529
            ],
            [
              -46.2796,
              -20.6502
            ],
            [
              -46.2802,
              -20.6489
            ],
            [
              -46.2823,
              -20.6487
            ],
            [
              -46.2837,
              -20.6477
            ],
            [
              -46.2847,
              -20.6454
            ],
            [
              -46.2853,
              -20.6428
            ],
            [
              -46.2861,
              -20.6415
            ],
            [
              -46.2891,
              -20.6403
            ],
            [
              -46.289,
              -20.6392
            ],
            [
              -46.287,
              -20.6376
            ],
            [
              -46.2866,
              -20.6354
            ],
            [
              -46.2857,
              -20.6341
            ],
            [
              -46.2876,
              -20.632
            ],
            [
              -46.2879,
              -20.6301
            ],
            [
              -46.2873,
              -20.6282
            ],
            [
              -46.2852,
              -20.6273
            ],
            [
              -46.2842,
              -20.6253
            ],
            [
              -46.2845,
              -20.6231
            ],
            [
              -46.286,
              -20.6211
            ],
            [
              -46.2873,
              -20.6202
            ],
            [
              -46.2883,
              -20.618
            ],
            [
              -46.2897,
              -20.6173
            ],
            [
              -46.2906,
              -20.6161
            ],
            [
              -46.2908,
              -20.6144
            ],
            [
              -46.2897,
              -20.6129
            ],
            [
              -46.2871,
              -20.6111
            ],
            [
              -46.287,
              -20.6096
            ],
            [
              -46.2878,
              -20.6069
            ],
            [
              -46.2888,
              -20.6061
            ],
            [
              -46.2923,
              -20.6056
            ],
            [
              -46.294,
              -20.6033
            ],
            [
              -46.2955,
              -20.602
            ],
            [
              -46.2978,
              -20.6018
            ],
            [
              -46.2989,
              -20.6003
            ],
            [
              -46.2988,
              -20.5981
            ],
            [
              -46.3006,
              -20.5972
            ],
            [
              -46.3016,
              -20.5959
            ],
            [
              -46.302,
              -20.5914
            ],
            [
              -46.3029,
              -20.5873
            ],
            [
              -46.3049,
              -20.5834
            ],
            [
              -46.3047,
              -20.5823
            ],
            [
              -46.3052,
              -20.5797
            ],
            [
              -46.3041,
              -20.5788
            ],
            [
              -46.3041,
              -20.5759
            ],
            [
              -46.3037,
              -20.5738
            ],
            [
              -46.3049,
              -20.5724
            ],
            [
              -46.307,
              -20.5707
            ],
            [
              -46.3073,
              -20.5692
            ],
            [
              -46.3101,
              -20.5673
            ],
            [
              -46.3117,
              -20.5676
            ],
            [
              -46.3127,
              -20.567
            ],
            [
              -46.315,
              -20.5668
            ],
            [
              -46.3185,
              -20.5655
            ],
            [
              -46.3193,
              -20.5644
            ],
            [
              -46.3208,
              -20.5637
            ],
            [
              -46.3227,
              -20.5642
            ],
            [
              -46.3266,
              -20.5616
            ],
            [
              -46.3323,
              -20.5604
            ],
            [
              -46.3377,
              -20.5586
            ],
            [
              -46.3398,
              -20.5574
            ],
            [
              -46.3387,
              -20.5547
            ],
            [
              -46.3368,
              -20.5534
            ],
            [
              -46.3383,
              -20.5535
            ],
            [
              -46.3449,
              -20.5519
            ],
            [
              -46.3456,
              -20.5508
            ],
            [
              -46.3468,
              -20.5474
            ],
            [
              -46.3471,
              -20.5446
            ],
            [
              -46.3464,
              -20.5423
            ],
            [
              -46.3466,
              -20.5387
            ],
            [
              -46.3455,
              -20.5359
            ],
            [
              -46.3461,
              -20.5343
            ],
            [
              -46.3463,
              -20.5321
            ],
            [
              -46.3479,
              -20.5317
            ],
            [
              -46.3545,
              -20.5308
            ],
            [
              -46.3565,
              -20.5302
            ],
            [
              -46.3586,
              -20.5284
            ],
            [
              -46.362,
              -20.5289
            ],
            [
              -46.3648,
              -20.5278
            ],
            [
              -46.3662,
              -20.5255
            ],
            [
              -46.3666,
              -20.5235
            ],
            [
              -46.369,
              -20.5206
            ],
            [
              -46.3703,
              -20.5165
            ],
            [
              -46.372,
              -20.5132
            ],
            [
              -46.373,
              -20.5102
            ],
            [
              -46.3755,
              -20.5077
            ],
            [
              -46.3781,
              -20.5069
            ],
            [
              -46.3807,
              -20.504
            ],
            [
              -46.3823,
              -20.503
            ],
            [
              -46.3861,
              -20.5021
            ],
            [
              -46.3868,
              -20.5005
            ],
            [
              -46.389,
              -20.4984
            ],
            [
              -46.3927,
              -20.4955
            ],
            [
              -46.3944,
              -20.4947
            ],
            [
              -46.3975,
              -20.4951
            ],
            [
              -46.4025,
              -20.4932
            ],
            [
              -46.4059,
              -20.4912
            ],
            [
              -46.4102,
              -20.4883
            ],
            [
              -46.4143,
              -20.4862
            ],
            [
              -46.417,
              -20.4843
            ],
            [
              -46.4179,
              -20.4826
            ],
            [
              -46.4177,
              -20.4794
            ],
            [
              -46.4181,
              -20.4756
            ],
            [
              -46.418,
              -20.4727
            ],
            [
              -46.4188,
              -20.4711
            ],
            [
              -46.421,
              -20.4687
            ],
            [
              -46.4235,
              -20.4674
            ],
            [
              -46.4247,
              -20.4664
            ],
            [
              -46.4246,
              -20.465
            ],
            [
              -46.4235,
              -20.4622
            ],
            [
              -46.4261,
              -20.4572
            ],
            [
              -46.4271,
              -20.456
            ],
            [
              -46.4259,
              -20.4539
            ],
            [
              -46.4234,
              -20.4506
            ],
            [
              -46.4241,
              -20.4484
            ],
            [
              -46.4259,
              -20.4464
            ],
            [
              -46.4275,
              -20.4439
            ],
            [
              -46.4276,
              -20.4427
            ],
            [
              -46.4305,
              -20.4382
            ],
            [
              -46.4326,
              -20.4358
            ],
            [
              -46.4334,
              -20.4339
            ],
            [
              -46.4323,
              -20.43
            ],
            [
              -46.4278,
              -20.4267
            ],
            [
              -46.4251,
              -20.4251
            ],
            [
              -46.4222,
              -20.4228
            ],
            [
              -46.421,
              -20.4209
            ],
            [
              -46.4222,
              -20.4175
            ],
            [
              -46.4223,
              -20.4148
            ],
            [
              -46.4244,
              -20.4137
            ],
            [
              -46.4263,
              -20.4137
            ],
            [
              -46.4306,
              -20.4126
            ],
            [
              -46.432,
              -20.4117
            ],
            [
              -46.433,
              -20.4102
            ],
            [
              -46.4343,
              -20.4093
            ],
            [
              -46.4373,
              -20.4088
            ],
            [
              -46.4393,
              -20.4081
            ],
            [
              -46.4415,
              -20.4065
            ],
            [
              -46.4442,
              -20.4028
            ],
            [
              -46.446,
              -20.402
            ],
            [
              -46.4501,
              -20.4047
            ],
            [
              -46.4531,
              -20.4046
            ],
            [
              -46.4549,
              -20.4036
            ],
            [
              -46.4575,
              -20.4028
            ],
            [
              -46.4644,
              -20.3999
            ],
            [
              -46.4658,
              -20.3985
            ],
            [
              -46.469,
              -20.3965
            ],
            [
              -46.4703,
              -20.3948
            ],
            [
              -46.4728,
              -20.3926
            ],
            [
              -46.4736,
              -20.3908
            ],
            [
              -46.4768,
              -20.3881
            ],
            [
              -46.4791,
              -20.3881
            ],
            [
              -46.4807,
              -20.387
            ],
            [
              -46.4821,
              -20.3852
            ],
            [
              -46.4838,
              -20.384
            ],
            [
              -46.4862,
              -20.383
            ],
            [
              -46.4883,
              -20.3816
            ],
            [
              -46.4911,
              -20.3815
            ],
            [
              -46.4939,
              -20.3809
            ],
            [
              -46.4966,
              -20.3798
            ],
            [
              -46.4998,
              -20.3778
            ],
            [
              -46.4985,
              -20.3805
            ],
            [
              -46.4984,
              -20.3834
            ],
            [
              -46.5001,
              -20.3868
            ],
            [
              -46.5008,
              -20.3914
            ],
            [
              -46.4999,
              -20.3933
            ],
            [
              -46.4969,
              -20.396
            ],
            [
              -46.4942,
              -20.3972
            ],
            [
              -46.4918,
              -20.3989
            ],
            [
              -46.4915,
              -20.4011
            ],
            [
              -46.4896,
              -20.4026
            ],
            [
              -46.4871,
              -20.4028
            ],
            [
              -46.4836,
              -20.4056
            ],
            [
              -46.4815,
              -20.4079
            ],
            [
              -46.4803,
              -20.4104
            ],
            [
              -46.4768,
              -20.413
            ],
            [
              -46.4755,
              -20.4146
            ],
            [
              -46.4735,
              -20.4155
            ],
            [
              -46.471,
              -20.4182
            ],
            [
              -46.4705,
              -20.4195
            ],
            [
              -46.4728,
              -20.4212
            ],
            [
              -46.4727,
              -20.4233
            ],
            [
              -46.4716,
              -20.4248
            ],
            [
              -46.4698,
              -20.4258
            ],
            [
              -46.4675,
              -20.4259
            ],
            [
              -46.4674,
              -20.428
            ],
            [
              -46.4632,
              -20.4315
            ],
            [
              -46.4627,
              -20.4325
            ],
            [
              -46.4642,
              -20.4333
            ],
            [
              -46.4642,
              -20.4346
            ],
            [
              -46.4623,
              -20.4357
            ],
            [
              -46.4618,
              -20.4367
            ],
            [
              -46.4623,
              -20.4385
            ],
            [
              -46.4637,
              -20.4389
            ],
            [
              -46.4642,
              -20.4404
            ],
            [
              -46.463,
              -20.4424
            ],
            [
              -46.4642,
              -20.4431
            ],
            [
              -46.4686,
              -20.4431
            ],
            [
              -46.4702,
              -20.4439
            ],
            [
              -46.4715,
              -20.4427
            ],
            [
              -46.4733,
              -20.4423
            ],
            [
              -46.4771,
              -20.443
            ],
            [
              -46.4788,
              -20.4424
            ],
            [
              -46.4795,
              -20.4438
            ],
            [
              -46.4826,
              -20.4472
            ],
            [
              -46.4835,
              -20.4475
            ],
            [
              -46.4852,
              -20.4523
            ],
            [
              -46.4832,
              -20.4535
            ],
            [
              -46.4838,
              -20.4555
            ],
            [
              -46.4823,
              -20.4559
            ],
            [
              -46.4823,
              -20.4588
            ],
            [
              -46.4799,
              -20.4605
            ],
            [
              -46.4775,
              -20.4617
            ],
            [
              -46.4759,
              -20.4621
            ],
            [
              -46.4735,
              -20.4646
            ],
            [
              -46.4728,
              -20.4664
            ],
            [
              -46.4709,
              -20.4665
            ],
            [
              -46.4687,
              -20.4704
            ],
            [
              -46.4667,
              -20.4728
            ],
            [
              -46.4647,
              -20.4749
            ],
            [
              -46.4657,
              -20.476
            ],
            [
              -46.4674,
              -20.4749
            ],
            [
              -46.4683,
              -20.4753
            ],
            [
              -46.4687,
              -20.4772
            ],
            [
              -46.4674,
              -20.479
            ],
            [
              -46.4681,
              -20.4796
            ],
            [
              -46.4707,
              -20.4798
            ],
            [
              -46.4725,
              -20.484
            ],
            [
              -46.4752,
              -20.4824
            ],
            [
              -46.4757,
              -20.4808
            ],
            [
              -46.4781,
              -20.4797
            ],
            [
              -46.4809,
              -20.4771
            ],
            [
              -46.4819,
              -20.477
            ],
            [
              -46.4841,
              -20.4791
            ],
            [
              -46.4868,
              -20.4777
            ],
            [
              -46.489,
              -20.4775
            ],
            [
              -46.4908,
              -20.4766
            ],
            [
              -46.4913,
              -20.4783
            ],
            [
              -46.4934,
              -20.4809
            ],
            [
              -46.4955,
              -20.4816
            ],
            [
              -46.4973,
              -20.4827
            ],
            [
              -46.4995,
              -20.4826
            ],
            [
              -46.4999,
              -20.4834
            ],
            [
              -46.4989,
              -20.4873
            ],
            [
              -46.5005,
              -20.4867
            ],
            [
              -46.5025,
              -20.4869
            ],
            [
              -46.5027,
              -20.4883
            ],
            [
              -46.5045,
              -20.4909
            ],
            [
              -46.506,
              -20.4922
            ],
            [
              -46.5081,
              -20.4925
            ],
            [
              -46.5089,
              -20.4903
            ],
            [
              -46.5108,
              -20.4896
            ],
            [
              -46.5128,
              -20.4925
            ],
            [
              -46.5139,
              -20.493
            ],
            [
              -46.5166,
              -20.4933
            ],
            [
              -46.519,
              -20.4948
            ],
            [
              -46.518,
              -20.4995
            ],
            [
              -46.5188,
              -20.5029
            ],
            [
              -46.5203,
              -20.5052
            ],
            [
              -46.52,
              -20.5069
            ],
            [
              -46.5187,
              -20.5093
            ],
            [
              -46.5184,
              -20.5113
            ],
            [
              -46.5138,
              -20.5148
            ],
            [
              -46.5127,
              -20.5176
            ],
            [
              -46.5104,
              -20.5203
            ],
            [
              -46.5108,
              -20.5217
            ],
            [
              -46.512,
              -20.5227
            ],
            [
              -46.5123,
              -20.524
            ],
            [
              -46.5113,
              -20.5253
            ],
            [
              -46.5111,
              -20.5265
            ],
            [
              -46.5115,
              -20.5293
            ],
            [
              -46.5101,
              -20.5301
            ],
            [
              -46.5078,
              -20.5308
            ],
            [
              -46.5058,
              -20.5325
            ],
            [
              -46.5031,
              -20.5319
            ],
            [
              -46.5012,
              -20.5319
            ],
            [
              -46.4999,
              -20.5329
            ],
            [
              -46.4996,
              -20.5344
            ],
            [
              -46.506,
              -20.5382
            ],
            [
              -46.5108,
              -20.5421
            ],
            [
              -46.5121,
              -20.5419
            ],
            [
              -46.5153,
              -20.539
            ],
            [
              -46.5179,
              -20.5377
            ],
            [
              -46.52,
              -20.5386
            ],
            [
              -46.5214,
              -20.5413
            ],
            [
              -46.5233,
              -20.5433
            ],
            [
              -46.5252,
              -20.5457
            ],
            [
              -46.5273,
              -20.5462
            ],
            [
              -46.5295,
              -20.5445
            ],
            [
              -46.5326,
              -20.5436
            ],
            [
              -46.5348,
              -20.5446
            ],
            [
              -46.534,
              -20.5459
            ],
            [
              -46.5353,
              -20.5476
            ],
            [
              -46.5344,
              -20.549
            ],
            [
              -46.5354,
              -20.5498
            ],
            [
              -46.5353,
              -20.5511
            ],
            [
              -46.5373,
              -20.5517
            ],
            [
              -46.5383,
              -20.5539
            ],
            [
              -46.5396,
              -20.5526
            ],
            [
              -46.5419,
              -20.5529
            ],
            [
              -46.5431,
              -20.5502
            ],
            [
              -46.545,
              -20.5496
            ],
            [
              -46.547,
              -20.5496
            ],
            [
              -46.5486,
              -20.5486
            ],
            [
              -46.5501,
              -20.5486
            ],
            [
              -46.5524,
              -20.5509
            ],
            [
              -46.5544,
              -20.5523
            ],
            [
              -46.557,
              -20.5522
            ],
            [
              -46.5585,
              -20.5526
            ],
            [
              -46.562,
              -20.5564
            ],
            [
              -46.5637,
              -20.5579
            ],
            [
              -46.5699,
              -20.5599
            ],
            [
              -46.5717,
              -20.5615
            ],
            [
              -46.5767,
              -20.5634
            ],
            [
              -46.5794,
              -20.5629
            ],
            [
              -46.5833,
              -20.563
            ],
            [
              -46.5882,
              -20.5642
            ],
            [
              -46.5945,
              -20.567
            ]
          ]
        ]
      },
      "properties": {
        "codarea": "3162203",
        "nome_municipio": "São João Batista do Glória",
        "codigo_ibge": 3162203
      }
    },
    {
      "type": "Feature",
      "geometry": {
        "type": "Polygon",
        "coordinates": [
          [
            [
              -51.8262,
              -26.9234
            ],
            [
              -51.8251,
              -26.9235
            ],
            [
              -51.8246,
              -26.9247
            ],
            [
              -51.8233,
              -26.9257
            ],
            [
              -51.8237,
              -26.9274
            ],
            [
              -51.8224,
              -26.9298
            ],
            [
              -51.8204,
              -26.9366
            ],
            [
              -51.8195,
              -26.9378
            ],
            [
              -51.8224,
              -26.9408
            ],
            [
              -51.8245,
              -26.9464
            ],
            [
              -51.8253,
              -26.9476
            ],
            [
              -51.8287,
              -26.9503
            ],
            [
              -51.8319,
              -26.9537
            ],
            [
              -51.8348,
              -26.9553
            ],
            [
              -51.8362,
              -26.9568
            ],
            [
              -51.8379,
              -26.9606
            ],
            [
              -51.8403,
              -26.9635
            ],
            [
              -51.8444,
              -26.9661
            ],
            [
              -51.8464,
              -26.9661
            ],
            [
              -51.8497,
              -26.9672
            ],
            [
              -51.8527,
              -26.9692
            ],
            [
              -51.8561,
              -26.9706
            ],
            [
              -51.8573,
              -26.9716
            ],
            [
              -51.8605,
              -26.9755
            ],
            [
              -51.8626,
              -26.9768
            ],
            [
              -51.8616,
              -26.9778
            ],
            [
              -51.8618,
              -26.9796
            ],
            [
              -51.8631,
              -26.9813
            ],
            [
              -51.8621,
              -26.9826
            ],
            [
              -51.8621,
              -26.9841
            ],
            [
              -51.8604,
              -26.986
            ],
            [
              -51.8591,
              -26.9864
            ],
            [
              -51.8572,
              -26.9884
            ],
            [
              -51.855,
              -26.989
            ],
            [
              -51.8525,
              -26.991
            ],
            [
              -51.8511,
              -26.9909
            ],
            [
              -51.8492,
              -26.9914
            ],
            [
              -51.8485,
              -26.9924
            ],
            [
              -51.8466,
              -26.9931
            ],
            [
              -51.8462,
              -26.9947
            ],
            [
              -51.8447,
              -26.9962
            ],
            [
              -51.843,
              -26.9972
            ],
            [
              -51.8392,
              -27.0019
            ],
            [
              -51.8366,
              -27.0029
            ],
            [
              -51.8348,
              -27.006
            ],
            [
              -51.8335,
              -27.0062
            ],
            [
              -51.8311,
              -27.0098
            ],
            [
              -51.827,
              -27.0135
            ],
            [
              -51.8269,
              -27.0144
            ],
            [
              -51.8247,
              -27.0164
            ],
            [
              -51.8233,
              -27.0167
            ],
            [
              -51.8212,
              -27.0182
            ],
            [
              -51.8212,
              -27.0194
            ],
            [
              -51.8197,
              -27.0202
            ],
            [
              -51.8171,
              -27.0211
            ],
            [
              -51.8167,
              -27.0228
            ],
            [
              -51.8153,
              -27.0235
            ],
            [
              -51.8148,
              -27.0248
            ],
            [
              -51.8134,
              -27.0246
            ],
            [
              -51.813,
              -27.0264
            ],
            [
              -51.814,
              -27.0285
            ],
            [
              -51.8129,
              -27.0287
            ],
            [
              -51.8135,
              -27.0311
            ],
            [
              -51.8122,
              -27.0327
            ],
            [
              -51.8109,
              -27.0317
            ],
            [
              -51.8087,
              -27.032
            ],
            [
              -51.8076,
              -27.0332
            ],
            [
              -51.8052,
              -27.0329
            ],
            [
              -51.8046,
              -27.0339
            ],
            [
              -51.8058,
              -27.0357
            ],
            [
              -51.8088,
              -27.0346
            ],
            [
              -51.8101,
              -27.036
            ],
            [
              -51.8092,
              -27.0374
            ],
            [
              -51.8071,
              -27.0375
            ],
            [
              -51.8054,
              -27.0388
            ],
            [
              -51.8045,
              -27.0387
            ],
            [
              -51.8027,
              -27.0396
            ],
            [
              -51.8023,
              -27.0404
            ],
            [
              -51.8002,
              -27.0404
            ],
            [
              -51.7989,
              -27.0417
            ],
            [
              -51.7993,
              -27.0432
            ],
            [
              -51.7966,
              -27.0443
            ],
            [
              -51.7943,
              -27.0438
            ],
            [
              -51.7917,
              -27.0459
            ],
            [
              -51.793,
              -27.0475
            ],
            [
              -51.7918,
              -27.0503
            ],
            [
              -51.7905,
              -27.0496
            ],
            [
              -51.7883,
              -27.051
            ],
            [
              -51.7866,
              -27.0515
            ],
            [
              -51.7665,
              -27.0502
            ],
            [
              -51.7645,
              -27.0506
            ],
            [
              -51.762,
              -27.0499
            ],
            [
              -51.7593,
              -27.051
            ],
            [
              -51.7584,
              -27.0505
            ],
            [
              -51.7585,
              -27.0477
            ],
            [
              -51.7593,
              -27.0462
            ],
            [
              -51.7619,
              -27.0448
            ],
            [
              -51.764,
              -27.0442
            ],
            [
              -51.7642,
              -27.0425
            ],
            [
              -51.7627,
              -27.0423
            ],
            [
              -51.7588,
              -27.0409
            ],
            [
              -51.7569,
              -27.0414
            ],
            [
              -51.7546,
              -27.0432
            ],
            [
              -51.7545,
              -27.0449
            ],
            [
              -51.7536,
              -27.0456
            ],
            [
              -51.7513,
              -27.0453
            ],
            [
              -51.7494,
              -27.046
            ],
            [
              -51.7477,
              -27.0443
            ],
            [
              -51.7475,
              -27.0431
            ],
            [
              -51.7449,
              -27.0411
            ],
            [
              -51.7425,
              -27.041
            ],
            [
              -51.7407,
              -27.0403
            ],
            [
              -51.7401,
              -27.0388
            ],
            [
              -51.7385,
              -27.0396
            ],
            [
              -51.7362,
              -27.0392
            ],
            [
              -51.7334,
              -27.0397
            ],
            [
              -51.7324,
              -27.0369
            ],
            [
              -51.7302,
              -27.0362
            ],
            [
              -51.7307,
              -27.0341
            ],
            [
              -51.7301,
              -27.032
            ],
            [
              -51.7271,
              -27.0314
            ],
            [
              -51.7256,
              -27.0301
            ],
            [
              -51.7248,
              -27.0273
            ],
            [
              -51.7235,
              -27.0262
            ],
            [
              -51.7213,
              -27.0256
            ],
            [
              -51.7006,
              -27.0047
            ],
            [
              -51.6982,
              -27.0066
            ],
            [
              -51.6969,
              -27.0059
            ],
            [
              -51.6947,
              -27.0067
            ],
            [
              -51.6934,
              -27.0066
            ],
            [
              -51.691,
              -27.0075
            ],
            [
              -51.6893,
              -27.0087
            ],
            [
              -51.6862,
              -27.0081
            ],
            [
              -51.684,
              -27.008
            ],
            [
              -51.683,
              -27.0064
            ],
            [
              -51.6831,
              -27.0052
            ],
            [
              -51.6841,
              -27.0034
            ],
            [
              -51.6836,
              -27.0027
            ],
            [
              -51.6852,
              -27.0017
            ],
            [
              -51.684,
              -27.0003
            ],
            [
              -51.684,
              -26.9977
            ],
            [
              -51.6868,
              -26.9969
            ],
            [
              -51.6894,
              -26.9956
            ],
            [
              -51.693,
              -26.9922
            ],
            [
              -51.6936,
              -26.991
            ],
            [
              -51.6948,
              -26.9908
            ],
            [
              -51.6963,
              -26.9887
            ],
            [
              -51.6962,
              -26.9876
            ],
            [
              -51.697,
              -26.9865
            ],
            [
              -51.696,
              -26.9854
            ],
            [
              -51.6957,
              -26.9827
            ],
            [
              -51.6942,
              -26.9804
            ],
            [
              -51.6935,
              -26.978
            ],
            [
              -51.694,
              -26.9763
            ],
            [
              -51.6919,
              -26.9756
            ],
            [
              -51.6912,
              -26.9731
            ],
            [
              -51.69,
              -26.971
            ],
            [
              -51.6873,
              -26.9689
            ],
            [
              -51.6871,
              -26.9677
            ],
            [
              -51.6859,
              -26.9658
            ],
            [
              -51.6861,
              -26.9646
            ],
            [
              -51.6832,
              -26.9622
            ],
            [
              -51.6806,
              -26.9579
            ],
            [
              -51.6789,
              -26.9576
            ],
            [
              -51.6772,
              -26.9558
            ],
            [
              -51.6746,
              -26.9552
            ],
            [
              -51.6727,
              -26.9554
            ],
            [
              -51.6705,
              -26.9578
            ],
            [
              -51.6681,
              -26.9588
            ],
            [
              -51.6668,
              -26.9568
            ],
            [
              -51.6634,
              -26.954
            ],
            [
              -51.661,
              -26.9531
            ],
            [
              -51.6601,
              -26.952
            ],
            [
              -51.6584,
              -26.9516
            ],
            [
              -51.6569,
              -26.9504
            ],
            [
              -51.6551,
              -26.9499
            ],
            [
              -51.6525,
              -26.9479
            ],
            [
              -51.6523,
              -26.9463
            ],
            [
              -51.6503,
              -26.9459
            ],
            [
              -51.6474,
              -26.9463
            ],
            [
              -51.642,
              -26.9459
            ],
            [
              -51.6399,
              -26.9456
            ],
            [
              -51.6378,
              -26.9439
            ],
            [
              -51.6356,
              -26.9446
            ],
            [
              -51.6332,
              -26.9432
            ],
            [
              -51.6332,
              -26.9423
            ],
            [
              -51.6317,
              -26.941
            ],
            [
              -51.6264,
              -26.9395
            ],
            [
              -51.6252,
              -26.9385
            ],
            [
              -51.6238,
              -26.9394
            ],
            [
              -51.6219,
              -26.9387
            ],
            [
              -51.6203,
              -26.9395
            ],
            [
              -51.6181,
              -26.9385
            ],
            [
              -51.6207,
              -26.937
            ],
            [
              -51.625,
              -26.9359
            ],
            [
              -51.6269,
              -26.9367
            ],
            [
              -51.6282,
              -26.9363
            ],
            [
              -51.6297,
              -26.9352
            ],
            [
              -51.6326,
              -26.9347
            ],
            [
              -51.635,
              -26.9351
            ],
            [
              -51.6363,
              -26.9338
            ],
            [
              -51.6403,
              -26.9333
            ],
            [
              -51.6429,
              -26.934
            ],
            [
              -51.645,
              -26.9337
            ],
            [
              -51.6481,
              -26.934
            ],
            [
              -51.6509,
              -26.9325
            ],
            [
              -51.653,
              -26.9319
            ],
            [
              -51.6545,
              -26.9299
            ],
            [
              -51.6561,
              -26.9308
            ],
            [
              -51.6581,
              -26.9307
            ],
            [
              -51.6597,
              -26.9296
            ],
            [
              -51.6607,
              -26.9309
            ],
            [
              -51.6621,
              -26.9305
            ],
            [
              -51.6644,
              -26.9288
            ],
            [
              -51.6651,
              -26.9273
            ],
            [
              -51.6663,
              -26.9286
            ],
            [
              -51.6672,
              -26.9311
            ],
            [
              -51.6686,
              -26.9321
            ],
            [
              -51.6714,
              -26.9319
            ],
            [
              -51.6731,
              -26.9323
            ],
            [
              -51.6753,
              -26.9322
            ],
            [
              -51.6756,
              -26.931
            ],
            [
              -51.678,
              -26.9312
            ],
            [
              -51.681,
              -26.9322
            ],
            [
              -51.6831,
              -26.9315
            ],
            [
              -51.6845,
              -26.9315
            ],
            [
              -51.6847,
              -26.9302
            ],
            [
              -51.6891,
              -26.9297
            ],
            [
              -51.6896,
              -26.9311
            ],
            [
              -51.6913,
              -26.9306
            ],
            [
              -51.6896,
              -26.927
            ],
            [
              -51.6899,
              -26.9244
            ],
            [
              -51.689,
              -26.9225
            ],
            [
              -51.6889,
              -26.9205
            ],
            [
              -51.6881,
              -26.9177
            ],
            [
              -51.6864,
              -26.9167
            ],
            [
              -51.6863,
              -26.914
            ],
            [
              -51.6845,
              -26.9144
            ],
            [
              -51.6832,
              -26.9135
            ],
            [
              -51.6824,
              -26.9142
            ],
            [
              -51.6806,
              -26.9132
            ],
            [
              -51.6761,
              -26.9132
            ],
            [
              -51.6722,
              -26.9118
            ],
            [
              -51.6726,
              -26.9105
            ],
            [
              -51.6712,
              -26.9095
            ],
            [
              -51.6716,
              -26.908
            ],
            [
              -51.6709,
              -26.9063
            ],
            [
              -51.6733,
              -26.9053
            ],
            [
              -51.674,
              -26.9021
            ],
            [
              -51.6736,
              -26.9013
            ],
            [
              -51.676,
              -26.8983
            ],
            [
              -51.675,
              -26.8942
            ],
            [
              -51.6753,
              -26.8911
            ],
            [
              -51.6763,
              -26.8891
            ],
            [
              -51.6753,
              -26.8872
            ],
            [
              -51.6731,
              -26.8847
            ],
            [
              -51.6906,
              -26.89
            ],
            [
              -51.6899,
              -26.8878
            ],
            [
              -51.6906,
              -26.8858
            ],
            [
              -51.6899,
              -26.8851
            ],
            [
              -51.6901,
              -26.8834
            ],
            [
              -51.6914,
              -26.8829
            ],
            [
              -51.6914,
              -26.8805
            ],
            [
              -51.6925,
              -26.8801
            ],
            [
              -51.6932,
              -26.8781
            ],
            [
              -51.6946,
              -26.8771
            ],
            [
              -51.6952,
              -26.8746
            ],
            [
              -51.6934,
              -26.8718
            ],
            [
              -51.6938,
              -26.8691
            ],
            [
              -51.6919,
              -26.8665
            ],
            [
              -51.6926,
              -26.8633
            ],
            [
              -51.6912,
              -26.8617
            ],
            [
              -51.6905,
              -26.8598
            ],
            [
              -51.6907,
              -26.8571
            ],
            [
              -51.692,
              -26.855
            ],
            [
              -51.6936,
              -26.8535
            ],
            [
              -51.694,
              -26.8518
            ],
            [
              -51.6958,
              -26.8511
            ],
            [
              -51.6984,
              -26.8516
            ],
            [
              -51.6985,
              -26.8523
            ],
            [
              -51.7014,
              -26.8551
            ],
            [
              -51.7024,
              -26.8572
            ],
            [
              -51.7045,
              -26.8569
            ],
            [
              -51.707,
              -26.8523
            ],
            [
              -51.7096,
              -26.8528
            ],
            [
              -51.7133,
              -26.8522
            ],
            [
              -51.7153,
              -26.8525
            ],
            [
              -51.7172,
              -26.8518
            ],
            [
              -51.7184,
              -26.8537
            ],
            [
              -51.7218,
              -26.8525
            ],
            [
              -51.724,
              -26.8529
            ],
            [
              -51.7242,
              -26.8512
            ],
            [
              -51.7223,
              -26.849
            ],
            [
              -51.7232,
              -26.8469
            ],
            [
              -51.7246,
              -26.8465
            ],
            [
              -51.7258,
              -26.8476
            ],
            [
              -51.7284,
              -26.8453
            ],
            [
              -51.7283,
              -26.849
            ],
            [
              -51.7273,
              -26.852
            ],
            [
              -51.7283,
              -26.8527
            ],
            [
              -51.7296,
              -26.8522
            ],
            [
              -51.7311,
              -26.8507
            ],
            [
              -51.7319,
              -26.8492
            ],
            [
              -51.7347,
              -26.8488
            ],
            [
              -51.7353,
              -26.852
            ],
            [
              -51.7334,
              -26.852
            ],
            [
              -51.7335,
              -26.8533
            ],
            [
              -51.7353,
              -26.8532
            ],
            [
              -51.7374,
              -26.8526
            ],
            [
              -51.7395,
              -26.851
            ],
            [
              -51.7383,
              -26.849
            ],
            [
              -51.7384,
              -26.8463
            ],
            [
              -51.7397,
              -26.8465
            ],
            [
              -51.7416,
              -26.8483
            ],
            [
              -51.743,
              -26.8477
            ],
            [
              -51.7442,
              -26.8456
            ],
            [
              -51.7446,
              -26.8439
            ],
            [
              -51.7478,
              -26.8412
            ],
            [
              -51.749,
              -26.8411
            ],
            [
              -51.7502,
              -26.8433
            ],
            [
              -51.7496,
              -26.8448
            ],
            [
              -51.7483,
              -26.846
            ],
            [
              -51.7494,
              -26.8466
            ],
            [
              -51.7508,
              -26.8461
            ],
            [
              -51.7536,
              -26.8445
            ],
            [
              -51.7573,
              -26.8447
            ],
            [
              -51.7573,
              -26.8434
            ],
            [
              -51.7544,
              -26.8426
            ],
            [
              -51.7531,
              -26.8409
            ],
            [
              -51.757,
              -26.8392
            ],
            [
              -51.7583,
              -26.8392
            ],
            [
              -51.7601,
              -26.8402
            ],
            [
              -51.7622,
              -26.843
            ],
            [
              -51.7646,
              -26.8445
            ],
            [
              -51.7662,
              -26.8434
            ],
            [
              -51.7668,
              -26.8397
            ],
            [
              -51.7684,
              -26.8392
            ],
            [
              -51.7704,
              -26.8399
            ],
            [
              -51.7712,
              -26.8416
            ],
            [
              -51.7709,
              -26.8436
            ],
            [
              -51.7699,
              -26.845
            ],
            [
              -51.7712,
              -26.8464
            ],
            [
              -51.7708,
              -26.849
            ],
            [
              -51.7725,
              -26.8506
            ],
            [
              -51.7706,
              -26.853
            ],
            [
              -51.7708,
              -26.8538
            ],
            [
              -51.7734,
              -26.8537
            ],
            [
              -51.7757,
              -26.8545
            ],
            [
              -51.7772,
              -26.8547
            ],
            [
              -51.7778,
              -26.857
            ],
            [
              -51.7788,
              -26.8572
            ],
            [
              -51.7803,
              -26.8561
            ],
            [
              -51.7814,
              -26.853
            ],
            [
              -51.7825,
              -26.8516
            ],
            [
              -51.7859,
              -26.8504
            ],
            [
              -51.7877,
              -26.8503
            ],
            [
              -51.7905,
              -26.8521
            ],
            [
              -51.7925,
              -26.8525
            ],
            [
              -51.7943,
              -26.8534
            ],
            [
              -51.7962,
              -26.8531
            ],
            [
              -51.7962,
              -26.8543
            ],
            [
              -51.7942,
              -26.8596
            ],
            [
              -51.7944,
              -26.8599
            ],
            [
              -51.7999,
              -26.8596
            ],
            [
              -51.8007,
              -26.8586
            ],
            [
              -51.8023,
              -26.8581
            ],
            [
              -51.8027,
              -26.8596
            ],
            [
              -51.8022,
              -26.8613
            ],
            [
              -51.8026,
              -26.8632
            ],
            [
              -51.802,
              -26.8644
            ],
            [
              -51.8027,
              -26.8654
            ],
            [
              -51.8041,
              -26.8653
            ],
            [
              -51.8066,
              -26.8635
            ],
            [
              -51.8069,
              -26.8619
            ],
            [
              -51.8067,
              -26.8581
            ],
            [
              -51.8098,
              -26.8571
            ],
            [
              -51.8105,
              -26.8564
            ],
            [
              -51.8098,
              -26.8543
            ],
            [
              -51.8077,
              -26.8537
            ],
            [
              -51.8064,
              -26.8526
            ],
            [
              -51.8063,
              -26.8505
            ],
            [
              -51.8082,
              -26.8507
            ],
            [
              -51.8139,
              -26.8551
            ],
            [
              -51.8147,
              -26.8537
            ],
            [
              -51.8136,
              -26.851
            ],
            [
              -51.8119,
              -26.8492
            ],
            [
              -51.8114,
              -26.846
            ],
            [
              -51.8133,
              -26.8448
            ],
            [
              -51.8163,
              -26.8449
            ],
            [
              -51.8182,
              -26.8473
            ],
            [
              -51.8206,
              -26.8474
            ],
            [
              -51.8199,
              -26.8486
            ],
            [
              -51.8204,
              -26.8495
            ],
            [
              -51.8242,
              -26.85
            ],
            [
              -51.825,
              -26.8513
            ],
            [
              -51.8228,
              -26.8522
            ],
            [
              -51.8201,
              -26.8521
            ],
            [
              -51.8195,
              -26.8509
            ],
            [
              -51.8179,
              -26.852
            ],
            [
              -51.8175,
              -26.8567
            ],
            [
              -51.8184,
              -26.8612
            ],
            [
              -51.8171,
              -26.8647
            ],
            [
              -51.8162,
              -26.8651
            ],
            [
              -51.8147,
              -26.8674
            ],
            [
              -51.8149,
              -26.8687
            ],
            [
              -51.8163,
              -26.8703
            ],
            [
              -51.8175,
              -26.8725
            ],
            [
              -51.8192,
              -26.8743
            ],
            [
              -51.8167,
              -26.8776
            ],
            [
              -51.8165,
              -26.881
            ],
            [
              -51.8208,
              -26.8824
            ],
            [
              -51.8205,
              -26.8875
            ],
            [
              -51.819,
              -26.8907
            ],
            [
              -51.8196,
              -26.8932
            ],
            [
              -51.8193,
              -26.8945
            ],
            [
              -51.8197,
              -26.9025
            ],
            [
              -51.8214,
              -26.9047
            ],
            [
              -51.8232,
              -26.9053
            ],
            [
              -51.8264,
              -26.9059
            ],
            [
              -51.8277,
              -26.9075
            ],
            [
              -51.8271,
              -26.9097
            ],
            [
              -51.8239,
              -26.9116
            ],
            [
              -51.8243,
              -26.914
            ],
            [
              -51.824,
              -26.916
            ],
            [
              -51.825,
              -26.9185
            ],
            [
              -51.8262,
              -26.9234
            ]
          ]
        ]
      },
      "properties": {
        "codarea": "4219176",
        "nome_municipio": "Vargem Bonita",
        "codigo_ibge": 4219176
      }
    },
    {
      "type": "Feature",
      "geometry": {
        "type": "Polygon",
        "coordinates": [
          [
            [
              -46.8197,
              -20.4619
            ],
            [
              -46.8198,
              -20.4625
            ],
            [
              -46.8176,
              -20.4647
            ],
            [
              -46.8141,
              -20.4672
            ],
            [
              -46.809,
              -20.4701
            ],
            [
              -46.8059,
              -20.4728
            ],
            [
              -46.8041,
              -20.4749
            ],
            [
              -46.801,
              -20.4777
            ],
            [
              -46.7968,
              -20.48
            ],
            [
              -46.7892,
              -20.4829
            ],
            [
              -46.788,
              -20.4831
            ],
            [
              -46.7832,
              -20.4844
            ],
            [
              -46.778,
              -20.485
            ],
            [
              -46.771,
              -20.485
            ],
            [
              -46.7674,
              -20.4846
            ],
            [
              -46.7584,
              -20.485
            ],
            [
              -46.7555,
              -20.4856
            ],
            [
              -46.7507,
              -20.4871
            ],
            [
              -46.7477,
              -20.4893
            ],
            [
              -46.7434,
              -20.4895
            ],
            [
              -46.7372,
              -20.4893
            ],
            [
              -46.7337,
              -20.4897
            ],
            [
              -46.7304,
              -20.4898
            ],
            [
              -46.7222,
              -20.4908
            ],
            [
              -46.7092,
              -20.4926
            ],
            [
              -46.705,
              -20.4936
            ],
            [
              -46.6992,
              -20.4955
            ],
            [
              -46.6974,
              -20.4963
            ],
            [
              -46.6945,
              -20.4982
            ],
            [
              -46.6933,
              -20.4998
            ],
            [
              -46.6868,
              -20.5062
            ],
            [
              -46.6852,
              -20.5074
            ],
            [
              -46.6811,
              -20.5112
            ],
            [
              -46.6797,
              -20.5128
            ],
            [
              -46.6752,
              -20.5163
            ],
            [
              -46.6721,
              -20.5196
            ],
            [
              -46.6668,
              -20.5242
            ],
            [
              -46.6633,
              -20.5285
            ],
            [
              -46.6616,
              -20.5302
            ],
            [
              -46.6575,
              -20.5336
            ],
            [
              -46.654,
              -20.5359
            ],
            [
              -46.6493,
              -20.5384
            ],
            [
              -46.6442,
              -20.5426
            ],
            [
              -46.6408,
              -20.5447
            ],
            [
              -46.6376,
              -20.5465
            ],
            [
              -46.6365,
              -20.5475
            ],
            [
              -46.6322,
              -20.5491
            ],
            [
              -46.6294,
              -20.5499
            ],
            [
              -46.6259,
              -20.5525
            ],
            [
              -46.6224,
              -20.5547
            ],
            [
              -46.6184,
              -20.5566
            ],
            [
              -46.6155,
              -20.5588
            ],
            [
              -46.6114,
              -20.5601
            ],
            [
              -46.6054,
              -20.5603
            ],
            [
              -46.6036,
              -20.5608
            ],
            [
              -46.5987,
              -20.5635
            ],
            [
              -46.5967,
              -20.5655
            ],
            [
              -46.5945,
              -20.567
            ],
            [
              -46.5882,
              -20.5642
            ],
            [
              -46.5833,
              -20.563
            ],
            [
              -46.5794,
              -20.5629
            ],
            [
              -46.5767,
              -20.5634
            ],
            [
              -46.5717,
              -20.5615
            ],
            [
              -46.5699,
              -20.5599
            ],
            [
              -46.5637,
              -20.5579
            ],
            [
              -46.562,
              -20.5564
            ],
            [
              -46.5585,
              -20.5526
            ],
            [
              -46.557,
              -20.5522
            ],
            [
              -46.5544,
              -20.5523
            ],
            [
              -46.5524,
              -20.5509
            ],
            [
              -46.5501,
              -20.5486
            ],
            [
              -46.5486,
              -20.5486
            ],
            [
              -46.547,
              -20.5496
            ],
            [
              -46.545,
              -20.5496
            ],
            [
              -46.5431,
              -20.5502
            ],
            [
              -46.5419,
              -20.5529
            ],
            [
              -46.5396,
              -20.5526
            ],
            [
              -46.5383,
              -20.5539
            ],
            [
              -46.5373,
              -20.5517
            ],
            [
              -46.5353,
              -20.5511
            ],
            [
              -46.5354,
              -20.5498
            ],
            [
              -46.5344,
              -20.549
            ],
            [
              -46.5353,
              -20.5476
            ],
            [
              -46.534,
              -20.5459
            ],
            [
              -46.5348,
              -20.5446
            ],
            [
              -46.5326,
              -20.5436
            ],
            [
              -46.5295,
              -20.5445
            ],
            [
              -46.5273,
              -20.5462
            ],
            [
              -46.5252,
              -20.5457
            ],
            [
              -46.5233,
              -20.5433
            ],
            [
              -46.5214,
              -20.5413
            ],
            [
              -46.52,
              -20.5386
            ],
            [
              -46.5179,
              -20.5377
            ],
            [
              -46.5153,
              -20.539
            ],
            [
              -46.5121,
              -20.5419
            ],
            [
              -46.5108,
              -20.5421
            ],
            [
              -46.506,
              -20.5382
            ],
            [
              -46.4996,
              -20.5344
            ],
            [
              -46.4999,
              -20.5329
            ],
            [
              -46.5012,
              -20.5319
            ],
            [
              -46.5031,
              -20.5319
            ],
            [
              -46.5058,
              -20.5325
            ],
            [
              -46.5078,
              -20.5308
            ],
            [
              -46.5101,
              -20.5301
            ],
            [
              -46.5115,
              -20.5293
            ],
            [
              -46.5111,
              -20.5265
            ],
            [
              -46.5113,
              -20.5253
            ],
            [
              -46.5123,
              -20.524
            ],
            [
              -46.512,
              -20.5227
            ],
            [
              -46.5108,
              -20.5217
            ],
            [
              -46.5104,
              -20.5203
            ],
            [
              -46.5127,
              -20.5176
            ],
            [
              -46.5138,
              -20.5148
            ],
            [
              -46.5184,
              -20.5113
            ],
            [
              -46.5187,
              -20.5093
            ],
            [
              -46.52,
              -20.5069
            ],
            [
              -46.5203,
              -20.5052
            ],
            [
              -46.5188,
              -20.5029
            ],
            [
              -46.518,
              -20.4995
            ],
            [
              -46.519,
              -20.4948
            ],
            [
              -46.5166,
              -20.4933
            ],
            [
              -46.5139,
              -20.493
            ],
            [
              -46.5128,
              -20.4925
            ],
            [
              -46.5108,
              -20.4896
            ],
            [
              -46.5089,
              -20.4903
            ],
            [
              -46.5081,
              -20.4925
            ],
            [
              -46.506,
              -20.4922
            ],
            [
              -46.5045,
              -20.4909
            ],
            [
              -46.5027,
              -20.4883
            ],
            [
              -46.5025,
              -20.4869
            ],
            [
              -46.5005,
              -20.4867
            ],
            [
              -46.4989,
              -20.4873
            ],
            [
              -46.4999,
              -20.4834
            ],
            [
              -46.4995,
              -20.4826
            ],
            [
              -46.4973,
              -20.4827
            ],
            [
              -46.4955,
              -20.4816
            ],
            [
              -46.4934,
              -20.4809
            ],
            [
              -46.4913,
              -20.4783
            ],
            [
              -46.4908,
              -20.4766
            ],
            [
              -46.489,
              -20.4775
            ],
            [
              -46.4868,
              -20.4777
            ],
            [
              -46.4841,
              -20.4791
            ],
            [
              -46.4819,
              -20.477
            ],
            [
              -46.4809,
              -20.4771
            ],
            [
              -46.4781,
              -20.4797
            ],
            [
              -46.4757,
              -20.4808
            ],
            [
              -46.4752,
              -20.4824
            ],
            [
              -46.4725,
              -20.484
            ],
            [
              -46.4707,
              -20.4798
            ],
            [
              -46.4681,
              -20.4796
            ],
            [
              -46.4674,
              -20.479
            ],
            [
              -46.4687,
              -20.4772
            ],
            [
              -46.4683,
              -20.4753
            ],
            [
              -46.4674,
              -20.4749
            ],
            [
              -46.4657,
              -20.476
            ],
            [
              -46.4647,
              -20.4749
            ],
            [
              -46.4667,
              -20.4728
            ],
            [
              -46.4687,
              -20.4704
            ],
            [
              -46.4709,
              -20.4665
            ],
            [
              -46.4728,
              -20.4664
            ],
            [
              -46.4735,
              -20.4646
            ],
            [
              -46.4759,
              -20.4621
            ],
            [
              -46.4775,
              -20.4617
            ],
            [
              -46.4799,
              -20.4605
            ],
            [
              -46.4823,
              -20.4588
            ],
            [
              -46.4823,
              -20.4559
            ],
            [
              -46.4838,
              -20.4555
            ],
            [
              -46.4832,
              -20.4535
            ],
            [
              -46.4852,
              -20.4523
            ],
            [
              -46.4835,
              -20.4475
            ],
            [
              -46.4826,
              -20.4472
            ],
            [
              -46.4795,
              -20.4438
            ],
            [
              -46.4788,
              -20.4424
            ],
            [
              -46.4771,
              -20.443
            ],
            [
              -46.4733,
              -20.4423
            ],
            [
              -46.4715,
              -20.4427
            ],
            [
              -46.4702,
              -20.4439
            ],
            [
              -46.4686,
              -20.4431
            ],
            [
              -46.4642,
              -20.4431
            ],
            [
              -46.463,
              -20.4424
            ],
            [
              -46.4642,
              -20.4404
            ],
            [
              -46.4637,
              -20.4389
            ],
            [
              -46.4623,
              -20.4385
            ],
            [
              -46.4618,
              -20.4367
            ],
            [
              -46.4623,
              -20.4357
            ],
            [
              -46.4642,
              -20.4346
            ],
            [
              -46.4642,
              -20.4333
            ],
            [
              -46.4627,
              -20.4325
            ],
            [
              -46.4632,
              -20.4315
            ],
            [
              -46.4674,
              -20.428
            ],
            [
              -46.4675,
              -20.4259
            ],
            [
              -46.4698,
              -20.4258
            ],
            [
              -46.4716,
              -20.4248
            ],
            [
              -46.4727,
              -20.4233
            ],
            [
              -46.4728,
              -20.4212
            ],
            [
              -46.4705,
              -20.4195
            ],
            [
              -46.471,
              -20.4182
            ],
            [
              -46.4735,
              -20.4155
            ],
            [
              -46.4755,
              -20.4146
            ],
            [
              -46.4768,
              -20.413
            ],
            [
              -46.4803,
              -20.4104
            ],
            [
              -46.4815,
              -20.4079
            ],
            [
              -46.4836,
              -20.4056
            ],
            [
              -46.4871,
              -20.4028
            ],
            [
              -46.4896,
              -20.4026
            ],
            [
              -46.4915,
              -20.4011
            ],
            [
              -46.4918,
              -20.3989
            ],
            [
              -46.4942,
              -20.3972
            ],
            [
              -46.4969,
              -20.396
            ],
            [
              -46.4999,
              -20.3933
            ],
            [
              -46.5008,
              -20.3914
            ],
            [
              -46.5001,
              -20.3868
            ],
            [
              -46.4984,
              -20.3834
            ],
            [
              -46.4985,
              -20.3805
            ],
            [
              -46.4998,
              -20.3778
            ],
            [
              -46.5015,
              -20.3764
            ],
            [
              -46.5033,
              -20.3742
            ],
            [
              -46.5048,
              -20.3734
            ],
            [
              -46.5065,
              -20.3736
            ],
            [
              -46.5077,
              -20.3728
            ],
            [
              -46.5073,
              -20.3701
            ],
            [
              -46.5101,
              -20.3664
            ],
            [
              -46.5144,
              -20.3619
            ],
            [
              -46.5158,
              -20.3612
            ],
            [
              -46.5197,
              -20.3582
            ],
            [
              -46.5214,
              -20.3575
            ],
            [
              -46.523,
              -20.3576
            ],
            [
              -46.5251,
              -20.3586
            ],
            [
              -46.5263,
              -20.3583
            ],
            [
              -46.5273,
              -20.3572
            ],
            [
              -46.5283,
              -20.357
            ],
            [
              -46.5308,
              -20.3585
            ],
            [
              -46.5342,
              -20.3641
            ],
            [
              -46.5356,
              -20.3669
            ],
            [
              -46.539,
              -20.3703
            ],
            [
              -46.5411,
              -20.3707
            ],
            [
              -46.5491,
              -20.3687
            ],
            [
              -46.5528,
              -20.3681
            ],
            [
              -46.5564,
              -20.3679
            ],
            [
              -46.5608,
              -20.367
            ],
            [
              -46.5636,
              -20.3668
            ],
            [
              -46.5653,
              -20.3661
            ],
            [
              -46.5655,
              -20.3621
            ],
            [
              -46.5662,
              -20.3593
            ],
            [
              -46.5675,
              -20.357
            ],
            [
              -46.5698,
              -20.3539
            ],
            [
              -46.5701,
              -20.3487
            ],
            [
              -46.5713,
              -20.3445
            ],
            [
              -46.5718,
              -20.3423
            ],
            [
              -46.5733,
              -20.341
            ],
            [
              -46.5804,
              -20.338
            ],
            [
              -46.5841,
              -20.336
            ],
            [
              -46.5864,
              -20.3337
            ],
            [
              -46.5886,
              -20.3319
            ],
            [
              -46.5903,
              -20.3296
            ],
            [
              -46.5935,
              -20.326
            ],
            [
              -46.5977,
              -20.3229
            ],
            [
              -46.6003,
              -20.3216
            ],
            [
              -46.6028,
              -20.322
            ],
            [
              -46.6067,
              -20.3233
            ],
            [
              -46.6067,
              -20.3258
            ],
            [
              -46.6053,
              -20.3292
            ],
            [
              -46.6053,
              -20.3307
            ],
            [
              -46.6078,
              -20.334
            ],
            [
              -46.609,
              -20.3346
            ],
            [
              -46.611,
              -20.3343
            ],
            [
              -46.6148,
              -20.3326
            ],
            [
              -46.6198,
              -20.3301
            ],
            [
              -46.6249,
              -20.3271
            ],
            [
              -46.6296,
              -20.326
            ],
            [
              -46.6347,
              -20.3239
            ],
            [
              -46.6412,
              -20.3186
            ],
            [
              -46.6446,
              -20.317
            ],
            [
              -46.6487,
              -20.3162
            ],
            [
              -46.6543,
              -20.3128
            ],
            [
              -46.6588,
              -20.3097
            ],
            [
              -46.663,
              -20.3077
            ],
            [
              -46.6655,
              -20.3058
            ],
            [
              -46.6682,
              -20.3032
            ],
            [
              -46.6703,
              -20.3027
            ],
            [
              -46.6735,
              -20.3026
            ],
            [
              -46.6755,
              -20.3022
            ],
            [
              -46.6792,
              -20.299
            ],
            [
              -46.6809,
              -20.297
            ],
            [
              -46.6842,
              -20.2948
            ],
            [
              -46.6853,
              -20.2929
            ],
            [
              -46.6843,
              -20.2915
            ],
            [
              -46.6846,
              -20.2901
            ],
            [
              -46.687,
              -20.2875
            ],
            [
              -46.6887,
              -20.2845
            ],
            [
              -46.6907,
              -20.2829
            ],
            [
              -46.6931,
              -20.2795
            ],
            [
              -46.6956,
              -20.2772
            ],
            [
              -46.698,
              -20.2758
            ],
            [
              -46.702,
              -20.273
            ],
            [
              -46.7039,
              -20.2719
            ],
            [
              -46.7062,
              -20.272
            ],
            [
              -46.7125,
              -20.2732
            ],
            [
              -46.7153,
              -20.273
            ],
            [
              -46.7204,
              -20.2723
            ],
            [
              -46.7226,
              -20.2715
            ],
            [
              -46.729,
              -20.2697
            ],
            [
              -46.7341,
              -20.2696
            ],
            [
              -46.7366,
              -20.2693
            ],
            [
              -46.7428,
              -20.2677
            ],
            [
              -46.744,
              -20.2677
            ],
            [
              -46.7495,
              -20.2692
            ],
            [
              -46.753,
              -20.2677
            ],
            [
              -46.7545,
              -20.2677
            ],
            [
              -46.7558,
              -20.2685
            ],
            [
              -46.7574,
              -20.272
            ],
            [
              -46.7582,
              -20.2729
            ],
            [
              -46.7629,
              -20.2735
            ],
            [
              -46.7645,
              -20.2741
            ],
            [
              -46.7692,
              -20.2739
            ],
            [
              -46.7702,
              -20.2745
            ],
            [
              -46.7713,
              -20.2772
            ],
            [
              -46.7728,
              -20.2777
            ],
            [
              -46.7754,
              -20.2763
            ],
            [
              -46.7763,
              -20.2747
            ],
            [
              -46.7764,
              -20.2709
            ],
            [
              -46.7755,
              -20.2676
            ],
            [
              -46.7749,
              -20.2608
            ],
            [
              -46.776,
              -20.2583
            ],
            [
              -46.7765,
              -20.2558
            ],
            [
              -46.778,
              -20.253
            ],
            [
              -46.7781,
              -20.2503
            ],
            [
              -46.7787,
              -20.2489
            ],
            [
              -46.7818,
              -20.2445
            ],
            [
              -46.7827,
              -20.2419
            ],
            [
              -46.7821,
              -20.2386
            ],
            [
              -46.7793,
              -20.2381
            ],
            [
              -46.7784,
              -20.2376
            ],
            [
              -46.7776,
              -20.2358
            ],
            [
              -46.7775,
              -20.2341
            ],
            [
              -46.7784,
              -20.2328
            ],
            [
              -46.7815,
              -20.2312
            ],
            [
              -46.784,
              -20.2257
            ],
            [
              -46.7838,
              -20.2228
            ],
            [
              -46.7827,
              -20.2214
            ],
            [
              -46.7808,
              -20.2203
            ],
            [
              -46.7781,
              -20.2196
            ],
            [
              -46.7764,
              -20.2184
            ],
            [
              -46.7764,
              -20.2168
            ],
            [
              -46.778,
              -20.2154
            ],
            [
              -46.7796,
              -20.2149
            ],
            [
              -46.7842,
              -20.2128
            ],
            [
              -46.7881,
              -20.21
            ],
            [
              -46.7898,
              -20.2085
            ],
            [
              -46.7932,
              -20.2082
            ],
            [
              -46.7966,
              -20.2095
            ],
            [
              -46.7971,
              -20.21
            ],
            [
              -46.8013,
              -20.2111
            ],
            [
              -46.8025,
              -20.2107
            ],
            [
              -46.8036,
              -20.2081
            ],
            [
              -46.8068,
              -20.2064
            ],
            [
              -46.8115,
              -20.2034
            ],
            [
              -46.816,
              -20.2003
            ],
            [
              -46.8173,
              -20.1999
            ],
            [
              -46.819,
              -20.1983
            ],
            [
              -46.8205,
              -20.1959
            ],
            [
              -46.8214,
              -20.1952
            ],
            [
              -46.8291,
              -20.1929
            ],
            [
              -46.8337,
              -20.1905
            ],
            [
              -46.8355,
              -20.19
            ],
            [
              -46.8389,
              -20.1899
            ],
            [
              -46.8409,
              -20.1885
            ],
            [
              -46.8448,
              -20.1873
            ],
            [
              -46.8477,
              -20.1862
            ],
            [
              -46.8549,
              -20.1826
            ],
            [
              -46.8607,
              -20.1813
            ],
            [
              -46.8629,
              -20.1798
            ],
            [
              -46.8671,
              -20.1776
            ],
            [
              -46.8703,
              -20.1766
            ],
            [
              -46.8727,
              -20.1766
            ],
            [
              -46.8754,
              -20.1779
            ],
            [
              -46.8776,
              -20.1802
            ],
            [
              -46.8787,
              -20.1809
            ],
            [
              -46.8827,
              -20.1816
            ],
            [
              -46.8837,
              -20.1826
            ],
            [
              -46.8834,
              -20.1865
            ],
            [
              -46.8839,
              -20.1902
            ],
            [
              -46.8856,
              -20.1922
            ],
            [
              -46.8874,
              -20.1931
            ],
            [
              -46.8964,
              -20.1925
            ],
            [
              -46.8982,
              -20.1917
            ],
            [
              -46.8998,
              -20.1901
            ],
            [
              -46.9016,
              -20.187
            ],
            [
              -46.9035,
              -20.1833
            ],
            [
              -46.9053,
              -20.1818
            ],
            [
              -46.9069,
              -20.1815
            ],
            [
              -46.9099,
              -20.1803
            ],
            [
              -46.9111,
              -20.1794
            ],
            [
              -46.9149,
              -20.1776
            ],
            [
              -46.917,
              -20.1771
            ],
            [
              -46.9207,
              -20.1766
            ],
            [
              -46.9236,
              -20.1747
            ],
            [
              -46.9278,
              -20.1732
            ],
            [
              -46.9301,
              -20.1717
            ],
            [
              -46.9338,
              -20.1704
            ],
            [
              -46.9352,
              -20.1702
            ],
            [
              -46.9376,
              -20.1708
            ],
            [
              -46.9416,
              -20.1699
            ],
            [
              -46.9432,
              -20.1709
            ],
            [
              -46.9439,
              -20.1746
            ],
            [
              -46.9444,
              -20.1751
            ],
            [
              -46.9465,
              -20.1751
            ],
            [
              -46.9494,
              -20.1756
            ],
            [
              -46.9522,
              -20.1749
            ],
            [
              -46.9542,
              -20.1739
            ],
            [
              -46.9571,
              -20.1737
            ],
            [
              -46.9582,
              -20.1751
            ],
            [
              -46.9643,
              -20.1759
            ],
            [
              -46.9667,
              -20.1759
            ],
            [
              -46.9674,
              -20.1766
            ],
            [
              -46.9659,
              -20.1791
            ],
            [
              -46.9669,
              -20.1819
            ],
            [
              -46.9704,
              -20.1864
            ],
            [
              -46.9727,
              -20.1897
            ],
            [
              -46.9757,
              -20.1914
            ],
            [
              -46.9779,
              -20.1931
            ],
            [
              -46.9821,
              -20.1946
            ],
            [
              -46.9836,
              -20.1958
            ],
            [
              -46.9845,
              -20.1958
            ],
            [
              -46.9886,
              -20.1939
            ],
            [
              -46.9934,
              -20.1938
            ],
            [
              -46.9963,
              -20.192
            ],
            [
              -46.9975,
              -20.1902
            ],
            [
              -46.9999,
              -20.1887
            ],
            [
              -47.0014,
              -20.1881
            ],
            [
              -47.0029,
              -20.1895
            ],
            [
              -47.0068,
              -20.1902
            ],
            [
              -47.0086,
              -20.1908
            ],
            [
              -47.0102,
              -20.1934
            ],
            [
              -47.0113,
              -20.1941
            ],
            [
              -47.0144,
              -20.1939
            ],
            [
              -47.0171,
              -20.1947
            ],
            [
              -47.0203,
              -20.1945
            ],
            [
              -47.0229,
              -20.1926
            ],
            [
              -47.0248,
              -20.1919
            ],
            [
              -47.0283,
              -20.1922
            ],
            [
              -47.0312,
              -20.1896
            ],
            [
              -47.0349,
              -20.1881
            ],
            [
              -47.0372,
              -20.1885
            ],
            [
              -47.0412,
              -20.1885
            ],
            [
              -47.0427,
              -20.1878
            ],
            [
              -47.0455,
              -20.1877
            ],
            [
              -47.0468,
              -20.188
            ],
            [
              -47.0514,
              -20.192
            ],
            [
              -47.0531,
              -20.193
            ],
            [
              -47.0597,
              -20.1956
            ],
            [
              -47.0627,
              -20.1962
            ],
            [
              -47.0675,
              -20.1979
            ],
            [
              -47.0702,
              -20.1984
            ],
            [
              -47.0747,
              -20.1984
            ],
            [
              -47.0794,
              -20.1992
            ],
            [
              -47.0821,
              -20.1993
            ],
            [
              -47.0874,
              -20.2001
            ],
            [
              -47.0886,
              -20.1998
            ],
            [
              -47.0922,
              -20.2
            ],
            [
              -47.0953,
              -20.2012
            ],
            [
              -47.0975,
              -20.2014
            ],
            [
              -47.1012,
              -20.2028
            ],
            [
              -47.1043,
              -20.2034
            ],
            [
              -47.1092,
              -20.2038
            ],
            [
              -47.1095,
              -20.2051
            ],
            [
              -47.1089,
              -20.2081
            ],
            [
              -47.1092,
              -20.2128
            ],
            [
              -47.1088,
              -20.216
            ],
            [
              -47.1083,
              -20.2172
            ],
            [
              -47.1062,
              -20.2194
            ],
            [
              -47.106,
              -20.2228
            ],
            [
              -47.1069,
              -20.2285
            ],
            [
              -47.1067,
              -20.2314
            ],
            [
              -47.1056,
              -20.2356
            ],
            [
              -47.1052,
              -20.2383
            ],
            [
              -47.1044,
              -20.2394
            ],
            [
              -47.1037,
              -20.2437
            ],
            [
              -47.1036,
              -20.2462
            ],
            [
              -47.1042,
              -20.247
            ],
            [
              -47.11,
              -20.2469
            ],
            [
              -47.1123,
              -20.2459
            ],
            [
              -47.1135,
              -20.2462
            ],
            [
              -47.1151,
              -20.2501
            ],
            [
              -47.1166,
              -20.2512
            ],
            [
              -47.1159,
              -20.2563
            ],
            [
              -47.1136,
              -20.2606
            ],
            [
              -47.111,
              -20.2624
            ],
            [
              -47.1066,
              -20.2634
            ],
            [
              -47.1045,
              -20.2636
            ],
            [
              -47.1023,
              -20.2646
            ],
            [
              -47.0995,
              -20.2668
            ],
            [
              -47.0947,
              -20.2697
            ],
            [
              -47.0891,
              -20.2708
            ],
            [
              -47.0844,
              -20.2719
            ],
            [
              -47.0791,
              -20.2741
            ],
            [
              -47.0771,
              -20.2765
            ],
            [
              -47.0735,
              -20.2777
            ],
            [
              -47.0718,
              -20.2787
            ],
            [
              -47.0681,
              -20.2831
            ],
            [
              -47.0667,
              -20.284
            ],
            [
              -47.0653,
              -20.2828
            ],
            [
              -47.0641,
              -20.2825
            ],
            [
              -47.0634,
              -20.2851
            ],
            [
              -47.061,
              -20.2861
            ],
            [
              -47.0594,
              -20.2873
            ],
            [
              -47.057,
              -20.2918
            ],
            [
              -47.0553,
              -20.2958
            ],
            [
              -47.0531,
              -20.3026
            ],
            [
              -47.0526,
              -20.3047
            ],
            [
              -47.0512,
              -20.3078
            ],
            [
              -47.0488,
              -20.3101
            ],
            [
              -47.0459,
              -20.3112
            ],
            [
              -47.0439,
              -20.3115
            ],
            [
              -47.0415,
              -20.3114
            ],
            [
              -47.037,
              -20.3106
            ],
            [
              -47.0347,
              -20.3106
            ],
            [
              -47.0295,
              -20.3096
            ],
            [
              -47.0273,
              -20.3093
            ],
            [
              -47.019,
              -20.3104
            ],
            [
              -47.0156,
              -20.311
            ],
            [
              -47.0095,
              -20.3126
            ],
            [
              -47.0044,
              -20.3143
            ],
            [
              -47.001,
              -20.315
            ],
            [
              -46.9995,
              -20.3161
            ],
            [
              -46.9979,
              -20.3182
            ],
            [
              -46.9954,
              -20.3205
            ],
            [
              -46.9908,
              -20.3273
            ],
            [
              -46.9888,
              -20.3309
            ],
            [
              -46.9837,
              -20.3367
            ],
            [
              -46.9817,
              -20.3401
            ],
            [
              -46.9811,
              -20.3417
            ],
            [
              -46.9803,
              -20.3484
            ],
            [
              -46.9799,
              -20.3626
            ],
            [
              -46.9801,
              -20.3673
            ],
            [
              -46.9799,
              -20.3693
            ],
            [
              -46.9788,
              -20.3731
            ],
            [
              -46.976,
              -20.3757
            ],
            [
              -46.9741,
              -20.3767
            ],
            [
              -46.9714,
              -20.3775
            ],
            [
              -46.9662,
              -20.3796
            ],
            [
              -46.9631,
              -20.3797
            ],
            [
              -46.9563,
              -20.3787
            ],
            [
              -46.9522,
              -20.3771
            ],
            [
              -46.9482,
              -20.3746
            ],
            [
              -46.945,
              -20.3708
            ],
            [
              -46.9426,
              -20.366
            ],
            [
              -46.9404,
              -20.3628
            ],
            [
              -46.9388,
              -20.3611
            ],
            [
              -46.9353,
              -20.36
            ],
            [
              -46.9315,
              -20.3598
            ],
            [
              -46.9277,
              -20.3599
            ],
            [
              -46.9239,
              -20.3607
            ],
            [
              -46.9199,
              -20.3642
            ],
            [
              -46.9175,
              -20.3682
            ],
            [
              -46.9156,
              -20.374
            ],
            [
              -46.9154,
              -20.3767
            ],
            [
              -46.9147,
              -20.3795
            ],
            [
              -46.9141,
              -20.3849
            ],
            [
              -46.9134,
              -20.3945
            ],
            [
              -46.9129,
              -20.3976
            ],
            [
              -46.9119,
              -20.3994
            ],
            [
              -46.9098,
              -20.4045
            ],
            [
              -46.9083,
              -20.407
            ],
            [
              -46.9055,
              -20.4097
            ],
            [
              -46.9006,
              -20.4134
            ],
            [
              -46.8988,
              -20.4144
            ],
            [
              -46.895,
              -20.4155
            ],
            [
              -46.8904,
              -20.4174
            ],
            [
              -46.8882,
              -20.4187
            ],
            [
              -46.8806,
              -20.4207
            ],
            [
              -46.8735,
              -20.4209
            ],
            [
              -46.8673,
              -20.4205
            ],
            [
              -46.8612,
              -20.419
            ],
            [
              -46.8547,
              -20.4159
            ],
            [
              -46.8504,
              -20.4141
            ],
            [
              -46.8426,
              -20.412
            ],
            [
              -46.84,
              -20.4111
            ],
            [
              -46.8352,
              -20.41
            ],
            [
              -46.83,
              -20.4115
            ],
            [
              -46.827,
              -20.4138
            ],
            [
              -46.8236,
              -20.4179
            ],
            [
              -46.822,
              -20.4227
            ],
            [
              -46.8211,
              -20.4263
            ],
            [
              -46.8196,
              -20.4373
            ],
            [
              -46.8184,
              -20.4435
            ],
            [
              -46.8183,
              -20.4455
            ],
            [
              -46.8188,
              -20.4516
            ],
            [
              -46.819,
              -20.4581
            ],
            [
              -46.8197,
              -20.4619
            ]
          ]
        ]
      },
      "properties": {
        "codarea": "3121209",
        "nome_municipio": "Delfinópolis",
        "codigo_ibge": 3121209
      }
    }
  ]
}