{
  "type": "FeatureCollection",
  "nome_ig": "Manguezais de Alagoas",
  "municipios_lista": "barra de santo antonio;barra de sao miguel;boca da mata;campo alegre;coqueiro seco;coruripe;igreja nova;maceio;maragogi;marechal deodoro;matriz de camaragibe;passo de camaragibe;penedo;piacabucu;pilar;porto calvo;porto de pedras;rio largo;roteiro;santa luzia do norte;sao luis do quitunde;sao miguel dos campos;sao miguel dos milagres;satuba;teotonio vilela",
  "features": [
    {
      "type": "Feature",
      "geometry": {
        "type": "Polygon",
        "coordinates": [
          [
            [
              -35.2413,
              -9.0647
            ],
            [
              -35.2404,
              -9.0646
            ],
            [
              -35.2394,
              -9.062
            ],
            [
              -35.2394,
              -9.0575
            ],
            [
              -35.2397,
              -9.0541
            ],
            [
              -35.2391,
              -9.0494
            ],
            [
              -35.2386,
              -9.048
            ],
            [
              -35.2366,
              -9.0449
            ],
            [
              -35.2345,
              -9.0423
            ],
            [
              -35.2334,
              -9.0398
            ],
            [
              -35.2302,
              -9.0366
            ],
            [
              -35.2296,
              -9.0342
            ],
            [
              -35.2271,
              -9.03
            ],
            [
              -35.2265,
              -9.028
            ],
            [
              -35.225,
              -9.0264
            ],
            [
              -35.2246,
              -9.0251
            ],
            [
              -35.224,
              -9.0201
            ],
            [
              -35.223,
              -9.0174
            ],
            [
              -35.2208,
              -9.0138
            ],
            [
              -35.2167,
              -9.0082
            ],
            [
              -35.2148,
              -9.0061
            ],
            [
              -35.2123,
              -9.0043
            ],
            [
              -35.2078,
              -8.9996
            ],
            [
              -35.2057,
              -8.997
            ],
            [
              -35.2022,
              -8.9935
            ],
            [
              -35.1999,
              -8.9926
            ],
            [
              -35.1977,
              -8.9904
            ],
            [
              -35.1932,
              -8.9879
            ],
            [
              -35.1889,
              -8.9832
            ],
            [
              -35.1852,
              -8.9802
            ],
            [
              -35.1816,
              -8.9782
            ],
            [
              -35.1811,
              -8.9774
            ],
            [
              -35.1796,
              -8.9737
            ],
            [
              -35.178,
              -8.9707
            ],
            [
              -35.1766,
              -8.9691
            ],
            [
              -35.1757,
              -8.9665
            ],
            [
              -35.1745,
              -8.9617
            ],
            [
              -35.1722,
              -8.9558
            ],
            [
              -35.1708,
              -8.952
            ],
            [
              -35.1703,
              -8.9477
            ],
            [
              -35.1688,
              -8.9411
            ],
            [
              -35.1667,
              -8.9349
            ],
            [
              -35.1642,
              -8.9311
            ],
            [
              -35.1617,
              -8.928
            ],
            [
              -35.1578,
              -8.9239
            ],
            [
              -35.155,
              -8.9207
            ],
            [
              -35.152,
              -8.9157
            ],
            [
              -35.1527,
              -8.9139
            ],
            [
              -35.1547,
              -8.914
            ],
            [
              -35.1554,
              -8.9126
            ],
            [
              -35.154,
              -8.912
            ],
            [
              -35.1552,
              -8.9096
            ],
            [
              -35.1559,
              -8.9055
            ],
            [
              -35.1555,
              -8.9047
            ],
            [
              -35.156,
              -8.9028
            ],
            [
              -35.162,
              -8.8983
            ],
            [
              -35.1628,
              -8.8974
            ],
            [
              -35.1648,
              -8.8964
            ],
            [
              -35.1661,
              -8.8946
            ],
            [
              -35.1683,
              -8.8925
            ],
            [
              -35.1712,
              -8.8906
            ],
            [
              -35.1742,
              -8.8904
            ],
            [
              -35.1767,
              -8.8888
            ],
            [
              -35.1788,
              -8.8888
            ],
            [
              -35.1816,
              -8.8881
            ],
            [
              -35.1859,
              -8.89
            ],
            [
              -35.1884,
              -8.8898
            ],
            [
              -35.1901,
              -8.8885
            ],
            [
              -35.1921,
              -8.8888
            ],
            [
              -35.1959,
              -8.8883
            ],
            [
              -35.1981,
              -8.8874
            ],
            [
              -35.2006,
              -8.8882
            ],
            [
              -35.2031,
              -8.8882
            ],
            [
              -35.2068,
              -8.8908
            ],
            [
              -35.208,
              -8.8908
            ],
            [
              -35.2091,
              -8.8918
            ],
            [
              -35.2109,
              -8.8908
            ],
            [
              -35.2114,
              -8.8889
            ],
            [
              -35.2128,
              -8.8886
            ],
            [
              -35.2142,
              -8.8892
            ],
            [
              -35.2151,
              -8.8887
            ],
            [
              -35.2175,
              -8.8886
            ],
            [
              -35.2201,
              -8.8893
            ],
            [
              -35.2221,
              -8.8874
            ],
            [
              -35.2255,
              -8.8871
            ],
            [
              -35.2271,
              -8.8855
            ],
            [
              -35.2284,
              -8.8855
            ],
            [
              -35.2296,
              -8.8846
            ],
            [
              -35.2316,
              -8.884
            ],
            [
              -35.2323,
              -8.8843
            ],
            [
              -35.235,
              -8.8832
            ],
            [
              -35.2378,
              -8.8827
            ],
            [
              -35.2409,
              -8.8832
            ],
            [
              -35.2427,
              -8.8841
            ],
            [
              -35.2465,
              -8.885
            ],
            [
              -35.2481,
              -8.885
            ],
            [
              -35.2528,
              -8.8872
            ],
            [
              -35.2551,
              -8.8855
            ],
            [
              -35.2571,
              -8.8851
            ],
            [
              -35.2608,
              -8.8833
            ],
            [
              -35.2629,
              -8.8814
            ],
            [
              -35.2652,
              -8.8806
            ],
            [
              -35.2671,
              -8.881
            ],
            [
              -35.269,
              -8.8792
            ],
            [
              -35.2715,
              -8.8786
            ],
            [
              -35.2731,
              -8.8775
            ],
            [
              -35.275,
              -8.8774
            ],
            [
              -35.2776,
              -8.8752
            ],
            [
              -35.2801,
              -8.875
            ],
            [
              -35.2826,
              -8.8758
            ],
            [
              -35.2877,
              -8.8766
            ],
            [
              -35.3508,
              -8.8607
            ],
            [
              -35.3511,
              -8.8631
            ],
            [
              -35.3504,
              -8.8642
            ],
            [
              -35.3486,
              -8.8651
            ],
            [
              -35.346,
              -8.8677
            ],
            [
              -35.3454,
              -8.8697
            ],
            [
              -35.3419,
              -8.8746
            ],
            [
              -35.3431,
              -8.8768
            ],
            [
              -35.3466,
              -8.8767
            ],
            [
              -35.3507,
              -8.878
            ],
            [
              -35.3534,
              -8.8807
            ],
            [
              -35.3555,
              -8.8837
            ],
            [
              -35.3596,
              -8.8849
            ],
            [
              -35.3604,
              -8.8864
            ],
            [
              -35.3617,
              -8.8921
            ],
            [
              -35.3647,
              -8.8974
            ],
            [
              -35.3652,
              -8.9007
            ],
            [
              -35.3664,
              -8.9033
            ],
            [
              -35.367,
              -8.9089
            ],
            [
              -35.3721,
              -8.9124
            ],
            [
              -35.3719,
              -8.9163
            ],
            [
              -35.3699,
              -8.9209
            ],
            [
              -35.3694,
              -8.925
            ],
            [
              -35.371,
              -8.9289
            ],
            [
              -35.3698,
              -8.9312
            ],
            [
              -35.3687,
              -8.9323
            ],
            [
              -35.3695,
              -8.9349
            ],
            [
              -35.3689,
              -8.9357
            ],
            [
              -35.3691,
              -8.9375
            ],
            [
              -35.3673,
              -8.942
            ],
            [
              -35.3664,
              -8.9434
            ],
            [
              -35.3644,
              -8.945
            ],
            [
              -35.3643,
              -8.9477
            ],
            [
              -35.362,
              -8.949
            ],
            [
              -35.3603,
              -8.9541
            ],
            [
              -35.3586,
              -8.9558
            ],
            [
              -35.3585,
              -8.9567
            ],
            [
              -35.3571,
              -8.9577
            ],
            [
              -35.354,
              -8.9636
            ],
            [
              -35.3548,
              -8.9668
            ],
            [
              -35.3565,
              -8.9704
            ],
            [
              -35.3563,
              -8.9725
            ],
            [
              -35.3574,
              -8.9785
            ],
            [
              -35.3584,
              -8.9812
            ],
            [
              -35.3432,
              -9.0003
            ],
            [
              -35.3445,
              -9.0023
            ],
            [
              -35.3405,
              -9.0028
            ],
            [
              -35.3388,
              -9.0035
            ],
            [
              -35.3377,
              -9.005
            ],
            [
              -35.3384,
              -9.0057
            ],
            [
              -35.3363,
              -9.0088
            ],
            [
              -35.3329,
              -9.0106
            ],
            [
              -35.332,
              -9.0106
            ],
            [
              -35.3312,
              -9.0132
            ],
            [
              -35.3297,
              -9.0127
            ],
            [
              -35.3283,
              -9.013
            ],
            [
              -35.3266,
              -9.0121
            ],
            [
              -35.3244,
              -9.0134
            ],
            [
              -35.3243,
              -9.0143
            ],
            [
              -35.3218,
              -9.014
            ],
            [
              -35.3213,
              -9.0149
            ],
            [
              -35.3212,
              -9.0172
            ],
            [
              -35.3155,
              -9.02
            ],
            [
              -35.3131,
              -9.0203
            ],
            [
              -35.3107,
              -9.0197
            ],
            [
              -35.3106,
              -9.0218
            ],
            [
              -35.3114,
              -9.0231
            ],
            [
              -35.31,
              -9.0249
            ],
            [
              -35.308,
              -9.0255
            ],
            [
              -35.3033,
              -9.0285
            ],
            [
              -35.3023,
              -9.0292
            ],
            [
              -35.2984,
              -9.0298
            ],
            [
              -35.2967,
              -9.0308
            ],
            [
              -35.2951,
              -9.0309
            ],
            [
              -35.2949,
              -9.0326
            ],
            [
              -35.2923,
              -9.034
            ],
            [
              -35.2879,
              -9.0338
            ],
            [
              -35.287,
              -9.0342
            ],
            [
              -35.2822,
              -9.0415
            ],
            [
              -35.279,
              -9.0461
            ],
            [
              -35.2706,
              -9.055
            ],
            [
              -35.269,
              -9.057
            ],
            [
              -35.2632,
              -9.0662
            ],
            [
              -35.261,
              -9.0689
            ],
            [
              -35.2532,
              -9.073
            ],
            [
              -35.2516,
              -9.0732
            ],
            [
              -35.2471,
              -9.0703
            ],
            [
              -35.2446,
              -9.0695
            ],
            [
              -35.2417,
              -9.0659
            ],
            [
              -35.2413,
              -9.0647
            ]
          ]
        ]
      },
      "properties": {
        "codarea": "2704500",
        "nome_municipio": "Maragogi",
        "codigo_ibge": 2704500
      }
    },
    {
      "type": "Feature",
      "geometry": {
        "type": "Polygon",
        "coordinates": [
          [
            [
              -36.4869,
              -10.4232
            ],
            [
              -36.4832,
              -10.4213
            ],
            [
              -36.4723,
              -10.4148
            ],
            [
              -36.4686,
              -10.411
            ],
            [
              -36.4666,
              -10.4095
            ],
            [
              -36.4631,
              -10.4085
            ],
            [
              -36.4599,
              -10.4095
            ],
            [
              -36.4515,
              -10.4137
            ],
            [
              -36.4484,
              -10.416
            ],
            [
              -36.4437,
              -10.421
            ],
            [
              -36.4371,
              -10.4251
            ],
            [
              -36.4307,
              -10.43
            ],
            [
              -36.4276,
              -10.4335
            ],
            [
              -36.4248,
              -10.438
            ],
            [
              -36.422,
              -10.4429
            ],
            [
              -36.4184,
              -10.4526
            ],
            [
              -36.4128,
              -10.4654
            ],
            [
              -36.4104,
              -10.4695
            ],
            [
              -36.4088,
              -10.4743
            ],
            [
              -36.4067,
              -10.479
            ],
            [
              -36.4036,
              -10.487
            ],
            [
              -36.399,
              -10.494
            ],
            [
              -36.3959,
              -10.4969
            ],
            [
              -36.3908,
              -10.5004
            ],
            [
              -36.3893,
              -10.4999
            ],
            [
              -36.3877,
              -10.4986
            ],
            [
              -36.3857,
              -10.4955
            ],
            [
              -36.382,
              -10.4881
            ],
            [
              -36.3795,
              -10.4835
            ],
            [
              -36.3729,
              -10.4721
            ],
            [
              -36.3697,
              -10.467
            ],
            [
              -36.3669,
              -10.4628
            ],
            [
              -36.359,
              -10.4501
            ],
            [
              -36.3572,
              -10.4468
            ],
            [
              -36.3536,
              -10.4395
            ],
            [
              -36.3507,
              -10.4344
            ],
            [
              -36.35,
              -10.4324
            ],
            [
              -36.3401,
              -10.414
            ],
            [
              -36.3349,
              -10.4053
            ],
            [
              -36.3321,
              -10.4002
            ],
            [
              -36.3269,
              -10.3921
            ],
            [
              -36.3218,
              -10.3846
            ],
            [
              -36.3192,
              -10.3806
            ],
            [
              -36.3145,
              -10.3743
            ],
            [
              -36.3116,
              -10.3709
            ],
            [
              -36.3059,
              -10.3648
            ],
            [
              -36.3035,
              -10.3634
            ],
            [
              -36.2998,
              -10.3629
            ],
            [
              -36.2983,
              -10.3615
            ],
            [
              -36.2976,
              -10.3589
            ],
            [
              -36.2938,
              -10.3555
            ],
            [
              -36.2933,
              -10.3542
            ],
            [
              -36.294,
              -10.3528
            ],
            [
              -36.2992,
              -10.3482
            ],
            [
              -36.3014,
              -10.3446
            ],
            [
              -36.3035,
              -10.3442
            ],
            [
              -36.3084,
              -10.346
            ],
            [
              -36.31,
              -10.3475
            ],
            [
              -36.3109,
              -10.3476
            ],
            [
              -36.3153,
              -10.3466
            ],
            [
              -36.33,
              -10.3362
            ],
            [
              -36.3307,
              -10.3355
            ],
            [
              -36.3469,
              -10.3289
            ],
            [
              -36.3931,
              -10.3098
            ],
            [
              -36.3953,
              -10.3078
            ],
            [
              -36.3962,
              -10.3049
            ],
            [
              -36.3985,
              -10.3029
            ],
            [
              -36.4002,
              -10.306
            ],
            [
              -36.4007,
              -10.3081
            ],
            [
              -36.4035,
              -10.3093
            ],
            [
              -36.4055,
              -10.3123
            ],
            [
              -36.4084,
              -10.3134
            ],
            [
              -36.4105,
              -10.3173
            ],
            [
              -36.4104,
              -10.3197
            ],
            [
              -36.4125,
              -10.3231
            ],
            [
              -36.4151,
              -10.3252
            ],
            [
              -36.417,
              -10.3289
            ],
            [
              -36.4214,
              -10.3296
            ],
            [
              -36.4255,
              -10.3272
            ],
            [
              -36.4284,
              -10.3269
            ],
            [
              -36.4305,
              -10.3288
            ],
            [
              -36.4357,
              -10.3293
            ],
            [
              -36.4407,
              -10.3307
            ],
            [
              -36.4476,
              -10.3353
            ],
            [
              -36.4603,
              -10.333
            ],
            [
              -36.4908,
              -10.3495
            ],
            [
              -36.4907,
              -10.3509
            ],
            [
              -36.4921,
              -10.3512
            ],
            [
              -36.4947,
              -10.3531
            ],
            [
              -36.4962,
              -10.3553
            ],
            [
              -36.4939,
              -10.3571
            ],
            [
              -36.4906,
              -10.3566
            ],
            [
              -36.4902,
              -10.361
            ],
            [
              -36.4916,
              -10.3646
            ],
            [
              -36.4955,
              -10.367
            ],
            [
              -36.5003,
              -10.3668
            ],
            [
              -36.5022,
              -10.3674
            ],
            [
              -36.5045,
              -10.3667
            ],
            [
              -36.5077,
              -10.3684
            ],
            [
              -36.5085,
              -10.3716
            ],
            [
              -36.5084,
              -10.3788
            ],
            [
              -36.505,
              -10.3808
            ],
            [
              -36.5015,
              -10.3813
            ],
            [
              -36.4965,
              -10.3805
            ],
            [
              -36.4927,
              -10.3791
            ],
            [
              -36.4899,
              -10.3788
            ],
            [
              -36.4882,
              -10.3824
            ],
            [
              -36.4929,
              -10.3888
            ],
            [
              -36.4969,
              -10.3902
            ],
            [
              -36.5004,
              -10.3906
            ],
            [
              -36.5007,
              -10.3909
            ],
            [
              -36.5039,
              -10.3908
            ],
            [
              -36.5059,
              -10.393
            ],
            [
              -36.5062,
              -10.3956
            ],
            [
              -36.5023,
              -10.4036
            ],
            [
              -36.4993,
              -10.4063
            ],
            [
              -36.4869,
              -10.4232
            ]
          ]
        ]
      },
      "properties": {
        "codarea": "2706802",
        "nome_municipio": "Piaçabuçu",
        "codigo_ibge": 2706802
      }
    },
    {
      "type": "Feature",
      "geometry": {
        "type": "Polygon",
        "coordinates": [
          [
            [
              -36.562,
              -10.4157
            ],
            [
              -36.5611,
              -10.4176
            ],
            [
              -36.5576,
              -10.421
            ],
            [
              -36.5536,
              -10.424
            ],
            [
              -36.5497,
              -10.4259
            ],
            [
              -36.5448,
              -10.4272
            ],
            [
              -36.5413,
              -10.4287
            ],
            [
              -36.5351,
              -10.4303
            ],
            [
              -36.5294,
              -10.4309
            ],
            [
              -36.5191,
              -10.431
            ],
            [
              -36.5172,
              -10.4309
            ],
            [
              -36.5085,
              -10.4319
            ],
            [
              -36.5019,
              -10.4311
            ],
            [
              -36.4956,
              -10.4279
            ],
            [
              -36.4894,
              -10.4245
            ],
            [
              -36.4869,
              -10.4232
            ],
            [
              -36.4993,
              -10.4063
            ],
            [
              -36.5023,
              -10.4036
            ],
            [
              -36.5062,
              -10.3956
            ],
            [
              -36.5059,
              -10.393
            ],
            [
              -36.5039,
              -10.3908
            ],
            [
              -36.5007,
              -10.3909
            ],
            [
              -36.5004,
              -10.3906
            ],
            [
              -36.4969,
              -10.3902
            ],
            [
              -36.4929,
              -10.3888
            ],
            [
              -36.4882,
              -10.3824
            ],
            [
              -36.4899,
              -10.3788
            ],
            [
              -36.4927,
              -10.3791
            ],
            [
              -36.4965,
              -10.3805
            ],
            [
              -36.5015,
              -10.3813
            ],
            [
              -36.505,
              -10.3808
            ],
            [
              -36.5084,
              -10.3788
            ],
            [
              -36.5085,
              -10.3716
            ],
            [
              -36.5077,
              -10.3684
            ],
            [
              -36.5045,
              -10.3667
            ],
            [
              -36.5022,
              -10.3674
            ],
            [
              -36.5003,
              -10.3668
            ],
            [
              -36.4955,
              -10.367
            ],
            [
              -36.4916,
              -10.3646
            ],
            [
              -36.4902,
              -10.361
            ],
            [
              -36.4906,
              -10.3566
            ],
            [
              -36.4939,
              -10.3571
            ],
            [
              -36.4962,
              -10.3553
            ],
            [
              -36.4947,
              -10.3531
            ],
            [
              -36.4921,
              -10.3512
            ],
            [
              -36.4907,
              -10.3509
            ],
            [
              -36.4908,
              -10.3495
            ],
            [
              -36.4603,
              -10.333
            ],
            [
              -36.4476,
              -10.3353
            ],
            [
              -36.4407,
              -10.3307
            ],
            [
              -36.4357,
              -10.3293
            ],
            [
              -36.4305,
              -10.3288
            ],
            [
              -36.4284,
              -10.3269
            ],
            [
              -36.4255,
              -10.3272
            ],
            [
              -36.4214,
              -10.3296
            ],
            [
              -36.417,
              -10.3289
            ],
            [
              -36.4151,
              -10.3252
            ],
            [
              -36.4125,
              -10.3231
            ],
            [
              -36.4104,
              -10.3197
            ],
            [
              -36.4105,
              -10.3173
            ],
            [
              -36.4084,
              -10.3134
            ],
            [
              -36.4055,
              -10.3123
            ],
            [
              -36.4035,
              -10.3093
            ],
            [
              -36.4007,
              -10.3081
            ],
            [
              -36.4002,
              -10.306
            ],
            [
              -36.3985,
              -10.3029
            ],
            [
              -36.3962,
              -10.3049
            ],
            [
              -36.3953,
              -10.3078
            ],
            [
              -36.3931,
              -10.3098
            ],
            [
              -36.3906,
              -10.3088
            ],
            [
              -36.3896,
              -10.3075
            ],
            [
              -36.3887,
              -10.3047
            ],
            [
              -36.3865,
              -10.3015
            ],
            [
              -36.3856,
              -10.3009
            ],
            [
              -36.3816,
              -10.3
            ],
            [
              -36.3804,
              -10.299
            ],
            [
              -36.3789,
              -10.2957
            ],
            [
              -36.3764,
              -10.2924
            ],
            [
              -36.3775,
              -10.2884
            ],
            [
              -36.3793,
              -10.284
            ],
            [
              -36.3809,
              -10.2822
            ],
            [
              -36.3814,
              -10.2806
            ],
            [
              -36.3811,
              -10.2764
            ],
            [
              -36.3818,
              -10.2749
            ],
            [
              -36.3837,
              -10.2732
            ],
            [
              -36.3847,
              -10.2711
            ],
            [
              -36.3867,
              -10.2695
            ],
            [
              -36.3919,
              -10.2681
            ],
            [
              -36.3928,
              -10.2667
            ],
            [
              -36.3928,
              -10.265
            ],
            [
              -36.3949,
              -10.2628
            ],
            [
              -36.3957,
              -10.2615
            ],
            [
              -36.3964,
              -10.2572
            ],
            [
              -36.3953,
              -10.2546
            ],
            [
              -36.3954,
              -10.2527
            ],
            [
              -36.3973,
              -10.2509
            ],
            [
              -36.3987,
              -10.2481
            ],
            [
              -36.3981,
              -10.2453
            ],
            [
              -36.3962,
              -10.2431
            ],
            [
              -36.3948,
              -10.2425
            ],
            [
              -36.3933,
              -10.2405
            ],
            [
              -36.3915,
              -10.2411
            ],
            [
              -36.3897,
              -10.24
            ],
            [
              -36.3886,
              -10.2381
            ],
            [
              -36.3858,
              -10.2372
            ],
            [
              -36.3844,
              -10.2356
            ],
            [
              -36.3831,
              -10.2348
            ],
            [
              -36.3802,
              -10.2344
            ],
            [
              -36.3794,
              -10.2351
            ],
            [
              -36.3779,
              -10.2342
            ],
            [
              -36.3773,
              -10.2347
            ],
            [
              -36.3759,
              -10.2336
            ],
            [
              -36.3728,
              -10.233
            ],
            [
              -36.3724,
              -10.2314
            ],
            [
              -36.3713,
              -10.2303
            ],
            [
              -36.3727,
              -10.2275
            ],
            [
              -36.3724,
              -10.2243
            ],
            [
              -36.3701,
              -10.2259
            ],
            [
              -36.3674,
              -10.2263
            ],
            [
              -36.3648,
              -10.2261
            ],
            [
              -36.3631,
              -10.224
            ],
            [
              -36.3568,
              -10.2204
            ],
            [
              -36.3534,
              -10.2157
            ],
            [
              -36.352,
              -10.2126
            ],
            [
              -36.3535,
              -10.2123
            ],
            [
              -36.3534,
              -10.2103
            ],
            [
              -36.3522,
              -10.208
            ],
            [
              -36.3521,
              -10.2065
            ],
            [
              -36.3535,
              -10.2046
            ],
            [
              -36.3538,
              -10.2027
            ],
            [
              -36.3519,
              -10.2026
            ],
            [
              -36.3494,
              -10.201
            ],
            [
              -36.3479,
              -10.198
            ],
            [
              -36.3476,
              -10.194
            ],
            [
              -36.3427,
              -10.1903
            ],
            [
              -36.3405,
              -10.1878
            ],
            [
              -36.3382,
              -10.1859
            ],
            [
              -36.3357,
              -10.1803
            ],
            [
              -36.3368,
              -10.1742
            ],
            [
              -36.3434,
              -10.1647
            ],
            [
              -36.3446,
              -10.1638
            ],
            [
              -36.3454,
              -10.1643
            ],
            [
              -36.3602,
              -10.1572
            ],
            [
              -36.3615,
              -10.1552
            ],
            [
              -36.3622,
              -10.1531
            ],
            [
              -36.3624,
              -10.1493
            ],
            [
              -36.3603,
              -10.1347
            ],
            [
              -36.362,
              -10.1216
            ],
            [
              -36.3684,
              -10.1147
            ],
            [
              -36.3698,
              -10.1142
            ],
            [
              -36.3701,
              -10.113
            ],
            [
              -36.3722,
              -10.1114
            ],
            [
              -36.3732,
              -10.1098
            ],
            [
              -36.3736,
              -10.1076
            ],
            [
              -36.3782,
              -10.104
            ],
            [
              -36.3854,
              -10.1031
            ],
            [
              -36.3888,
              -10.1032
            ],
            [
              -36.3921,
              -10.1048
            ],
            [
              -36.3941,
              -10.1042
            ],
            [
              -36.3966,
              -10.1024
            ],
            [
              -36.3997,
              -10.1018
            ],
            [
              -36.3996,
              -10.0951
            ],
            [
              -36.3989,
              -10.092
            ],
            [
              -36.3993,
              -10.0837
            ],
            [
              -36.4008,
              -10.0823
            ],
            [
              -36.4026,
              -10.083
            ],
            [
              -36.4082,
              -10.0828
            ],
            [
              -36.4109,
              -10.0833
            ],
            [
              -36.4127,
              -10.0848
            ],
            [
              -36.4143,
              -10.084
            ],
            [
              -36.4159,
              -10.0821
            ],
            [
              -36.4183,
              -10.0748
            ],
            [
              -36.4177,
              -10.0717
            ],
            [
              -36.4182,
              -10.0664
            ],
            [
              -36.4201,
              -10.0655
            ],
            [
              -36.4207,
              -10.0668
            ],
            [
              -36.4202,
              -10.0686
            ],
            [
              -36.4244,
              -10.0681
            ],
            [
              -36.4271,
              -10.0706
            ],
            [
              -36.4294,
              -10.071
            ],
            [
              -36.4325,
              -10.0734
            ],
            [
              -36.4348,
              -10.0737
            ],
            [
              -36.4361,
              -10.0722
            ],
            [
              -36.4364,
              -10.0709
            ],
            [
              -36.4393,
              -10.0691
            ],
            [
              -36.4397,
              -10.0671
            ],
            [
              -36.4404,
              -10.0657
            ],
            [
              -36.4487,
              -10.0602
            ],
            [
              -36.4486,
              -10.0552
            ],
            [
              -36.4498,
              -10.0536
            ],
            [
              -36.4481,
              -10.0515
            ],
            [
              -36.4486,
              -10.0499
            ],
            [
              -36.4484,
              -10.0477
            ],
            [
              -36.45,
              -10.0469
            ],
            [
              -36.4503,
              -10.0426
            ],
            [
              -36.4523,
              -10.0418
            ],
            [
              -36.4524,
              -10.0403
            ],
            [
              -36.4541,
              -10.0373
            ],
            [
              -36.4536,
              -10.0349
            ],
            [
              -36.455,
              -10.0323
            ],
            [
              -36.4914,
              -10.0711
            ],
            [
              -36.4952,
              -10.0795
            ],
            [
              -36.4951,
              -10.0821
            ],
            [
              -36.496,
              -10.0835
            ],
            [
              -36.4962,
              -10.0857
            ],
            [
              -36.4955,
              -10.0878
            ],
            [
              -36.4965,
              -10.0894
            ],
            [
              -36.4977,
              -10.0931
            ],
            [
              -36.5008,
              -10.0939
            ],
            [
              -36.5021,
              -10.0946
            ],
            [
              -36.5044,
              -10.1259
            ],
            [
              -36.5113,
              -10.1486
            ],
            [
              -36.5185,
              -10.1652
            ],
            [
              -36.5236,
              -10.1765
            ],
            [
              -36.5919,
              -10.1924
            ],
            [
              -36.6138,
              -10.1997
            ],
            [
              -36.6198,
              -10.2055
            ],
            [
              -36.625,
              -10.2154
            ],
            [
              -36.6319,
              -10.22
            ],
            [
              -36.642,
              -10.2319
            ],
            [
              -36.6599,
              -10.2467
            ],
            [
              -36.6562,
              -10.2462
            ],
            [
              -36.6535,
              -10.2478
            ],
            [
              -36.6502,
              -10.2482
            ],
            [
              -36.6487,
              -10.2475
            ],
            [
              -36.6471,
              -10.2476
            ],
            [
              -36.6446,
              -10.2498
            ],
            [
              -36.6398,
              -10.2472
            ],
            [
              -36.6352,
              -10.2491
            ],
            [
              -36.6319,
              -10.2522
            ],
            [
              -36.6275,
              -10.253
            ],
            [
              -36.6245,
              -10.2542
            ],
            [
              -36.6226,
              -10.2553
            ],
            [
              -36.6215,
              -10.2564
            ],
            [
              -36.6197,
              -10.2601
            ],
            [
              -36.6177,
              -10.2628
            ],
            [
              -36.6131,
              -10.2675
            ],
            [
              -36.6106,
              -10.2703
            ],
            [
              -36.6081,
              -10.2748
            ],
            [
              -36.6059,
              -10.2784
            ],
            [
              -36.6051,
              -10.2822
            ],
            [
              -36.6037,
              -10.2858
            ],
            [
              -36.6005,
              -10.2901
            ],
            [
              -36.5964,
              -10.2941
            ],
            [
              -36.5913,
              -10.2985
            ],
            [
              -36.5873,
              -10.3013
            ],
            [
              -36.5846,
              -10.3039
            ],
            [
              -36.5825,
              -10.3052
            ],
            [
              -36.5761,
              -10.3112
            ],
            [
              -36.5737,
              -10.3135
            ],
            [
              -36.5718,
              -10.3161
            ],
            [
              -36.5708,
              -10.3191
            ],
            [
              -36.5701,
              -10.3232
            ],
            [
              -36.5691,
              -10.3262
            ],
            [
              -36.5676,
              -10.3287
            ],
            [
              -36.5668,
              -10.3308
            ],
            [
              -36.5661,
              -10.3353
            ],
            [
              -36.5639,
              -10.343
            ],
            [
              -36.5639,
              -10.347
            ],
            [
              -36.5642,
              -10.3511
            ],
            [
              -36.5649,
              -10.3559
            ],
            [
              -36.5645,
              -10.3583
            ],
            [
              -36.5598,
              -10.3653
            ],
            [
              -36.5576,
              -10.3701
            ],
            [
              -36.5567,
              -10.3771
            ],
            [
              -36.5573,
              -10.3832
            ],
            [
              -36.5581,
              -10.3907
            ],
            [
              -36.5591,
              -10.396
            ],
            [
              -36.5594,
              -10.4031
            ],
            [
              -36.56,
              -10.4066
            ],
            [
              -36.5627,
              -10.4139
            ],
            [
              -36.562,
              -10.4157
            ]
          ]
        ]
      },
      "properties": {
        "codarea": "2706703",
        "nome_municipio": "Penedo",
        "codigo_ibge": 2706703
      }
    },
    {
      "type": "Feature",
      "geometry": {
        "type": "Polygon",
        "coordinates": [
          [
            [
              -36.651,
              -10.0346
            ],
            [
              -36.656,
              -10.0343
            ],
            [
              -36.6611,
              -10.0366
            ],
            [
              -36.6611,
              -10.042
            ],
            [
              -36.6604,
              -10.0461
            ],
            [
              -36.6604,
              -10.0476
            ],
            [
              -36.6613,
              -10.05
            ],
            [
              -36.6663,
              -10.0514
            ],
            [
              -36.6708,
              -10.0662
            ],
            [
              -36.6699,
              -10.0688
            ],
            [
              -36.6705,
              -10.0722
            ],
            [
              -36.6704,
              -10.0741
            ],
            [
              -36.6728,
              -10.0778
            ],
            [
              -36.6739,
              -10.0947
            ],
            [
              -36.6797,
              -10.1083
            ],
            [
              -36.6836,
              -10.1259
            ],
            [
              -36.7035,
              -10.1321
            ],
            [
              -36.7281,
              -10.1421
            ],
            [
              -36.7316,
              -10.1406
            ],
            [
              -36.7328,
              -10.1412
            ],
            [
              -36.7378,
              -10.1423
            ],
            [
              -36.7447,
              -10.145
            ],
            [
              -36.7345,
              -10.1563
            ],
            [
              -36.7341,
              -10.1575
            ],
            [
              -36.7302,
              -10.1615
            ],
            [
              -36.7296,
              -10.1935
            ],
            [
              -36.722,
              -10.2368
            ],
            [
              -36.7226,
              -10.2443
            ],
            [
              -36.7214,
              -10.2498
            ],
            [
              -36.7233,
              -10.2518
            ],
            [
              -36.7238,
              -10.2536
            ],
            [
              -36.7204,
              -10.2649
            ],
            [
              -36.7145,
              -10.2672
            ],
            [
              -36.708,
              -10.2681
            ],
            [
              -36.706,
              -10.2685
            ],
            [
              -36.7016,
              -10.2704
            ],
            [
              -36.6955,
              -10.2712
            ],
            [
              -36.6915,
              -10.2716
            ],
            [
              -36.6858,
              -10.2712
            ],
            [
              -36.6837,
              -10.2708
            ],
            [
              -36.6778,
              -10.2695
            ],
            [
              -36.6753,
              -10.2692
            ],
            [
              -36.6699,
              -10.2678
            ],
            [
              -36.6675,
              -10.2678
            ],
            [
              -36.6629,
              -10.2685
            ],
            [
              -36.6593,
              -10.2684
            ],
            [
              -36.6577,
              -10.2679
            ],
            [
              -36.6513,
              -10.2639
            ],
            [
              -36.6497,
              -10.2622
            ],
            [
              -36.6474,
              -10.2582
            ],
            [
              -36.6431,
              -10.2544
            ],
            [
              -36.6386,
              -10.252
            ],
            [
              -36.6341,
              -10.2519
            ],
            [
              -36.6319,
              -10.2522
            ],
            [
              -36.6352,
              -10.2491
            ],
            [
              -36.6398,
              -10.2472
            ],
            [
              -36.6446,
              -10.2498
            ],
            [
              -36.6471,
              -10.2476
            ],
            [
              -36.6487,
              -10.2475
            ],
            [
              -36.6502,
              -10.2482
            ],
            [
              -36.6535,
              -10.2478
            ],
            [
              -36.6562,
              -10.2462
            ],
            [
              -36.6599,
              -10.2467
            ],
            [
              -36.642,
              -10.2319
            ],
            [
              -36.6319,
              -10.22
            ],
            [
              -36.625,
              -10.2154
            ],
            [
              -36.6198,
              -10.2055
            ],
            [
              -36.6138,
              -10.1997
            ],
            [
              -36.5919,
              -10.1924
            ],
            [
              -36.5236,
              -10.1765
            ],
            [
              -36.5185,
              -10.1652
            ],
            [
              -36.5113,
              -10.1486
            ],
            [
              -36.5044,
              -10.1259
            ],
            [
              -36.5021,
              -10.0946
            ],
            [
              -36.5008,
              -10.0939
            ],
            [
              -36.4977,
              -10.0931
            ],
            [
              -36.4965,
              -10.0894
            ],
            [
              -36.4955,
              -10.0878
            ],
            [
              -36.4962,
              -10.0857
            ],
            [
              -36.496,
              -10.0835
            ],
            [
              -36.4951,
              -10.0821
            ],
            [
              -36.4952,
              -10.0795
            ],
            [
              -36.4914,
              -10.0711
            ],
            [
              -36.4942,
              -10.0706
            ],
            [
              -36.4975,
              -10.071
            ],
            [
              -36.5002,
              -10.0697
            ],
            [
              -36.5015,
              -10.0708
            ],
            [
              -36.5096,
              -10.0686
            ],
            [
              -36.5102,
              -10.0654
            ],
            [
              -36.5097,
              -10.0623
            ],
            [
              -36.5106,
              -10.0559
            ],
            [
              -36.5126,
              -10.0499
            ],
            [
              -36.5151,
              -10.0493
            ],
            [
              -36.5158,
              -10.0463
            ],
            [
              -36.5152,
              -10.0443
            ],
            [
              -36.5172,
              -10.0405
            ],
            [
              -36.5757,
              -10.0379
            ],
            [
              -36.651,
              -10.0346
            ]
          ]
        ]
      },
      "properties": {
        "codarea": "2703205",
        "nome_municipio": "Igreja Nova",
        "codigo_ibge": 2703205
      }
    },
    {
      "type": "Feature",
      "geometry": {
        "type": "Polygon",
        "coordinates": [
          [
            [
              -36.2596,
              -10.2641
            ],
            [
              -36.2581,
              -10.2628
            ],
            [
              -36.2439,
              -10.2522
            ],
            [
              -36.2382,
              -10.2467
            ],
            [
              -36.2355,
              -10.2435
            ],
            [
              -36.2281,
              -10.2338
            ],
            [
              -36.2252,
              -10.2302
            ],
            [
              -36.2214,
              -10.2259
            ],
            [
              -36.2151,
              -10.2201
            ],
            [
              -36.2092,
              -10.2156
            ],
            [
              -36.1959,
              -10.207
            ],
            [
              -36.19,
              -10.2029
            ],
            [
              -36.1866,
              -10.2
            ],
            [
              -36.1846,
              -10.1979
            ],
            [
              -36.1834,
              -10.1957
            ],
            [
              -36.1787,
              -10.1867
            ],
            [
              -36.1751,
              -10.181
            ],
            [
              -36.1679,
              -10.1721
            ],
            [
              -36.1642,
              -10.1686
            ],
            [
              -36.1579,
              -10.1638
            ],
            [
              -36.1543,
              -10.1616
            ],
            [
              -36.1529,
              -10.1609
            ],
            [
              -36.1517,
              -10.1596
            ],
            [
              -36.1526,
              -10.1591
            ],
            [
              -36.1525,
              -10.1578
            ],
            [
              -36.1516,
              -10.1564
            ],
            [
              -36.1502,
              -10.1564
            ],
            [
              -36.1488,
              -10.1577
            ],
            [
              -36.1464,
              -10.1561
            ],
            [
              -36.1429,
              -10.1554
            ],
            [
              -36.14,
              -10.1557
            ],
            [
              -36.1383,
              -10.1564
            ],
            [
              -36.1357,
              -10.1593
            ],
            [
              -36.1358,
              -10.1614
            ],
            [
              -36.1338,
              -10.1598
            ],
            [
              -36.1319,
              -10.1551
            ],
            [
              -36.1282,
              -10.1485
            ],
            [
              -36.1273,
              -10.1465
            ],
            [
              -36.1227,
              -10.14
            ],
            [
              -36.1204,
              -10.1377
            ],
            [
              -36.1176,
              -10.1362
            ],
            [
              -36.1148,
              -10.1355
            ],
            [
              -36.1138,
              -10.1347
            ],
            [
              -36.1131,
              -10.1329
            ],
            [
              -36.1114,
              -10.1312
            ],
            [
              -36.1093,
              -10.1301
            ],
            [
              -36.1092,
              -10.1283
            ],
            [
              -36.1082,
              -10.1261
            ],
            [
              -36.1074,
              -10.1229
            ],
            [
              -36.1056,
              -10.1191
            ],
            [
              -36.1044,
              -10.117
            ],
            [
              -36.1027,
              -10.1152
            ],
            [
              -36.1005,
              -10.1106
            ],
            [
              -36.098,
              -10.1063
            ],
            [
              -36.0925,
              -10.0985
            ],
            [
              -36.0903,
              -10.0959
            ],
            [
              -36.0883,
              -10.094
            ],
            [
              -36.0853,
              -10.0918
            ],
            [
              -36.0805,
              -10.0894
            ],
            [
              -36.0778,
              -10.0886
            ],
            [
              -36.0697,
              -10.0848
            ],
            [
              -36.0672,
              -10.0843
            ],
            [
              -36.0655,
              -10.0848
            ],
            [
              -36.063,
              -10.0851
            ],
            [
              -36.0609,
              -10.085
            ],
            [
              -36.058,
              -10.0843
            ],
            [
              -36.0552,
              -10.0805
            ],
            [
              -36.0535,
              -10.08
            ],
            [
              -36.052,
              -10.0778
            ],
            [
              -36.0506,
              -10.0765
            ],
            [
              -36.0486,
              -10.0753
            ],
            [
              -36.0461,
              -10.0754
            ],
            [
              -36.045,
              -10.0739
            ],
            [
              -36.0452,
              -10.0716
            ],
            [
              -36.045,
              -10.0689
            ],
            [
              -36.0435,
              -10.067
            ],
            [
              -36.0423,
              -10.064
            ],
            [
              -36.0381,
              -10.0594
            ],
            [
              -36.0357,
              -10.0576
            ],
            [
              -36.0348,
              -10.0565
            ],
            [
              -36.0333,
              -10.0534
            ],
            [
              -36.0314,
              -10.0515
            ],
            [
              -36.0315,
              -10.0508
            ],
            [
              -36.0308,
              -10.047
            ],
            [
              -36.036,
              -10.0467
            ],
            [
              -36.0419,
              -10.0511
            ],
            [
              -36.044,
              -10.05
            ],
            [
              -36.0566,
              -10.0419
            ],
            [
              -36.0556,
              -10.037
            ],
            [
              -36.0531,
              -10.0341
            ],
            [
              -36.0525,
              -10.0322
            ],
            [
              -36.0518,
              -10.0317
            ],
            [
              -36.0514,
              -10.0294
            ],
            [
              -36.052,
              -10.0288
            ],
            [
              -36.0546,
              -10.0285
            ],
            [
              -36.0552,
              -10.0279
            ],
            [
              -36.0565,
              -10.0243
            ],
            [
              -36.0571,
              -10.0209
            ],
            [
              -36.0567,
              -10.0168
            ],
            [
              -36.0558,
              -10.0137
            ],
            [
              -36.0565,
              -10.0118
            ],
            [
              -36.0618,
              -10.0088
            ],
            [
              -36.0625,
              -10.007
            ],
            [
              -36.0649,
              -10.0056
            ],
            [
              -36.0694,
              -10.004
            ],
            [
              -36.0723,
              -10.0043
            ],
            [
              -36.074,
              -10.0033
            ],
            [
              -36.0752,
              -9.9996
            ],
            [
              -36.0771,
              -9.991
            ],
            [
              -36.0788,
              -9.9866
            ],
            [
              -36.0809,
              -9.982
            ],
            [
              -36.0823,
              -9.9797
            ],
            [
              -36.0837,
              -9.9786
            ],
            [
              -36.0889,
              -9.9766
            ],
            [
              -36.0929,
              -9.9693
            ],
            [
              -36.0958,
              -9.9673
            ],
            [
              -36.1021,
              -9.9623
            ],
            [
              -36.1048,
              -9.9583
            ],
            [
              -36.1047,
              -9.9545
            ],
            [
              -36.1061,
              -9.9515
            ],
            [
              -36.1078,
              -9.9501
            ],
            [
              -36.1091,
              -9.9485
            ],
            [
              -36.111,
              -9.9477
            ],
            [
              -36.1126,
              -9.9461
            ],
            [
              -36.1143,
              -9.9424
            ],
            [
              -36.1159,
              -9.9396
            ],
            [
              -36.1199,
              -9.9365
            ],
            [
              -36.1217,
              -9.9346
            ],
            [
              -36.1239,
              -9.9337
            ],
            [
              -36.281,
              -9.9351
            ],
            [
              -36.2835,
              -9.9555
            ],
            [
              -36.2879,
              -9.9853
            ],
            [
              -36.2899,
              -9.9947
            ],
            [
              -36.2912,
              -10.0003
            ],
            [
              -36.2932,
              -10.0041
            ],
            [
              -36.296,
              -10.0081
            ],
            [
              -36.298,
              -10.0128
            ],
            [
              -36.3056,
              -10.0194
            ],
            [
              -36.3061,
              -10.024
            ],
            [
              -36.3047,
              -10.0314
            ],
            [
              -36.3655,
              -10.0351
            ],
            [
              -36.4209,
              -10.0384
            ],
            [
              -36.4524,
              -10.0403
            ],
            [
              -36.4523,
              -10.0418
            ],
            [
              -36.4503,
              -10.0426
            ],
            [
              -36.45,
              -10.0469
            ],
            [
              -36.4484,
              -10.0477
            ],
            [
              -36.4486,
              -10.0499
            ],
            [
              -36.4481,
              -10.0515
            ],
            [
              -36.4498,
              -10.0536
            ],
            [
              -36.4486,
              -10.0552
            ],
            [
              -36.4487,
              -10.0602
            ],
            [
              -36.4404,
              -10.0657
            ],
            [
              -36.4397,
              -10.0671
            ],
            [
              -36.4393,
              -10.0691
            ],
            [
              -36.4364,
              -10.0709
            ],
            [
              -36.4361,
              -10.0722
            ],
            [
              -36.4348,
              -10.0737
            ],
            [
              -36.4325,
              -10.0734
            ],
            [
              -36.4294,
              -10.071
            ],
            [
              -36.4271,
              -10.0706
            ],
            [
              -36.4244,
              -10.0681
            ],
            [
              -36.4202,
              -10.0686
            ],
            [
              -36.4207,
              -10.0668
            ],
            [
              -36.4201,
              -10.0655
            ],
            [
              -36.4182,
              -10.0664
            ],
            [
              -36.4177,
              -10.0717
            ],
            [
              -36.4183,
              -10.0748
            ],
            [
              -36.4159,
              -10.0821
            ],
            [
              -36.4143,
              -10.084
            ],
            [
              -36.4127,
              -10.0848
            ],
            [
              -36.4109,
              -10.0833
            ],
            [
              -36.4082,
              -10.0828
            ],
            [
              -36.4026,
              -10.083
            ],
            [
              -36.4008,
              -10.0823
            ],
            [
              -36.3993,
              -10.0837
            ],
            [
              -36.3989,
              -10.092
            ],
            [
              -36.3996,
              -10.0951
            ],
            [
              -36.3997,
              -10.1018
            ],
            [
              -36.3966,
              -10.1024
            ],
            [
              -36.3941,
              -10.1042
            ],
            [
              -36.3921,
              -10.1048
            ],
            [
              -36.3888,
              -10.1032
            ],
            [
              -36.3854,
              -10.1031
            ],
            [
              -36.3782,
              -10.104
            ],
            [
              -36.3736,
              -10.1076
            ],
            [
              -36.3732,
              -10.1098
            ],
            [
              -36.3722,
              -10.1114
            ],
            [
              -36.3701,
              -10.113
            ],
            [
              -36.3698,
              -10.1142
            ],
            [
              -36.3684,
              -10.1147
            ],
            [
              -36.362,
              -10.1216
            ],
            [
              -36.3603,
              -10.1347
            ],
            [
              -36.3624,
              -10.1493
            ],
            [
              -36.3622,
              -10.1531
            ],
            [
              -36.3615,
              -10.1552
            ],
            [
              -36.3602,
              -10.1572
            ],
            [
              -36.3454,
              -10.1643
            ],
            [
              -36.3446,
              -10.1638
            ],
            [
              -36.3434,
              -10.1647
            ],
            [
              -36.3368,
              -10.1742
            ],
            [
              -36.3357,
              -10.1803
            ],
            [
              -36.3382,
              -10.1859
            ],
            [
              -36.3405,
              -10.1878
            ],
            [
              -36.3427,
              -10.1903
            ],
            [
              -36.3476,
              -10.194
            ],
            [
              -36.3479,
              -10.198
            ],
            [
              -36.3494,
              -10.201
            ],
            [
              -36.3519,
              -10.2026
            ],
            [
              -36.3538,
              -10.2027
            ],
            [
              -36.3535,
              -10.2046
            ],
            [
              -36.3521,
              -10.2065
            ],
            [
              -36.3522,
              -10.208
            ],
            [
              -36.3534,
              -10.2103
            ],
            [
              -36.3535,
              -10.2123
            ],
            [
              -36.352,
              -10.2126
            ],
            [
              -36.3534,
              -10.2157
            ],
            [
              -36.3568,
              -10.2204
            ],
            [
              -36.3631,
              -10.224
            ],
            [
              -36.3648,
              -10.2261
            ],
            [
              -36.3674,
              -10.2263
            ],
            [
              -36.3701,
              -10.2259
            ],
            [
              -36.3724,
              -10.2243
            ],
            [
              -36.3727,
              -10.2275
            ],
            [
              -36.3713,
              -10.2303
            ],
            [
              -36.3639,
              -10.2324
            ],
            [
              -36.2694,
              -10.2611
            ],
            [
              -36.2596,
              -10.2641
            ]
          ]
        ]
      },
      "properties": {
        "codarea": "2702306",
        "nome_municipio": "Coruripe",
        "codigo_ibge": 2702306
      }
    },
    {
      "type": "Feature",
      "geometry": {
        "type": "Polygon",
        "coordinates": [
          [
            [
              -36.3131,
              -9.8869
            ],
            [
              -36.3488,
              -9.8815
            ],
            [
              -36.3797,
              -9.8769
            ],
            [
              -36.3954,
              -9.8744
            ],
            [
              -36.3987,
              -9.8871
            ],
            [
              -36.4137,
              -9.9089
            ],
            [
              -36.4484,
              -9.9604
            ],
            [
              -36.4577,
              -9.9618
            ],
            [
              -36.4689,
              -9.971
            ],
            [
              -36.479,
              -9.96
            ],
            [
              -36.4801,
              -9.9612
            ],
            [
              -36.4794,
              -9.9635
            ],
            [
              -36.4772,
              -9.967
            ],
            [
              -36.4755,
              -9.9679
            ],
            [
              -36.4742,
              -9.9707
            ],
            [
              -36.4726,
              -9.9729
            ],
            [
              -36.4721,
              -9.9748
            ],
            [
              -36.4729,
              -9.9776
            ],
            [
              -36.4729,
              -9.9792
            ],
            [
              -36.4734,
              -9.981
            ],
            [
              -36.4731,
              -9.9834
            ],
            [
              -36.4737,
              -9.9855
            ],
            [
              -36.4731,
              -9.9865
            ],
            [
              -36.4735,
              -9.9902
            ],
            [
              -36.4745,
              -9.9918
            ],
            [
              -36.4736,
              -9.993
            ],
            [
              -36.4742,
              -9.9947
            ],
            [
              -36.4739,
              -9.9969
            ],
            [
              -36.4747,
              -9.9988
            ],
            [
              -36.4744,
              -9.9996
            ],
            [
              -36.4758,
              -10.0007
            ],
            [
              -36.4786,
              -10.0008
            ],
            [
              -36.4805,
              -10.0026
            ],
            [
              -36.4811,
              -10.0052
            ],
            [
              -36.4825,
              -10.0087
            ],
            [
              -36.4847,
              -10.0104
            ],
            [
              -36.4859,
              -10.0134
            ],
            [
              -36.4878,
              -10.016
            ],
            [
              -36.4875,
              -10.0186
            ],
            [
              -36.4884,
              -10.019
            ],
            [
              -36.4878,
              -10.022
            ],
            [
              -36.4854,
              -10.0259
            ],
            [
              -36.4835,
              -10.027
            ],
            [
              -36.4795,
              -10.0275
            ],
            [
              -36.4742,
              -10.0275
            ],
            [
              -36.4736,
              -10.0293
            ],
            [
              -36.4721,
              -10.0297
            ],
            [
              -36.471,
              -10.0309
            ],
            [
              -36.4664,
              -10.0308
            ],
            [
              -36.4634,
              -10.0304
            ],
            [
              -36.4612,
              -10.0306
            ],
            [
              -36.4582,
              -10.0294
            ],
            [
              -36.4576,
              -10.0302
            ],
            [
              -36.4562,
              -10.0298
            ],
            [
              -36.455,
              -10.0323
            ],
            [
              -36.4536,
              -10.0349
            ],
            [
              -36.4541,
              -10.0373
            ],
            [
              -36.4524,
              -10.0403
            ],
            [
              -36.4209,
              -10.0384
            ],
            [
              -36.3655,
              -10.0351
            ],
            [
              -36.3047,
              -10.0314
            ],
            [
              -36.3061,
              -10.024
            ],
            [
              -36.3056,
              -10.0194
            ],
            [
              -36.298,
              -10.0128
            ],
            [
              -36.296,
              -10.0081
            ],
            [
              -36.2932,
              -10.0041
            ],
            [
              -36.2912,
              -10.0003
            ],
            [
              -36.2899,
              -9.9947
            ],
            [
              -36.2879,
              -9.9853
            ],
            [
              -36.2835,
              -9.9555
            ],
            [
              -36.281,
              -9.9351
            ],
            [
              -36.2809,
              -9.9347
            ],
            [
              -36.2797,
              -9.9248
            ],
            [
              -36.2773,
              -9.8997
            ],
            [
              -36.2779,
              -9.8923
            ],
            [
              -36.3131,
              -9.8869
            ]
          ]
        ]
      },
      "properties": {
        "codarea": "2709152",
        "nome_municipio": "Teotônio Vilela",
        "codigo_ibge": 2709152
      }
    },
    {
      "type": "Feature",
      "geometry": {
        "type": "Polygon",
        "coordinates": [
          [
            [
              -35.9047,
              -9.8559
            ],
            [
              -35.9049,
              -9.8519
            ],
            [
              -35.9043,
              -9.8498
            ],
            [
              -35.9025,
              -9.8467
            ],
            [
              -35.9006,
              -9.8459
            ],
            [
              -35.8992,
              -9.8459
            ],
            [
              -35.8959,
              -9.843
            ],
            [
              -35.8936,
              -9.8425
            ],
            [
              -35.8893,
              -9.8396
            ],
            [
              -35.8853,
              -9.8347
            ],
            [
              -35.8839,
              -9.8324
            ],
            [
              -35.8817,
              -9.8298
            ],
            [
              -35.8784,
              -9.8247
            ],
            [
              -35.8766,
              -9.8217
            ],
            [
              -35.873,
              -9.8147
            ],
            [
              -35.864,
              -9.8004
            ],
            [
              -35.8569,
              -9.7901
            ],
            [
              -35.8553,
              -9.7883
            ],
            [
              -35.9056,
              -9.8119
            ],
            [
              -35.9093,
              -9.8104
            ],
            [
              -35.9101,
              -9.8095
            ],
            [
              -35.9133,
              -9.8099
            ],
            [
              -35.9147,
              -9.8096
            ],
            [
              -35.9155,
              -9.8062
            ],
            [
              -35.916,
              -9.8053
            ],
            [
              -35.9188,
              -9.8051
            ],
            [
              -35.9219,
              -9.8038
            ],
            [
              -35.9224,
              -9.7995
            ],
            [
              -35.9242,
              -9.7984
            ],
            [
              -35.9253,
              -9.7966
            ],
            [
              -35.9265,
              -9.7957
            ],
            [
              -35.9295,
              -9.7955
            ],
            [
              -35.9329,
              -9.7967
            ],
            [
              -35.9339,
              -9.7965
            ],
            [
              -35.9355,
              -9.7944
            ],
            [
              -35.9374,
              -9.7947
            ],
            [
              -35.938,
              -9.7926
            ],
            [
              -35.9383,
              -9.7896
            ],
            [
              -35.94,
              -9.7885
            ],
            [
              -35.9425,
              -9.7876
            ],
            [
              -35.944,
              -9.7879
            ],
            [
              -35.9448,
              -9.7872
            ],
            [
              -35.9494,
              -9.7872
            ],
            [
              -35.9521,
              -9.7868
            ],
            [
              -35.9566,
              -9.7867
            ],
            [
              -35.9575,
              -9.7872
            ],
            [
              -35.9591,
              -9.7893
            ],
            [
              -35.9605,
              -9.7899
            ],
            [
              -35.9624,
              -9.7897
            ],
            [
              -35.9639,
              -9.7885
            ],
            [
              -35.9671,
              -9.7884
            ],
            [
              -35.9725,
              -9.7855
            ],
            [
              -35.9744,
              -9.7842
            ],
            [
              -35.9772,
              -9.7843
            ],
            [
              -35.9782,
              -9.7847
            ],
            [
              -35.9798,
              -9.7863
            ],
            [
              -35.9812,
              -9.786
            ],
            [
              -35.984,
              -9.7846
            ],
            [
              -35.9869,
              -9.7824
            ],
            [
              -35.9888,
              -9.7815
            ],
            [
              -35.9912,
              -9.7818
            ],
            [
              -35.9951,
              -9.7796
            ],
            [
              -35.9959,
              -9.7782
            ],
            [
              -35.9982,
              -9.7767
            ],
            [
              -36.0007,
              -9.7745
            ],
            [
              -36.0034,
              -9.7705
            ],
            [
              -36.0046,
              -9.7671
            ],
            [
              -36.0171,
              -9.7892
            ],
            [
              -36.0282,
              -9.809
            ],
            [
              -36.0262,
              -9.8094
            ],
            [
              -36.0269,
              -9.8112
            ],
            [
              -36.0254,
              -9.8123
            ],
            [
              -36.0221,
              -9.8112
            ],
            [
              -36.0211,
              -9.8096
            ],
            [
              -36.0185,
              -9.808
            ],
            [
              -36.0175,
              -9.8088
            ],
            [
              -36.0164,
              -9.8078
            ],
            [
              -36.0149,
              -9.8082
            ],
            [
              -36.0135,
              -9.8101
            ],
            [
              -36.0112,
              -9.8103
            ],
            [
              -36.0102,
              -9.8117
            ],
            [
              -36.0089,
              -9.8112
            ],
            [
              -36.0084,
              -9.8122
            ],
            [
              -36.0057,
              -9.8111
            ],
            [
              -36.005,
              -9.8124
            ],
            [
              -36.0002,
              -9.8154
            ],
            [
              -35.9998,
              -9.8182
            ],
            [
              -35.9972,
              -9.8196
            ],
            [
              -35.9956,
              -9.8195
            ],
            [
              -35.9923,
              -9.8184
            ],
            [
              -35.991,
              -9.8184
            ],
            [
              -35.9897,
              -9.8192
            ],
            [
              -35.9874,
              -9.8215
            ],
            [
              -35.9866,
              -9.8232
            ],
            [
              -35.9839,
              -9.8259
            ],
            [
              -35.9808,
              -9.8264
            ],
            [
              -35.9775,
              -9.8259
            ],
            [
              -35.9753,
              -9.8265
            ],
            [
              -35.9739,
              -9.8273
            ],
            [
              -35.9687,
              -9.8296
            ],
            [
              -35.9662,
              -9.8317
            ],
            [
              -35.9624,
              -9.8336
            ],
            [
              -35.9606,
              -9.8369
            ],
            [
              -35.9568,
              -9.8395
            ],
            [
              -35.9543,
              -9.8432
            ],
            [
              -35.9518,
              -9.8447
            ],
            [
              -35.9501,
              -9.8452
            ],
            [
              -35.9442,
              -9.8452
            ],
            [
              -35.9415,
              -9.8454
            ],
            [
              -35.9383,
              -9.8448
            ],
            [
              -35.9333,
              -9.8429
            ],
            [
              -35.9303,
              -9.842
            ],
            [
              -35.9272,
              -9.8404
            ],
            [
              -35.9257,
              -9.8391
            ],
            [
              -35.9227,
              -9.8379
            ],
            [
              -35.921,
              -9.8379
            ],
            [
              -35.9179,
              -9.8387
            ],
            [
              -35.9162,
              -9.8396
            ],
            [
              -35.9136,
              -9.8435
            ],
            [
              -35.9091,
              -9.8478
            ],
            [
              -35.9081,
              -9.8494
            ],
            [
              -35.9071,
              -9.852
            ],
            [
              -35.9047,
              -9.8559
            ]
          ]
        ]
      },
      "properties": {
        "codarea": "2700607",
        "nome_municipio": "Barra de São Miguel",
        "codigo_ibge": 2700607
      }
    },
    {
      "type": "Feature",
      "geometry": {
        "type": "Polygon",
        "coordinates": [
          [
            [
              -36.2809,
              -9.9347
            ],
            [
              -36.2222,
              -9.9087
            ],
            [
              -36.1783,
              -9.8893
            ],
            [
              -36.1818,
              -9.8797
            ],
            [
              -36.2398,
              -9.8718
            ],
            [
              -36.2371,
              -9.8672
            ],
            [
              -36.2333,
              -9.8602
            ],
            [
              -36.2196,
              -9.8369
            ],
            [
              -36.2161,
              -9.8389
            ],
            [
              -36.2146,
              -9.8403
            ],
            [
              -36.2136,
              -9.8427
            ],
            [
              -36.2114,
              -9.8437
            ],
            [
              -36.2083,
              -9.8437
            ],
            [
              -36.2055,
              -9.8421
            ],
            [
              -36.2041,
              -9.8407
            ],
            [
              -36.1993,
              -9.8382
            ],
            [
              -36.1977,
              -9.8372
            ],
            [
              -36.1971,
              -9.8352
            ],
            [
              -36.1977,
              -9.8343
            ],
            [
              -36.1992,
              -9.83
            ],
            [
              -36.1966,
              -9.8293
            ],
            [
              -36.2009,
              -9.8165
            ],
            [
              -36.2051,
              -9.809
            ],
            [
              -36.2071,
              -9.8066
            ],
            [
              -36.2081,
              -9.8062
            ],
            [
              -36.2051,
              -9.8046
            ],
            [
              -36.2005,
              -9.8039
            ],
            [
              -36.193,
              -9.8011
            ],
            [
              -36.192,
              -9.8009
            ],
            [
              -36.184,
              -9.8007
            ],
            [
              -36.1846,
              -9.7988
            ],
            [
              -36.1848,
              -9.7961
            ],
            [
              -36.1855,
              -9.7948
            ],
            [
              -36.1884,
              -9.7926
            ],
            [
              -36.1895,
              -9.7907
            ],
            [
              -36.1934,
              -9.787
            ],
            [
              -36.2042,
              -9.7763
            ],
            [
              -36.2089,
              -9.7714
            ],
            [
              -36.2117,
              -9.7682
            ],
            [
              -36.2138,
              -9.7664
            ],
            [
              -36.2181,
              -9.7633
            ],
            [
              -36.2261,
              -9.7551
            ],
            [
              -36.2416,
              -9.7395
            ],
            [
              -36.2439,
              -9.734
            ],
            [
              -36.2444,
              -9.7334
            ],
            [
              -36.2471,
              -9.7321
            ],
            [
              -36.2532,
              -9.7297
            ],
            [
              -36.2555,
              -9.7302
            ],
            [
              -36.2601,
              -9.7302
            ],
            [
              -36.2696,
              -9.7311
            ],
            [
              -36.2722,
              -9.7317
            ],
            [
              -36.2758,
              -9.7335
            ],
            [
              -36.2799,
              -9.7344
            ],
            [
              -36.2807,
              -9.7342
            ],
            [
              -36.2875,
              -9.7309
            ],
            [
              -36.2937,
              -9.7287
            ],
            [
              -36.3022,
              -9.7272
            ],
            [
              -36.3076,
              -9.7248
            ],
            [
              -36.3102,
              -9.7233
            ],
            [
              -36.3137,
              -9.7232
            ],
            [
              -36.3186,
              -9.7228
            ],
            [
              -36.3219,
              -9.7203
            ],
            [
              -36.323,
              -9.7184
            ],
            [
              -36.3245,
              -9.7124
            ],
            [
              -36.3282,
              -9.7059
            ],
            [
              -36.3286,
              -9.7044
            ],
            [
              -36.3303,
              -9.7059
            ],
            [
              -36.3304,
              -9.7081
            ],
            [
              -36.3327,
              -9.7135
            ],
            [
              -36.3337,
              -9.7204
            ],
            [
              -36.3343,
              -9.7223
            ],
            [
              -36.3348,
              -9.7273
            ],
            [
              -36.3368,
              -9.7308
            ],
            [
              -36.3387,
              -9.7333
            ],
            [
              -36.3412,
              -9.7343
            ],
            [
              -36.3425,
              -9.7359
            ],
            [
              -36.3427,
              -9.7385
            ],
            [
              -36.3428,
              -9.7399
            ],
            [
              -36.3437,
              -9.7423
            ],
            [
              -36.3456,
              -9.7445
            ],
            [
              -36.3476,
              -9.749
            ],
            [
              -36.3486,
              -9.7487
            ],
            [
              -36.3528,
              -9.7465
            ],
            [
              -36.3577,
              -9.7492
            ],
            [
              -36.3594,
              -9.7507
            ],
            [
              -36.3598,
              -9.7519
            ],
            [
              -36.3609,
              -9.7522
            ],
            [
              -36.361,
              -9.7533
            ],
            [
              -36.3575,
              -9.7529
            ],
            [
              -36.356,
              -9.7543
            ],
            [
              -36.3546,
              -9.7541
            ],
            [
              -36.3535,
              -9.7582
            ],
            [
              -36.3551,
              -9.7601
            ],
            [
              -36.3575,
              -9.764
            ],
            [
              -36.3587,
              -9.768
            ],
            [
              -36.3596,
              -9.7693
            ],
            [
              -36.3632,
              -9.7664
            ],
            [
              -36.3636,
              -9.767
            ],
            [
              -36.3698,
              -9.7653
            ],
            [
              -36.3798,
              -9.7668
            ],
            [
              -36.3874,
              -9.7712
            ],
            [
              -36.3938,
              -9.7743
            ],
            [
              -36.401,
              -9.7831
            ],
            [
              -36.3991,
              -9.7869
            ],
            [
              -36.3975,
              -9.7895
            ],
            [
              -36.3938,
              -9.7928
            ],
            [
              -36.3926,
              -9.7947
            ],
            [
              -36.3887,
              -9.7993
            ],
            [
              -36.385,
              -9.8026
            ],
            [
              -36.3822,
              -9.8059
            ],
            [
              -36.3799,
              -9.8087
            ],
            [
              -36.3793,
              -9.81
            ],
            [
              -36.3756,
              -9.8143
            ],
            [
              -36.3747,
              -9.8135
            ],
            [
              -36.3653,
              -9.8247
            ],
            [
              -36.3628,
              -9.8272
            ],
            [
              -36.3535,
              -9.8342
            ],
            [
              -36.3437,
              -9.8465
            ],
            [
              -36.3424,
              -9.8485
            ],
            [
              -36.3385,
              -9.8521
            ],
            [
              -36.3347,
              -9.8569
            ],
            [
              -36.3312,
              -9.8629
            ],
            [
              -36.3266,
              -9.8736
            ],
            [
              -36.3258,
              -9.8763
            ],
            [
              -36.3246,
              -9.8783
            ],
            [
              -36.3131,
              -9.8869
            ],
            [
              -36.2779,
              -9.8923
            ],
            [
              -36.2773,
              -9.8997
            ],
            [
              -36.2797,
              -9.9248
            ],
            [
              -36.2809,
              -9.9347
            ]
          ]
        ]
      },
      "properties": {
        "codarea": "2701407",
        "nome_municipio": "Campo Alegre",
        "codigo_ibge": 2701407
      }
    },
    {
      "type": "Feature",
      "geometry": {
        "type": "Polygon",
        "coordinates": [
          [
            [
              -36.075,
              -9.6735
            ],
            [
              -36.0794,
              -9.6803
            ],
            [
              -36.0753,
              -9.6842
            ],
            [
              -36.0686,
              -9.6891
            ],
            [
              -36.069,
              -9.692
            ],
            [
              -36.0734,
              -9.7008
            ],
            [
              -36.1221,
              -9.7107
            ],
            [
              -36.1796,
              -9.7223
            ],
            [
              -36.2471,
              -9.7321
            ],
            [
              -36.2444,
              -9.7334
            ],
            [
              -36.2439,
              -9.734
            ],
            [
              -36.2416,
              -9.7395
            ],
            [
              -36.2261,
              -9.7551
            ],
            [
              -36.2181,
              -9.7633
            ],
            [
              -36.2138,
              -9.7664
            ],
            [
              -36.2117,
              -9.7682
            ],
            [
              -36.2089,
              -9.7714
            ],
            [
              -36.2042,
              -9.7763
            ],
            [
              -36.1934,
              -9.787
            ],
            [
              -36.1895,
              -9.7907
            ],
            [
              -36.1884,
              -9.7926
            ],
            [
              -36.1855,
              -9.7948
            ],
            [
              -36.1848,
              -9.7961
            ],
            [
              -36.1846,
              -9.7988
            ],
            [
              -36.184,
              -9.8007
            ],
            [
              -36.1838,
              -9.8026
            ],
            [
              -36.1825,
              -9.805
            ],
            [
              -36.1805,
              -9.8068
            ],
            [
              -36.177,
              -9.8126
            ],
            [
              -36.1765,
              -9.8142
            ],
            [
              -36.1768,
              -9.8162
            ],
            [
              -36.1764,
              -9.8184
            ],
            [
              -36.1739,
              -9.8203
            ],
            [
              -36.1725,
              -9.8245
            ],
            [
              -36.1713,
              -9.8264
            ],
            [
              -36.1707,
              -9.8281
            ],
            [
              -36.1708,
              -9.8304
            ],
            [
              -36.1691,
              -9.8347
            ],
            [
              -36.1695,
              -9.8368
            ],
            [
              -36.1665,
              -9.8404
            ],
            [
              -36.1666,
              -9.8427
            ],
            [
              -36.167,
              -9.8441
            ],
            [
              -36.1666,
              -9.848
            ],
            [
              -36.1657,
              -9.8499
            ],
            [
              -36.1631,
              -9.8533
            ],
            [
              -36.1619,
              -9.854
            ],
            [
              -36.1611,
              -9.8555
            ],
            [
              -36.1596,
              -9.8559
            ],
            [
              -36.1571,
              -9.8576
            ],
            [
              -36.1563,
              -9.8596
            ],
            [
              -36.148,
              -9.8583
            ],
            [
              -36.1465,
              -9.857
            ],
            [
              -36.1449,
              -9.8568
            ],
            [
              -36.1443,
              -9.8553
            ],
            [
              -36.1422,
              -9.8518
            ],
            [
              -36.1297,
              -9.831
            ],
            [
              -36.1283,
              -9.8285
            ],
            [
              -36.1269,
              -9.83
            ],
            [
              -36.1261,
              -9.8322
            ],
            [
              -36.1261,
              -9.8337
            ],
            [
              -36.1269,
              -9.8354
            ],
            [
              -36.1265,
              -9.837
            ],
            [
              -36.1251,
              -9.8379
            ],
            [
              -36.1239,
              -9.8378
            ],
            [
              -36.1214,
              -9.8387
            ],
            [
              -36.1201,
              -9.8397
            ],
            [
              -36.1195,
              -9.8418
            ],
            [
              -36.1187,
              -9.8423
            ],
            [
              -36.1182,
              -9.8441
            ],
            [
              -36.1167,
              -9.8453
            ],
            [
              -36.115,
              -9.8459
            ],
            [
              -36.1123,
              -9.8477
            ],
            [
              -36.1101,
              -9.8497
            ],
            [
              -36.1061,
              -9.8518
            ],
            [
              -36.1021,
              -9.8526
            ],
            [
              -36.1008,
              -9.8532
            ],
            [
              -36.0997,
              -9.8546
            ],
            [
              -36.0975,
              -9.8545
            ],
            [
              -36.095,
              -9.8571
            ],
            [
              -36.0949,
              -9.8601
            ],
            [
              -36.094,
              -9.8622
            ],
            [
              -36.092,
              -9.8653
            ],
            [
              -36.0879,
              -9.8685
            ],
            [
              -36.0869,
              -9.8689
            ],
            [
              -36.0844,
              -9.8689
            ],
            [
              -36.0802,
              -9.8679
            ],
            [
              -36.0783,
              -9.8703
            ],
            [
              -36.0762,
              -9.871
            ],
            [
              -36.0736,
              -9.8733
            ],
            [
              -36.0727,
              -9.8769
            ],
            [
              -36.0717,
              -9.8782
            ],
            [
              -36.0704,
              -9.881
            ],
            [
              -36.0677,
              -9.8818
            ],
            [
              -36.0659,
              -9.8829
            ],
            [
              -36.0653,
              -9.8806
            ],
            [
              -36.0662,
              -9.8777
            ],
            [
              -36.0651,
              -9.8757
            ],
            [
              -36.0598,
              -9.8746
            ],
            [
              -36.055,
              -9.8746
            ],
            [
              -36.0528,
              -9.8737
            ],
            [
              -36.0516,
              -9.8728
            ],
            [
              -36.0493,
              -9.8697
            ],
            [
              -36.049,
              -9.8679
            ],
            [
              -36.0445,
              -9.8624
            ],
            [
              -36.041,
              -9.8584
            ],
            [
              -36.0442,
              -9.849
            ],
            [
              -36.0375,
              -9.8273
            ],
            [
              -36.0371,
              -9.8238
            ],
            [
              -36.0386,
              -9.8208
            ],
            [
              -36.0396,
              -9.8175
            ],
            [
              -36.0396,
              -9.8155
            ],
            [
              -36.0392,
              -9.8147
            ],
            [
              -36.0359,
              -9.8116
            ],
            [
              -36.0341,
              -9.8107
            ],
            [
              -36.0319,
              -9.8106
            ],
            [
              -36.0293,
              -9.8115
            ],
            [
              -36.0269,
              -9.8112
            ],
            [
              -36.0262,
              -9.8094
            ],
            [
              -36.0282,
              -9.809
            ],
            [
              -36.0171,
              -9.7892
            ],
            [
              -36.0046,
              -9.7671
            ],
            [
              -35.9893,
              -9.7386
            ],
            [
              -35.9875,
              -9.7034
            ],
            [
              -35.99,
              -9.7022
            ],
            [
              -35.9922,
              -9.7025
            ],
            [
              -36.0024,
              -9.706
            ],
            [
              -36.0035,
              -9.7061
            ],
            [
              -36.0146,
              -9.7035
            ],
            [
              -36.0238,
              -9.7012
            ],
            [
              -36.0275,
              -9.7012
            ],
            [
              -36.0335,
              -9.7016
            ],
            [
              -36.0337,
              -9.7014
            ],
            [
              -36.0346,
              -9.6996
            ],
            [
              -36.0354,
              -9.697
            ],
            [
              -36.0367,
              -9.6969
            ],
            [
              -36.0376,
              -9.6959
            ],
            [
              -36.0377,
              -9.6942
            ],
            [
              -36.0386,
              -9.6929
            ],
            [
              -36.0416,
              -9.693
            ],
            [
              -36.0447,
              -9.6914
            ],
            [
              -36.0485,
              -9.6909
            ],
            [
              -36.0497,
              -9.6915
            ],
            [
              -36.0518,
              -9.6913
            ],
            [
              -36.0524,
              -9.692
            ],
            [
              -36.0538,
              -9.6913
            ],
            [
              -36.0555,
              -9.6922
            ],
            [
              -36.0583,
              -9.6897
            ],
            [
              -36.0626,
              -9.6889
            ],
            [
              -36.0636,
              -9.6853
            ],
            [
              -36.0645,
              -9.6844
            ],
            [
              -36.0673,
              -9.6831
            ],
            [
              -36.0701,
              -9.6794
            ],
            [
              -36.0701,
              -9.6762
            ],
            [
              -36.075,
              -9.6735
            ]
          ]
        ]
      },
      "properties": {
        "codarea": "2708600",
        "nome_municipio": "São Miguel dos Campos",
        "codigo_ibge": 2708600
      }
    },
    {
      "type": "Feature",
      "geometry": {
        "type": "Polygon",
        "coordinates": [
          [
            [
              -36.041,
              -9.8584
            ],
            [
              -36.0394,
              -9.864
            ],
            [
              -36.0326,
              -9.8827
            ],
            [
              -36.0293,
              -9.8921
            ],
            [
              -36.0281,
              -9.8929
            ],
            [
              -36.0287,
              -9.8946
            ],
            [
              -36.0212,
              -9.9203
            ],
            [
              -36.0142,
              -9.9077
            ],
            [
              -36.007,
              -9.9113
            ],
            [
              -36.0057,
              -9.9088
            ],
            [
              -35.9993,
              -9.9156
            ],
            [
              -35.9931,
              -9.913
            ],
            [
              -35.9854,
              -9.9125
            ],
            [
              -35.984,
              -9.9121
            ],
            [
              -35.9827,
              -9.9104
            ],
            [
              -35.9797,
              -9.9133
            ],
            [
              -35.9783,
              -9.9151
            ],
            [
              -35.9783,
              -9.9166
            ],
            [
              -35.9789,
              -9.9191
            ],
            [
              -35.9775,
              -9.9216
            ],
            [
              -35.9779,
              -9.9247
            ],
            [
              -35.977,
              -9.9258
            ],
            [
              -35.9743,
              -9.9271
            ],
            [
              -35.9729,
              -9.9271
            ],
            [
              -35.9716,
              -9.9281
            ],
            [
              -35.9701,
              -9.9276
            ],
            [
              -35.9694,
              -9.9289
            ],
            [
              -35.9681,
              -9.9297
            ],
            [
              -35.968,
              -9.9315
            ],
            [
              -35.9662,
              -9.9319
            ],
            [
              -35.9672,
              -9.9342
            ],
            [
              -35.9672,
              -9.9351
            ],
            [
              -35.9634,
              -9.9394
            ],
            [
              -35.9627,
              -9.9407
            ],
            [
              -35.9594,
              -9.9363
            ],
            [
              -35.9545,
              -9.9307
            ],
            [
              -35.9461,
              -9.9164
            ],
            [
              -35.9432,
              -9.9111
            ],
            [
              -35.9379,
              -9.9024
            ],
            [
              -35.9349,
              -9.8985
            ],
            [
              -35.9313,
              -9.8952
            ],
            [
              -35.9236,
              -9.8892
            ],
            [
              -35.9205,
              -9.8865
            ],
            [
              -35.9155,
              -9.8817
            ],
            [
              -35.9125,
              -9.8799
            ],
            [
              -35.9097,
              -9.8775
            ],
            [
              -35.9072,
              -9.8748
            ],
            [
              -35.9065,
              -9.8736
            ],
            [
              -35.9058,
              -9.8672
            ],
            [
              -35.905,
              -9.8652
            ],
            [
              -35.9052,
              -9.8634
            ],
            [
              -35.9048,
              -9.8616
            ],
            [
              -35.9036,
              -9.8596
            ],
            [
              -35.9047,
              -9.8559
            ],
            [
              -35.9071,
              -9.852
            ],
            [
              -35.9081,
              -9.8494
            ],
            [
              -35.9091,
              -9.8478
            ],
            [
              -35.9136,
              -9.8435
            ],
            [
              -35.9162,
              -9.8396
            ],
            [
              -35.9179,
              -9.8387
            ],
            [
              -35.921,
              -9.8379
            ],
            [
              -35.9227,
              -9.8379
            ],
            [
              -35.9257,
              -9.8391
            ],
            [
              -35.9272,
              -9.8404
            ],
            [
              -35.9303,
              -9.842
            ],
            [
              -35.9333,
              -9.8429
            ],
            [
              -35.9383,
              -9.8448
            ],
            [
              -35.9415,
              -9.8454
            ],
            [
              -35.9442,
              -9.8452
            ],
            [
              -35.9501,
              -9.8452
            ],
            [
              -35.9518,
              -9.8447
            ],
            [
              -35.9543,
              -9.8432
            ],
            [
              -35.9568,
              -9.8395
            ],
            [
              -35.9606,
              -9.8369
            ],
            [
              -35.9624,
              -9.8336
            ],
            [
              -35.9662,
              -9.8317
            ],
            [
              -35.9687,
              -9.8296
            ],
            [
              -35.9739,
              -9.8273
            ],
            [
              -35.9753,
              -9.8265
            ],
            [
              -35.9775,
              -9.8259
            ],
            [
              -35.9808,
              -9.8264
            ],
            [
              -35.9839,
              -9.8259
            ],
            [
              -35.9866,
              -9.8232
            ],
            [
              -35.9874,
              -9.8215
            ],
            [
              -35.9897,
              -9.8192
            ],
            [
              -35.991,
              -9.8184
            ],
            [
              -35.9923,
              -9.8184
            ],
            [
              -35.9956,
              -9.8195
            ],
            [
              -35.9972,
              -9.8196
            ],
            [
              -35.9998,
              -9.8182
            ],
            [
              -36.0002,
              -9.8154
            ],
            [
              -36.005,
              -9.8124
            ],
            [
              -36.0057,
              -9.8111
            ],
            [
              -36.0084,
              -9.8122
            ],
            [
              -36.0089,
              -9.8112
            ],
            [
              -36.0102,
              -9.8117
            ],
            [
              -36.0112,
              -9.8103
            ],
            [
              -36.0135,
              -9.8101
            ],
            [
              -36.0149,
              -9.8082
            ],
            [
              -36.0164,
              -9.8078
            ],
            [
              -36.0175,
              -9.8088
            ],
            [
              -36.0185,
              -9.808
            ],
            [
              -36.0211,
              -9.8096
            ],
            [
              -36.0221,
              -9.8112
            ],
            [
              -36.0254,
              -9.8123
            ],
            [
              -36.0269,
              -9.8112
            ],
            [
              -36.0293,
              -9.8115
            ],
            [
              -36.0319,
              -9.8106
            ],
            [
              -36.0341,
              -9.8107
            ],
            [
              -36.0359,
              -9.8116
            ],
            [
              -36.0392,
              -9.8147
            ],
            [
              -36.0396,
              -9.8155
            ],
            [
              -36.0396,
              -9.8175
            ],
            [
              -36.0386,
              -9.8208
            ],
            [
              -36.0371,
              -9.8238
            ],
            [
              -36.0375,
              -9.8273
            ],
            [
              -36.0442,
              -9.849
            ],
            [
              -36.041,
              -9.8584
            ]
          ]
        ]
      },
      "properties": {
        "codarea": "2707800",
        "nome_municipio": "Roteiro",
        "codigo_ibge": 2707800
      }
    },
    {
      "type": "Feature",
      "geometry": {
        "type": "Polygon",
        "coordinates": [
          [
            [
              -35.8553,
              -9.7883
            ],
            [
              -35.8531,
              -9.7853
            ],
            [
              -35.8471,
              -9.7781
            ],
            [
              -35.8441,
              -9.7738
            ],
            [
              -35.842,
              -9.772
            ],
            [
              -35.84,
              -9.7711
            ],
            [
              -35.8381,
              -9.7691
            ],
            [
              -35.8367,
              -9.7662
            ],
            [
              -35.8344,
              -9.7627
            ],
            [
              -35.8313,
              -9.7575
            ],
            [
              -35.8295,
              -9.7555
            ],
            [
              -35.8268,
              -9.753
            ],
            [
              -35.8223,
              -9.7478
            ],
            [
              -35.8188,
              -9.742
            ],
            [
              -35.8186,
              -9.7401
            ],
            [
              -35.8178,
              -9.7372
            ],
            [
              -35.8185,
              -9.7359
            ],
            [
              -35.8193,
              -9.7332
            ],
            [
              -35.8185,
              -9.7329
            ],
            [
              -35.8176,
              -9.7344
            ],
            [
              -35.8163,
              -9.7346
            ],
            [
              -35.8146,
              -9.7327
            ],
            [
              -35.8137,
              -9.7308
            ],
            [
              -35.8097,
              -9.7267
            ],
            [
              -35.8061,
              -9.724
            ],
            [
              -35.8044,
              -9.7224
            ],
            [
              -35.8039,
              -9.7202
            ],
            [
              -35.8058,
              -9.72
            ],
            [
              -35.8068,
              -9.7182
            ],
            [
              -35.8059,
              -9.7159
            ],
            [
              -35.8044,
              -9.7156
            ],
            [
              -35.8035,
              -9.7161
            ],
            [
              -35.8004,
              -9.7157
            ],
            [
              -35.7988,
              -9.7163
            ],
            [
              -35.7973,
              -9.7159
            ],
            [
              -35.7956,
              -9.7173
            ],
            [
              -35.7937,
              -9.7155
            ],
            [
              -35.7898,
              -9.7112
            ],
            [
              -35.7915,
              -9.7118
            ],
            [
              -35.793,
              -9.7117
            ],
            [
              -35.7945,
              -9.7131
            ],
            [
              -35.7964,
              -9.7114
            ],
            [
              -35.7967,
              -9.7103
            ],
            [
              -35.7962,
              -9.7082
            ],
            [
              -35.7934,
              -9.7058
            ],
            [
              -35.7882,
              -9.7028
            ],
            [
              -35.7855,
              -9.7015
            ],
            [
              -35.7829,
              -9.6988
            ],
            [
              -35.7826,
              -9.6962
            ],
            [
              -35.7844,
              -9.691
            ],
            [
              -35.7857,
              -9.6888
            ],
            [
              -35.7876,
              -9.6863
            ],
            [
              -35.7895,
              -9.6851
            ],
            [
              -35.7913,
              -9.682
            ],
            [
              -35.7912,
              -9.6806
            ],
            [
              -35.7955,
              -9.6803
            ],
            [
              -35.8024,
              -9.6778
            ],
            [
              -35.805,
              -9.6745
            ],
            [
              -35.8051,
              -9.6725
            ],
            [
              -35.8058,
              -9.6714
            ],
            [
              -35.8068,
              -9.6671
            ],
            [
              -35.8096,
              -9.6636
            ],
            [
              -35.8101,
              -9.6615
            ],
            [
              -35.81,
              -9.6595
            ],
            [
              -35.8116,
              -9.6568
            ],
            [
              -35.8131,
              -9.6551
            ],
            [
              -35.8165,
              -9.6543
            ],
            [
              -35.8186,
              -9.6559
            ],
            [
              -35.8218,
              -9.656
            ],
            [
              -35.8238,
              -9.657
            ],
            [
              -35.8263,
              -9.657
            ],
            [
              -35.828,
              -9.6553
            ],
            [
              -35.8354,
              -9.6546
            ],
            [
              -35.8645,
              -9.6548
            ],
            [
              -35.8677,
              -9.6409
            ],
            [
              -35.8676,
              -9.6263
            ],
            [
              -35.8681,
              -9.6254
            ],
            [
              -35.8882,
              -9.6479
            ],
            [
              -35.9426,
              -9.6401
            ],
            [
              -35.9442,
              -9.6392
            ],
            [
              -35.9466,
              -9.6393
            ],
            [
              -35.9483,
              -9.6401
            ],
            [
              -35.9501,
              -9.6401
            ],
            [
              -35.9524,
              -9.6412
            ],
            [
              -35.9547,
              -9.6454
            ],
            [
              -35.9569,
              -9.6477
            ],
            [
              -35.9585,
              -9.6469
            ],
            [
              -35.9589,
              -9.6452
            ],
            [
              -35.9615,
              -9.643
            ],
            [
              -35.9659,
              -9.6426
            ],
            [
              -35.9685,
              -9.6414
            ],
            [
              -35.9699,
              -9.641
            ],
            [
              -35.9696,
              -9.6427
            ],
            [
              -35.9713,
              -9.6443
            ],
            [
              -35.9724,
              -9.6432
            ],
            [
              -35.9734,
              -9.644
            ],
            [
              -35.9751,
              -9.6436
            ],
            [
              -35.9785,
              -9.6438
            ],
            [
              -35.9869,
              -9.6625
            ],
            [
              -35.9802,
              -9.6729
            ],
            [
              -35.9841,
              -9.6696
            ],
            [
              -35.9968,
              -9.6616
            ],
            [
              -36.0005,
              -9.6605
            ],
            [
              -36.0243,
              -9.6464
            ],
            [
              -36.024,
              -9.6491
            ],
            [
              -36.0233,
              -9.652
            ],
            [
              -36.0211,
              -9.6561
            ],
            [
              -36.0199,
              -9.6587
            ],
            [
              -36.0202,
              -9.6605
            ],
            [
              -36.0278,
              -9.6695
            ],
            [
              -36.0298,
              -9.6714
            ],
            [
              -36.0355,
              -9.6774
            ],
            [
              -36.0371,
              -9.68
            ],
            [
              -36.0375,
              -9.6837
            ],
            [
              -36.0368,
              -9.6857
            ],
            [
              -36.0358,
              -9.6876
            ],
            [
              -36.0339,
              -9.6897
            ],
            [
              -36.0321,
              -9.6993
            ],
            [
              -36.0337,
              -9.7014
            ],
            [
              -36.0335,
              -9.7016
            ],
            [
              -36.0275,
              -9.7012
            ],
            [
              -36.0238,
              -9.7012
            ],
            [
              -36.0146,
              -9.7035
            ],
            [
              -36.0035,
              -9.7061
            ],
            [
              -36.0024,
              -9.706
            ],
            [
              -35.9922,
              -9.7025
            ],
            [
              -35.99,
              -9.7022
            ],
            [
              -35.9875,
              -9.7034
            ],
            [
              -35.9893,
              -9.7386
            ],
            [
              -36.0046,
              -9.7671
            ],
            [
              -36.0034,
              -9.7705
            ],
            [
              -36.0007,
              -9.7745
            ],
            [
              -35.9982,
              -9.7767
            ],
            [
              -35.9959,
              -9.7782
            ],
            [
              -35.9951,
              -9.7796
            ],
            [
              -35.9912,
              -9.7818
            ],
            [
              -35.9888,
              -9.7815
            ],
            [
              -35.9869,
              -9.7824
            ],
            [
              -35.984,
              -9.7846
            ],
            [
              -35.9812,
              -9.786
            ],
            [
              -35.9798,
              -9.7863
            ],
            [
              -35.9782,
              -9.7847
            ],
            [
              -35.9772,
              -9.7843
            ],
            [
              -35.9744,
              -9.7842
            ],
            [
              -35.9725,
              -9.7855
            ],
            [
              -35.9671,
              -9.7884
            ],
            [
              -35.9639,
              -9.7885
            ],
            [
              -35.9624,
              -9.7897
            ],
            [
              -35.9605,
              -9.7899
            ],
            [
              -35.9591,
              -9.7893
            ],
            [
              -35.9575,
              -9.7872
            ],
            [
              -35.9566,
              -9.7867
            ],
            [
              -35.9521,
              -9.7868
            ],
            [
              -35.9494,
              -9.7872
            ],
            [
              -35.9448,
              -9.7872
            ],
            [
              -35.944,
              -9.7879
            ],
            [
              -35.9425,
              -9.7876
            ],
            [
              -35.94,
              -9.7885
            ],
            [
              -35.9383,
              -9.7896
            ],
            [
              -35.938,
              -9.7926
            ],
            [
              -35.9374,
              -9.7947
            ],
            [
              -35.9355,
              -9.7944
            ],
            [
              -35.9339,
              -9.7965
            ],
            [
              -35.9329,
              -9.7967
            ],
            [
              -35.9295,
              -9.7955
            ],
            [
              -35.9265,
              -9.7957
            ],
            [
              -35.9253,
              -9.7966
            ],
            [
              -35.9242,
              -9.7984
            ],
            [
              -35.9224,
              -9.7995
            ],
            [
              -35.9219,
              -9.8038
            ],
            [
              -35.9188,
              -9.8051
            ],
            [
              -35.916,
              -9.8053
            ],
            [
              -35.9155,
              -9.8062
            ],
            [
              -35.9147,
              -9.8096
            ],
            [
              -35.9133,
              -9.8099
            ],
            [
              -35.9101,
              -9.8095
            ],
            [
              -35.9093,
              -9.8104
            ],
            [
              -35.9056,
              -9.8119
            ],
            [
              -35.8553,
              -9.7883
            ]
          ]
        ]
      },
      "properties": {
        "codarea": "2704708",
        "nome_municipio": "Marechal Deodoro",
        "codigo_ibge": 2704708
      }
    },
    {
      "type": "Feature",
      "geometry": {
        "type": "Polygon",
        "coordinates": [
          [
            [
              -35.9597,
              -9.528
            ],
            [
              -36.0007,
              -9.5745
            ],
            [
              -36.0002,
              -9.5752
            ],
            [
              -36.0004,
              -9.5774
            ],
            [
              -36.0016,
              -9.5795
            ],
            [
              -36.0057,
              -9.5857
            ],
            [
              -36.0088,
              -9.5843
            ],
            [
              -36.0089,
              -9.5828
            ],
            [
              -36.0115,
              -9.5811
            ],
            [
              -36.0123,
              -9.5798
            ],
            [
              -36.0144,
              -9.5801
            ],
            [
              -36.0149,
              -9.5785
            ],
            [
              -36.0172,
              -9.5764
            ],
            [
              -36.041,
              -9.5839
            ],
            [
              -36.0724,
              -9.5987
            ],
            [
              -36.0755,
              -9.5971
            ],
            [
              -36.077,
              -9.5969
            ],
            [
              -36.0798,
              -9.5979
            ],
            [
              -36.0829,
              -9.5985
            ],
            [
              -36.0858,
              -9.6004
            ],
            [
              -36.0891,
              -9.6002
            ],
            [
              -36.0918,
              -9.6011
            ],
            [
              -36.0935,
              -9.6011
            ],
            [
              -36.0969,
              -9.5998
            ],
            [
              -36.0997,
              -9.5982
            ],
            [
              -36.1021,
              -9.5974
            ],
            [
              -36.1076,
              -9.5969
            ],
            [
              -36.1109,
              -9.5974
            ],
            [
              -36.113,
              -9.5973
            ],
            [
              -36.1165,
              -9.5962
            ],
            [
              -36.1201,
              -9.5962
            ],
            [
              -36.1221,
              -9.5967
            ],
            [
              -36.1245,
              -9.5982
            ],
            [
              -36.1276,
              -9.599
            ],
            [
              -36.1286,
              -9.5997
            ],
            [
              -36.1291,
              -9.6014
            ],
            [
              -36.1307,
              -9.6047
            ],
            [
              -36.1335,
              -9.6079
            ],
            [
              -36.1363,
              -9.6106
            ],
            [
              -36.1384,
              -9.6131
            ],
            [
              -36.1398,
              -9.6134
            ],
            [
              -36.144,
              -9.613
            ],
            [
              -36.1477,
              -9.6121
            ],
            [
              -36.1498,
              -9.612
            ],
            [
              -36.1548,
              -9.6145
            ],
            [
              -36.1555,
              -9.6152
            ],
            [
              -36.1571,
              -9.6185
            ],
            [
              -36.1583,
              -9.6186
            ],
            [
              -36.1625,
              -9.6172
            ],
            [
              -36.1654,
              -9.6169
            ],
            [
              -36.168,
              -9.6157
            ],
            [
              -36.1707,
              -9.6149
            ],
            [
              -36.1744,
              -9.6116
            ],
            [
              -36.1759,
              -9.6119
            ],
            [
              -36.1776,
              -9.6128
            ],
            [
              -36.1798,
              -9.612
            ],
            [
              -36.1809,
              -9.6122
            ],
            [
              -36.1805,
              -9.6151
            ],
            [
              -36.179,
              -9.6161
            ],
            [
              -36.1779,
              -9.6183
            ],
            [
              -36.1769,
              -9.6213
            ],
            [
              -36.1757,
              -9.6211
            ],
            [
              -36.1752,
              -9.6221
            ],
            [
              -36.1737,
              -9.6228
            ],
            [
              -36.1707,
              -9.6221
            ],
            [
              -36.1691,
              -9.6232
            ],
            [
              -36.1662,
              -9.624
            ],
            [
              -36.1645,
              -9.6236
            ],
            [
              -36.1638,
              -9.6244
            ],
            [
              -36.1616,
              -9.6249
            ],
            [
              -36.1595,
              -9.6239
            ],
            [
              -36.1577,
              -9.6238
            ],
            [
              -36.1554,
              -9.6253
            ],
            [
              -36.1546,
              -9.6273
            ],
            [
              -36.1526,
              -9.6285
            ],
            [
              -36.1513,
              -9.6285
            ],
            [
              -36.1511,
              -9.6303
            ],
            [
              -36.1499,
              -9.6302
            ],
            [
              -36.15,
              -9.6317
            ],
            [
              -36.1488,
              -9.6329
            ],
            [
              -36.1462,
              -9.6336
            ],
            [
              -36.146,
              -9.635
            ],
            [
              -36.1447,
              -9.6376
            ],
            [
              -36.1426,
              -9.6391
            ],
            [
              -36.1415,
              -9.6389
            ],
            [
              -36.1414,
              -9.6404
            ],
            [
              -36.1408,
              -9.6414
            ],
            [
              -36.1418,
              -9.6431
            ],
            [
              -36.1409,
              -9.6454
            ],
            [
              -36.1365,
              -9.6461
            ],
            [
              -36.1344,
              -9.6455
            ],
            [
              -36.1338,
              -9.6462
            ],
            [
              -36.1341,
              -9.6487
            ],
            [
              -36.1322,
              -9.6511
            ],
            [
              -36.1304,
              -9.6493
            ],
            [
              -36.1279,
              -9.6487
            ],
            [
              -36.1228,
              -9.6492
            ],
            [
              -36.1219,
              -9.6497
            ],
            [
              -36.1185,
              -9.6501
            ],
            [
              -36.1172,
              -9.6494
            ],
            [
              -36.1153,
              -9.6494
            ],
            [
              -36.1141,
              -9.6479
            ],
            [
              -36.1122,
              -9.6472
            ],
            [
              -36.11,
              -9.6448
            ],
            [
              -36.1076,
              -9.6435
            ],
            [
              -36.105,
              -9.6389
            ],
            [
              -36.1022,
              -9.6439
            ],
            [
              -36.1022,
              -9.6448
            ],
            [
              -36.0988,
              -9.6473
            ],
            [
              -36.0987,
              -9.6499
            ],
            [
              -36.0991,
              -9.6519
            ],
            [
              -36.0961,
              -9.6523
            ],
            [
              -36.0944,
              -9.6559
            ],
            [
              -36.092,
              -9.6565
            ],
            [
              -36.0897,
              -9.6559
            ],
            [
              -36.0889,
              -9.6593
            ],
            [
              -36.0861,
              -9.6618
            ],
            [
              -36.0849,
              -9.6639
            ],
            [
              -36.0834,
              -9.6644
            ],
            [
              -36.0815,
              -9.6664
            ],
            [
              -36.08,
              -9.6667
            ],
            [
              -36.0789,
              -9.6676
            ],
            [
              -36.0775,
              -9.6717
            ],
            [
              -36.075,
              -9.6735
            ],
            [
              -36.0701,
              -9.6762
            ],
            [
              -36.0701,
              -9.6794
            ],
            [
              -36.0673,
              -9.6831
            ],
            [
              -36.0645,
              -9.6844
            ],
            [
              -36.0636,
              -9.6853
            ],
            [
              -36.0626,
              -9.6889
            ],
            [
              -36.0583,
              -9.6897
            ],
            [
              -36.0555,
              -9.6922
            ],
            [
              -36.0538,
              -9.6913
            ],
            [
              -36.0524,
              -9.692
            ],
            [
              -36.0518,
              -9.6913
            ],
            [
              -36.0497,
              -9.6915
            ],
            [
              -36.0485,
              -9.6909
            ],
            [
              -36.0447,
              -9.6914
            ],
            [
              -36.0416,
              -9.693
            ],
            [
              -36.0386,
              -9.6929
            ],
            [
              -36.0377,
              -9.6942
            ],
            [
              -36.0376,
              -9.6959
            ],
            [
              -36.0367,
              -9.6969
            ],
            [
              -36.0354,
              -9.697
            ],
            [
              -36.0346,
              -9.6996
            ],
            [
              -36.0337,
              -9.7014
            ],
            [
              -36.0321,
              -9.6993
            ],
            [
              -36.0339,
              -9.6897
            ],
            [
              -36.0358,
              -9.6876
            ],
            [
              -36.0368,
              -9.6857
            ],
            [
              -36.0375,
              -9.6837
            ],
            [
              -36.0371,
              -9.68
            ],
            [
              -36.0355,
              -9.6774
            ],
            [
              -36.0298,
              -9.6714
            ],
            [
              -36.0278,
              -9.6695
            ],
            [
              -36.0202,
              -9.6605
            ],
            [
              -36.0199,
              -9.6587
            ],
            [
              -36.0211,
              -9.6561
            ],
            [
              -36.0233,
              -9.652
            ],
            [
              -36.024,
              -9.6491
            ],
            [
              -36.0243,
              -9.6464
            ],
            [
              -36.0005,
              -9.6605
            ],
            [
              -35.9968,
              -9.6616
            ],
            [
              -35.9841,
              -9.6696
            ],
            [
              -35.9802,
              -9.6729
            ],
            [
              -35.9869,
              -9.6625
            ],
            [
              -35.9785,
              -9.6438
            ],
            [
              -35.9751,
              -9.6436
            ],
            [
              -35.9734,
              -9.644
            ],
            [
              -35.9724,
              -9.6432
            ],
            [
              -35.9713,
              -9.6443
            ],
            [
              -35.9696,
              -9.6427
            ],
            [
              -35.9699,
              -9.641
            ],
            [
              -35.9685,
              -9.6414
            ],
            [
              -35.9659,
              -9.6426
            ],
            [
              -35.9615,
              -9.643
            ],
            [
              -35.9589,
              -9.6452
            ],
            [
              -35.9585,
              -9.6469
            ],
            [
              -35.9569,
              -9.6477
            ],
            [
              -35.9547,
              -9.6454
            ],
            [
              -35.9524,
              -9.6412
            ],
            [
              -35.9501,
              -9.6401
            ],
            [
              -35.9483,
              -9.6401
            ],
            [
              -35.9466,
              -9.6393
            ],
            [
              -35.9442,
              -9.6392
            ],
            [
              -35.9426,
              -9.6401
            ],
            [
              -35.8882,
              -9.6479
            ],
            [
              -35.8681,
              -9.6254
            ],
            [
              -35.8706,
              -9.6206
            ],
            [
              -35.8763,
              -9.6104
            ],
            [
              -35.8768,
              -9.6097
            ],
            [
              -35.8781,
              -9.6007
            ],
            [
              -35.8822,
              -9.6011
            ],
            [
              -35.8872,
              -9.5888
            ],
            [
              -35.9354,
              -9.5501
            ],
            [
              -35.9363,
              -9.5503
            ],
            [
              -35.9384,
              -9.5493
            ],
            [
              -35.9399,
              -9.5459
            ],
            [
              -35.9435,
              -9.5428
            ],
            [
              -35.9464,
              -9.5423
            ],
            [
              -35.9448,
              -9.541
            ],
            [
              -35.9455,
              -9.5379
            ],
            [
              -35.9479,
              -9.5363
            ],
            [
              -35.9494,
              -9.5362
            ],
            [
              -35.9499,
              -9.5333
            ],
            [
              -35.9512,
              -9.5324
            ],
            [
              -35.9541,
              -9.5325
            ],
            [
              -35.9564,
              -9.5309
            ],
            [
              -35.9592,
              -9.5301
            ],
            [
              -35.9597,
              -9.528
            ]
          ]
        ]
      },
      "properties": {
        "codarea": "2706901",
        "nome_municipio": "Pilar",
        "codigo_ibge": 2706901
      }
    },
    {
      "type": "Feature",
      "geometry": {
        "type": "Polygon",
        "coordinates": [
          [
            [
              -36.075,
              -9.6735
            ],
            [
              -36.0775,
              -9.6717
            ],
            [
              -36.0789,
              -9.6676
            ],
            [
              -36.08,
              -9.6667
            ],
            [
              -36.0815,
              -9.6664
            ],
            [
              -36.0834,
              -9.6644
            ],
            [
              -36.0849,
              -9.6639
            ],
            [
              -36.0861,
              -9.6618
            ],
            [
              -36.0889,
              -9.6593
            ],
            [
              -36.0897,
              -9.6559
            ],
            [
              -36.092,
              -9.6565
            ],
            [
              -36.0944,
              -9.6559
            ],
            [
              -36.0961,
              -9.6523
            ],
            [
              -36.0991,
              -9.6519
            ],
            [
              -36.0987,
              -9.6499
            ],
            [
              -36.0988,
              -9.6473
            ],
            [
              -36.1022,
              -9.6448
            ],
            [
              -36.1022,
              -9.6439
            ],
            [
              -36.105,
              -9.6389
            ],
            [
              -36.1076,
              -9.6435
            ],
            [
              -36.11,
              -9.6448
            ],
            [
              -36.1122,
              -9.6472
            ],
            [
              -36.1141,
              -9.6479
            ],
            [
              -36.1153,
              -9.6494
            ],
            [
              -36.1172,
              -9.6494
            ],
            [
              -36.1185,
              -9.6501
            ],
            [
              -36.1219,
              -9.6497
            ],
            [
              -36.1228,
              -9.6492
            ],
            [
              -36.1279,
              -9.6487
            ],
            [
              -36.1304,
              -9.6493
            ],
            [
              -36.1322,
              -9.6511
            ],
            [
              -36.1341,
              -9.6487
            ],
            [
              -36.1338,
              -9.6462
            ],
            [
              -36.1344,
              -9.6455
            ],
            [
              -36.1365,
              -9.6461
            ],
            [
              -36.1409,
              -9.6454
            ],
            [
              -36.1418,
              -9.6431
            ],
            [
              -36.1408,
              -9.6414
            ],
            [
              -36.1414,
              -9.6404
            ],
            [
              -36.1415,
              -9.6389
            ],
            [
              -36.1426,
              -9.6391
            ],
            [
              -36.1447,
              -9.6376
            ],
            [
              -36.146,
              -9.635
            ],
            [
              -36.1462,
              -9.6336
            ],
            [
              -36.1488,
              -9.6329
            ],
            [
              -36.15,
              -9.6317
            ],
            [
              -36.1499,
              -9.6302
            ],
            [
              -36.1511,
              -9.6303
            ],
            [
              -36.1513,
              -9.6285
            ],
            [
              -36.1526,
              -9.6285
            ],
            [
              -36.1546,
              -9.6273
            ],
            [
              -36.1554,
              -9.6253
            ],
            [
              -36.1577,
              -9.6238
            ],
            [
              -36.1595,
              -9.6239
            ],
            [
              -36.1616,
              -9.6249
            ],
            [
              -36.1638,
              -9.6244
            ],
            [
              -36.1645,
              -9.6236
            ],
            [
              -36.1662,
              -9.624
            ],
            [
              -36.1691,
              -9.6232
            ],
            [
              -36.1707,
              -9.6221
            ],
            [
              -36.1737,
              -9.6228
            ],
            [
              -36.1752,
              -9.6221
            ],
            [
              -36.1757,
              -9.6211
            ],
            [
              -36.1769,
              -9.6213
            ],
            [
              -36.1779,
              -9.6183
            ],
            [
              -36.179,
              -9.6161
            ],
            [
              -36.1805,
              -9.6151
            ],
            [
              -36.1809,
              -9.6122
            ],
            [
              -36.1917,
              -9.6001
            ],
            [
              -36.2114,
              -9.5959
            ],
            [
              -36.24,
              -9.5935
            ],
            [
              -36.246,
              -9.6121
            ],
            [
              -36.2499,
              -9.6233
            ],
            [
              -36.2548,
              -9.6215
            ],
            [
              -36.2539,
              -9.6239
            ],
            [
              -36.2503,
              -9.6363
            ],
            [
              -36.2407,
              -9.673
            ],
            [
              -36.2395,
              -9.6748
            ],
            [
              -36.2398,
              -9.6761
            ],
            [
              -36.2532,
              -9.7297
            ],
            [
              -36.2471,
              -9.7321
            ],
            [
              -36.1796,
              -9.7223
            ],
            [
              -36.1221,
              -9.7107
            ],
            [
              -36.0734,
              -9.7008
            ],
            [
              -36.069,
              -9.692
            ],
            [
              -36.0686,
              -9.6891
            ],
            [
              -36.0753,
              -9.6842
            ],
            [
              -36.0794,
              -9.6803
            ],
            [
              -36.075,
              -9.6735
            ]
          ]
        ]
      },
      "properties": {
        "codarea": "2701001",
        "nome_municipio": "Boca da Mata",
        "codigo_ibge": 2701001
      }
    },
    {
      "type": "Feature",
      "geometry": {
        "type": "Polygon",
        "coordinates": [
          [
            [
              -35.8144,
              -9.58
            ],
            [
              -35.8157,
              -9.5799
            ],
            [
              -35.8163,
              -9.5807
            ],
            [
              -35.8183,
              -9.5801
            ],
            [
              -35.8187,
              -9.5786
            ],
            [
              -35.8236,
              -9.5783
            ],
            [
              -35.8255,
              -9.5784
            ],
            [
              -35.8257,
              -9.5824
            ],
            [
              -35.8288,
              -9.5831
            ],
            [
              -35.8433,
              -9.6045
            ],
            [
              -35.8454,
              -9.6067
            ],
            [
              -35.8499,
              -9.6072
            ],
            [
              -35.8516,
              -9.6082
            ],
            [
              -35.8497,
              -9.6124
            ],
            [
              -35.8505,
              -9.6126
            ],
            [
              -35.8517,
              -9.6102
            ],
            [
              -35.8532,
              -9.6094
            ],
            [
              -35.8546,
              -9.6098
            ],
            [
              -35.8555,
              -9.6112
            ],
            [
              -35.8561,
              -9.6156
            ],
            [
              -35.8633,
              -9.6222
            ],
            [
              -35.8676,
              -9.6263
            ],
            [
              -35.8655,
              -9.6316
            ],
            [
              -35.8565,
              -9.6346
            ],
            [
              -35.8546,
              -9.6359
            ],
            [
              -35.8519,
              -9.6367
            ],
            [
              -35.8497,
              -9.6386
            ],
            [
              -35.8472,
              -9.6381
            ],
            [
              -35.8455,
              -9.6395
            ],
            [
              -35.8447,
              -9.6411
            ],
            [
              -35.8429,
              -9.641
            ],
            [
              -35.8413,
              -9.6418
            ],
            [
              -35.8388,
              -9.6421
            ],
            [
              -35.837,
              -9.642
            ],
            [
              -35.8329,
              -9.6404
            ],
            [
              -35.8313,
              -9.6393
            ],
            [
              -35.8292,
              -9.6402
            ],
            [
              -35.8255,
              -9.6398
            ],
            [
              -35.8232,
              -9.6383
            ],
            [
              -35.8198,
              -9.6291
            ],
            [
              -35.8161,
              -9.625
            ],
            [
              -35.8157,
              -9.6228
            ],
            [
              -35.8148,
              -9.6212
            ],
            [
              -35.8146,
              -9.6194
            ],
            [
              -35.8126,
              -9.6169
            ],
            [
              -35.8104,
              -9.615
            ],
            [
              -35.8082,
              -9.6145
            ],
            [
              -35.8056,
              -9.6134
            ],
            [
              -35.806,
              -9.6123
            ],
            [
              -35.8047,
              -9.6083
            ],
            [
              -35.8037,
              -9.6064
            ],
            [
              -35.7935,
              -9.6001
            ],
            [
              -35.7956,
              -9.5964
            ],
            [
              -35.7964,
              -9.5956
            ],
            [
              -35.8026,
              -9.5926
            ],
            [
              -35.8032,
              -9.5911
            ],
            [
              -35.8024,
              -9.5898
            ],
            [
              -35.8034,
              -9.5876
            ],
            [
              -35.8055,
              -9.5873
            ],
            [
              -35.8069,
              -9.586
            ],
            [
              -35.8095,
              -9.5846
            ],
            [
              -35.8084,
              -9.5832
            ],
            [
              -35.8089,
              -9.582
            ],
            [
              -35.8121,
              -9.5816
            ],
            [
              -35.8144,
              -9.58
            ]
          ]
        ]
      },
      "properties": {
        "codarea": "2707909",
        "nome_municipio": "Santa Luzia do Norte",
        "codigo_ibge": 2707909
      }
    },
    {
      "type": "Feature",
      "geometry": {
        "type": "Polygon",
        "coordinates": [
          [
            [
              -35.8676,
              -9.6263
            ],
            [
              -35.8677,
              -9.6409
            ],
            [
              -35.8645,
              -9.6548
            ],
            [
              -35.8354,
              -9.6546
            ],
            [
              -35.828,
              -9.6553
            ],
            [
              -35.8263,
              -9.657
            ],
            [
              -35.8238,
              -9.657
            ],
            [
              -35.8218,
              -9.656
            ],
            [
              -35.8186,
              -9.6559
            ],
            [
              -35.8165,
              -9.6543
            ],
            [
              -35.8131,
              -9.6551
            ],
            [
              -35.8116,
              -9.6568
            ],
            [
              -35.81,
              -9.6595
            ],
            [
              -35.8101,
              -9.6615
            ],
            [
              -35.8096,
              -9.6636
            ],
            [
              -35.8068,
              -9.6671
            ],
            [
              -35.8058,
              -9.6714
            ],
            [
              -35.8051,
              -9.6725
            ],
            [
              -35.805,
              -9.6745
            ],
            [
              -35.8024,
              -9.6778
            ],
            [
              -35.7955,
              -9.6803
            ],
            [
              -35.7912,
              -9.6806
            ],
            [
              -35.791,
              -9.6793
            ],
            [
              -35.7897,
              -9.6773
            ],
            [
              -35.7879,
              -9.6752
            ],
            [
              -35.7858,
              -9.67
            ],
            [
              -35.7834,
              -9.6679
            ],
            [
              -35.7802,
              -9.6669
            ],
            [
              -35.7798,
              -9.6632
            ],
            [
              -35.7802,
              -9.6597
            ],
            [
              -35.7807,
              -9.6576
            ],
            [
              -35.7795,
              -9.654
            ],
            [
              -35.7768,
              -9.6488
            ],
            [
              -35.774,
              -9.6448
            ],
            [
              -35.7725,
              -9.6431
            ],
            [
              -35.7694,
              -9.639
            ],
            [
              -35.7693,
              -9.6364
            ],
            [
              -35.7699,
              -9.6346
            ],
            [
              -35.7716,
              -9.6321
            ],
            [
              -35.7734,
              -9.6303
            ],
            [
              -35.7759,
              -9.6287
            ],
            [
              -35.7824,
              -9.6223
            ],
            [
              -35.7855,
              -9.6174
            ],
            [
              -35.788,
              -9.6133
            ],
            [
              -35.7886,
              -9.6114
            ],
            [
              -35.7905,
              -9.6042
            ],
            [
              -35.7915,
              -9.6018
            ],
            [
              -35.7935,
              -9.6001
            ],
            [
              -35.8037,
              -9.6064
            ],
            [
              -35.8047,
              -9.6083
            ],
            [
              -35.806,
              -9.6123
            ],
            [
              -35.8056,
              -9.6134
            ],
            [
              -35.8082,
              -9.6145
            ],
            [
              -35.8104,
              -9.615
            ],
            [
              -35.8126,
              -9.6169
            ],
            [
              -35.8146,
              -9.6194
            ],
            [
              -35.8148,
              -9.6212
            ],
            [
              -35.8157,
              -9.6228
            ],
            [
              -35.8161,
              -9.625
            ],
            [
              -35.8198,
              -9.6291
            ],
            [
              -35.8232,
              -9.6383
            ],
            [
              -35.8255,
              -9.6398
            ],
            [
              -35.8292,
              -9.6402
            ],
            [
              -35.8313,
              -9.6393
            ],
            [
              -35.8329,
              -9.6404
            ],
            [
              -35.837,
              -9.642
            ],
            [
              -35.8388,
              -9.6421
            ],
            [
              -35.8413,
              -9.6418
            ],
            [
              -35.8429,
              -9.641
            ],
            [
              -35.8447,
              -9.6411
            ],
            [
              -35.8455,
              -9.6395
            ],
            [
              -35.8472,
              -9.6381
            ],
            [
              -35.8497,
              -9.6386
            ],
            [
              -35.8519,
              -9.6367
            ],
            [
              -35.8546,
              -9.6359
            ],
            [
              -35.8565,
              -9.6346
            ],
            [
              -35.8655,
              -9.6316
            ],
            [
              -35.8676,
              -9.6263
            ]
          ]
        ]
      },
      "properties": {
        "codarea": "2702207",
        "nome_municipio": "Coqueiro Seco",
        "codigo_ibge": 2702207
      }
    },
    {
      "type": "Feature",
      "geometry": {
        "type": "Polygon",
        "coordinates": [
          [
            [
              -35.8872,
              -9.5888
            ],
            [
              -35.8696,
              -9.5714
            ],
            [
              -35.8463,
              -9.5484
            ],
            [
              -35.8273,
              -9.5504
            ],
            [
              -35.7967,
              -9.5315
            ],
            [
              -35.7846,
              -9.4681
            ],
            [
              -35.7696,
              -9.3898
            ],
            [
              -35.7696,
              -9.3896
            ],
            [
              -35.7695,
              -9.3876
            ],
            [
              -35.8172,
              -9.4005
            ],
            [
              -35.8774,
              -9.4167
            ],
            [
              -35.9289,
              -9.3756
            ],
            [
              -35.9304,
              -9.4419
            ],
            [
              -35.9309,
              -9.4617
            ],
            [
              -35.9337,
              -9.4628
            ],
            [
              -35.9328,
              -9.4796
            ],
            [
              -35.934,
              -9.4829
            ],
            [
              -35.9348,
              -9.4833
            ],
            [
              -35.9347,
              -9.4849
            ],
            [
              -35.9359,
              -9.4883
            ],
            [
              -35.9371,
              -9.4896
            ],
            [
              -35.9372,
              -9.4925
            ],
            [
              -35.9395,
              -9.4924
            ],
            [
              -35.9399,
              -9.4931
            ],
            [
              -35.9395,
              -9.4961
            ],
            [
              -35.9417,
              -9.4996
            ],
            [
              -35.9581,
              -9.5251
            ],
            [
              -35.9597,
              -9.528
            ],
            [
              -35.9592,
              -9.5301
            ],
            [
              -35.9564,
              -9.5309
            ],
            [
              -35.9541,
              -9.5325
            ],
            [
              -35.9512,
              -9.5324
            ],
            [
              -35.9499,
              -9.5333
            ],
            [
              -35.9494,
              -9.5362
            ],
            [
              -35.9479,
              -9.5363
            ],
            [
              -35.9455,
              -9.5379
            ],
            [
              -35.9448,
              -9.541
            ],
            [
              -35.9464,
              -9.5423
            ],
            [
              -35.9435,
              -9.5428
            ],
            [
              -35.9399,
              -9.5459
            ],
            [
              -35.9384,
              -9.5493
            ],
            [
              -35.9363,
              -9.5503
            ],
            [
              -35.9354,
              -9.5501
            ],
            [
              -35.8872,
              -9.5888
            ]
          ]
        ]
      },
      "properties": {
        "codarea": "2707701",
        "nome_municipio": "Rio Largo",
        "codigo_ibge": 2707701
      }
    },
    {
      "type": "Feature",
      "geometry": {
        "type": "Polygon",
        "coordinates": [
          [
            [
              -35.8144,
              -9.58
            ],
            [
              -35.8137,
              -9.5795
            ],
            [
              -35.7967,
              -9.5315
            ],
            [
              -35.8273,
              -9.5504
            ],
            [
              -35.8463,
              -9.5484
            ],
            [
              -35.8696,
              -9.5714
            ],
            [
              -35.8872,
              -9.5888
            ],
            [
              -35.8822,
              -9.6011
            ],
            [
              -35.8781,
              -9.6007
            ],
            [
              -35.8768,
              -9.6097
            ],
            [
              -35.8763,
              -9.6104
            ],
            [
              -35.8706,
              -9.6206
            ],
            [
              -35.8681,
              -9.6254
            ],
            [
              -35.8676,
              -9.6263
            ],
            [
              -35.8633,
              -9.6222
            ],
            [
              -35.8561,
              -9.6156
            ],
            [
              -35.8555,
              -9.6112
            ],
            [
              -35.8546,
              -9.6098
            ],
            [
              -35.8532,
              -9.6094
            ],
            [
              -35.8517,
              -9.6102
            ],
            [
              -35.8505,
              -9.6126
            ],
            [
              -35.8497,
              -9.6124
            ],
            [
              -35.8516,
              -9.6082
            ],
            [
              -35.8499,
              -9.6072
            ],
            [
              -35.8454,
              -9.6067
            ],
            [
              -35.8433,
              -9.6045
            ],
            [
              -35.8288,
              -9.5831
            ],
            [
              -35.8257,
              -9.5824
            ],
            [
              -35.8255,
              -9.5784
            ],
            [
              -35.8236,
              -9.5783
            ],
            [
              -35.8187,
              -9.5786
            ],
            [
              -35.8183,
              -9.5801
            ],
            [
              -35.8163,
              -9.5807
            ],
            [
              -35.8157,
              -9.5799
            ],
            [
              -35.8144,
              -9.58
            ]
          ]
        ]
      },
      "properties": {
        "codarea": "2708907",
        "nome_municipio": "Satuba",
        "codigo_ibge": 2708907
      }
    },
    {
      "type": "Feature",
      "geometry": {
        "type": "Polygon",
        "coordinates": [
          [
            [
              -35.7696,
              -9.3896
            ],
            [
              -35.7696,
              -9.3898
            ],
            [
              -35.7846,
              -9.4681
            ],
            [
              -35.7967,
              -9.5315
            ],
            [
              -35.8137,
              -9.5795
            ],
            [
              -35.8144,
              -9.58
            ],
            [
              -35.8121,
              -9.5816
            ],
            [
              -35.8089,
              -9.582
            ],
            [
              -35.8084,
              -9.5832
            ],
            [
              -35.8095,
              -9.5846
            ],
            [
              -35.8069,
              -9.586
            ],
            [
              -35.8055,
              -9.5873
            ],
            [
              -35.8034,
              -9.5876
            ],
            [
              -35.8024,
              -9.5898
            ],
            [
              -35.8032,
              -9.5911
            ],
            [
              -35.8026,
              -9.5926
            ],
            [
              -35.7964,
              -9.5956
            ],
            [
              -35.7956,
              -9.5964
            ],
            [
              -35.7935,
              -9.6001
            ],
            [
              -35.7915,
              -9.6018
            ],
            [
              -35.7905,
              -9.6042
            ],
            [
              -35.7886,
              -9.6114
            ],
            [
              -35.788,
              -9.6133
            ],
            [
              -35.7855,
              -9.6174
            ],
            [
              -35.7824,
              -9.6223
            ],
            [
              -35.7759,
              -9.6287
            ],
            [
              -35.7734,
              -9.6303
            ],
            [
              -35.7716,
              -9.6321
            ],
            [
              -35.7699,
              -9.6346
            ],
            [
              -35.7693,
              -9.6364
            ],
            [
              -35.7694,
              -9.639
            ],
            [
              -35.7725,
              -9.6431
            ],
            [
              -35.774,
              -9.6448
            ],
            [
              -35.7768,
              -9.6488
            ],
            [
              -35.7795,
              -9.654
            ],
            [
              -35.7807,
              -9.6576
            ],
            [
              -35.7802,
              -9.6597
            ],
            [
              -35.7798,
              -9.6632
            ],
            [
              -35.7802,
              -9.6669
            ],
            [
              -35.7834,
              -9.6679
            ],
            [
              -35.7858,
              -9.67
            ],
            [
              -35.7879,
              -9.6752
            ],
            [
              -35.7897,
              -9.6773
            ],
            [
              -35.791,
              -9.6793
            ],
            [
              -35.7912,
              -9.6806
            ],
            [
              -35.7913,
              -9.682
            ],
            [
              -35.7895,
              -9.6851
            ],
            [
              -35.7876,
              -9.6863
            ],
            [
              -35.7857,
              -9.6888
            ],
            [
              -35.7844,
              -9.691
            ],
            [
              -35.7826,
              -9.6962
            ],
            [
              -35.7829,
              -9.6988
            ],
            [
              -35.7855,
              -9.7015
            ],
            [
              -35.7882,
              -9.7028
            ],
            [
              -35.7934,
              -9.7058
            ],
            [
              -35.7962,
              -9.7082
            ],
            [
              -35.7967,
              -9.7103
            ],
            [
              -35.7964,
              -9.7114
            ],
            [
              -35.7945,
              -9.7131
            ],
            [
              -35.793,
              -9.7117
            ],
            [
              -35.7915,
              -9.7118
            ],
            [
              -35.7898,
              -9.7112
            ],
            [
              -35.7852,
              -9.706
            ],
            [
              -35.7807,
              -9.7016
            ],
            [
              -35.7782,
              -9.7
            ],
            [
              -35.7761,
              -9.6972
            ],
            [
              -35.7742,
              -9.6951
            ],
            [
              -35.7712,
              -9.6924
            ],
            [
              -35.7679,
              -9.69
            ],
            [
              -35.765,
              -9.6884
            ],
            [
              -35.7635,
              -9.687
            ],
            [
              -35.7611,
              -9.6832
            ],
            [
              -35.759,
              -9.6814
            ],
            [
              -35.7555,
              -9.6789
            ],
            [
              -35.7487,
              -9.6748
            ],
            [
              -35.7459,
              -9.6735
            ],
            [
              -35.7413,
              -9.6721
            ],
            [
              -35.7385,
              -9.6715
            ],
            [
              -35.733,
              -9.6712
            ],
            [
              -35.7273,
              -9.6727
            ],
            [
              -35.7237,
              -9.6748
            ],
            [
              -35.723,
              -9.6756
            ],
            [
              -35.7251,
              -9.6797
            ],
            [
              -35.7232,
              -9.6807
            ],
            [
              -35.7245,
              -9.6832
            ],
            [
              -35.7286,
              -9.6815
            ],
            [
              -35.7297,
              -9.6826
            ],
            [
              -35.7252,
              -9.6844
            ],
            [
              -35.7237,
              -9.6847
            ],
            [
              -35.7221,
              -9.6834
            ],
            [
              -35.7191,
              -9.6777
            ],
            [
              -35.7168,
              -9.6755
            ],
            [
              -35.7135,
              -9.6702
            ],
            [
              -35.71,
              -9.6662
            ],
            [
              -35.7083,
              -9.6651
            ],
            [
              -35.7046,
              -9.6641
            ],
            [
              -35.7024,
              -9.6641
            ],
            [
              -35.6972,
              -9.6651
            ],
            [
              -35.6967,
              -9.6662
            ],
            [
              -35.6953,
              -9.6648
            ],
            [
              -35.695,
              -9.6638
            ],
            [
              -35.6976,
              -9.6592
            ],
            [
              -35.6979,
              -9.6556
            ],
            [
              -35.6985,
              -9.6522
            ],
            [
              -35.6996,
              -9.6488
            ],
            [
              -35.6995,
              -9.647
            ],
            [
              -35.698,
              -9.6432
            ],
            [
              -35.6975,
              -9.6369
            ],
            [
              -35.697,
              -9.6347
            ],
            [
              -35.6931,
              -9.6242
            ],
            [
              -35.6909,
              -9.6199
            ],
            [
              -35.6845,
              -9.6111
            ],
            [
              -35.6833,
              -9.6097
            ],
            [
              -35.6801,
              -9.6069
            ],
            [
              -35.6769,
              -9.6004
            ],
            [
              -35.6741,
              -9.5973
            ],
            [
              -35.6709,
              -9.5948
            ],
            [
              -35.6685,
              -9.5927
            ],
            [
              -35.6657,
              -9.5913
            ],
            [
              -35.6647,
              -9.5885
            ],
            [
              -35.6624,
              -9.5867
            ],
            [
              -35.6588,
              -9.5825
            ],
            [
              -35.6576,
              -9.5813
            ],
            [
              -35.6554,
              -9.5773
            ],
            [
              -35.6546,
              -9.5739
            ],
            [
              -35.6527,
              -9.5712
            ],
            [
              -35.6513,
              -9.5704
            ],
            [
              -35.6508,
              -9.5685
            ],
            [
              -35.6489,
              -9.568
            ],
            [
              -35.6462,
              -9.5668
            ],
            [
              -35.6449,
              -9.5651
            ],
            [
              -35.6439,
              -9.5628
            ],
            [
              -35.6424,
              -9.5611
            ],
            [
              -35.6396,
              -9.5587
            ],
            [
              -35.6343,
              -9.5548
            ],
            [
              -35.6326,
              -9.5539
            ],
            [
              -35.6272,
              -9.5517
            ],
            [
              -35.6242,
              -9.5499
            ],
            [
              -35.6221,
              -9.5492
            ],
            [
              -35.6192,
              -9.5487
            ],
            [
              -35.6168,
              -9.5471
            ],
            [
              -35.6174,
              -9.5457
            ],
            [
              -35.6158,
              -9.5448
            ],
            [
              -35.6148,
              -9.5427
            ],
            [
              -35.6142,
              -9.54
            ],
            [
              -35.6132,
              -9.5386
            ],
            [
              -35.6105,
              -9.5357
            ],
            [
              -35.6071,
              -9.5328
            ],
            [
              -35.6024,
              -9.5302
            ],
            [
              -35.5988,
              -9.5295
            ],
            [
              -35.5949,
              -9.5299
            ],
            [
              -35.5928,
              -9.5308
            ],
            [
              -35.5914,
              -9.5291
            ],
            [
              -35.5908,
              -9.5226
            ],
            [
              -35.5908,
              -9.5203
            ],
            [
              -35.59,
              -9.5171
            ],
            [
              -35.5878,
              -9.5132
            ],
            [
              -35.5872,
              -9.5116
            ],
            [
              -35.5824,
              -9.5078
            ],
            [
              -35.5809,
              -9.505
            ],
            [
              -35.5793,
              -9.5029
            ],
            [
              -35.5776,
              -9.5017
            ],
            [
              -35.5743,
              -9.5001
            ],
            [
              -35.5718,
              -9.497
            ],
            [
              -35.5702,
              -9.4957
            ],
            [
              -35.5666,
              -9.4939
            ],
            [
              -35.5651,
              -9.4925
            ],
            [
              -35.5603,
              -9.4892
            ],
            [
              -35.5585,
              -9.4875
            ],
            [
              -35.559,
              -9.4852
            ],
            [
              -35.5604,
              -9.4852
            ],
            [
              -35.5617,
              -9.481
            ],
            [
              -35.5628,
              -9.4796
            ],
            [
              -35.567,
              -9.4792
            ],
            [
              -35.5687,
              -9.4784
            ],
            [
              -35.57,
              -9.4772
            ],
            [
              -35.5769,
              -9.4729
            ],
            [
              -35.5793,
              -9.4717
            ],
            [
              -35.5846,
              -9.4698
            ],
            [
              -35.5862,
              -9.4702
            ],
            [
              -35.5884,
              -9.4699
            ],
            [
              -35.5901,
              -9.4691
            ],
            [
              -35.5931,
              -9.4703
            ],
            [
              -35.595,
              -9.4699
            ],
            [
              -35.5959,
              -9.4721
            ],
            [
              -35.598,
              -9.473
            ],
            [
              -35.5999,
              -9.4732
            ],
            [
              -35.6019,
              -9.4741
            ],
            [
              -35.6031,
              -9.4737
            ],
            [
              -35.6044,
              -9.4726
            ],
            [
              -35.6078,
              -9.473
            ],
            [
              -35.6088,
              -9.4708
            ],
            [
              -35.6102,
              -9.4704
            ],
            [
              -35.6128,
              -9.4712
            ],
            [
              -35.6154,
              -9.47
            ],
            [
              -35.6172,
              -9.4699
            ],
            [
              -35.618,
              -9.4691
            ],
            [
              -35.6193,
              -9.4656
            ],
            [
              -35.6212,
              -9.4634
            ],
            [
              -35.6241,
              -9.4626
            ],
            [
              -35.6251,
              -9.4613
            ],
            [
              -35.626,
              -9.4578
            ],
            [
              -35.6243,
              -9.4513
            ],
            [
              -35.6262,
              -9.4478
            ],
            [
              -35.6276,
              -9.4474
            ],
            [
              -35.635,
              -9.4469
            ],
            [
              -35.6365,
              -9.4454
            ],
            [
              -35.6382,
              -9.4452
            ],
            [
              -35.6392,
              -9.4438
            ],
            [
              -35.6404,
              -9.4444
            ],
            [
              -35.6419,
              -9.4444
            ],
            [
              -35.644,
              -9.4417
            ],
            [
              -35.6467,
              -9.4412
            ],
            [
              -35.6482,
              -9.4392
            ],
            [
              -35.652,
              -9.436
            ],
            [
              -35.6573,
              -9.434
            ],
            [
              -35.6593,
              -9.433
            ],
            [
              -35.6609,
              -9.4313
            ],
            [
              -35.6625,
              -9.4306
            ],
            [
              -35.6639,
              -9.4307
            ],
            [
              -35.6656,
              -9.4297
            ],
            [
              -35.6661,
              -9.4285
            ],
            [
              -35.6659,
              -9.426
            ],
            [
              -35.6766,
              -9.3986
            ],
            [
              -35.6906,
              -9.371
            ],
            [
              -35.7458,
              -9.3841
            ],
            [
              -35.7696,
              -9.3896
            ]
          ]
        ]
      },
      "properties": {
        "codarea": "2704302",
        "nome_municipio": "Maceió",
        "codigo_ibge": 2704302
      }
    },
    {
      "type": "Feature",
      "geometry": {
        "type": "Polygon",
        "coordinates": [
          [
            [
              -35.4725,
              -9.358
            ],
            [
              -35.5144,
              -9.3143
            ],
            [
              -35.5146,
              -9.3151
            ],
            [
              -35.5168,
              -9.3185
            ],
            [
              -35.5197,
              -9.3225
            ],
            [
              -35.5202,
              -9.3237
            ],
            [
              -35.5199,
              -9.3276
            ],
            [
              -35.5185,
              -9.3297
            ],
            [
              -35.5183,
              -9.3313
            ],
            [
              -35.5166,
              -9.3336
            ],
            [
              -35.5163,
              -9.337
            ],
            [
              -35.5158,
              -9.3387
            ],
            [
              -35.5142,
              -9.3411
            ],
            [
              -35.5139,
              -9.345
            ],
            [
              -35.5132,
              -9.3463
            ],
            [
              -35.5141,
              -9.3476
            ],
            [
              -35.5136,
              -9.3485
            ],
            [
              -35.5151,
              -9.3498
            ],
            [
              -35.5162,
              -9.3516
            ],
            [
              -35.5171,
              -9.3519
            ],
            [
              -35.5178,
              -9.355
            ],
            [
              -35.5197,
              -9.3544
            ],
            [
              -35.5229,
              -9.3548
            ],
            [
              -35.5249,
              -9.3542
            ],
            [
              -35.5274,
              -9.3521
            ],
            [
              -35.5295,
              -9.3491
            ],
            [
              -35.531,
              -9.3475
            ],
            [
              -35.532,
              -9.3471
            ],
            [
              -35.536,
              -9.3469
            ],
            [
              -35.5457,
              -9.3515
            ],
            [
              -35.5541,
              -9.3552
            ],
            [
              -35.5599,
              -9.3579
            ],
            [
              -35.5614,
              -9.3582
            ],
            [
              -35.5661,
              -9.3565
            ],
            [
              -35.5809,
              -9.3593
            ],
            [
              -35.6083,
              -9.3622
            ],
            [
              -35.6865,
              -9.3706
            ],
            [
              -35.6906,
              -9.371
            ],
            [
              -35.6766,
              -9.3986
            ],
            [
              -35.6747,
              -9.398
            ],
            [
              -35.6725,
              -9.3994
            ],
            [
              -35.6698,
              -9.3991
            ],
            [
              -35.6674,
              -9.3997
            ],
            [
              -35.6665,
              -9.3989
            ],
            [
              -35.6626,
              -9.4001
            ],
            [
              -35.6611,
              -9.401
            ],
            [
              -35.6597,
              -9.4032
            ],
            [
              -35.6574,
              -9.4039
            ],
            [
              -35.6545,
              -9.4027
            ],
            [
              -35.6521,
              -9.4045
            ],
            [
              -35.6493,
              -9.4045
            ],
            [
              -35.6478,
              -9.4033
            ],
            [
              -35.6432,
              -9.4025
            ],
            [
              -35.6398,
              -9.4021
            ],
            [
              -35.6374,
              -9.403
            ],
            [
              -35.6355,
              -9.4045
            ],
            [
              -35.6335,
              -9.4056
            ],
            [
              -35.6305,
              -9.4058
            ],
            [
              -35.6285,
              -9.4048
            ],
            [
              -35.6254,
              -9.4061
            ],
            [
              -35.6252,
              -9.4076
            ],
            [
              -35.6225,
              -9.4085
            ],
            [
              -35.621,
              -9.4099
            ],
            [
              -35.6147,
              -9.4063
            ],
            [
              -35.6141,
              -9.4058
            ],
            [
              -35.6115,
              -9.4053
            ],
            [
              -35.6088,
              -9.4072
            ],
            [
              -35.6055,
              -9.407
            ],
            [
              -35.6029,
              -9.4062
            ],
            [
              -35.6017,
              -9.4045
            ],
            [
              -35.6001,
              -9.4049
            ],
            [
              -35.6,
              -9.4064
            ],
            [
              -35.5991,
              -9.4072
            ],
            [
              -35.5971,
              -9.4076
            ],
            [
              -35.5946,
              -9.4076
            ],
            [
              -35.5936,
              -9.4071
            ],
            [
              -35.5916,
              -9.4046
            ],
            [
              -35.5892,
              -9.4036
            ],
            [
              -35.5867,
              -9.4045
            ],
            [
              -35.5827,
              -9.4028
            ],
            [
              -35.5809,
              -9.4025
            ],
            [
              -35.5795,
              -9.4035
            ],
            [
              -35.5779,
              -9.403
            ],
            [
              -35.5773,
              -9.4021
            ],
            [
              -35.576,
              -9.4016
            ],
            [
              -35.5728,
              -9.4024
            ],
            [
              -35.5716,
              -9.4015
            ],
            [
              -35.5688,
              -9.4013
            ],
            [
              -35.5678,
              -9.4024
            ],
            [
              -35.5666,
              -9.402
            ],
            [
              -35.565,
              -9.4036
            ],
            [
              -35.5641,
              -9.4036
            ],
            [
              -35.5625,
              -9.4047
            ],
            [
              -35.5597,
              -9.4055
            ],
            [
              -35.5579,
              -9.4042
            ],
            [
              -35.5557,
              -9.4039
            ],
            [
              -35.5537,
              -9.4045
            ],
            [
              -35.5518,
              -9.4033
            ],
            [
              -35.5495,
              -9.4038
            ],
            [
              -35.5489,
              -9.4051
            ],
            [
              -35.547,
              -9.4061
            ],
            [
              -35.5467,
              -9.4077
            ],
            [
              -35.5454,
              -9.4081
            ],
            [
              -35.5446,
              -9.4103
            ],
            [
              -35.545,
              -9.4118
            ],
            [
              -35.5449,
              -9.4146
            ],
            [
              -35.546,
              -9.4159
            ],
            [
              -35.5449,
              -9.4176
            ],
            [
              -35.5436,
              -9.4181
            ],
            [
              -35.5415,
              -9.4216
            ],
            [
              -35.5385,
              -9.4227
            ],
            [
              -35.5367,
              -9.4245
            ],
            [
              -35.5366,
              -9.4268
            ],
            [
              -35.5346,
              -9.4303
            ],
            [
              -35.5316,
              -9.4317
            ],
            [
              -35.5312,
              -9.4349
            ],
            [
              -35.5317,
              -9.4357
            ],
            [
              -35.5306,
              -9.4373
            ],
            [
              -35.5292,
              -9.4384
            ],
            [
              -35.5284,
              -9.4374
            ],
            [
              -35.527,
              -9.4393
            ],
            [
              -35.5266,
              -9.4409
            ],
            [
              -35.5255,
              -9.4412
            ],
            [
              -35.5246,
              -9.4426
            ],
            [
              -35.5217,
              -9.4411
            ],
            [
              -35.5197,
              -9.4403
            ],
            [
              -35.5155,
              -9.4406
            ],
            [
              -35.5132,
              -9.4399
            ],
            [
              -35.5112,
              -9.4363
            ],
            [
              -35.5112,
              -9.4347
            ],
            [
              -35.5106,
              -9.4333
            ],
            [
              -35.5083,
              -9.4309
            ],
            [
              -35.5046,
              -9.426
            ],
            [
              -35.5014,
              -9.4227
            ],
            [
              -35.5,
              -9.4217
            ],
            [
              -35.502,
              -9.421
            ],
            [
              -35.5044,
              -9.4195
            ],
            [
              -35.5038,
              -9.4177
            ],
            [
              -35.5002,
              -9.4175
            ],
            [
              -35.4986,
              -9.416
            ],
            [
              -35.4969,
              -9.4106
            ],
            [
              -35.4967,
              -9.4084
            ],
            [
              -35.4958,
              -9.406
            ],
            [
              -35.4957,
              -9.4033
            ],
            [
              -35.4962,
              -9.4009
            ],
            [
              -35.4964,
              -9.3978
            ],
            [
              -35.4962,
              -9.3945
            ],
            [
              -35.4951,
              -9.3906
            ],
            [
              -35.494,
              -9.3878
            ],
            [
              -35.4921,
              -9.3835
            ],
            [
              -35.4907,
              -9.3811
            ],
            [
              -35.4859,
              -9.3731
            ],
            [
              -35.4822,
              -9.3682
            ],
            [
              -35.4765,
              -9.3624
            ],
            [
              -35.4725,
              -9.358
            ]
          ]
        ]
      },
      "properties": {
        "codarea": "2700508",
        "nome_municipio": "Barra de Santo Antônio",
        "codigo_ibge": 2700508
      }
    },
    {
      "type": "Feature",
      "geometry": {
        "type": "Polygon",
        "coordinates": [
          [
            [
              -35.5144,
              -9.3143
            ],
            [
              -35.5133,
              -9.3127
            ],
            [
              -35.513,
              -9.3101
            ],
            [
              -35.5137,
              -9.3077
            ],
            [
              -35.5684,
              -9.2642
            ],
            [
              -35.5771,
              -9.2571
            ],
            [
              -35.5792,
              -9.2558
            ],
            [
              -35.5804,
              -9.2526
            ],
            [
              -35.5815,
              -9.2508
            ],
            [
              -35.5817,
              -9.2473
            ],
            [
              -35.5832,
              -9.2466
            ],
            [
              -35.5834,
              -9.2456
            ],
            [
              -35.5848,
              -9.2452
            ],
            [
              -35.5865,
              -9.2454
            ],
            [
              -35.5879,
              -9.2449
            ],
            [
              -35.5876,
              -9.242
            ],
            [
              -35.5906,
              -9.239
            ],
            [
              -35.5916,
              -9.2377
            ],
            [
              -35.5922,
              -9.2348
            ],
            [
              -35.5917,
              -9.2334
            ],
            [
              -35.5934,
              -9.2323
            ],
            [
              -35.5941,
              -9.2305
            ],
            [
              -35.595,
              -9.23
            ],
            [
              -35.5972,
              -9.2268
            ],
            [
              -35.5964,
              -9.2249
            ],
            [
              -35.5966,
              -9.2237
            ],
            [
              -35.598,
              -9.2233
            ],
            [
              -35.5985,
              -9.2222
            ],
            [
              -35.5982,
              -9.2193
            ],
            [
              -35.5973,
              -9.2183
            ],
            [
              -35.5975,
              -9.2172
            ],
            [
              -35.5991,
              -9.2171
            ],
            [
              -35.5983,
              -9.2151
            ],
            [
              -35.5987,
              -9.2131
            ],
            [
              -35.5973,
              -9.208
            ],
            [
              -35.595,
              -9.2066
            ],
            [
              -35.5941,
              -9.2047
            ],
            [
              -35.5922,
              -9.2034
            ],
            [
              -35.5916,
              -9.2021
            ],
            [
              -35.5923,
              -9.201
            ],
            [
              -35.5922,
              -9.1983
            ],
            [
              -35.5913,
              -9.1982
            ],
            [
              -35.5903,
              -9.1968
            ],
            [
              -35.5901,
              -9.1946
            ],
            [
              -35.5908,
              -9.1936
            ],
            [
              -35.59,
              -9.1915
            ],
            [
              -35.5905,
              -9.1899
            ],
            [
              -35.593,
              -9.1882
            ],
            [
              -35.5941,
              -9.1888
            ],
            [
              -35.5966,
              -9.1885
            ],
            [
              -35.5978,
              -9.1874
            ],
            [
              -35.596,
              -9.1843
            ],
            [
              -35.5962,
              -9.1835
            ],
            [
              -35.5955,
              -9.1814
            ],
            [
              -35.5961,
              -9.1782
            ],
            [
              -35.5954,
              -9.1755
            ],
            [
              -35.5962,
              -9.1748
            ],
            [
              -35.5954,
              -9.1734
            ],
            [
              -35.5967,
              -9.1721
            ],
            [
              -35.5982,
              -9.1714
            ],
            [
              -35.597,
              -9.1675
            ],
            [
              -35.5979,
              -9.1662
            ],
            [
              -35.6001,
              -9.1662
            ],
            [
              -35.6003,
              -9.1644
            ],
            [
              -35.6012,
              -9.1644
            ],
            [
              -35.6028,
              -9.1614
            ],
            [
              -35.6028,
              -9.1591
            ],
            [
              -35.602,
              -9.1579
            ],
            [
              -35.6037,
              -9.156
            ],
            [
              -35.604,
              -9.1545
            ],
            [
              -35.6053,
              -9.1526
            ],
            [
              -35.6079,
              -9.1524
            ],
            [
              -35.6096,
              -9.1501
            ],
            [
              -35.6098,
              -9.1474
            ],
            [
              -35.6126,
              -9.1428
            ],
            [
              -35.614,
              -9.1408
            ],
            [
              -35.6158,
              -9.1405
            ],
            [
              -35.6166,
              -9.1395
            ],
            [
              -35.6171,
              -9.1352
            ],
            [
              -35.6183,
              -9.1332
            ],
            [
              -35.6191,
              -9.1332
            ],
            [
              -35.6211,
              -9.1308
            ],
            [
              -35.6248,
              -9.1307
            ],
            [
              -35.629,
              -9.1283
            ],
            [
              -35.6298,
              -9.1249
            ],
            [
              -35.6304,
              -9.1247
            ],
            [
              -35.6348,
              -9.1206
            ],
            [
              -35.636,
              -9.1204
            ],
            [
              -35.6389,
              -9.118
            ],
            [
              -35.6403,
              -9.1193
            ],
            [
              -35.6421,
              -9.1197
            ],
            [
              -35.6443,
              -9.1189
            ],
            [
              -35.6474,
              -9.1209
            ],
            [
              -35.65,
              -9.1209
            ],
            [
              -35.6499,
              -9.1182
            ],
            [
              -35.6504,
              -9.1173
            ],
            [
              -35.6511,
              -9.1142
            ],
            [
              -35.653,
              -9.1092
            ],
            [
              -35.6527,
              -9.1074
            ],
            [
              -35.654,
              -9.1063
            ],
            [
              -35.6552,
              -9.1079
            ],
            [
              -35.657,
              -9.1087
            ],
            [
              -35.6605,
              -9.1087
            ],
            [
              -35.6616,
              -9.1083
            ],
            [
              -35.6649,
              -9.1083
            ],
            [
              -35.6667,
              -9.1088
            ],
            [
              -35.668,
              -9.108
            ],
            [
              -35.6687,
              -9.1065
            ],
            [
              -35.67,
              -9.1061
            ],
            [
              -35.6714,
              -9.1045
            ],
            [
              -35.6745,
              -9.1018
            ],
            [
              -35.6752,
              -9.1005
            ],
            [
              -35.6791,
              -9.1003
            ],
            [
              -35.682,
              -9.1009
            ],
            [
              -35.6846,
              -9.1008
            ],
            [
              -35.6896,
              -9.1023
            ],
            [
              -35.6923,
              -9.1044
            ],
            [
              -35.6938,
              -9.1062
            ],
            [
              -35.6976,
              -9.109
            ],
            [
              -35.7004,
              -9.1098
            ],
            [
              -35.7055,
              -9.1109
            ],
            [
              -35.711,
              -9.1136
            ],
            [
              -35.712,
              -9.1139
            ],
            [
              -35.7138,
              -9.1165
            ],
            [
              -35.7163,
              -9.1193
            ],
            [
              -35.718,
              -9.1201
            ],
            [
              -35.7192,
              -9.1215
            ],
            [
              -35.7223,
              -9.1236
            ],
            [
              -35.7246,
              -9.1246
            ],
            [
              -35.7251,
              -9.1252
            ],
            [
              -35.7243,
              -9.1282
            ],
            [
              -35.7132,
              -9.181
            ],
            [
              -35.703,
              -9.2297
            ],
            [
              -35.6933,
              -9.2603
            ],
            [
              -35.6918,
              -9.2801
            ],
            [
              -35.6919,
              -9.2985
            ],
            [
              -35.6865,
              -9.3706
            ],
            [
              -35.6083,
              -9.3622
            ],
            [
              -35.5809,
              -9.3593
            ],
            [
              -35.5661,
              -9.3565
            ],
            [
              -35.5614,
              -9.3582
            ],
            [
              -35.5599,
              -9.3579
            ],
            [
              -35.5541,
              -9.3552
            ],
            [
              -35.5457,
              -9.3515
            ],
            [
              -35.536,
              -9.3469
            ],
            [
              -35.532,
              -9.3471
            ],
            [
              -35.531,
              -9.3475
            ],
            [
              -35.5295,
              -9.3491
            ],
            [
              -35.5274,
              -9.3521
            ],
            [
              -35.5249,
              -9.3542
            ],
            [
              -35.5229,
              -9.3548
            ],
            [
              -35.5197,
              -9.3544
            ],
            [
              -35.5178,
              -9.355
            ],
            [
              -35.5171,
              -9.3519
            ],
            [
              -35.5162,
              -9.3516
            ],
            [
              -35.5151,
              -9.3498
            ],
            [
              -35.5136,
              -9.3485
            ],
            [
              -35.5141,
              -9.3476
            ],
            [
              -35.5132,
              -9.3463
            ],
            [
              -35.5139,
              -9.345
            ],
            [
              -35.5142,
              -9.3411
            ],
            [
              -35.5158,
              -9.3387
            ],
            [
              -35.5163,
              -9.337
            ],
            [
              -35.5166,
              -9.3336
            ],
            [
              -35.5183,
              -9.3313
            ],
            [
              -35.5185,
              -9.3297
            ],
            [
              -35.5199,
              -9.3276
            ],
            [
              -35.5202,
              -9.3237
            ],
            [
              -35.5197,
              -9.3225
            ],
            [
              -35.5168,
              -9.3185
            ],
            [
              -35.5146,
              -9.3151
            ],
            [
              -35.5144,
              -9.3143
            ]
          ]
        ]
      },
      "properties": {
        "codarea": "2708501",
        "nome_municipio": "São Luis do Quitunde",
        "codigo_ibge": 2708501
      }
    },
    {
      "type": "Feature",
      "geometry": {
        "type": "Polygon",
        "coordinates": [
          [
            [
              -35.3391,
              -9.2307
            ],
            [
              -35.342,
              -9.2307
            ],
            [
              -35.3438,
              -9.2305
            ],
            [
              -35.3593,
              -9.2292
            ],
            [
              -35.378,
              -9.2097
            ],
            [
              -35.4277,
              -9.1939
            ],
            [
              -35.4758,
              -9.1906
            ],
            [
              -35.4763,
              -9.1984
            ],
            [
              -35.4755,
              -9.2012
            ],
            [
              -35.4735,
              -9.2027
            ],
            [
              -35.4716,
              -9.2053
            ],
            [
              -35.4703,
              -9.2084
            ],
            [
              -35.4695,
              -9.2127
            ],
            [
              -35.4696,
              -9.2156
            ],
            [
              -35.4693,
              -9.218
            ],
            [
              -35.4672,
              -9.2203
            ],
            [
              -35.4667,
              -9.2222
            ],
            [
              -35.4656,
              -9.2245
            ],
            [
              -35.4611,
              -9.2277
            ],
            [
              -35.4583,
              -9.2287
            ],
            [
              -35.4549,
              -9.2295
            ],
            [
              -35.4533,
              -9.2304
            ],
            [
              -35.4511,
              -9.2328
            ],
            [
              -35.4494,
              -9.232
            ],
            [
              -35.4425,
              -9.2344
            ],
            [
              -35.4401,
              -9.2358
            ],
            [
              -35.4387,
              -9.2378
            ],
            [
              -35.4364,
              -9.2398
            ],
            [
              -35.435,
              -9.2405
            ],
            [
              -35.4314,
              -9.2416
            ],
            [
              -35.4276,
              -9.2443
            ],
            [
              -35.4261,
              -9.2459
            ],
            [
              -35.4243,
              -9.2458
            ],
            [
              -35.4227,
              -9.2477
            ],
            [
              -35.4209,
              -9.252
            ],
            [
              -35.4198,
              -9.2525
            ],
            [
              -35.4182,
              -9.2546
            ],
            [
              -35.4163,
              -9.2553
            ],
            [
              -35.4155,
              -9.2573
            ],
            [
              -35.4111,
              -9.2604
            ],
            [
              -35.4076,
              -9.2613
            ],
            [
              -35.4016,
              -9.2665
            ],
            [
              -35.4009,
              -9.2694
            ],
            [
              -35.4004,
              -9.2702
            ],
            [
              -35.3981,
              -9.2709
            ],
            [
              -35.3957,
              -9.2721
            ],
            [
              -35.3946,
              -9.2735
            ],
            [
              -35.3928,
              -9.2779
            ],
            [
              -35.3913,
              -9.2794
            ],
            [
              -35.3907,
              -9.2811
            ],
            [
              -35.3911,
              -9.2829
            ],
            [
              -35.3896,
              -9.2842
            ],
            [
              -35.3881,
              -9.2847
            ],
            [
              -35.3868,
              -9.2863
            ],
            [
              -35.383,
              -9.2828
            ],
            [
              -35.3766,
              -9.2797
            ],
            [
              -35.3732,
              -9.2767
            ],
            [
              -35.3717,
              -9.274
            ],
            [
              -35.3699,
              -9.2721
            ],
            [
              -35.3674,
              -9.2701
            ],
            [
              -35.3636,
              -9.2652
            ],
            [
              -35.3573,
              -9.2591
            ],
            [
              -35.3541,
              -9.2552
            ],
            [
              -35.3524,
              -9.2519
            ],
            [
              -35.3495,
              -9.2478
            ],
            [
              -35.3485,
              -9.2453
            ],
            [
              -35.3469,
              -9.243
            ],
            [
              -35.344,
              -9.2396
            ],
            [
              -35.3416,
              -9.2349
            ],
            [
              -35.3391,
              -9.232
            ],
            [
              -35.3391,
              -9.2307
            ]
          ]
        ]
      },
      "properties": {
        "codarea": "2708709",
        "nome_municipio": "São Miguel dos Milagres",
        "codigo_ibge": 2708709
      }
    },
    {
      "type": "Feature",
      "geometry": {
        "type": "Polygon",
        "coordinates": [
          [
            [
              -35.4725,
              -9.358
            ],
            [
              -35.4699,
              -9.3556
            ],
            [
              -35.4656,
              -9.3504
            ],
            [
              -35.4634,
              -9.3474
            ],
            [
              -35.4597,
              -9.3441
            ],
            [
              -35.457,
              -9.3428
            ],
            [
              -35.4551,
              -9.3424
            ],
            [
              -35.4487,
              -9.3418
            ],
            [
              -35.4456,
              -9.3402
            ],
            [
              -35.4442,
              -9.3403
            ],
            [
              -35.4425,
              -9.3393
            ],
            [
              -35.4409,
              -9.3388
            ],
            [
              -35.4396,
              -9.3337
            ],
            [
              -35.4393,
              -9.3308
            ],
            [
              -35.4378,
              -9.3283
            ],
            [
              -35.4359,
              -9.3265
            ],
            [
              -35.4321,
              -9.324
            ],
            [
              -35.4299,
              -9.3231
            ],
            [
              -35.4268,
              -9.3223
            ],
            [
              -35.4244,
              -9.3219
            ],
            [
              -35.4164,
              -9.3215
            ],
            [
              -35.4151,
              -9.3206
            ],
            [
              -35.415,
              -9.3196
            ],
            [
              -35.4164,
              -9.3185
            ],
            [
              -35.4179,
              -9.3182
            ],
            [
              -35.4199,
              -9.3163
            ],
            [
              -35.4194,
              -9.3148
            ],
            [
              -35.4158,
              -9.3139
            ],
            [
              -35.4117,
              -9.3103
            ],
            [
              -35.4079,
              -9.3074
            ],
            [
              -35.4028,
              -9.3057
            ],
            [
              -35.3997,
              -9.3045
            ],
            [
              -35.3973,
              -9.3031
            ],
            [
              -35.3956,
              -9.3013
            ],
            [
              -35.3951,
              -9.2981
            ],
            [
              -35.3941,
              -9.2946
            ],
            [
              -35.3935,
              -9.2936
            ],
            [
              -35.3906,
              -9.2922
            ],
            [
              -35.3883,
              -9.2904
            ],
            [
              -35.3874,
              -9.2872
            ],
            [
              -35.3868,
              -9.2863
            ],
            [
              -35.3881,
              -9.2847
            ],
            [
              -35.3896,
              -9.2842
            ],
            [
              -35.3911,
              -9.2829
            ],
            [
              -35.3907,
              -9.2811
            ],
            [
              -35.3913,
              -9.2794
            ],
            [
              -35.3928,
              -9.2779
            ],
            [
              -35.3946,
              -9.2735
            ],
            [
              -35.3957,
              -9.2721
            ],
            [
              -35.3981,
              -9.2709
            ],
            [
              -35.4004,
              -9.2702
            ],
            [
              -35.4009,
              -9.2694
            ],
            [
              -35.4016,
              -9.2665
            ],
            [
              -35.4076,
              -9.2613
            ],
            [
              -35.4111,
              -9.2604
            ],
            [
              -35.4155,
              -9.2573
            ],
            [
              -35.4163,
              -9.2553
            ],
            [
              -35.4182,
              -9.2546
            ],
            [
              -35.4198,
              -9.2525
            ],
            [
              -35.4209,
              -9.252
            ],
            [
              -35.4227,
              -9.2477
            ],
            [
              -35.4243,
              -9.2458
            ],
            [
              -35.4261,
              -9.2459
            ],
            [
              -35.4276,
              -9.2443
            ],
            [
              -35.4314,
              -9.2416
            ],
            [
              -35.435,
              -9.2405
            ],
            [
              -35.4364,
              -9.2398
            ],
            [
              -35.4387,
              -9.2378
            ],
            [
              -35.4401,
              -9.2358
            ],
            [
              -35.4425,
              -9.2344
            ],
            [
              -35.4494,
              -9.232
            ],
            [
              -35.4511,
              -9.2328
            ],
            [
              -35.4533,
              -9.2304
            ],
            [
              -35.4549,
              -9.2295
            ],
            [
              -35.4583,
              -9.2287
            ],
            [
              -35.4611,
              -9.2277
            ],
            [
              -35.4656,
              -9.2245
            ],
            [
              -35.4667,
              -9.2222
            ],
            [
              -35.4672,
              -9.2203
            ],
            [
              -35.4693,
              -9.218
            ],
            [
              -35.4696,
              -9.2156
            ],
            [
              -35.4695,
              -9.2127
            ],
            [
              -35.4703,
              -9.2084
            ],
            [
              -35.4716,
              -9.2053
            ],
            [
              -35.4735,
              -9.2027
            ],
            [
              -35.4755,
              -9.2012
            ],
            [
              -35.4763,
              -9.1984
            ],
            [
              -35.4758,
              -9.1906
            ],
            [
              -35.5139,
              -9.1909
            ],
            [
              -35.555,
              -9.1913
            ],
            [
              -35.5801,
              -9.1578
            ],
            [
              -35.6171,
              -9.1352
            ],
            [
              -35.6166,
              -9.1395
            ],
            [
              -35.6158,
              -9.1405
            ],
            [
              -35.614,
              -9.1408
            ],
            [
              -35.6126,
              -9.1428
            ],
            [
              -35.6098,
              -9.1474
            ],
            [
              -35.6096,
              -9.1501
            ],
            [
              -35.6079,
              -9.1524
            ],
            [
              -35.6053,
              -9.1526
            ],
            [
              -35.604,
              -9.1545
            ],
            [
              -35.6037,
              -9.156
            ],
            [
              -35.602,
              -9.1579
            ],
            [
              -35.6028,
              -9.1591
            ],
            [
              -35.6028,
              -9.1614
            ],
            [
              -35.6012,
              -9.1644
            ],
            [
              -35.6003,
              -9.1644
            ],
            [
              -35.6001,
              -9.1662
            ],
            [
              -35.5979,
              -9.1662
            ],
            [
              -35.597,
              -9.1675
            ],
            [
              -35.5982,
              -9.1714
            ],
            [
              -35.5967,
              -9.1721
            ],
            [
              -35.5954,
              -9.1734
            ],
            [
              -35.5962,
              -9.1748
            ],
            [
              -35.5954,
              -9.1755
            ],
            [
              -35.5961,
              -9.1782
            ],
            [
              -35.5955,
              -9.1814
            ],
            [
              -35.5962,
              -9.1835
            ],
            [
              -35.596,
              -9.1843
            ],
            [
              -35.5978,
              -9.1874
            ],
            [
              -35.5966,
              -9.1885
            ],
            [
              -35.5941,
              -9.1888
            ],
            [
              -35.593,
              -9.1882
            ],
            [
              -35.5905,
              -9.1899
            ],
            [
              -35.59,
              -9.1915
            ],
            [
              -35.5908,
              -9.1936
            ],
            [
              -35.5901,
              -9.1946
            ],
            [
              -35.5903,
              -9.1968
            ],
            [
              -35.5913,
              -9.1982
            ],
            [
              -35.5922,
              -9.1983
            ],
            [
              -35.5923,
              -9.201
            ],
            [
              -35.5916,
              -9.2021
            ],
            [
              -35.5922,
              -9.2034
            ],
            [
              -35.5941,
              -9.2047
            ],
            [
              -35.595,
              -9.2066
            ],
            [
              -35.5973,
              -9.208
            ],
            [
              -35.5987,
              -9.2131
            ],
            [
              -35.5983,
              -9.2151
            ],
            [
              -35.5991,
              -9.2171
            ],
            [
              -35.5975,
              -9.2172
            ],
            [
              -35.5973,
              -9.2183
            ],
            [
              -35.5982,
              -9.2193
            ],
            [
              -35.5985,
              -9.2222
            ],
            [
              -35.598,
              -9.2233
            ],
            [
              -35.5966,
              -9.2237
            ],
            [
              -35.5964,
              -9.2249
            ],
            [
              -35.5972,
              -9.2268
            ],
            [
              -35.595,
              -9.23
            ],
            [
              -35.5941,
              -9.2305
            ],
            [
              -35.5934,
              -9.2323
            ],
            [
              -35.5917,
              -9.2334
            ],
            [
              -35.5922,
              -9.2348
            ],
            [
              -35.5916,
              -9.2377
            ],
            [
              -35.5906,
              -9.239
            ],
            [
              -35.5876,
              -9.242
            ],
            [
              -35.5879,
              -9.2449
            ],
            [
              -35.5865,
              -9.2454
            ],
            [
              -35.5848,
              -9.2452
            ],
            [
              -35.5834,
              -9.2456
            ],
            [
              -35.5832,
              -9.2466
            ],
            [
              -35.5817,
              -9.2473
            ],
            [
              -35.5815,
              -9.2508
            ],
            [
              -35.5804,
              -9.2526
            ],
            [
              -35.5792,
              -9.2558
            ],
            [
              -35.5771,
              -9.2571
            ],
            [
              -35.5684,
              -9.2642
            ],
            [
              -35.5137,
              -9.3077
            ],
            [
              -35.513,
              -9.3101
            ],
            [
              -35.5133,
              -9.3127
            ],
            [
              -35.5144,
              -9.3143
            ],
            [
              -35.4725,
              -9.358
            ]
          ]
        ]
      },
      "properties": {
        "codarea": "2706505",
        "nome_municipio": "Passo de Camaragibe",
        "codigo_ibge": 2706505
      }
    },
    {
      "type": "Feature",
      "geometry": {
        "type": "Polygon",
        "coordinates": [
          [
            [
              -35.4758,
              -9.1906
            ],
            [
              -35.476,
              -9.1868
            ],
            [
              -35.4769,
              -9.1853
            ],
            [
              -35.4795,
              -9.1825
            ],
            [
              -35.484,
              -9.1784
            ],
            [
              -35.4846,
              -9.177
            ],
            [
              -35.4833,
              -9.1758
            ],
            [
              -35.4814,
              -9.1756
            ],
            [
              -35.4742,
              -9.1765
            ],
            [
              -35.4707,
              -9.1765
            ],
            [
              -35.4677,
              -9.1774
            ],
            [
              -35.4651,
              -9.18
            ],
            [
              -35.4615,
              -9.1829
            ],
            [
              -35.4587,
              -9.1847
            ],
            [
              -35.4569,
              -9.1851
            ],
            [
              -35.4551,
              -9.1844
            ],
            [
              -35.4543,
              -9.1833
            ],
            [
              -35.4521,
              -9.1813
            ],
            [
              -35.4504,
              -9.1807
            ],
            [
              -35.4463,
              -9.1809
            ],
            [
              -35.444,
              -9.1788
            ],
            [
              -35.4424,
              -9.1785
            ],
            [
              -35.4381,
              -9.1794
            ],
            [
              -35.4363,
              -9.1793
            ],
            [
              -35.4348,
              -9.1775
            ],
            [
              -35.4377,
              -9.1752
            ],
            [
              -35.4393,
              -9.1752
            ],
            [
              -35.4433,
              -9.1728
            ],
            [
              -35.4445,
              -9.1696
            ],
            [
              -35.4452,
              -9.1688
            ],
            [
              -35.4485,
              -9.1685
            ],
            [
              -35.4502,
              -9.1673
            ],
            [
              -35.4548,
              -9.1651
            ],
            [
              -35.456,
              -9.1652
            ],
            [
              -35.4574,
              -9.1666
            ],
            [
              -35.4591,
              -9.1674
            ],
            [
              -35.461,
              -9.1668
            ],
            [
              -35.463,
              -9.1672
            ],
            [
              -35.4671,
              -9.1673
            ],
            [
              -35.4685,
              -9.1669
            ],
            [
              -35.4695,
              -9.1656
            ],
            [
              -35.4707,
              -9.1612
            ],
            [
              -35.4748,
              -9.157
            ],
            [
              -35.4756,
              -9.156
            ],
            [
              -35.4768,
              -9.1527
            ],
            [
              -35.4814,
              -9.1503
            ],
            [
              -35.4823,
              -9.1457
            ],
            [
              -35.4852,
              -9.144
            ],
            [
              -35.4899,
              -9.1428
            ],
            [
              -35.4938,
              -9.1388
            ],
            [
              -35.4971,
              -9.1383
            ],
            [
              -35.5,
              -9.1385
            ],
            [
              -35.5023,
              -9.1377
            ],
            [
              -35.503,
              -9.1345
            ],
            [
              -35.5051,
              -9.1341
            ],
            [
              -35.5081,
              -9.133
            ],
            [
              -35.5099,
              -9.1327
            ],
            [
              -35.5133,
              -9.1338
            ],
            [
              -35.521,
              -9.1351
            ],
            [
              -35.5243,
              -9.1258
            ],
            [
              -35.5265,
              -9.1183
            ],
            [
              -35.5218,
              -9.1049
            ],
            [
              -35.5205,
              -9.1017
            ],
            [
              -35.5186,
              -9.1009
            ],
            [
              -35.5147,
              -9.0998
            ],
            [
              -35.5125,
              -9.1001
            ],
            [
              -35.5017,
              -9.0853
            ],
            [
              -35.5602,
              -9.0488
            ],
            [
              -35.6248,
              -9.0356
            ],
            [
              -35.6812,
              -9.0241
            ],
            [
              -35.682,
              -9.026
            ],
            [
              -35.6813,
              -9.0297
            ],
            [
              -35.682,
              -9.0317
            ],
            [
              -35.6829,
              -9.0327
            ],
            [
              -35.6849,
              -9.034
            ],
            [
              -35.6869,
              -9.0364
            ],
            [
              -35.6915,
              -9.0389
            ],
            [
              -35.698,
              -9.041
            ],
            [
              -35.6991,
              -9.0416
            ],
            [
              -35.7094,
              -9.0486
            ],
            [
              -35.7137,
              -9.0529
            ],
            [
              -35.7136,
              -9.0535
            ],
            [
              -35.7113,
              -9.0556
            ],
            [
              -35.7113,
              -9.0572
            ],
            [
              -35.7089,
              -9.0563
            ],
            [
              -35.7081,
              -9.057
            ],
            [
              -35.7088,
              -9.0588
            ],
            [
              -35.7073,
              -9.0626
            ],
            [
              -35.7084,
              -9.063
            ],
            [
              -35.7085,
              -9.0649
            ],
            [
              -35.7071,
              -9.0662
            ],
            [
              -35.7076,
              -9.0679
            ],
            [
              -35.706,
              -9.0735
            ],
            [
              -35.7056,
              -9.0762
            ],
            [
              -35.7051,
              -9.0829
            ],
            [
              -35.7036,
              -9.083
            ],
            [
              -35.7001,
              -9.0809
            ],
            [
              -35.7,
              -9.0823
            ],
            [
              -35.7003,
              -9.0868
            ],
            [
              -35.6993,
              -9.0872
            ],
            [
              -35.699,
              -9.0887
            ],
            [
              -35.6974,
              -9.0899
            ],
            [
              -35.6969,
              -9.0914
            ],
            [
              -35.6941,
              -9.0916
            ],
            [
              -35.693,
              -9.0931
            ],
            [
              -35.6913,
              -9.0937
            ],
            [
              -35.6894,
              -9.0987
            ],
            [
              -35.6889,
              -9.1012
            ],
            [
              -35.6867,
              -9.0997
            ],
            [
              -35.6292,
              -9.0922
            ],
            [
              -35.6047,
              -9.1249
            ],
            [
              -35.5801,
              -9.1578
            ],
            [
              -35.555,
              -9.1913
            ],
            [
              -35.5139,
              -9.1909
            ],
            [
              -35.4758,
              -9.1906
            ]
          ]
        ]
      },
      "properties": {
        "codarea": "2705101",
        "nome_municipio": "Matriz de Camaragibe",
        "codigo_ibge": 2705101
      }
    },
    {
      "type": "Feature",
      "geometry": {
        "type": "Polygon",
        "coordinates": [
          [
            [
              -35.5017,
              -9.0853
            ],
            [
              -35.5012,
              -9.0842
            ],
            [
              -35.4993,
              -9.0826
            ],
            [
              -35.4972,
              -9.0799
            ],
            [
              -35.4956,
              -9.0789
            ],
            [
              -35.4948,
              -9.0777
            ],
            [
              -35.4919,
              -9.0773
            ],
            [
              -35.4883,
              -9.0761
            ],
            [
              -35.4869,
              -9.0747
            ],
            [
              -35.4846,
              -9.0742
            ],
            [
              -35.4819,
              -9.0728
            ],
            [
              -35.479,
              -9.0735
            ],
            [
              -35.4786,
              -9.0744
            ],
            [
              -35.4767,
              -9.0744
            ],
            [
              -35.4757,
              -9.0733
            ],
            [
              -35.473,
              -9.0745
            ],
            [
              -35.4723,
              -9.0753
            ],
            [
              -35.468,
              -9.0761
            ],
            [
              -35.466,
              -9.0761
            ],
            [
              -35.4603,
              -9.0733
            ],
            [
              -35.4599,
              -9.0713
            ],
            [
              -35.4583,
              -9.0712
            ],
            [
              -35.4577,
              -9.0698
            ],
            [
              -35.4564,
              -9.0694
            ],
            [
              -35.4554,
              -9.0684
            ],
            [
              -35.4527,
              -9.069
            ],
            [
              -35.449,
              -9.0679
            ],
            [
              -35.4478,
              -9.0688
            ],
            [
              -35.4455,
              -9.0678
            ],
            [
              -35.4449,
              -9.069
            ],
            [
              -35.4435,
              -9.0678
            ],
            [
              -35.4415,
              -9.0691
            ],
            [
              -35.4394,
              -9.0672
            ],
            [
              -35.4384,
              -9.0673
            ],
            [
              -35.4365,
              -9.0692
            ],
            [
              -35.4319,
              -9.07
            ],
            [
              -35.4303,
              -9.0698
            ],
            [
              -35.4274,
              -9.0702
            ],
            [
              -35.4256,
              -9.0724
            ],
            [
              -35.4242,
              -9.0723
            ],
            [
              -35.4224,
              -9.0732
            ],
            [
              -35.4223,
              -9.0746
            ],
            [
              -35.4204,
              -9.075
            ],
            [
              -35.4208,
              -9.0774
            ],
            [
              -35.372,
              -9.0888
            ],
            [
              -35.3686,
              -9.0869
            ],
            [
              -35.3661,
              -9.086
            ],
            [
              -35.365,
              -9.0884
            ],
            [
              -35.3637,
              -9.0898
            ],
            [
              -35.3638,
              -9.0907
            ],
            [
              -35.3677,
              -9.0919
            ],
            [
              -35.3678,
              -9.0946
            ],
            [
              -35.3671,
              -9.0956
            ],
            [
              -35.3657,
              -9.0947
            ],
            [
              -35.3631,
              -9.0946
            ],
            [
              -35.3624,
              -9.0916
            ],
            [
              -35.3614,
              -9.0914
            ],
            [
              -35.36,
              -9.092
            ],
            [
              -35.3599,
              -9.0942
            ],
            [
              -35.3604,
              -9.0951
            ],
            [
              -35.363,
              -9.0977
            ],
            [
              -35.3647,
              -9.0984
            ],
            [
              -35.3657,
              -9.0998
            ],
            [
              -35.3657,
              -9.1023
            ],
            [
              -35.3638,
              -9.1038
            ],
            [
              -35.3615,
              -9.1025
            ],
            [
              -35.3606,
              -9.1035
            ],
            [
              -35.3598,
              -9.1061
            ],
            [
              -35.3574,
              -9.1052
            ],
            [
              -35.3559,
              -9.1032
            ],
            [
              -35.3549,
              -9.1034
            ],
            [
              -35.3526,
              -9.1065
            ],
            [
              -35.351,
              -9.1095
            ],
            [
              -35.3492,
              -9.1109
            ],
            [
              -35.3485,
              -9.1124
            ],
            [
              -35.3491,
              -9.1133
            ],
            [
              -35.3507,
              -9.1134
            ],
            [
              -35.3529,
              -9.1113
            ],
            [
              -35.3552,
              -9.1103
            ],
            [
              -35.3567,
              -9.1088
            ],
            [
              -35.3576,
              -9.1093
            ],
            [
              -35.3578,
              -9.1108
            ],
            [
              -35.3575,
              -9.1135
            ],
            [
              -35.3566,
              -9.1148
            ],
            [
              -35.3539,
              -9.1163
            ],
            [
              -35.3502,
              -9.1201
            ],
            [
              -35.3477,
              -9.1195
            ],
            [
              -35.3468,
              -9.1208
            ],
            [
              -35.3472,
              -9.1218
            ],
            [
              -35.3486,
              -9.1225
            ],
            [
              -35.3516,
              -9.122
            ],
            [
              -35.3534,
              -9.1228
            ],
            [
              -35.3532,
              -9.1244
            ],
            [
              -35.3522,
              -9.1258
            ],
            [
              -35.3495,
              -9.1251
            ],
            [
              -35.3455,
              -9.1248
            ],
            [
              -35.3429,
              -9.1262
            ],
            [
              -35.3419,
              -9.1238
            ],
            [
              -35.3406,
              -9.1238
            ],
            [
              -35.3411,
              -9.126
            ],
            [
              -35.3407,
              -9.1281
            ],
            [
              -35.34,
              -9.1289
            ],
            [
              -35.3373,
              -9.1307
            ],
            [
              -35.3326,
              -9.1312
            ],
            [
              -35.3319,
              -9.1325
            ],
            [
              -35.3327,
              -9.1339
            ],
            [
              -35.3357,
              -9.1338
            ],
            [
              -35.3372,
              -9.1352
            ],
            [
              -35.3375,
              -9.1371
            ],
            [
              -35.3358,
              -9.1384
            ],
            [
              -35.3337,
              -9.1384
            ],
            [
              -35.3309,
              -9.1406
            ],
            [
              -35.3289,
              -9.1417
            ],
            [
              -35.3268,
              -9.1444
            ],
            [
              -35.3244,
              -9.1459
            ],
            [
              -35.3212,
              -9.1472
            ],
            [
              -35.3184,
              -9.1472
            ],
            [
              -35.3157,
              -9.1466
            ],
            [
              -35.3122,
              -9.147
            ],
            [
              -35.3123,
              -9.1459
            ],
            [
              -35.3104,
              -9.142
            ],
            [
              -35.3123,
              -9.1412
            ],
            [
              -35.3108,
              -9.1398
            ],
            [
              -35.3085,
              -9.1399
            ],
            [
              -35.3077,
              -9.1384
            ],
            [
              -35.3066,
              -9.1402
            ],
            [
              -35.3052,
              -9.1397
            ],
            [
              -35.3052,
              -9.1382
            ],
            [
              -35.3024,
              -9.1376
            ],
            [
              -35.301,
              -9.136
            ],
            [
              -35.3027,
              -9.1343
            ],
            [
              -35.3094,
              -9.1294
            ],
            [
              -35.3159,
              -9.1282
            ],
            [
              -35.319,
              -9.126
            ],
            [
              -35.326,
              -9.1203
            ],
            [
              -35.327,
              -9.1174
            ],
            [
              -35.3273,
              -9.1098
            ],
            [
              -35.3279,
              -9.106
            ],
            [
              -35.33,
              -9.1013
            ],
            [
              -35.3323,
              -9.0955
            ],
            [
              -35.3335,
              -9.0883
            ],
            [
              -35.3344,
              -9.086
            ],
            [
              -35.3363,
              -9.0836
            ],
            [
              -35.3373,
              -9.0793
            ],
            [
              -35.3372,
              -9.0756
            ],
            [
              -35.3384,
              -9.0732
            ],
            [
              -35.3384,
              -9.0709
            ],
            [
              -35.3379,
              -9.0683
            ],
            [
              -35.3378,
              -9.0631
            ],
            [
              -35.3345,
              -9.0597
            ],
            [
              -35.3345,
              -9.0574
            ],
            [
              -35.335,
              -9.0565
            ],
            [
              -35.3342,
              -9.0543
            ],
            [
              -35.3346,
              -9.052
            ],
            [
              -35.3355,
              -9.0501
            ],
            [
              -35.3355,
              -9.0483
            ],
            [
              -35.337,
              -9.0473
            ],
            [
              -35.3368,
              -9.0451
            ],
            [
              -35.3372,
              -9.0429
            ],
            [
              -35.3363,
              -9.0392
            ],
            [
              -35.3364,
              -9.0359
            ],
            [
              -35.3361,
              -9.0319
            ],
            [
              -35.3033,
              -9.0285
            ],
            [
              -35.308,
              -9.0255
            ],
            [
              -35.31,
              -9.0249
            ],
            [
              -35.3114,
              -9.0231
            ],
            [
              -35.3106,
              -9.0218
            ],
            [
              -35.3107,
              -9.0197
            ],
            [
              -35.3131,
              -9.0203
            ],
            [
              -35.3155,
              -9.02
            ],
            [
              -35.3212,
              -9.0172
            ],
            [
              -35.3213,
              -9.0149
            ],
            [
              -35.3218,
              -9.014
            ],
            [
              -35.3243,
              -9.0143
            ],
            [
              -35.3244,
              -9.0134
            ],
            [
              -35.3266,
              -9.0121
            ],
            [
              -35.3283,
              -9.013
            ],
            [
              -35.3297,
              -9.0127
            ],
            [
              -35.3312,
              -9.0132
            ],
            [
              -35.332,
              -9.0106
            ],
            [
              -35.3329,
              -9.0106
            ],
            [
              -35.3363,
              -9.0088
            ],
            [
              -35.3384,
              -9.0057
            ],
            [
              -35.3377,
              -9.005
            ],
            [
              -35.3388,
              -9.0035
            ],
            [
              -35.3405,
              -9.0028
            ],
            [
              -35.3445,
              -9.0023
            ],
            [
              -35.3432,
              -9.0003
            ],
            [
              -35.3584,
              -8.9812
            ],
            [
              -35.3574,
              -8.9785
            ],
            [
              -35.3563,
              -8.9725
            ],
            [
              -35.3565,
              -8.9704
            ],
            [
              -35.3548,
              -8.9668
            ],
            [
              -35.354,
              -8.9636
            ],
            [
              -35.3571,
              -8.9577
            ],
            [
              -35.3585,
              -8.9567
            ],
            [
              -35.3586,
              -8.9558
            ],
            [
              -35.3603,
              -8.9541
            ],
            [
              -35.362,
              -8.949
            ],
            [
              -35.3643,
              -8.9477
            ],
            [
              -35.3644,
              -8.945
            ],
            [
              -35.3664,
              -8.9434
            ],
            [
              -35.3784,
              -8.9685
            ],
            [
              -35.4219,
              -8.9207
            ],
            [
              -35.4328,
              -8.9378
            ],
            [
              -35.4539,
              -8.95
            ],
            [
              -35.4772,
              -8.9681
            ],
            [
              -35.5405,
              -9.0174
            ],
            [
              -35.5645,
              -9.0102
            ],
            [
              -35.5664,
              -9.0119
            ],
            [
              -35.5645,
              -9.015
            ],
            [
              -35.5643,
              -9.02
            ],
            [
              -35.5646,
              -9.0213
            ],
            [
              -35.563,
              -9.0238
            ],
            [
              -35.563,
              -9.029
            ],
            [
              -35.5638,
              -9.0318
            ],
            [
              -35.5659,
              -9.0368
            ],
            [
              -35.5635,
              -9.0384
            ],
            [
              -35.5624,
              -9.0415
            ],
            [
              -35.5609,
              -9.0423
            ],
            [
              -35.5609,
              -9.0447
            ],
            [
              -35.5602,
              -9.0488
            ],
            [
              -35.5017,
              -9.0853
            ]
          ]
        ]
      },
      "properties": {
        "codarea": "2707305",
        "nome_municipio": "Porto Calvo",
        "codigo_ibge": 2707305
      }
    },
    {
      "type": "Feature",
      "geometry": {
        "type": "Polygon",
        "coordinates": [
          [
            [
              -35.3391,
              -9.2307
            ],
            [
              -35.3394,
              -9.2297
            ],
            [
              -35.338,
              -9.2289
            ],
            [
              -35.3318,
              -9.2242
            ],
            [
              -35.3297,
              -9.2214
            ],
            [
              -35.3285,
              -9.2183
            ],
            [
              -35.3279,
              -9.2159
            ],
            [
              -35.3258,
              -9.2121
            ],
            [
              -35.3247,
              -9.211
            ],
            [
              -35.3242,
              -9.2078
            ],
            [
              -35.3233,
              -9.2057
            ],
            [
              -35.3204,
              -9.2
            ],
            [
              -35.3197,
              -9.199
            ],
            [
              -35.3176,
              -9.1974
            ],
            [
              -35.3158,
              -9.1965
            ],
            [
              -35.3127,
              -9.1959
            ],
            [
              -35.3091,
              -9.1948
            ],
            [
              -35.3077,
              -9.1941
            ],
            [
              -35.3028,
              -9.188
            ],
            [
              -35.3002,
              -9.183
            ],
            [
              -35.2988,
              -9.1796
            ],
            [
              -35.2974,
              -9.1755
            ],
            [
              -35.2948,
              -9.1713
            ],
            [
              -35.2956,
              -9.1644
            ],
            [
              -35.295,
              -9.1609
            ],
            [
              -35.2958,
              -9.1559
            ],
            [
              -35.2951,
              -9.1555
            ],
            [
              -35.2951,
              -9.1547
            ],
            [
              -35.294,
              -9.1522
            ],
            [
              -35.2923,
              -9.1507
            ],
            [
              -35.2906,
              -9.1498
            ],
            [
              -35.2898,
              -9.1484
            ],
            [
              -35.2901,
              -9.1475
            ],
            [
              -35.2921,
              -9.1459
            ],
            [
              -35.2943,
              -9.1451
            ],
            [
              -35.2986,
              -9.145
            ],
            [
              -35.3019,
              -9.1463
            ],
            [
              -35.309,
              -9.1477
            ],
            [
              -35.3122,
              -9.147
            ],
            [
              -35.3157,
              -9.1466
            ],
            [
              -35.3184,
              -9.1472
            ],
            [
              -35.3212,
              -9.1472
            ],
            [
              -35.3244,
              -9.1459
            ],
            [
              -35.3268,
              -9.1444
            ],
            [
              -35.3289,
              -9.1417
            ],
            [
              -35.3309,
              -9.1406
            ],
            [
              -35.3337,
              -9.1384
            ],
            [
              -35.3358,
              -9.1384
            ],
            [
              -35.3375,
              -9.1371
            ],
            [
              -35.3372,
              -9.1352
            ],
            [
              -35.3357,
              -9.1338
            ],
            [
              -35.3327,
              -9.1339
            ],
            [
              -35.3319,
              -9.1325
            ],
            [
              -35.3326,
              -9.1312
            ],
            [
              -35.3373,
              -9.1307
            ],
            [
              -35.34,
              -9.1289
            ],
            [
              -35.3407,
              -9.1281
            ],
            [
              -35.3411,
              -9.126
            ],
            [
              -35.3406,
              -9.1238
            ],
            [
              -35.3419,
              -9.1238
            ],
            [
              -35.3429,
              -9.1262
            ],
            [
              -35.3455,
              -9.1248
            ],
            [
              -35.3495,
              -9.1251
            ],
            [
              -35.3522,
              -9.1258
            ],
            [
              -35.3532,
              -9.1244
            ],
            [
              -35.3534,
              -9.1228
            ],
            [
              -35.3516,
              -9.122
            ],
            [
              -35.3486,
              -9.1225
            ],
            [
              -35.3472,
              -9.1218
            ],
            [
              -35.3468,
              -9.1208
            ],
            [
              -35.3477,
              -9.1195
            ],
            [
              -35.3502,
              -9.1201
            ],
            [
              -35.3539,
              -9.1163
            ],
            [
              -35.3566,
              -9.1148
            ],
            [
              -35.3575,
              -9.1135
            ],
            [
              -35.3578,
              -9.1108
            ],
            [
              -35.3576,
              -9.1093
            ],
            [
              -35.3567,
              -9.1088
            ],
            [
              -35.3552,
              -9.1103
            ],
            [
              -35.3529,
              -9.1113
            ],
            [
              -35.3507,
              -9.1134
            ],
            [
              -35.3491,
              -9.1133
            ],
            [
              -35.3485,
              -9.1124
            ],
            [
              -35.3492,
              -9.1109
            ],
            [
              -35.351,
              -9.1095
            ],
            [
              -35.3526,
              -9.1065
            ],
            [
              -35.3549,
              -9.1034
            ],
            [
              -35.3559,
              -9.1032
            ],
            [
              -35.3574,
              -9.1052
            ],
            [
              -35.3598,
              -9.1061
            ],
            [
              -35.3606,
              -9.1035
            ],
            [
              -35.3615,
              -9.1025
            ],
            [
              -35.3638,
              -9.1038
            ],
            [
              -35.3657,
              -9.1023
            ],
            [
              -35.3657,
              -9.0998
            ],
            [
              -35.3647,
              -9.0984
            ],
            [
              -35.363,
              -9.0977
            ],
            [
              -35.3604,
              -9.0951
            ],
            [
              -35.3599,
              -9.0942
            ],
            [
              -35.36,
              -9.092
            ],
            [
              -35.3614,
              -9.0914
            ],
            [
              -35.3624,
              -9.0916
            ],
            [
              -35.3631,
              -9.0946
            ],
            [
              -35.3657,
              -9.0947
            ],
            [
              -35.3671,
              -9.0956
            ],
            [
              -35.3678,
              -9.0946
            ],
            [
              -35.3677,
              -9.0919
            ],
            [
              -35.3638,
              -9.0907
            ],
            [
              -35.3637,
              -9.0898
            ],
            [
              -35.365,
              -9.0884
            ],
            [
              -35.3661,
              -9.086
            ],
            [
              -35.3686,
              -9.0869
            ],
            [
              -35.372,
              -9.0888
            ],
            [
              -35.4208,
              -9.0774
            ],
            [
              -35.4204,
              -9.075
            ],
            [
              -35.4223,
              -9.0746
            ],
            [
              -35.4224,
              -9.0732
            ],
            [
              -35.4242,
              -9.0723
            ],
            [
              -35.4256,
              -9.0724
            ],
            [
              -35.4274,
              -9.0702
            ],
            [
              -35.4303,
              -9.0698
            ],
            [
              -35.4319,
              -9.07
            ],
            [
              -35.4365,
              -9.0692
            ],
            [
              -35.4384,
              -9.0673
            ],
            [
              -35.4394,
              -9.0672
            ],
            [
              -35.4415,
              -9.0691
            ],
            [
              -35.4435,
              -9.0678
            ],
            [
              -35.4449,
              -9.069
            ],
            [
              -35.4455,
              -9.0678
            ],
            [
              -35.4478,
              -9.0688
            ],
            [
              -35.449,
              -9.0679
            ],
            [
              -35.4527,
              -9.069
            ],
            [
              -35.4554,
              -9.0684
            ],
            [
              -35.4564,
              -9.0694
            ],
            [
              -35.4577,
              -9.0698
            ],
            [
              -35.4583,
              -9.0712
            ],
            [
              -35.4599,
              -9.0713
            ],
            [
              -35.4603,
              -9.0733
            ],
            [
              -35.466,
              -9.0761
            ],
            [
              -35.468,
              -9.0761
            ],
            [
              -35.4723,
              -9.0753
            ],
            [
              -35.473,
              -9.0745
            ],
            [
              -35.4757,
              -9.0733
            ],
            [
              -35.4767,
              -9.0744
            ],
            [
              -35.4786,
              -9.0744
            ],
            [
              -35.479,
              -9.0735
            ],
            [
              -35.4819,
              -9.0728
            ],
            [
              -35.4846,
              -9.0742
            ],
            [
              -35.4869,
              -9.0747
            ],
            [
              -35.4883,
              -9.0761
            ],
            [
              -35.4919,
              -9.0773
            ],
            [
              -35.4948,
              -9.0777
            ],
            [
              -35.4956,
              -9.0789
            ],
            [
              -35.4972,
              -9.0799
            ],
            [
              -35.4993,
              -9.0826
            ],
            [
              -35.5012,
              -9.0842
            ],
            [
              -35.5017,
              -9.0853
            ],
            [
              -35.5125,
              -9.1001
            ],
            [
              -35.5147,
              -9.0998
            ],
            [
              -35.5186,
              -9.1009
            ],
            [
              -35.5205,
              -9.1017
            ],
            [
              -35.5218,
              -9.1049
            ],
            [
              -35.5265,
              -9.1183
            ],
            [
              -35.5243,
              -9.1258
            ],
            [
              -35.521,
              -9.1351
            ],
            [
              -35.5133,
              -9.1338
            ],
            [
              -35.5099,
              -9.1327
            ],
            [
              -35.5081,
              -9.133
            ],
            [
              -35.5051,
              -9.1341
            ],
            [
              -35.503,
              -9.1345
            ],
            [
              -35.5023,
              -9.1377
            ],
            [
              -35.5,
              -9.1385
            ],
            [
              -35.4971,
              -9.1383
            ],
            [
              -35.4938,
              -9.1388
            ],
            [
              -35.4899,
              -9.1428
            ],
            [
              -35.4852,
              -9.144
            ],
            [
              -35.4823,
              -9.1457
            ],
            [
              -35.4814,
              -9.1503
            ],
            [
              -35.4768,
              -9.1527
            ],
            [
              -35.4756,
              -9.156
            ],
            [
              -35.4748,
              -9.157
            ],
            [
              -35.4707,
              -9.1612
            ],
            [
              -35.4695,
              -9.1656
            ],
            [
              -35.4685,
              -9.1669
            ],
            [
              -35.4671,
              -9.1673
            ],
            [
              -35.463,
              -9.1672
            ],
            [
              -35.461,
              -9.1668
            ],
            [
              -35.4591,
              -9.1674
            ],
            [
              -35.4574,
              -9.1666
            ],
            [
              -35.456,
              -9.1652
            ],
            [
              -35.4548,
              -9.1651
            ],
            [
              -35.4502,
              -9.1673
            ],
            [
              -35.4485,
              -9.1685
            ],
            [
              -35.4452,
              -9.1688
            ],
            [
              -35.4445,
              -9.1696
            ],
            [
              -35.4433,
              -9.1728
            ],
            [
              -35.4393,
              -9.1752
            ],
            [
              -35.4377,
              -9.1752
            ],
            [
              -35.4348,
              -9.1775
            ],
            [
              -35.4363,
              -9.1793
            ],
            [
              -35.4381,
              -9.1794
            ],
            [
              -35.4424,
              -9.1785
            ],
            [
              -35.444,
              -9.1788
            ],
            [
              -35.4463,
              -9.1809
            ],
            [
              -35.4504,
              -9.1807
            ],
            [
              -35.4521,
              -9.1813
            ],
            [
              -35.4543,
              -9.1833
            ],
            [
              -35.4551,
              -9.1844
            ],
            [
              -35.4569,
              -9.1851
            ],
            [
              -35.4587,
              -9.1847
            ],
            [
              -35.4615,
              -9.1829
            ],
            [
              -35.4651,
              -9.18
            ],
            [
              -35.4677,
              -9.1774
            ],
            [
              -35.4707,
              -9.1765
            ],
            [
              -35.4742,
              -9.1765
            ],
            [
              -35.4814,
              -9.1756
            ],
            [
              -35.4833,
              -9.1758
            ],
            [
              -35.4846,
              -9.177
            ],
            [
              -35.484,
              -9.1784
            ],
            [
              -35.4795,
              -9.1825
            ],
            [
              -35.4769,
              -9.1853
            ],
            [
              -35.476,
              -9.1868
            ],
            [
              -35.4758,
              -9.1906
            ],
            [
              -35.4277,
              -9.1939
            ],
            [
              -35.378,
              -9.2097
            ],
            [
              -35.3593,
              -9.2292
            ],
            [
              -35.3438,
              -9.2305
            ],
            [
              -35.342,
              -9.2307
            ],
            [
              -35.3391,
              -9.2307
            ]
          ]
        ]
      },
      "properties": {
        "codarea": "2707404",
        "nome_municipio": "Porto de Pedras",
        "codigo_ibge": 2707404
      }
    }
  ]
}