{
  "type": "FeatureCollection",
  "nome_ig": "Montanhas do Espírito Santo",
  "features": [
    {
      "type": "Feature",
      "geometry": {
        "type": "Polygon",
        "coordinates": [
          [
            [
              -41.0027,
              -20.2144
            ],
            [
              -40.9988,
              -20.2099
            ],
            [
              -40.9996,
              -20.2068
            ],
            [
              -41.0021,
              -20.2064
            ],
            [
              -41.0027,
              -20.2043
            ],
            [
              -41.006,
              -20.2031
            ],
            [
              -41.0075,
              -20.2032
            ],
            [
              -41.008,
              -20.2012
            ],
            [
              -41.0065,
              -20.1999
            ],
            [
              -41.0062,
              -20.199
            ],
            [
              -41.0081,
              -20.197
            ],
            [
              -41.0081,
              -20.1958
            ],
            [
              -41.0094,
              -20.1946
            ],
            [
              -41.0112,
              -20.1941
            ],
            [
              -41.0123,
              -20.1945
            ],
            [
              -41.0168,
              -20.1941
            ],
            [
              -41.0182,
              -20.1933
            ],
            [
              -41.0194,
              -20.1907
            ],
            [
              -41.0182,
              -20.1901
            ],
            [
              -41.0168,
              -20.1881
            ],
            [
              -41.016,
              -20.1879
            ],
            [
              -41.016,
              -20.1858
            ],
            [
              -41.0149,
              -20.1826
            ],
            [
              -41.015,
              -20.1789
            ],
            [
              -41.0136,
              -20.1766
            ],
            [
              -41.014,
              -20.1747
            ],
            [
              -41.0153,
              -20.1737
            ],
            [
              -41.0174,
              -20.1733
            ],
            [
              -41.0188,
              -20.1719
            ],
            [
              -41.0215,
              -20.1718
            ],
            [
              -41.0214,
              -20.1702
            ],
            [
              -41.0204,
              -20.1689
            ],
            [
              -41.0197,
              -20.1669
            ],
            [
              -41.0191,
              -20.1667
            ],
            [
              -41.0186,
              -20.1646
            ],
            [
              -41.0163,
              -20.1614
            ],
            [
              -41.0162,
              -20.1599
            ],
            [
              -41.0169,
              -20.1591
            ],
            [
              -41.0177,
              -20.1563
            ],
            [
              -41.0163,
              -20.154
            ],
            [
              -41.0172,
              -20.1532
            ],
            [
              -41.0167,
              -20.1511
            ],
            [
              -41.0177,
              -20.1497
            ],
            [
              -41.0217,
              -20.1489
            ],
            [
              -41.0206,
              -20.1469
            ],
            [
              -41.0221,
              -20.144
            ],
            [
              -41.0237,
              -20.1419
            ],
            [
              -41.0259,
              -20.1419
            ],
            [
              -41.0285,
              -20.1426
            ],
            [
              -41.0299,
              -20.1416
            ],
            [
              -41.0303,
              -20.1405
            ],
            [
              -41.0329,
              -20.1372
            ],
            [
              -41.036,
              -20.137
            ],
            [
              -41.035,
              -20.1338
            ],
            [
              -41.0363,
              -20.1324
            ],
            [
              -41.0352,
              -20.13
            ],
            [
              -41.0332,
              -20.1283
            ],
            [
              -41.0329,
              -20.1257
            ],
            [
              -41.0321,
              -20.1248
            ],
            [
              -41.0302,
              -20.1248
            ],
            [
              -41.0288,
              -20.1238
            ],
            [
              -41.0284,
              -20.1223
            ],
            [
              -41.0265,
              -20.1216
            ],
            [
              -41.0254,
              -20.1206
            ],
            [
              -41.0256,
              -20.1187
            ],
            [
              -41.0248,
              -20.1182
            ],
            [
              -41.0231,
              -20.1186
            ],
            [
              -41.0205,
              -20.1184
            ],
            [
              -41.0178,
              -20.1197
            ],
            [
              -41.0152,
              -20.1176
            ],
            [
              -41.0152,
              -20.1161
            ],
            [
              -41.0163,
              -20.1153
            ],
            [
              -41.0153,
              -20.1141
            ],
            [
              -41.0134,
              -20.1141
            ],
            [
              -41.0118,
              -20.113
            ],
            [
              -41.0114,
              -20.1096
            ],
            [
              -41.0098,
              -20.1106
            ],
            [
              -41.0091,
              -20.1121
            ],
            [
              -41.0071,
              -20.1123
            ],
            [
              -41.0035,
              -20.1103
            ],
            [
              -40.9993,
              -20.1105
            ],
            [
              -40.9994,
              -20.1122
            ],
            [
              -40.9987,
              -20.1134
            ],
            [
              -40.999,
              -20.1146
            ],
            [
              -40.9988,
              -20.1178
            ],
            [
              -40.9999,
              -20.1189
            ],
            [
              -41.0001,
              -20.1208
            ],
            [
              -40.9997,
              -20.1239
            ],
            [
              -40.9991,
              -20.1245
            ],
            [
              -40.997,
              -20.1246
            ],
            [
              -40.9942,
              -20.1236
            ],
            [
              -40.9917,
              -20.1242
            ],
            [
              -40.9898,
              -20.1209
            ],
            [
              -40.9873,
              -20.121
            ],
            [
              -40.9861,
              -20.1206
            ],
            [
              -40.9862,
              -20.1192
            ],
            [
              -40.9855,
              -20.1185
            ],
            [
              -40.9847,
              -20.1163
            ],
            [
              -40.9834,
              -20.1154
            ],
            [
              -40.9815,
              -20.113
            ],
            [
              -40.9821,
              -20.1116
            ],
            [
              -40.9807,
              -20.1104
            ],
            [
              -40.9772,
              -20.1105
            ],
            [
              -40.9755,
              -20.1115
            ],
            [
              -40.9739,
              -20.1118
            ],
            [
              -40.9728,
              -20.1107
            ],
            [
              -40.9731,
              -20.1084
            ],
            [
              -40.974,
              -20.1059
            ],
            [
              -40.974,
              -20.1045
            ],
            [
              -40.973,
              -20.1039
            ],
            [
              -40.9705,
              -20.1035
            ],
            [
              -40.9684,
              -20.1036
            ],
            [
              -40.9661,
              -20.1021
            ],
            [
              -40.9662,
              -20.0996
            ],
            [
              -40.9644,
              -20.0967
            ],
            [
              -40.9623,
              -20.0952
            ],
            [
              -40.963,
              -20.0934
            ],
            [
              -40.963,
              -20.0915
            ],
            [
              -40.96,
              -20.0907
            ],
            [
              -40.9558,
              -20.0914
            ],
            [
              -40.9543,
              -20.0895
            ],
            [
              -40.9544,
              -20.0876
            ],
            [
              -40.9527,
              -20.0866
            ],
            [
              -40.9493,
              -20.0859
            ],
            [
              -40.9477,
              -20.0869
            ],
            [
              -40.9464,
              -20.085
            ],
            [
              -40.9459,
              -20.0832
            ],
            [
              -40.9464,
              -20.0807
            ],
            [
              -40.9461,
              -20.0779
            ],
            [
              -40.9475,
              -20.0771
            ],
            [
              -40.9469,
              -20.0752
            ],
            [
              -40.9476,
              -20.0742
            ],
            [
              -40.9492,
              -20.0745
            ],
            [
              -40.9509,
              -20.0727
            ],
            [
              -40.9544,
              -20.0717
            ],
            [
              -40.9531,
              -20.0694
            ],
            [
              -40.9536,
              -20.0668
            ],
            [
              -40.9555,
              -20.0662
            ],
            [
              -40.9561,
              -20.0648
            ],
            [
              -40.9575,
              -20.0647
            ],
            [
              -40.9567,
              -20.0632
            ],
            [
              -40.9581,
              -20.0594
            ],
            [
              -40.959,
              -20.0577
            ],
            [
              -40.9609,
              -20.0568
            ],
            [
              -40.9617,
              -20.0534
            ],
            [
              -40.9631,
              -20.0526
            ],
            [
              -40.9643,
              -20.0491
            ],
            [
              -40.9666,
              -20.0466
            ],
            [
              -40.967,
              -20.0452
            ],
            [
              -40.9666,
              -20.0438
            ],
            [
              -40.9681,
              -20.0428
            ],
            [
              -40.9678,
              -20.0399
            ],
            [
              -40.9688,
              -20.039
            ],
            [
              -40.9669,
              -20.0359
            ],
            [
              -40.9651,
              -20.0343
            ],
            [
              -40.9666,
              -20.0314
            ],
            [
              -40.9659,
              -20.0295
            ],
            [
              -40.964,
              -20.0286
            ],
            [
              -40.9656,
              -20.0264
            ],
            [
              -40.9662,
              -20.0247
            ],
            [
              -40.9693,
              -20.0237
            ],
            [
              -40.9705,
              -20.0197
            ],
            [
              -40.9705,
              -19.977
            ],
            [
              -40.9728,
              -19.9775
            ],
            [
              -40.9787,
              -19.9794
            ],
            [
              -40.9805,
              -19.9791
            ],
            [
              -40.9818,
              -19.9777
            ],
            [
              -40.9846,
              -19.9769
            ],
            [
              -40.9865,
              -19.9775
            ],
            [
              -40.9868,
              -19.9742
            ],
            [
              -40.9919,
              -19.9704
            ],
            [
              -40.9948,
              -19.9703
            ],
            [
              -40.9959,
              -19.9663
            ],
            [
              -40.9946,
              -19.9642
            ],
            [
              -40.9955,
              -19.961
            ],
            [
              -40.9971,
              -19.9601
            ],
            [
              -40.998,
              -19.9612
            ],
            [
              -41.0015,
              -19.9624
            ],
            [
              -41.0035,
              -19.9621
            ],
            [
              -41.0067,
              -19.9607
            ],
            [
              -41.0066,
              -19.9628
            ],
            [
              -41.0077,
              -19.964
            ],
            [
              -41.01,
              -19.9636
            ],
            [
              -41.0113,
              -19.9651
            ],
            [
              -41.013,
              -19.9659
            ],
            [
              -41.0137,
              -19.9676
            ],
            [
              -41.0163,
              -19.9708
            ],
            [
              -41.0188,
              -19.9698
            ],
            [
              -41.0197,
              -19.97
            ],
            [
              -41.0216,
              -19.972
            ],
            [
              -41.0233,
              -19.9713
            ],
            [
              -41.025,
              -19.9718
            ],
            [
              -41.0274,
              -19.9735
            ],
            [
              -41.0305,
              -19.9734
            ],
            [
              -41.0322,
              -19.9741
            ],
            [
              -41.035,
              -19.9766
            ],
            [
              -41.0384,
              -19.9772
            ],
            [
              -41.0407,
              -19.9763
            ],
            [
              -41.0419,
              -19.9769
            ],
            [
              -41.0441,
              -19.9766
            ],
            [
              -41.0464,
              -19.9769
            ],
            [
              -41.0469,
              -19.9774
            ],
            [
              -41.0468,
              -19.9804
            ],
            [
              -41.0517,
              -19.9815
            ],
            [
              -41.0521,
              -19.9826
            ],
            [
              -41.0535,
              -19.9831
            ],
            [
              -41.0563,
              -19.9865
            ],
            [
              -41.06,
              -19.9873
            ],
            [
              -41.0612,
              -19.987
            ],
            [
              -41.0632,
              -19.9879
            ],
            [
              -41.0682,
              -19.9867
            ],
            [
              -41.0722,
              -19.9836
            ],
            [
              -41.0727,
              -19.9819
            ],
            [
              -41.0744,
              -19.981
            ],
            [
              -41.0755,
              -19.9787
            ],
            [
              -41.0784,
              -19.9783
            ],
            [
              -41.0803,
              -19.9768
            ],
            [
              -41.0823,
              -19.9759
            ],
            [
              -41.0843,
              -19.9732
            ],
            [
              -41.0865,
              -19.971
            ],
            [
              -41.0882,
              -19.9709
            ],
            [
              -41.0893,
              -19.9702
            ],
            [
              -41.093,
              -19.9701
            ],
            [
              -41.094,
              -19.9707
            ],
            [
              -41.0962,
              -19.9704
            ],
            [
              -41.0975,
              -19.9687
            ],
            [
              -41.0996,
              -19.9682
            ],
            [
              -41.1003,
              -19.9668
            ],
            [
              -41.1024,
              -19.9641
            ],
            [
              -41.1038,
              -19.964
            ],
            [
              -41.1056,
              -19.9661
            ],
            [
              -41.1057,
              -19.9669
            ],
            [
              -41.1042,
              -19.9678
            ],
            [
              -41.1053,
              -19.9689
            ],
            [
              -41.1083,
              -19.9692
            ],
            [
              -41.1109,
              -19.972
            ],
            [
              -41.1126,
              -19.9732
            ],
            [
              -41.1149,
              -19.972
            ],
            [
              -41.1169,
              -19.9694
            ],
            [
              -41.1168,
              -19.9683
            ],
            [
              -41.1209,
              -19.966
            ],
            [
              -41.1183,
              -19.9646
            ],
            [
              -41.1153,
              -19.9647
            ],
            [
              -41.1134,
              -19.9609
            ],
            [
              -41.1138,
              -19.9597
            ],
            [
              -41.1121,
              -19.9579
            ],
            [
              -41.1103,
              -19.9567
            ],
            [
              -41.1103,
              -19.9545
            ],
            [
              -41.1114,
              -19.9513
            ],
            [
              -41.1118,
              -19.9494
            ],
            [
              -41.1144,
              -19.9464
            ],
            [
              -41.1148,
              -19.9441
            ],
            [
              -41.1162,
              -19.9419
            ],
            [
              -41.1195,
              -19.9407
            ],
            [
              -41.1232,
              -19.937
            ],
            [
              -41.1248,
              -19.9369
            ],
            [
              -41.1245,
              -19.9351
            ],
            [
              -41.1254,
              -19.9311
            ],
            [
              -41.1247,
              -19.9294
            ],
            [
              -41.1249,
              -19.9279
            ],
            [
              -41.1269,
              -19.9264
            ],
            [
              -41.1269,
              -19.9234
            ],
            [
              -41.1278,
              -19.9222
            ],
            [
              -41.1271,
              -19.9189
            ],
            [
              -41.1258,
              -19.9184
            ],
            [
              -41.126,
              -19.9169
            ],
            [
              -41.1274,
              -19.9155
            ],
            [
              -41.1283,
              -19.9133
            ],
            [
              -41.1295,
              -19.9115
            ],
            [
              -41.1299,
              -19.91
            ],
            [
              -41.1311,
              -19.9085
            ],
            [
              -41.1323,
              -19.9079
            ],
            [
              -41.1345,
              -19.9085
            ],
            [
              -41.1352,
              -19.9059
            ],
            [
              -41.1373,
              -19.9045
            ],
            [
              -41.1378,
              -19.9026
            ],
            [
              -41.1368,
              -19.901
            ],
            [
              -41.1369,
              -19.8987
            ],
            [
              -41.1384,
              -19.8966
            ],
            [
              -41.1408,
              -19.8944
            ],
            [
              -41.1418,
              -19.8929
            ],
            [
              -41.145,
              -19.8915
            ],
            [
              -41.1498,
              -19.8915
            ],
            [
              -41.1507,
              -19.8902
            ],
            [
              -41.1553,
              -19.8909
            ],
            [
              -41.156,
              -19.8927
            ],
            [
              -41.1581,
              -19.8938
            ],
            [
              -41.1581,
              -19.8955
            ],
            [
              -41.1594,
              -19.8981
            ],
            [
              -41.1606,
              -19.898
            ],
            [
              -41.1627,
              -19.8988
            ],
            [
              -41.1651,
              -19.9014
            ],
            [
              -41.1661,
              -19.9021
            ],
            [
              -41.168,
              -19.9052
            ],
            [
              -41.1718,
              -19.907
            ],
            [
              -41.1746,
              -19.9073
            ],
            [
              -41.1771,
              -19.9063
            ],
            [
              -41.1785,
              -19.904
            ],
            [
              -41.1796,
              -19.9041
            ],
            [
              -41.1804,
              -19.9026
            ],
            [
              -41.1797,
              -19.9015
            ],
            [
              -41.1823,
              -19.899
            ],
            [
              -41.1821,
              -19.8958
            ],
            [
              -41.1842,
              -19.8948
            ],
            [
              -41.1849,
              -19.8931
            ],
            [
              -41.187,
              -19.8915
            ],
            [
              -41.1946,
              -19.8934
            ],
            [
              -41.2051,
              -19.9031
            ],
            [
              -41.2066,
              -19.9041
            ],
            [
              -41.208,
              -19.9037
            ],
            [
              -41.2107,
              -19.9015
            ],
            [
              -41.2127,
              -19.9005
            ],
            [
              -41.2149,
              -19.9014
            ],
            [
              -41.2194,
              -19.9014
            ],
            [
              -41.2227,
              -19.903
            ],
            [
              -41.228,
              -19.905
            ],
            [
              -41.2296,
              -19.907
            ],
            [
              -41.2326,
              -19.919
            ],
            [
              -41.2332,
              -19.92
            ],
            [
              -41.2354,
              -19.9219
            ],
            [
              -41.2361,
              -19.9255
            ],
            [
              -41.2402,
              -19.9292
            ],
            [
              -41.2413,
              -19.9334
            ],
            [
              -41.2435,
              -19.9367
            ],
            [
              -41.2445,
              -19.9373
            ],
            [
              -41.2489,
              -19.9379
            ],
            [
              -41.2507,
              -19.9342
            ],
            [
              -41.2534,
              -19.9323
            ],
            [
              -41.2546,
              -19.9321
            ],
            [
              -41.265,
              -19.9375
            ],
            [
              -41.2654,
              -19.9397
            ],
            [
              -41.2663,
              -19.9406
            ],
            [
              -41.2693,
              -19.9418
            ],
            [
              -41.2714,
              -19.9422
            ],
            [
              -41.2723,
              -19.9432
            ],
            [
              -41.2731,
              -19.9456
            ],
            [
              -41.2758,
              -19.949
            ],
            [
              -41.2743,
              -19.951
            ],
            [
              -41.2733,
              -19.9537
            ],
            [
              -41.2738,
              -19.9552
            ],
            [
              -41.274,
              -19.9585
            ],
            [
              -41.2694,
              -19.9589
            ],
            [
              -41.2682,
              -19.9582
            ],
            [
              -41.2645,
              -19.9599
            ],
            [
              -41.2612,
              -19.9608
            ],
            [
              -41.2606,
              -19.9637
            ],
            [
              -41.2595,
              -19.9651
            ],
            [
              -41.2616,
              -19.9667
            ],
            [
              -41.2627,
              -19.9682
            ],
            [
              -41.2599,
              -19.969
            ],
            [
              -41.2587,
              -19.9706
            ],
            [
              -41.2585,
              -19.972
            ],
            [
              -41.2601,
              -19.9727
            ],
            [
              -41.2614,
              -19.9749
            ],
            [
              -41.2634,
              -19.9764
            ],
            [
              -41.2626,
              -19.9782
            ],
            [
              -41.2639,
              -19.9831
            ],
            [
              -41.2635,
              -19.9843
            ],
            [
              -41.2642,
              -19.9862
            ],
            [
              -41.2609,
              -19.9872
            ],
            [
              -41.2603,
              -19.9885
            ],
            [
              -41.2582,
              -19.9893
            ],
            [
              -41.2564,
              -19.988
            ],
            [
              -41.2563,
              -19.9845
            ],
            [
              -41.2559,
              -19.9834
            ],
            [
              -41.2542,
              -19.9829
            ],
            [
              -41.2522,
              -19.9846
            ],
            [
              -41.2514,
              -19.9863
            ],
            [
              -41.2501,
              -19.9899
            ],
            [
              -41.2479,
              -19.9912
            ],
            [
              -41.2469,
              -19.9924
            ],
            [
              -41.2477,
              -19.9952
            ],
            [
              -41.2449,
              -19.9966
            ],
            [
              -41.2442,
              -19.9985
            ],
            [
              -41.2426,
              -20.0007
            ],
            [
              -41.2409,
              -20.0019
            ],
            [
              -41.2409,
              -20.0032
            ],
            [
              -41.2386,
              -20.0065
            ],
            [
              -41.2388,
              -20.0088
            ],
            [
              -41.24,
              -20.0121
            ],
            [
              -41.2432,
              -20.0134
            ],
            [
              -41.2457,
              -20.0149
            ],
            [
              -41.2458,
              -20.0171
            ],
            [
              -41.2471,
              -20.0196
            ],
            [
              -41.2517,
              -20.022
            ],
            [
              -41.2513,
              -20.0258
            ],
            [
              -41.2525,
              -20.0265
            ],
            [
              -41.2532,
              -20.0279
            ],
            [
              -41.2501,
              -20.0303
            ],
            [
              -41.2489,
              -20.0306
            ],
            [
              -41.2465,
              -20.0328
            ],
            [
              -41.2452,
              -20.0349
            ],
            [
              -41.2429,
              -20.0355
            ],
            [
              -41.2428,
              -20.0383
            ],
            [
              -41.2422,
              -20.0402
            ],
            [
              -41.2414,
              -20.0408
            ],
            [
              -41.2404,
              -20.0438
            ],
            [
              -41.24,
              -20.046
            ],
            [
              -41.239,
              -20.0473
            ],
            [
              -41.2327,
              -20.0518
            ],
            [
              -41.2351,
              -20.0538
            ],
            [
              -41.2349,
              -20.0566
            ],
            [
              -41.2364,
              -20.0576
            ],
            [
              -41.2379,
              -20.0593
            ],
            [
              -41.2383,
              -20.0607
            ],
            [
              -41.2377,
              -20.063
            ],
            [
              -41.2381,
              -20.064
            ],
            [
              -41.2402,
              -20.0659
            ],
            [
              -41.2409,
              -20.0672
            ],
            [
              -41.2414,
              -20.0706
            ],
            [
              -41.2431,
              -20.0721
            ],
            [
              -41.2453,
              -20.075
            ],
            [
              -41.2464,
              -20.0757
            ],
            [
              -41.2476,
              -20.0784
            ],
            [
              -41.2503,
              -20.0796
            ],
            [
              -41.2509,
              -20.0803
            ],
            [
              -41.254,
              -20.0822
            ],
            [
              -41.2539,
              -20.083
            ],
            [
              -41.2506,
              -20.0838
            ],
            [
              -41.2495,
              -20.0896
            ],
            [
              -41.2473,
              -20.0922
            ],
            [
              -41.2471,
              -20.0931
            ],
            [
              -41.2449,
              -20.0956
            ],
            [
              -41.2452,
              -20.0966
            ],
            [
              -41.2442,
              -20.0994
            ],
            [
              -41.2433,
              -20.0997
            ],
            [
              -41.2427,
              -20.1027
            ],
            [
              -41.2429,
              -20.105
            ],
            [
              -41.2415,
              -20.1069
            ],
            [
              -41.2405,
              -20.1074
            ],
            [
              -41.2392,
              -20.1119
            ],
            [
              -41.2393,
              -20.1132
            ],
            [
              -41.2363,
              -20.1127
            ],
            [
              -41.2353,
              -20.1156
            ],
            [
              -41.2335,
              -20.1174
            ],
            [
              -41.2301,
              -20.1183
            ],
            [
              -41.2279,
              -20.1213
            ],
            [
              -41.2263,
              -20.1216
            ],
            [
              -41.2265,
              -20.1236
            ],
            [
              -41.2256,
              -20.1245
            ],
            [
              -41.225,
              -20.1272
            ],
            [
              -41.2234,
              -20.1269
            ],
            [
              -41.2242,
              -20.1299
            ],
            [
              -41.2252,
              -20.1306
            ],
            [
              -41.2268,
              -20.1305
            ],
            [
              -41.2299,
              -20.1311
            ],
            [
              -41.2307,
              -20.1322
            ],
            [
              -41.2302,
              -20.1354
            ],
            [
              -41.2316,
              -20.1377
            ],
            [
              -41.2305,
              -20.1398
            ],
            [
              -41.2284,
              -20.1413
            ],
            [
              -41.2284,
              -20.1422
            ],
            [
              -41.23,
              -20.1426
            ],
            [
              -41.229,
              -20.1454
            ],
            [
              -41.2301,
              -20.1473
            ],
            [
              -41.2303,
              -20.1501
            ],
            [
              -41.2277,
              -20.1516
            ],
            [
              -41.2289,
              -20.154
            ],
            [
              -41.2291,
              -20.1558
            ],
            [
              -41.2309,
              -20.1592
            ],
            [
              -41.2304,
              -20.1597
            ],
            [
              -41.2302,
              -20.1635
            ],
            [
              -41.2333,
              -20.1627
            ],
            [
              -41.2353,
              -20.1605
            ],
            [
              -41.2362,
              -20.16
            ],
            [
              -41.238,
              -20.1602
            ],
            [
              -41.2392,
              -20.1583
            ],
            [
              -41.2428,
              -20.1574
            ],
            [
              -41.2454,
              -20.1613
            ],
            [
              -41.2466,
              -20.1625
            ],
            [
              -41.2465,
              -20.1643
            ],
            [
              -41.2452,
              -20.1681
            ],
            [
              -41.2457,
              -20.1696
            ],
            [
              -41.2472,
              -20.1715
            ],
            [
              -41.2465,
              -20.1733
            ],
            [
              -41.2465,
              -20.1763
            ],
            [
              -41.2486,
              -20.1782
            ],
            [
              -41.2503,
              -20.1791
            ],
            [
              -41.2521,
              -20.1811
            ],
            [
              -41.2519,
              -20.1844
            ],
            [
              -41.2501,
              -20.1857
            ],
            [
              -41.2492,
              -20.187
            ],
            [
              -41.2476,
              -20.1908
            ],
            [
              -41.2466,
              -20.1923
            ],
            [
              -41.2457,
              -20.1949
            ],
            [
              -41.2428,
              -20.1986
            ],
            [
              -41.2422,
              -20.2004
            ],
            [
              -41.2439,
              -20.2017
            ],
            [
              -41.2434,
              -20.2031
            ],
            [
              -41.242,
              -20.2043
            ],
            [
              -41.2423,
              -20.2051
            ],
            [
              -41.2409,
              -20.2071
            ],
            [
              -41.2409,
              -20.2107
            ],
            [
              -41.2427,
              -20.2092
            ],
            [
              -41.244,
              -20.2091
            ],
            [
              -41.2465,
              -20.2108
            ],
            [
              -41.2489,
              -20.2101
            ],
            [
              -41.2503,
              -20.2089
            ],
            [
              -41.2507,
              -20.2063
            ],
            [
              -41.2523,
              -20.2057
            ],
            [
              -41.2527,
              -20.2073
            ],
            [
              -41.2554,
              -20.2084
            ],
            [
              -41.2556,
              -20.212
            ],
            [
              -41.2544,
              -20.2132
            ],
            [
              -41.2512,
              -20.2136
            ],
            [
              -41.2497,
              -20.2145
            ],
            [
              -41.2473,
              -20.2167
            ],
            [
              -41.2433,
              -20.2176
            ],
            [
              -41.2421,
              -20.219
            ],
            [
              -41.2399,
              -20.2204
            ],
            [
              -41.2395,
              -20.2222
            ],
            [
              -41.2394,
              -20.2251
            ],
            [
              -41.2376,
              -20.2268
            ],
            [
              -41.2366,
              -20.2271
            ],
            [
              -41.2351,
              -20.2291
            ],
            [
              -41.2357,
              -20.2308
            ],
            [
              -41.2375,
              -20.2312
            ],
            [
              -41.2385,
              -20.2336
            ],
            [
              -41.2375,
              -20.2343
            ],
            [
              -41.2356,
              -20.2382
            ],
            [
              -41.2365,
              -20.2402
            ],
            [
              -41.2357,
              -20.2419
            ],
            [
              -41.2338,
              -20.2496
            ],
            [
              -41.2318,
              -20.2497
            ],
            [
              -41.2283,
              -20.2513
            ],
            [
              -41.2268,
              -20.2541
            ],
            [
              -41.2262,
              -20.2562
            ],
            [
              -41.2267,
              -20.26
            ],
            [
              -41.2349,
              -20.2648
            ],
            [
              -41.2376,
              -20.2634
            ],
            [
              -41.2393,
              -20.2618
            ],
            [
              -41.2409,
              -20.2636
            ],
            [
              -41.2429,
              -20.2651
            ],
            [
              -41.2423,
              -20.2665
            ],
            [
              -41.2397,
              -20.2699
            ],
            [
              -41.2395,
              -20.2716
            ],
            [
              -41.2385,
              -20.273
            ],
            [
              -41.2395,
              -20.2745
            ],
            [
              -41.2388,
              -20.2775
            ],
            [
              -41.2368,
              -20.2769
            ],
            [
              -41.2358,
              -20.2781
            ],
            [
              -41.2337,
              -20.2795
            ],
            [
              -41.2326,
              -20.2795
            ],
            [
              -41.229,
              -20.2784
            ],
            [
              -41.2284,
              -20.2795
            ],
            [
              -41.2266,
              -20.2798
            ],
            [
              -41.2248,
              -20.2807
            ],
            [
              -41.2229,
              -20.2804
            ],
            [
              -41.2205,
              -20.2787
            ],
            [
              -41.2177,
              -20.2789
            ],
            [
              -41.2173,
              -20.2762
            ],
            [
              -41.216,
              -20.2751
            ],
            [
              -41.2144,
              -20.2752
            ],
            [
              -41.2127,
              -20.2747
            ],
            [
              -41.2123,
              -20.2736
            ],
            [
              -41.2091,
              -20.2732
            ],
            [
              -41.2078,
              -20.2725
            ],
            [
              -41.2072,
              -20.2697
            ],
            [
              -41.206,
              -20.269
            ],
            [
              -41.2051,
              -20.2674
            ],
            [
              -41.2036,
              -20.2674
            ],
            [
              -41.2004,
              -20.269
            ],
            [
              -41.1992,
              -20.269
            ],
            [
              -41.1952,
              -20.2709
            ],
            [
              -41.1938,
              -20.2694
            ],
            [
              -41.1929,
              -20.2659
            ],
            [
              -41.1913,
              -20.2639
            ],
            [
              -41.1889,
              -20.2631
            ],
            [
              -41.188,
              -20.2621
            ],
            [
              -41.1877,
              -20.26
            ],
            [
              -41.1856,
              -20.2595
            ],
            [
              -41.1829,
              -20.2602
            ],
            [
              -41.1818,
              -20.261
            ],
            [
              -41.18,
              -20.2609
            ],
            [
              -41.179,
              -20.2618
            ],
            [
              -41.1763,
              -20.2623
            ],
            [
              -41.1747,
              -20.2621
            ],
            [
              -41.1725,
              -20.2648
            ],
            [
              -41.1703,
              -20.2659
            ],
            [
              -41.1689,
              -20.2661
            ],
            [
              -41.1656,
              -20.2678
            ],
            [
              -41.1659,
              -20.2691
            ],
            [
              -41.1645,
              -20.2711
            ],
            [
              -41.1635,
              -20.2714
            ],
            [
              -41.1635,
              -20.2728
            ],
            [
              -41.1611,
              -20.2745
            ],
            [
              -41.1613,
              -20.2761
            ],
            [
              -41.16,
              -20.279
            ],
            [
              -41.1581,
              -20.2808
            ],
            [
              -41.1581,
              -20.2825
            ],
            [
              -41.1566,
              -20.2824
            ],
            [
              -41.156,
              -20.2813
            ],
            [
              -41.1546,
              -20.2813
            ],
            [
              -41.1522,
              -20.2819
            ],
            [
              -41.1475,
              -20.2816
            ],
            [
              -41.1472,
              -20.2825
            ],
            [
              -41.1441,
              -20.2834
            ],
            [
              -41.1403,
              -20.2859
            ],
            [
              -41.1376,
              -20.2866
            ],
            [
              -41.1367,
              -20.2877
            ],
            [
              -41.1352,
              -20.2855
            ],
            [
              -41.1325,
              -20.284
            ],
            [
              -41.1317,
              -20.2801
            ],
            [
              -41.1316,
              -20.2775
            ],
            [
              -41.1304,
              -20.2755
            ],
            [
              -41.1296,
              -20.273
            ],
            [
              -41.1292,
              -20.2689
            ],
            [
              -41.1282,
              -20.2675
            ],
            [
              -41.1258,
              -20.2657
            ],
            [
              -41.1247,
              -20.2658
            ],
            [
              -41.1232,
              -20.2683
            ],
            [
              -41.1213,
              -20.2688
            ],
            [
              -41.1195,
              -20.2686
            ],
            [
              -41.1175,
              -20.2666
            ],
            [
              -41.1159,
              -20.2663
            ],
            [
              -41.1139,
              -20.2674
            ],
            [
              -41.1133,
              -20.2694
            ],
            [
              -41.1107,
              -20.2696
            ],
            [
              -41.1087,
              -20.2709
            ],
            [
              -41.1081,
              -20.2723
            ],
            [
              -41.1052,
              -20.2727
            ],
            [
              -41.1043,
              -20.2747
            ],
            [
              -41.1029,
              -20.2751
            ],
            [
              -41.1016,
              -20.2743
            ],
            [
              -41.1013,
              -20.2719
            ],
            [
              -41.0999,
              -20.2713
            ],
            [
              -41.0996,
              -20.27
            ],
            [
              -41.1008,
              -20.2694
            ],
            [
              -41.1008,
              -20.2679
            ],
            [
              -41.0997,
              -20.2659
            ],
            [
              -41.0983,
              -20.2663
            ],
            [
              -41.0967,
              -20.2676
            ],
            [
              -41.0947,
              -20.2679
            ],
            [
              -41.0932,
              -20.2691
            ],
            [
              -41.0907,
              -20.2686
            ],
            [
              -41.0908,
              -20.2671
            ],
            [
              -41.0897,
              -20.2663
            ],
            [
              -41.0865,
              -20.2669
            ],
            [
              -41.0836,
              -20.2643
            ],
            [
              -41.0826,
              -20.2631
            ],
            [
              -41.0808,
              -20.2625
            ],
            [
              -41.0795,
              -20.259
            ],
            [
              -41.0798,
              -20.2567
            ],
            [
              -41.079,
              -20.255
            ],
            [
              -41.0764,
              -20.2529
            ],
            [
              -41.0747,
              -20.2521
            ],
            [
              -41.0721,
              -20.2515
            ],
            [
              -41.0707,
              -20.2504
            ],
            [
              -41.0702,
              -20.2485
            ],
            [
              -41.0703,
              -20.2461
            ],
            [
              -41.0687,
              -20.245
            ],
            [
              -41.0692,
              -20.2408
            ],
            [
              -41.0692,
              -20.2374
            ],
            [
              -41.0682,
              -20.2362
            ],
            [
              -41.0668,
              -20.2355
            ],
            [
              -41.0662,
              -20.2345
            ],
            [
              -41.0666,
              -20.2327
            ],
            [
              -41.0687,
              -20.231
            ],
            [
              -41.069,
              -20.2302
            ],
            [
              -41.0677,
              -20.2285
            ],
            [
              -41.067,
              -20.2261
            ],
            [
              -41.0681,
              -20.2235
            ],
            [
              -41.0695,
              -20.222
            ],
            [
              -41.0671,
              -20.22
            ],
            [
              -41.065,
              -20.2195
            ],
            [
              -41.0618,
              -20.2197
            ],
            [
              -41.0602,
              -20.2203
            ],
            [
              -41.0586,
              -20.2219
            ],
            [
              -41.0592,
              -20.2235
            ],
            [
              -41.0583,
              -20.2243
            ],
            [
              -41.0575,
              -20.2268
            ],
            [
              -41.0571,
              -20.2323
            ],
            [
              -41.053,
              -20.2354
            ],
            [
              -41.0519,
              -20.235
            ],
            [
              -41.051,
              -20.2359
            ],
            [
              -41.049,
              -20.2355
            ],
            [
              -41.0461,
              -20.2359
            ],
            [
              -41.0442,
              -20.2355
            ],
            [
              -41.0442,
              -20.2324
            ],
            [
              -41.0431,
              -20.2321
            ],
            [
              -41.0374,
              -20.2274
            ],
            [
              -41.0345,
              -20.229
            ],
            [
              -41.032,
              -20.2292
            ],
            [
              -41.0303,
              -20.2312
            ],
            [
              -41.0259,
              -20.231
            ],
            [
              -41.0261,
              -20.2294
            ],
            [
              -41.0282,
              -20.2271
            ],
            [
              -41.0262,
              -20.2248
            ],
            [
              -41.0263,
              -20.2235
            ],
            [
              -41.0248,
              -20.2231
            ],
            [
              -41.0239,
              -20.2219
            ],
            [
              -41.024,
              -20.22
            ],
            [
              -41.0251,
              -20.218
            ],
            [
              -41.0266,
              -20.2164
            ],
            [
              -41.027,
              -20.2145
            ],
            [
              -41.0258,
              -20.2125
            ],
            [
              -41.0221,
              -20.2124
            ],
            [
              -41.0204,
              -20.2133
            ],
            [
              -41.0181,
              -20.2125
            ],
            [
              -41.0151,
              -20.2125
            ],
            [
              -41.0124,
              -20.2115
            ],
            [
              -41.0085,
              -20.2129
            ],
            [
              -41.0055,
              -20.2123
            ],
            [
              -41.0052,
              -20.2137
            ],
            [
              -41.0027,
              -20.2144
            ]
          ]
        ]
      },
      "properties": {
        "codarea": "3200102",
        "nome_municipio": "Afonso Claudio",
        "codigo_ibge": 3200102
      }
    },
    {
      "type": "Feature",
      "geometry": {
        "type": "Polygon",
        "coordinates": [
          [
            [
              -40.6561,
              -20.4602
            ],
            [
              -40.6586,
              -20.4598
            ],
            [
              -40.6592,
              -20.4587
            ],
            [
              -40.6591,
              -20.4572
            ],
            [
              -40.6604,
              -20.4557
            ],
            [
              -40.6609,
              -20.453
            ],
            [
              -40.6603,
              -20.4501
            ],
            [
              -40.6608,
              -20.4492
            ],
            [
              -40.6622,
              -20.449
            ],
            [
              -40.6632,
              -20.4497
            ],
            [
              -40.6682,
              -20.4497
            ],
            [
              -40.6695,
              -20.4501
            ],
            [
              -40.6736,
              -20.4501
            ],
            [
              -40.676,
              -20.4491
            ],
            [
              -40.6782,
              -20.447
            ],
            [
              -40.6797,
              -20.4433
            ],
            [
              -40.6812,
              -20.4422
            ],
            [
              -40.6833,
              -20.442
            ],
            [
              -40.685,
              -20.4406
            ],
            [
              -40.6862,
              -20.4371
            ],
            [
              -40.6878,
              -20.4363
            ],
            [
              -40.6884,
              -20.4344
            ],
            [
              -40.6924,
              -20.4332
            ],
            [
              -40.6943,
              -20.4332
            ],
            [
              -40.698,
              -20.4344
            ],
            [
              -40.6995,
              -20.4343
            ],
            [
              -40.7007,
              -20.4325
            ],
            [
              -40.7026,
              -20.4321
            ],
            [
              -40.7047,
              -20.4349
            ],
            [
              -40.7086,
              -20.4373
            ],
            [
              -40.71,
              -20.4388
            ],
            [
              -40.7144,
              -20.4411
            ],
            [
              -40.7145,
              -20.4423
            ],
            [
              -40.7121,
              -20.4432
            ],
            [
              -40.7085,
              -20.4471
            ],
            [
              -40.709,
              -20.45
            ],
            [
              -40.7112,
              -20.4507
            ],
            [
              -40.7107,
              -20.4519
            ],
            [
              -40.7108,
              -20.4566
            ],
            [
              -40.7098,
              -20.4589
            ],
            [
              -40.7114,
              -20.46
            ],
            [
              -40.716,
              -20.461
            ],
            [
              -40.7172,
              -20.4603
            ],
            [
              -40.7197,
              -20.4609
            ],
            [
              -40.7231,
              -20.4582
            ],
            [
              -40.7239,
              -20.4583
            ],
            [
              -40.7257,
              -20.4614
            ],
            [
              -40.727,
              -20.4616
            ],
            [
              -40.7283,
              -20.4625
            ],
            [
              -40.7296,
              -20.4653
            ],
            [
              -40.7313,
              -20.4662
            ],
            [
              -40.733,
              -20.4659
            ],
            [
              -40.7364,
              -20.4669
            ],
            [
              -40.7362,
              -20.4688
            ],
            [
              -40.7355,
              -20.4704
            ],
            [
              -40.7371,
              -20.4726
            ],
            [
              -40.7365,
              -20.474
            ],
            [
              -40.7382,
              -20.4754
            ],
            [
              -40.7429,
              -20.4752
            ],
            [
              -40.7432,
              -20.4777
            ],
            [
              -40.7423,
              -20.4783
            ],
            [
              -40.7407,
              -20.4805
            ],
            [
              -40.7419,
              -20.4822
            ],
            [
              -40.7437,
              -20.4826
            ],
            [
              -40.7433,
              -20.4848
            ],
            [
              -40.7462,
              -20.4865
            ],
            [
              -40.7482,
              -20.4881
            ],
            [
              -40.7511,
              -20.4884
            ],
            [
              -40.7519,
              -20.49
            ],
            [
              -40.749,
              -20.492
            ],
            [
              -40.748,
              -20.4935
            ],
            [
              -40.7492,
              -20.4945
            ],
            [
              -40.7521,
              -20.4945
            ],
            [
              -40.7528,
              -20.4958
            ],
            [
              -40.7548,
              -20.4964
            ],
            [
              -40.7538,
              -20.4985
            ],
            [
              -40.7554,
              -20.4998
            ],
            [
              -40.7572,
              -20.5003
            ],
            [
              -40.7597,
              -20.5022
            ],
            [
              -40.7597,
              -20.5033
            ],
            [
              -40.7607,
              -20.5045
            ],
            [
              -40.7623,
              -20.5046
            ],
            [
              -40.7644,
              -20.5012
            ],
            [
              -40.7639,
              -20.4979
            ],
            [
              -40.7789,
              -20.4977
            ],
            [
              -40.7795,
              -20.5001
            ],
            [
              -40.7811,
              -20.5007
            ],
            [
              -40.7814,
              -20.5024
            ],
            [
              -40.7829,
              -20.504
            ],
            [
              -40.7826,
              -20.5066
            ],
            [
              -40.7842,
              -20.5089
            ],
            [
              -40.7868,
              -20.51
            ],
            [
              -40.788,
              -20.5081
            ],
            [
              -40.7918,
              -20.5073
            ],
            [
              -40.793,
              -20.5077
            ],
            [
              -40.7953,
              -20.5105
            ],
            [
              -40.7969,
              -20.5118
            ],
            [
              -40.7981,
              -20.5143
            ],
            [
              -40.7992,
              -20.5144
            ],
            [
              -40.8006,
              -20.5156
            ],
            [
              -40.8008,
              -20.5165
            ],
            [
              -40.803,
              -20.5169
            ],
            [
              -40.8042,
              -20.5179
            ],
            [
              -40.8055,
              -20.52
            ],
            [
              -40.8063,
              -20.52
            ],
            [
              -40.8089,
              -20.5213
            ],
            [
              -40.8116,
              -20.5212
            ],
            [
              -40.8126,
              -20.5205
            ],
            [
              -40.814,
              -20.521
            ],
            [
              -40.8158,
              -20.5231
            ],
            [
              -40.818,
              -20.5221
            ],
            [
              -40.8184,
              -20.5199
            ],
            [
              -40.8199,
              -20.5186
            ],
            [
              -40.8218,
              -20.5182
            ],
            [
              -40.8219,
              -20.5168
            ],
            [
              -40.8203,
              -20.5153
            ],
            [
              -40.8201,
              -20.5142
            ],
            [
              -40.8188,
              -20.5131
            ],
            [
              -40.8189,
              -20.5121
            ],
            [
              -40.8177,
              -20.5102
            ],
            [
              -40.8174,
              -20.5088
            ],
            [
              -40.8153,
              -20.5081
            ],
            [
              -40.8147,
              -20.5065
            ],
            [
              -40.8126,
              -20.5048
            ],
            [
              -40.813,
              -20.5038
            ],
            [
              -40.8119,
              -20.502
            ],
            [
              -40.8109,
              -20.5019
            ],
            [
              -40.8096,
              -20.4999
            ],
            [
              -40.81,
              -20.4977
            ],
            [
              -40.8086,
              -20.4958
            ],
            [
              -40.8084,
              -20.4933
            ],
            [
              -40.8073,
              -20.4919
            ],
            [
              -40.808,
              -20.4907
            ],
            [
              -40.8096,
              -20.4898
            ],
            [
              -40.8097,
              -20.4886
            ],
            [
              -40.8084,
              -20.487
            ],
            [
              -40.8121,
              -20.4846
            ],
            [
              -40.8123,
              -20.4828
            ],
            [
              -40.8164,
              -20.4835
            ],
            [
              -40.8151,
              -20.4856
            ],
            [
              -40.818,
              -20.486
            ],
            [
              -40.8206,
              -20.4881
            ],
            [
              -40.8225,
              -20.4887
            ],
            [
              -40.8259,
              -20.4881
            ],
            [
              -40.8262,
              -20.4868
            ],
            [
              -40.8275,
              -20.486
            ],
            [
              -40.8279,
              -20.4849
            ],
            [
              -40.8327,
              -20.4854
            ],
            [
              -40.8339,
              -20.4874
            ],
            [
              -40.8365,
              -20.4882
            ],
            [
              -40.8372,
              -20.4872
            ],
            [
              -40.8396,
              -20.4864
            ],
            [
              -40.84,
              -20.4852
            ],
            [
              -40.8414,
              -20.4849
            ],
            [
              -40.8429,
              -20.487
            ],
            [
              -40.8447,
              -20.4871
            ],
            [
              -40.8471,
              -20.488
            ],
            [
              -40.8483,
              -20.4899
            ],
            [
              -40.85,
              -20.4902
            ],
            [
              -40.8528,
              -20.4916
            ],
            [
              -40.8552,
              -20.4918
            ],
            [
              -40.8572,
              -20.4909
            ],
            [
              -40.8613,
              -20.4886
            ],
            [
              -40.8632,
              -20.4857
            ],
            [
              -40.8647,
              -20.4848
            ],
            [
              -40.8643,
              -20.4835
            ],
            [
              -40.8651,
              -20.4819
            ],
            [
              -40.8652,
              -20.4803
            ],
            [
              -40.8663,
              -20.4791
            ],
            [
              -40.8679,
              -20.4781
            ],
            [
              -40.8665,
              -20.477
            ],
            [
              -40.8667,
              -20.4761
            ],
            [
              -40.8659,
              -20.4729
            ],
            [
              -40.8673,
              -20.4707
            ],
            [
              -40.8686,
              -20.4679
            ],
            [
              -40.8685,
              -20.4666
            ],
            [
              -40.8696,
              -20.4649
            ],
            [
              -40.8721,
              -20.4639
            ],
            [
              -40.8731,
              -20.4646
            ],
            [
              -40.8765,
              -20.4651
            ],
            [
              -40.8781,
              -20.4656
            ],
            [
              -40.8787,
              -20.4648
            ],
            [
              -40.8805,
              -20.4643
            ],
            [
              -40.8819,
              -20.4655
            ],
            [
              -40.8835,
              -20.4649
            ],
            [
              -40.884,
              -20.4629
            ],
            [
              -40.8868,
              -20.4628
            ],
            [
              -40.888,
              -20.4621
            ],
            [
              -40.8894,
              -20.4629
            ],
            [
              -40.8925,
              -20.4628
            ],
            [
              -40.8943,
              -20.4642
            ],
            [
              -40.8977,
              -20.4635
            ],
            [
              -40.902,
              -20.4619
            ],
            [
              -40.9044,
              -20.4621
            ],
            [
              -40.9053,
              -20.4602
            ],
            [
              -40.9042,
              -20.4586
            ],
            [
              -40.9058,
              -20.4572
            ],
            [
              -40.9063,
              -20.4559
            ],
            [
              -40.9077,
              -20.455
            ],
            [
              -40.9091,
              -20.4553
            ],
            [
              -40.9097,
              -20.4534
            ],
            [
              -40.9108,
              -20.452
            ],
            [
              -40.9124,
              -20.4487
            ],
            [
              -40.9146,
              -20.4498
            ],
            [
              -40.9188,
              -20.4489
            ],
            [
              -40.9194,
              -20.4483
            ],
            [
              -40.9193,
              -20.4453
            ],
            [
              -40.9182,
              -20.444
            ],
            [
              -40.9193,
              -20.4427
            ],
            [
              -40.9208,
              -20.442
            ],
            [
              -40.9238,
              -20.442
            ],
            [
              -40.9253,
              -20.4424
            ],
            [
              -40.9264,
              -20.4419
            ],
            [
              -40.9275,
              -20.4424
            ],
            [
              -40.9275,
              -20.4404
            ],
            [
              -40.9291,
              -20.4376
            ],
            [
              -40.93,
              -20.4369
            ],
            [
              -40.933,
              -20.4364
            ],
            [
              -40.934,
              -20.4367
            ],
            [
              -40.9378,
              -20.4363
            ],
            [
              -40.94,
              -20.4377
            ],
            [
              -40.9411,
              -20.4397
            ],
            [
              -40.9442,
              -20.4384
            ],
            [
              -40.9457,
              -20.4401
            ],
            [
              -40.9477,
              -20.4392
            ],
            [
              -40.9483,
              -20.4359
            ],
            [
              -40.9511,
              -20.4354
            ],
            [
              -40.9538,
              -20.4365
            ],
            [
              -40.9552,
              -20.4357
            ],
            [
              -40.9592,
              -20.4328
            ],
            [
              -40.9593,
              -20.4316
            ],
            [
              -40.9603,
              -20.4303
            ],
            [
              -40.9617,
              -20.43
            ],
            [
              -40.9628,
              -20.4307
            ],
            [
              -40.9632,
              -20.4324
            ],
            [
              -40.9627,
              -20.4341
            ],
            [
              -40.9658,
              -20.4355
            ],
            [
              -40.9674,
              -20.4345
            ],
            [
              -40.9704,
              -20.4362
            ],
            [
              -40.9721,
              -20.4365
            ],
            [
              -40.9747,
              -20.4361
            ],
            [
              -40.9761,
              -20.4347
            ],
            [
              -40.9798,
              -20.4339
            ],
            [
              -40.9867,
              -20.435
            ],
            [
              -40.9881,
              -20.4368
            ],
            [
              -40.99,
              -20.4383
            ],
            [
              -40.9914,
              -20.4377
            ],
            [
              -40.9929,
              -20.4384
            ],
            [
              -40.9951,
              -20.4416
            ],
            [
              -40.9938,
              -20.4428
            ],
            [
              -40.9906,
              -20.4428
            ],
            [
              -40.9891,
              -20.4437
            ],
            [
              -40.988,
              -20.4459
            ],
            [
              -40.986,
              -20.4466
            ],
            [
              -40.9848,
              -20.4483
            ],
            [
              -40.9852,
              -20.4509
            ],
            [
              -40.986,
              -20.4522
            ],
            [
              -40.9858,
              -20.4553
            ],
            [
              -40.9864,
              -20.4576
            ],
            [
              -40.9871,
              -20.4582
            ],
            [
              -40.9867,
              -20.4602
            ],
            [
              -40.985,
              -20.4605
            ],
            [
              -40.98,
              -20.4577
            ],
            [
              -40.9792,
              -20.4563
            ],
            [
              -40.9776,
              -20.456
            ],
            [
              -40.9763,
              -20.4579
            ],
            [
              -40.9742,
              -20.4588
            ],
            [
              -40.9731,
              -20.4602
            ],
            [
              -40.9711,
              -20.4613
            ],
            [
              -40.9703,
              -20.4623
            ],
            [
              -40.9689,
              -20.4626
            ],
            [
              -40.9696,
              -20.464
            ],
            [
              -40.9687,
              -20.4678
            ],
            [
              -40.969,
              -20.469
            ],
            [
              -40.9703,
              -20.4704
            ],
            [
              -40.9697,
              -20.4724
            ],
            [
              -40.9698,
              -20.4739
            ],
            [
              -40.9737,
              -20.4745
            ],
            [
              -40.9727,
              -20.4764
            ],
            [
              -40.9724,
              -20.4807
            ],
            [
              -40.9697,
              -20.4821
            ],
            [
              -40.969,
              -20.483
            ],
            [
              -40.9673,
              -20.4828
            ],
            [
              -40.9659,
              -20.4836
            ],
            [
              -40.9667,
              -20.486
            ],
            [
              -40.9656,
              -20.4894
            ],
            [
              -40.9678,
              -20.4933
            ],
            [
              -40.9689,
              -20.4963
            ],
            [
              -40.9674,
              -20.4971
            ],
            [
              -40.9649,
              -20.4956
            ],
            [
              -40.9616,
              -20.496
            ],
            [
              -40.9598,
              -20.4975
            ],
            [
              -40.9602,
              -20.5004
            ],
            [
              -40.96,
              -20.5022
            ],
            [
              -40.9612,
              -20.5034
            ],
            [
              -40.9611,
              -20.5056
            ],
            [
              -40.9598,
              -20.5068
            ],
            [
              -40.9585,
              -20.5089
            ],
            [
              -40.9599,
              -20.5111
            ],
            [
              -40.9611,
              -20.5112
            ],
            [
              -40.9623,
              -20.5123
            ],
            [
              -40.9606,
              -20.5141
            ],
            [
              -40.9617,
              -20.5183
            ],
            [
              -40.9606,
              -20.5188
            ],
            [
              -40.9593,
              -20.5213
            ],
            [
              -40.9611,
              -20.5247
            ],
            [
              -40.9596,
              -20.5283
            ],
            [
              -40.9613,
              -20.5319
            ],
            [
              -40.9607,
              -20.5336
            ],
            [
              -40.9618,
              -20.536
            ],
            [
              -40.9621,
              -20.5381
            ],
            [
              -40.9644,
              -20.5397
            ],
            [
              -40.9648,
              -20.5415
            ],
            [
              -40.9662,
              -20.5425
            ],
            [
              -40.9641,
              -20.5454
            ],
            [
              -40.9613,
              -20.5472
            ],
            [
              -40.9596,
              -20.5503
            ],
            [
              -40.9582,
              -20.5508
            ],
            [
              -40.957,
              -20.5518
            ],
            [
              -40.9568,
              -20.5528
            ],
            [
              -40.9591,
              -20.5549
            ],
            [
              -40.9591,
              -20.5558
            ],
            [
              -40.9567,
              -20.5574
            ],
            [
              -40.9562,
              -20.5596
            ],
            [
              -40.9566,
              -20.5617
            ],
            [
              -40.9587,
              -20.5626
            ],
            [
              -40.9608,
              -20.5618
            ],
            [
              -40.9624,
              -20.5628
            ],
            [
              -40.964,
              -20.5624
            ],
            [
              -40.9671,
              -20.5645
            ],
            [
              -40.9664,
              -20.566
            ],
            [
              -40.9668,
              -20.5681
            ],
            [
              -40.9665,
              -20.5714
            ],
            [
              -40.968,
              -20.5745
            ],
            [
              -40.9683,
              -20.5764
            ],
            [
              -40.9669,
              -20.5776
            ],
            [
              -40.9655,
              -20.5807
            ],
            [
              -40.9633,
              -20.5819
            ],
            [
              -40.9633,
              -20.5836
            ],
            [
              -40.9616,
              -20.5849
            ],
            [
              -40.96,
              -20.5854
            ],
            [
              -40.9576,
              -20.5905
            ],
            [
              -40.9561,
              -20.5918
            ],
            [
              -40.9569,
              -20.5931
            ],
            [
              -40.958,
              -20.5934
            ],
            [
              -40.9584,
              -20.5953
            ],
            [
              -40.958,
              -20.5962
            ],
            [
              -40.9589,
              -20.5985
            ],
            [
              -40.9626,
              -20.6017
            ],
            [
              -40.9597,
              -20.6033
            ],
            [
              -40.9578,
              -20.6039
            ],
            [
              -40.9565,
              -20.6013
            ],
            [
              -40.9541,
              -20.6019
            ],
            [
              -40.9525,
              -20.6017
            ],
            [
              -40.9513,
              -20.6024
            ],
            [
              -40.9491,
              -20.6027
            ],
            [
              -40.9481,
              -20.6043
            ],
            [
              -40.945,
              -20.6063
            ],
            [
              -40.9427,
              -20.6064
            ],
            [
              -40.9427,
              -20.6053
            ],
            [
              -40.9385,
              -20.602
            ],
            [
              -40.9363,
              -20.5996
            ],
            [
              -40.9348,
              -20.6009
            ],
            [
              -40.9322,
              -20.6022
            ],
            [
              -40.9323,
              -20.6035
            ],
            [
              -40.9303,
              -20.6047
            ],
            [
              -40.9292,
              -20.6068
            ],
            [
              -40.9261,
              -20.6078
            ],
            [
              -40.9226,
              -20.6083
            ],
            [
              -40.921,
              -20.61
            ],
            [
              -40.9197,
              -20.6103
            ],
            [
              -40.9174,
              -20.6123
            ],
            [
              -40.9142,
              -20.6135
            ],
            [
              -40.913,
              -20.6153
            ],
            [
              -40.9119,
              -20.6156
            ],
            [
              -40.9112,
              -20.6183
            ],
            [
              -40.9102,
              -20.6185
            ],
            [
              -40.9101,
              -20.6215
            ],
            [
              -40.9093,
              -20.6242
            ],
            [
              -40.9104,
              -20.6278
            ],
            [
              -40.9115,
              -20.6295
            ],
            [
              -40.9107,
              -20.6302
            ],
            [
              -40.9108,
              -20.6335
            ],
            [
              -40.9116,
              -20.6358
            ],
            [
              -40.9133,
              -20.6359
            ],
            [
              -40.9162,
              -20.6413
            ],
            [
              -40.9158,
              -20.6439
            ],
            [
              -40.9186,
              -20.6446
            ],
            [
              -40.9212,
              -20.646
            ],
            [
              -40.9239,
              -20.6466
            ],
            [
              -40.9256,
              -20.6477
            ],
            [
              -40.9264,
              -20.6504
            ],
            [
              -40.9256,
              -20.6518
            ],
            [
              -40.9264,
              -20.6533
            ],
            [
              -40.9291,
              -20.6551
            ],
            [
              -40.9298,
              -20.6565
            ],
            [
              -40.9314,
              -20.6575
            ],
            [
              -40.9318,
              -20.6602
            ],
            [
              -40.9342,
              -20.6628
            ],
            [
              -40.9339,
              -20.6652
            ],
            [
              -40.933,
              -20.6663
            ],
            [
              -40.9331,
              -20.6674
            ],
            [
              -40.9308,
              -20.6695
            ],
            [
              -40.9325,
              -20.6706
            ],
            [
              -40.9326,
              -20.6719
            ],
            [
              -40.9336,
              -20.6734
            ],
            [
              -40.9321,
              -20.6747
            ],
            [
              -40.9317,
              -20.6764
            ],
            [
              -40.9297,
              -20.6782
            ],
            [
              -40.928,
              -20.6785
            ],
            [
              -40.9254,
              -20.6775
            ],
            [
              -40.9235,
              -20.6754
            ],
            [
              -40.9223,
              -20.6765
            ],
            [
              -40.923,
              -20.6812
            ],
            [
              -40.9223,
              -20.6825
            ],
            [
              -40.9206,
              -20.6835
            ],
            [
              -40.9166,
              -20.6837
            ],
            [
              -40.9148,
              -20.6831
            ],
            [
              -40.9115,
              -20.683
            ],
            [
              -40.9108,
              -20.6833
            ],
            [
              -40.9099,
              -20.6859
            ],
            [
              -40.907,
              -20.6853
            ],
            [
              -40.906,
              -20.6835
            ],
            [
              -40.9036,
              -20.684
            ],
            [
              -40.9017,
              -20.6809
            ],
            [
              -40.9003,
              -20.6812
            ],
            [
              -40.8995,
              -20.6803
            ],
            [
              -40.8974,
              -20.6805
            ],
            [
              -40.8969,
              -20.6778
            ],
            [
              -40.8957,
              -20.6772
            ],
            [
              -40.8924,
              -20.6772
            ],
            [
              -40.8883,
              -20.676
            ],
            [
              -40.8881,
              -20.6745
            ],
            [
              -40.8867,
              -20.6741
            ],
            [
              -40.8847,
              -20.6728
            ],
            [
              -40.8834,
              -20.6709
            ],
            [
              -40.8821,
              -20.6704
            ],
            [
              -40.8793,
              -20.6719
            ],
            [
              -40.8777,
              -20.6733
            ],
            [
              -40.8736,
              -20.6735
            ],
            [
              -40.8709,
              -20.6763
            ],
            [
              -40.8694,
              -20.676
            ],
            [
              -40.8681,
              -20.6775
            ],
            [
              -40.866,
              -20.6779
            ],
            [
              -40.8644,
              -20.6788
            ],
            [
              -40.8633,
              -20.6813
            ],
            [
              -40.8583,
              -20.6836
            ],
            [
              -40.8573,
              -20.6849
            ],
            [
              -40.8558,
              -20.6856
            ],
            [
              -40.8531,
              -20.6849
            ],
            [
              -40.8509,
              -20.6851
            ],
            [
              -40.8494,
              -20.6868
            ],
            [
              -40.8475,
              -20.6878
            ],
            [
              -40.8456,
              -20.6878
            ],
            [
              -40.8437,
              -20.687
            ],
            [
              -40.8402,
              -20.6876
            ],
            [
              -40.8386,
              -20.6876
            ],
            [
              -40.8394,
              -20.6868
            ],
            [
              -40.839,
              -20.6857
            ],
            [
              -40.8396,
              -20.6837
            ],
            [
              -40.8422,
              -20.6829
            ],
            [
              -40.8436,
              -20.6805
            ],
            [
              -40.8435,
              -20.6797
            ],
            [
              -40.8413,
              -20.6795
            ],
            [
              -40.8394,
              -20.6779
            ],
            [
              -40.8357,
              -20.6796
            ],
            [
              -40.8335,
              -20.6813
            ],
            [
              -40.8284,
              -20.6831
            ],
            [
              -40.8248,
              -20.6852
            ],
            [
              -40.8209,
              -20.6864
            ],
            [
              -40.8162,
              -20.6886
            ],
            [
              -40.8136,
              -20.6906
            ],
            [
              -40.8123,
              -20.6908
            ],
            [
              -40.8111,
              -20.6917
            ],
            [
              -40.8081,
              -20.6932
            ],
            [
              -40.8059,
              -20.6929
            ],
            [
              -40.8049,
              -20.6939
            ],
            [
              -40.8022,
              -20.6942
            ],
            [
              -40.7982,
              -20.6953
            ],
            [
              -40.7957,
              -20.6965
            ],
            [
              -40.7942,
              -20.6986
            ],
            [
              -40.7892,
              -20.7001
            ],
            [
              -40.7864,
              -20.702
            ],
            [
              -40.7843,
              -20.703
            ],
            [
              -40.7825,
              -20.7033
            ],
            [
              -40.7807,
              -20.7021
            ],
            [
              -40.7789,
              -20.7037
            ],
            [
              -40.7748,
              -20.7046
            ],
            [
              -40.7731,
              -20.7046
            ],
            [
              -40.7708,
              -20.7055
            ],
            [
              -40.7694,
              -20.7047
            ],
            [
              -40.7694,
              -20.7031
            ],
            [
              -40.768,
              -20.6995
            ],
            [
              -40.7688,
              -20.6977
            ],
            [
              -40.7692,
              -20.6949
            ],
            [
              -40.77,
              -20.692
            ],
            [
              -40.7708,
              -20.6912
            ],
            [
              -40.7704,
              -20.6898
            ],
            [
              -40.7705,
              -20.6878
            ],
            [
              -40.7714,
              -20.6873
            ],
            [
              -40.7708,
              -20.6855
            ],
            [
              -40.7707,
              -20.6799
            ],
            [
              -40.7703,
              -20.6772
            ],
            [
              -40.7672,
              -20.6719
            ],
            [
              -40.7628,
              -20.6639
            ],
            [
              -40.7592,
              -20.658
            ],
            [
              -40.7569,
              -20.6573
            ],
            [
              -40.7499,
              -20.6585
            ],
            [
              -40.7443,
              -20.6582
            ],
            [
              -40.7444,
              -20.6566
            ],
            [
              -40.7462,
              -20.655
            ],
            [
              -40.7473,
              -20.6516
            ],
            [
              -40.7451,
              -20.6503
            ],
            [
              -40.7435,
              -20.6469
            ],
            [
              -40.7411,
              -20.6448
            ],
            [
              -40.7397,
              -20.6466
            ],
            [
              -40.7378,
              -20.6474
            ],
            [
              -40.736,
              -20.6474
            ],
            [
              -40.7346,
              -20.6457
            ],
            [
              -40.7327,
              -20.6457
            ],
            [
              -40.7306,
              -20.6468
            ],
            [
              -40.7275,
              -20.6467
            ],
            [
              -40.7263,
              -20.6459
            ],
            [
              -40.7264,
              -20.6442
            ],
            [
              -40.7277,
              -20.6432
            ],
            [
              -40.7279,
              -20.6407
            ],
            [
              -40.7264,
              -20.6396
            ],
            [
              -40.7258,
              -20.6379
            ],
            [
              -40.7262,
              -20.637
            ],
            [
              -40.7258,
              -20.6347
            ],
            [
              -40.7278,
              -20.6327
            ],
            [
              -40.7275,
              -20.6318
            ],
            [
              -40.7258,
              -20.6301
            ],
            [
              -40.7245,
              -20.63
            ],
            [
              -40.7221,
              -20.6275
            ],
            [
              -40.7201,
              -20.6264
            ],
            [
              -40.7166,
              -20.6262
            ],
            [
              -40.7166,
              -20.6247
            ],
            [
              -40.7148,
              -20.623
            ],
            [
              -40.7159,
              -20.6202
            ],
            [
              -40.7136,
              -20.6191
            ],
            [
              -40.7131,
              -20.6173
            ],
            [
              -40.7112,
              -20.616
            ],
            [
              -40.7112,
              -20.6143
            ],
            [
              -40.7098,
              -20.6139
            ],
            [
              -40.7085,
              -20.6123
            ],
            [
              -40.7068,
              -20.612
            ],
            [
              -40.704,
              -20.6126
            ],
            [
              -40.7009,
              -20.6113
            ],
            [
              -40.6993,
              -20.61
            ],
            [
              -40.6987,
              -20.6088
            ],
            [
              -40.6971,
              -20.6081
            ],
            [
              -40.6955,
              -20.6052
            ],
            [
              -40.6919,
              -20.6055
            ],
            [
              -40.6902,
              -20.6053
            ],
            [
              -40.6879,
              -20.6041
            ],
            [
              -40.6862,
              -20.6021
            ],
            [
              -40.6853,
              -20.5993
            ],
            [
              -40.6816,
              -20.5971
            ],
            [
              -40.6775,
              -20.5951
            ],
            [
              -40.6759,
              -20.5946
            ],
            [
              -40.6732,
              -20.5945
            ],
            [
              -40.6721,
              -20.5948
            ],
            [
              -40.6698,
              -20.5942
            ],
            [
              -40.6709,
              -20.5933
            ],
            [
              -40.6709,
              -20.5914
            ],
            [
              -40.6717,
              -20.5902
            ],
            [
              -40.6719,
              -20.588
            ],
            [
              -40.6715,
              -20.5868
            ],
            [
              -40.6717,
              -20.5847
            ],
            [
              -40.6708,
              -20.5828
            ],
            [
              -40.6712,
              -20.58
            ],
            [
              -40.6728,
              -20.5756
            ],
            [
              -40.675,
              -20.5755
            ],
            [
              -40.6765,
              -20.5761
            ],
            [
              -40.6777,
              -20.5778
            ],
            [
              -40.6806,
              -20.5785
            ],
            [
              -40.682,
              -20.5781
            ],
            [
              -40.6838,
              -20.576
            ],
            [
              -40.6844,
              -20.5736
            ],
            [
              -40.6842,
              -20.5716
            ],
            [
              -40.6846,
              -20.5678
            ],
            [
              -40.6843,
              -20.566
            ],
            [
              -40.6828,
              -20.5635
            ],
            [
              -40.6822,
              -20.5619
            ],
            [
              -40.6796,
              -20.5601
            ],
            [
              -40.6789,
              -20.5579
            ],
            [
              -40.6805,
              -20.5572
            ],
            [
              -40.6807,
              -20.5564
            ],
            [
              -40.6775,
              -20.5554
            ],
            [
              -40.6763,
              -20.5543
            ],
            [
              -40.6755,
              -20.5577
            ],
            [
              -40.6739,
              -20.5578
            ],
            [
              -40.6724,
              -20.5549
            ],
            [
              -40.672,
              -20.5531
            ],
            [
              -40.6704,
              -20.552
            ],
            [
              -40.6735,
              -20.5499
            ],
            [
              -40.6731,
              -20.5468
            ],
            [
              -40.6721,
              -20.5456
            ],
            [
              -40.673,
              -20.5448
            ],
            [
              -40.6757,
              -20.5445
            ],
            [
              -40.6782,
              -20.5436
            ],
            [
              -40.6801,
              -20.5436
            ],
            [
              -40.6812,
              -20.5423
            ],
            [
              -40.6838,
              -20.5411
            ],
            [
              -40.6855,
              -20.5407
            ],
            [
              -40.6877,
              -20.5394
            ],
            [
              -40.6901,
              -20.5401
            ],
            [
              -40.692,
              -20.5399
            ],
            [
              -40.6962,
              -20.5372
            ],
            [
              -40.7006,
              -20.537
            ],
            [
              -40.7022,
              -20.5366
            ],
            [
              -40.7022,
              -20.5316
            ],
            [
              -40.7013,
              -20.5295
            ],
            [
              -40.7004,
              -20.529
            ],
            [
              -40.7003,
              -20.5272
            ],
            [
              -40.6977,
              -20.526
            ],
            [
              -40.6956,
              -20.5265
            ],
            [
              -40.6935,
              -20.5262
            ],
            [
              -40.6931,
              -20.5245
            ],
            [
              -40.6918,
              -20.524
            ],
            [
              -40.6919,
              -20.523
            ],
            [
              -40.6944,
              -20.5219
            ],
            [
              -40.695,
              -20.5205
            ],
            [
              -40.6946,
              -20.5182
            ],
            [
              -40.6946,
              -20.5138
            ],
            [
              -40.6929,
              -20.5126
            ],
            [
              -40.6931,
              -20.5115
            ],
            [
              -40.6953,
              -20.5095
            ],
            [
              -40.6952,
              -20.5052
            ],
            [
              -40.6942,
              -20.5044
            ],
            [
              -40.6932,
              -20.5009
            ],
            [
              -40.6935,
              -20.4991
            ],
            [
              -40.6913,
              -20.4988
            ],
            [
              -40.6847,
              -20.4998
            ],
            [
              -40.683,
              -20.4984
            ],
            [
              -40.6827,
              -20.4944
            ],
            [
              -40.6813,
              -20.4917
            ],
            [
              -40.6836,
              -20.4905
            ],
            [
              -40.6827,
              -20.4879
            ],
            [
              -40.6812,
              -20.4879
            ],
            [
              -40.6792,
              -20.4893
            ],
            [
              -40.6765,
              -20.4886
            ],
            [
              -40.6763,
              -20.4877
            ],
            [
              -40.6776,
              -20.4824
            ],
            [
              -40.6768,
              -20.4805
            ],
            [
              -40.6748,
              -20.4802
            ],
            [
              -40.6748,
              -20.4793
            ],
            [
              -40.6776,
              -20.477
            ],
            [
              -40.6789,
              -20.475
            ],
            [
              -40.6782,
              -20.4733
            ],
            [
              -40.6769,
              -20.4726
            ],
            [
              -40.6778,
              -20.4708
            ],
            [
              -40.6771,
              -20.4687
            ],
            [
              -40.675,
              -20.4676
            ],
            [
              -40.6748,
              -20.4661
            ],
            [
              -40.6733,
              -20.4655
            ],
            [
              -40.672,
              -20.4662
            ],
            [
              -40.6696,
              -20.4667
            ],
            [
              -40.6666,
              -20.4633
            ],
            [
              -40.6643,
              -20.463
            ],
            [
              -40.6609,
              -20.4635
            ],
            [
              -40.6591,
              -20.4648
            ],
            [
              -40.6579,
              -20.4644
            ],
            [
              -40.6574,
              -20.4625
            ],
            [
              -40.6563,
              -20.4617
            ],
            [
              -40.6561,
              -20.4602
            ]
          ]
        ]
      },
      "properties": {
        "codarea": "3200300",
        "nome_municipio": "Alfredo Chaves",
        "codigo_ibge": 3200300
      }
    },
    {
      "type": "Feature",
      "geometry": {
        "type": "Polygon",
        "coordinates": [
          [
            [
              -41.3105,
              -20.2694
            ],
            [
              -41.3094,
              -20.2702
            ],
            [
              -41.3053,
              -20.2711
            ],
            [
              -41.3036,
              -20.2707
            ],
            [
              -41.3033,
              -20.2692
            ],
            [
              -41.3021,
              -20.2685
            ],
            [
              -41.3015,
              -20.2669
            ],
            [
              -41.3016,
              -20.2653
            ],
            [
              -41.3009,
              -20.2641
            ],
            [
              -41.3012,
              -20.2622
            ],
            [
              -41.2967,
              -20.2619
            ],
            [
              -41.2956,
              -20.2609
            ],
            [
              -41.2946,
              -20.2582
            ],
            [
              -41.2979,
              -20.256
            ],
            [
              -41.2977,
              -20.2547
            ],
            [
              -41.2944,
              -20.2544
            ],
            [
              -41.2937,
              -20.253
            ],
            [
              -41.2951,
              -20.2514
            ],
            [
              -41.2979,
              -20.2507
            ],
            [
              -41.2984,
              -20.2485
            ],
            [
              -41.2996,
              -20.2482
            ],
            [
              -41.3019,
              -20.2464
            ],
            [
              -41.306,
              -20.2455
            ],
            [
              -41.3087,
              -20.2422
            ],
            [
              -41.309,
              -20.2393
            ],
            [
              -41.3068,
              -20.2379
            ],
            [
              -41.3066,
              -20.2359
            ],
            [
              -41.3056,
              -20.235
            ],
            [
              -41.3029,
              -20.2352
            ],
            [
              -41.3022,
              -20.2341
            ],
            [
              -41.3018,
              -20.2321
            ],
            [
              -41.3025,
              -20.2299
            ],
            [
              -41.3,
              -20.2294
            ],
            [
              -41.2971,
              -20.2307
            ],
            [
              -41.2951,
              -20.2306
            ],
            [
              -41.2921,
              -20.2315
            ],
            [
              -41.2889,
              -20.2332
            ],
            [
              -41.2884,
              -20.2345
            ],
            [
              -41.2893,
              -20.2363
            ],
            [
              -41.2909,
              -20.2377
            ],
            [
              -41.2924,
              -20.2381
            ],
            [
              -41.2908,
              -20.241
            ],
            [
              -41.2894,
              -20.2426
            ],
            [
              -41.2875,
              -20.2422
            ],
            [
              -41.2862,
              -20.2432
            ],
            [
              -41.2848,
              -20.2414
            ],
            [
              -41.283,
              -20.2418
            ],
            [
              -41.2809,
              -20.2415
            ],
            [
              -41.2803,
              -20.2407
            ],
            [
              -41.282,
              -20.2396
            ],
            [
              -41.2823,
              -20.2381
            ],
            [
              -41.2804,
              -20.236
            ],
            [
              -41.2795,
              -20.2334
            ],
            [
              -41.2765,
              -20.2339
            ],
            [
              -41.2749,
              -20.2324
            ],
            [
              -41.2727,
              -20.2335
            ],
            [
              -41.2719,
              -20.2345
            ],
            [
              -41.2722,
              -20.2356
            ],
            [
              -41.2714,
              -20.2375
            ],
            [
              -41.271,
              -20.2398
            ],
            [
              -41.267,
              -20.2417
            ],
            [
              -41.2681,
              -20.2436
            ],
            [
              -41.2675,
              -20.2462
            ],
            [
              -41.268,
              -20.2473
            ],
            [
              -41.2673,
              -20.25
            ],
            [
              -41.2651,
              -20.2501
            ],
            [
              -41.262,
              -20.2537
            ],
            [
              -41.2596,
              -20.2538
            ],
            [
              -41.2567,
              -20.2534
            ],
            [
              -41.2561,
              -20.2555
            ],
            [
              -41.2571,
              -20.256
            ],
            [
              -41.2569,
              -20.2582
            ],
            [
              -41.2571,
              -20.2611
            ],
            [
              -41.2562,
              -20.2638
            ],
            [
              -41.2584,
              -20.2641
            ],
            [
              -41.2646,
              -20.2636
            ],
            [
              -41.2666,
              -20.2642
            ],
            [
              -41.2656,
              -20.2675
            ],
            [
              -41.2646,
              -20.2692
            ],
            [
              -41.2631,
              -20.2685
            ],
            [
              -41.262,
              -20.2709
            ],
            [
              -41.2601,
              -20.273
            ],
            [
              -41.2575,
              -20.2734
            ],
            [
              -41.2549,
              -20.2745
            ],
            [
              -41.2537,
              -20.2733
            ],
            [
              -41.2492,
              -20.274
            ],
            [
              -41.2478,
              -20.2757
            ],
            [
              -41.2463,
              -20.2757
            ],
            [
              -41.2443,
              -20.2766
            ],
            [
              -41.2428,
              -20.2778
            ],
            [
              -41.2388,
              -20.2775
            ],
            [
              -41.2395,
              -20.2745
            ],
            [
              -41.2385,
              -20.273
            ],
            [
              -41.2395,
              -20.2716
            ],
            [
              -41.2397,
              -20.2699
            ],
            [
              -41.2423,
              -20.2665
            ],
            [
              -41.2429,
              -20.2651
            ],
            [
              -41.2409,
              -20.2636
            ],
            [
              -41.2393,
              -20.2618
            ],
            [
              -41.2376,
              -20.2634
            ],
            [
              -41.2349,
              -20.2648
            ],
            [
              -41.2267,
              -20.26
            ],
            [
              -41.2262,
              -20.2562
            ],
            [
              -41.2268,
              -20.2541
            ],
            [
              -41.2283,
              -20.2513
            ],
            [
              -41.2318,
              -20.2497
            ],
            [
              -41.2338,
              -20.2496
            ],
            [
              -41.2357,
              -20.2419
            ],
            [
              -41.2365,
              -20.2402
            ],
            [
              -41.2356,
              -20.2382
            ],
            [
              -41.2375,
              -20.2343
            ],
            [
              -41.2385,
              -20.2336
            ],
            [
              -41.2375,
              -20.2312
            ],
            [
              -41.2357,
              -20.2308
            ],
            [
              -41.2351,
              -20.2291
            ],
            [
              -41.2366,
              -20.2271
            ],
            [
              -41.2376,
              -20.2268
            ],
            [
              -41.2394,
              -20.2251
            ],
            [
              -41.2395,
              -20.2222
            ],
            [
              -41.2399,
              -20.2204
            ],
            [
              -41.2421,
              -20.219
            ],
            [
              -41.2433,
              -20.2176
            ],
            [
              -41.2473,
              -20.2167
            ],
            [
              -41.2497,
              -20.2145
            ],
            [
              -41.2512,
              -20.2136
            ],
            [
              -41.2544,
              -20.2132
            ],
            [
              -41.2556,
              -20.212
            ],
            [
              -41.2554,
              -20.2084
            ],
            [
              -41.2527,
              -20.2073
            ],
            [
              -41.2523,
              -20.2057
            ],
            [
              -41.2507,
              -20.2063
            ],
            [
              -41.2503,
              -20.2089
            ],
            [
              -41.2489,
              -20.2101
            ],
            [
              -41.2465,
              -20.2108
            ],
            [
              -41.244,
              -20.2091
            ],
            [
              -41.2427,
              -20.2092
            ],
            [
              -41.2409,
              -20.2107
            ],
            [
              -41.2409,
              -20.2071
            ],
            [
              -41.2423,
              -20.2051
            ],
            [
              -41.242,
              -20.2043
            ],
            [
              -41.2434,
              -20.2031
            ],
            [
              -41.2439,
              -20.2017
            ],
            [
              -41.2422,
              -20.2004
            ],
            [
              -41.2428,
              -20.1986
            ],
            [
              -41.2457,
              -20.1949
            ],
            [
              -41.2466,
              -20.1923
            ],
            [
              -41.2476,
              -20.1908
            ],
            [
              -41.2492,
              -20.187
            ],
            [
              -41.2501,
              -20.1857
            ],
            [
              -41.2519,
              -20.1844
            ],
            [
              -41.2521,
              -20.1811
            ],
            [
              -41.2503,
              -20.1791
            ],
            [
              -41.2486,
              -20.1782
            ],
            [
              -41.2465,
              -20.1763
            ],
            [
              -41.2465,
              -20.1733
            ],
            [
              -41.2472,
              -20.1715
            ],
            [
              -41.2457,
              -20.1696
            ],
            [
              -41.2452,
              -20.1681
            ],
            [
              -41.2465,
              -20.1643
            ],
            [
              -41.2466,
              -20.1625
            ],
            [
              -41.2454,
              -20.1613
            ],
            [
              -41.2428,
              -20.1574
            ],
            [
              -41.2392,
              -20.1583
            ],
            [
              -41.238,
              -20.1602
            ],
            [
              -41.2362,
              -20.16
            ],
            [
              -41.2353,
              -20.1605
            ],
            [
              -41.2333,
              -20.1627
            ],
            [
              -41.2302,
              -20.1635
            ],
            [
              -41.2304,
              -20.1597
            ],
            [
              -41.2309,
              -20.1592
            ],
            [
              -41.2291,
              -20.1558
            ],
            [
              -41.2289,
              -20.154
            ],
            [
              -41.2277,
              -20.1516
            ],
            [
              -41.2303,
              -20.1501
            ],
            [
              -41.2301,
              -20.1473
            ],
            [
              -41.229,
              -20.1454
            ],
            [
              -41.23,
              -20.1426
            ],
            [
              -41.2284,
              -20.1422
            ],
            [
              -41.2284,
              -20.1413
            ],
            [
              -41.2305,
              -20.1398
            ],
            [
              -41.2316,
              -20.1377
            ],
            [
              -41.2302,
              -20.1354
            ],
            [
              -41.2307,
              -20.1322
            ],
            [
              -41.2299,
              -20.1311
            ],
            [
              -41.2268,
              -20.1305
            ],
            [
              -41.2252,
              -20.1306
            ],
            [
              -41.2242,
              -20.1299
            ],
            [
              -41.2234,
              -20.1269
            ],
            [
              -41.225,
              -20.1272
            ],
            [
              -41.2256,
              -20.1245
            ],
            [
              -41.2265,
              -20.1236
            ],
            [
              -41.2263,
              -20.1216
            ],
            [
              -41.2279,
              -20.1213
            ],
            [
              -41.2301,
              -20.1183
            ],
            [
              -41.2335,
              -20.1174
            ],
            [
              -41.2353,
              -20.1156
            ],
            [
              -41.2363,
              -20.1127
            ],
            [
              -41.2393,
              -20.1132
            ],
            [
              -41.2392,
              -20.1119
            ],
            [
              -41.2405,
              -20.1074
            ],
            [
              -41.2415,
              -20.1069
            ],
            [
              -41.2429,
              -20.105
            ],
            [
              -41.2427,
              -20.1027
            ],
            [
              -41.2433,
              -20.0997
            ],
            [
              -41.2442,
              -20.0994
            ],
            [
              -41.2452,
              -20.0966
            ],
            [
              -41.2449,
              -20.0956
            ],
            [
              -41.2471,
              -20.0931
            ],
            [
              -41.2473,
              -20.0922
            ],
            [
              -41.2495,
              -20.0896
            ],
            [
              -41.2506,
              -20.0838
            ],
            [
              -41.2539,
              -20.083
            ],
            [
              -41.254,
              -20.0822
            ],
            [
              -41.2509,
              -20.0803
            ],
            [
              -41.2503,
              -20.0796
            ],
            [
              -41.2476,
              -20.0784
            ],
            [
              -41.2464,
              -20.0757
            ],
            [
              -41.2453,
              -20.075
            ],
            [
              -41.2431,
              -20.0721
            ],
            [
              -41.2414,
              -20.0706
            ],
            [
              -41.2409,
              -20.0672
            ],
            [
              -41.2402,
              -20.0659
            ],
            [
              -41.2381,
              -20.064
            ],
            [
              -41.2377,
              -20.063
            ],
            [
              -41.2383,
              -20.0607
            ],
            [
              -41.2379,
              -20.0593
            ],
            [
              -41.2364,
              -20.0576
            ],
            [
              -41.2349,
              -20.0566
            ],
            [
              -41.2351,
              -20.0538
            ],
            [
              -41.2327,
              -20.0518
            ],
            [
              -41.239,
              -20.0473
            ],
            [
              -41.24,
              -20.046
            ],
            [
              -41.2404,
              -20.0438
            ],
            [
              -41.2414,
              -20.0408
            ],
            [
              -41.2422,
              -20.0402
            ],
            [
              -41.2428,
              -20.0383
            ],
            [
              -41.2429,
              -20.0355
            ],
            [
              -41.2452,
              -20.0349
            ],
            [
              -41.2465,
              -20.0328
            ],
            [
              -41.2489,
              -20.0306
            ],
            [
              -41.2501,
              -20.0303
            ],
            [
              -41.2532,
              -20.0279
            ],
            [
              -41.2525,
              -20.0265
            ],
            [
              -41.2513,
              -20.0258
            ],
            [
              -41.2517,
              -20.022
            ],
            [
              -41.2471,
              -20.0196
            ],
            [
              -41.2458,
              -20.0171
            ],
            [
              -41.2457,
              -20.0149
            ],
            [
              -41.2432,
              -20.0134
            ],
            [
              -41.24,
              -20.0121
            ],
            [
              -41.2388,
              -20.0088
            ],
            [
              -41.2386,
              -20.0065
            ],
            [
              -41.2409,
              -20.0032
            ],
            [
              -41.2409,
              -20.0019
            ],
            [
              -41.2426,
              -20.0007
            ],
            [
              -41.2442,
              -19.9985
            ],
            [
              -41.2449,
              -19.9966
            ],
            [
              -41.2477,
              -19.9952
            ],
            [
              -41.2469,
              -19.9924
            ],
            [
              -41.2479,
              -19.9912
            ],
            [
              -41.2501,
              -19.9899
            ],
            [
              -41.2514,
              -19.9863
            ],
            [
              -41.2522,
              -19.9846
            ],
            [
              -41.2542,
              -19.9829
            ],
            [
              -41.2559,
              -19.9834
            ],
            [
              -41.2563,
              -19.9845
            ],
            [
              -41.2564,
              -19.988
            ],
            [
              -41.2582,
              -19.9893
            ],
            [
              -41.2603,
              -19.9885
            ],
            [
              -41.2609,
              -19.9872
            ],
            [
              -41.2642,
              -19.9862
            ],
            [
              -41.2635,
              -19.9843
            ],
            [
              -41.2639,
              -19.9831
            ],
            [
              -41.2626,
              -19.9782
            ],
            [
              -41.2634,
              -19.9764
            ],
            [
              -41.2614,
              -19.9749
            ],
            [
              -41.2601,
              -19.9727
            ],
            [
              -41.2585,
              -19.972
            ],
            [
              -41.2587,
              -19.9706
            ],
            [
              -41.2599,
              -19.969
            ],
            [
              -41.2627,
              -19.9682
            ],
            [
              -41.2616,
              -19.9667
            ],
            [
              -41.2595,
              -19.9651
            ],
            [
              -41.2606,
              -19.9637
            ],
            [
              -41.2612,
              -19.9608
            ],
            [
              -41.2645,
              -19.9599
            ],
            [
              -41.2682,
              -19.9582
            ],
            [
              -41.2694,
              -19.9589
            ],
            [
              -41.274,
              -19.9585
            ],
            [
              -41.2738,
              -19.9552
            ],
            [
              -41.2733,
              -19.9537
            ],
            [
              -41.2743,
              -19.951
            ],
            [
              -41.2758,
              -19.949
            ],
            [
              -41.2731,
              -19.9456
            ],
            [
              -41.2723,
              -19.9432
            ],
            [
              -41.2714,
              -19.9422
            ],
            [
              -41.2727,
              -19.9424
            ],
            [
              -41.2748,
              -19.9413
            ],
            [
              -41.2758,
              -19.9413
            ],
            [
              -41.2787,
              -19.9424
            ],
            [
              -41.2811,
              -19.9422
            ],
            [
              -41.2844,
              -19.9412
            ],
            [
              -41.2904,
              -19.9404
            ],
            [
              -41.2979,
              -19.9376
            ],
            [
              -41.3009,
              -19.9365
            ],
            [
              -41.3027,
              -19.9381
            ],
            [
              -41.3079,
              -19.9483
            ],
            [
              -41.3106,
              -19.9672
            ],
            [
              -41.3118,
              -19.9724
            ],
            [
              -41.3135,
              -19.9741
            ],
            [
              -41.3161,
              -19.9754
            ],
            [
              -41.3199,
              -19.9786
            ],
            [
              -41.32,
              -19.98
            ],
            [
              -41.3184,
              -19.9836
            ],
            [
              -41.314,
              -19.9897
            ],
            [
              -41.3097,
              -19.9951
            ],
            [
              -41.3088,
              -19.9971
            ],
            [
              -41.3097,
              -20.0031
            ],
            [
              -41.309,
              -20.0046
            ],
            [
              -41.3077,
              -20.0087
            ],
            [
              -41.3083,
              -20.011
            ],
            [
              -41.3081,
              -20.013
            ],
            [
              -41.3091,
              -20.0164
            ],
            [
              -41.3138,
              -20.0195
            ],
            [
              -41.3143,
              -20.0203
            ],
            [
              -41.3131,
              -20.0225
            ],
            [
              -41.3155,
              -20.0242
            ],
            [
              -41.316,
              -20.026
            ],
            [
              -41.3173,
              -20.027
            ],
            [
              -41.3181,
              -20.0305
            ],
            [
              -41.3178,
              -20.0335
            ],
            [
              -41.3185,
              -20.0415
            ],
            [
              -41.3199,
              -20.0443
            ],
            [
              -41.3227,
              -20.0484
            ],
            [
              -41.3242,
              -20.0524
            ],
            [
              -41.3263,
              -20.0545
            ],
            [
              -41.3285,
              -20.0554
            ],
            [
              -41.33,
              -20.0567
            ],
            [
              -41.3327,
              -20.0577
            ],
            [
              -41.3336,
              -20.0588
            ],
            [
              -41.3336,
              -20.0601
            ],
            [
              -41.3319,
              -20.0632
            ],
            [
              -41.3347,
              -20.0635
            ],
            [
              -41.3356,
              -20.0655
            ],
            [
              -41.3362,
              -20.0684
            ],
            [
              -41.3342,
              -20.0696
            ],
            [
              -41.3355,
              -20.0708
            ],
            [
              -41.3347,
              -20.0725
            ],
            [
              -41.3377,
              -20.0752
            ],
            [
              -41.337,
              -20.0789
            ],
            [
              -41.3387,
              -20.0811
            ],
            [
              -41.3375,
              -20.085
            ],
            [
              -41.3375,
              -20.087
            ],
            [
              -41.3382,
              -20.0881
            ],
            [
              -41.3452,
              -20.089
            ],
            [
              -41.3451,
              -20.0913
            ],
            [
              -41.3443,
              -20.0932
            ],
            [
              -41.344,
              -20.097
            ],
            [
              -41.344,
              -20.1001
            ],
            [
              -41.3463,
              -20.1035
            ],
            [
              -41.3474,
              -20.1076
            ],
            [
              -41.3491,
              -20.1095
            ],
            [
              -41.3486,
              -20.1122
            ],
            [
              -41.3502,
              -20.1154
            ],
            [
              -41.3509,
              -20.1192
            ],
            [
              -41.3506,
              -20.1201
            ],
            [
              -41.3475,
              -20.1228
            ],
            [
              -41.3475,
              -20.1239
            ],
            [
              -41.3504,
              -20.1252
            ],
            [
              -41.3519,
              -20.1312
            ],
            [
              -41.3555,
              -20.1323
            ],
            [
              -41.3565,
              -20.1335
            ],
            [
              -41.3564,
              -20.1355
            ],
            [
              -41.3558,
              -20.1391
            ],
            [
              -41.3568,
              -20.14
            ],
            [
              -41.3619,
              -20.1421
            ],
            [
              -41.3611,
              -20.1445
            ],
            [
              -41.3626,
              -20.1489
            ],
            [
              -41.3656,
              -20.1538
            ],
            [
              -41.3678,
              -20.1569
            ],
            [
              -41.3712,
              -20.1595
            ],
            [
              -41.3736,
              -20.1602
            ],
            [
              -41.3759,
              -20.1619
            ],
            [
              -41.3757,
              -20.1658
            ],
            [
              -41.3741,
              -20.1682
            ],
            [
              -41.3757,
              -20.1701
            ],
            [
              -41.3758,
              -20.173
            ],
            [
              -41.3776,
              -20.1744
            ],
            [
              -41.3772,
              -20.1766
            ],
            [
              -41.3783,
              -20.1785
            ],
            [
              -41.3786,
              -20.1813
            ],
            [
              -41.3813,
              -20.1819
            ],
            [
              -41.3815,
              -20.1874
            ],
            [
              -41.3824,
              -20.1891
            ],
            [
              -41.3876,
              -20.1913
            ],
            [
              -41.3898,
              -20.1926
            ],
            [
              -41.3924,
              -20.193
            ],
            [
              -41.397,
              -20.1951
            ],
            [
              -41.3982,
              -20.1962
            ],
            [
              -41.3987,
              -20.198
            ],
            [
              -41.4017,
              -20.1992
            ],
            [
              -41.4077,
              -20.1974
            ],
            [
              -41.4091,
              -20.1977
            ],
            [
              -41.4129,
              -20.2022
            ],
            [
              -41.4119,
              -20.2061
            ],
            [
              -41.4111,
              -20.2074
            ],
            [
              -41.4156,
              -20.2074
            ],
            [
              -41.4148,
              -20.2086
            ],
            [
              -41.415,
              -20.2103
            ],
            [
              -41.4158,
              -20.2116
            ],
            [
              -41.4154,
              -20.2145
            ],
            [
              -41.4147,
              -20.2156
            ],
            [
              -41.4161,
              -20.2167
            ],
            [
              -41.4159,
              -20.2183
            ],
            [
              -41.4147,
              -20.2198
            ],
            [
              -41.4139,
              -20.2218
            ],
            [
              -41.4125,
              -20.2231
            ],
            [
              -41.412,
              -20.2261
            ],
            [
              -41.4095,
              -20.2269
            ],
            [
              -41.4093,
              -20.2292
            ],
            [
              -41.4102,
              -20.2303
            ],
            [
              -41.4082,
              -20.2336
            ],
            [
              -41.4067,
              -20.2341
            ],
            [
              -41.4046,
              -20.2324
            ],
            [
              -41.4023,
              -20.2324
            ],
            [
              -41.4011,
              -20.2318
            ],
            [
              -41.399,
              -20.2342
            ],
            [
              -41.3974,
              -20.2329
            ],
            [
              -41.3975,
              -20.2316
            ],
            [
              -41.3958,
              -20.23
            ],
            [
              -41.3944,
              -20.2292
            ],
            [
              -41.3946,
              -20.2282
            ],
            [
              -41.3927,
              -20.226
            ],
            [
              -41.3933,
              -20.2249
            ],
            [
              -41.3962,
              -20.2224
            ],
            [
              -41.3961,
              -20.2209
            ],
            [
              -41.394,
              -20.2213
            ],
            [
              -41.3927,
              -20.2222
            ],
            [
              -41.3875,
              -20.2238
            ],
            [
              -41.3861,
              -20.222
            ],
            [
              -41.3838,
              -20.2213
            ],
            [
              -41.3838,
              -20.2227
            ],
            [
              -41.3815,
              -20.2235
            ],
            [
              -41.3792,
              -20.2211
            ],
            [
              -41.3785,
              -20.2194
            ],
            [
              -41.3768,
              -20.2188
            ],
            [
              -41.3759,
              -20.2162
            ],
            [
              -41.3744,
              -20.2164
            ],
            [
              -41.375,
              -20.2147
            ],
            [
              -41.3752,
              -20.2108
            ],
            [
              -41.3749,
              -20.2096
            ],
            [
              -41.3764,
              -20.2084
            ],
            [
              -41.3772,
              -20.2057
            ],
            [
              -41.3762,
              -20.2047
            ],
            [
              -41.3732,
              -20.2035
            ],
            [
              -41.3711,
              -20.2055
            ],
            [
              -41.3698,
              -20.2048
            ],
            [
              -41.3678,
              -20.2055
            ],
            [
              -41.3657,
              -20.2027
            ],
            [
              -41.3622,
              -20.2007
            ],
            [
              -41.3596,
              -20.2006
            ],
            [
              -41.3579,
              -20.1998
            ],
            [
              -41.3543,
              -20.1997
            ],
            [
              -41.3523,
              -20.2002
            ],
            [
              -41.35,
              -20.1981
            ],
            [
              -41.3479,
              -20.1982
            ],
            [
              -41.345,
              -20.2006
            ],
            [
              -41.3447,
              -20.2021
            ],
            [
              -41.3465,
              -20.2031
            ],
            [
              -41.3475,
              -20.2055
            ],
            [
              -41.3474,
              -20.2074
            ],
            [
              -41.3467,
              -20.2087
            ],
            [
              -41.3438,
              -20.2089
            ],
            [
              -41.343,
              -20.2117
            ],
            [
              -41.3426,
              -20.2145
            ],
            [
              -41.3403,
              -20.2155
            ],
            [
              -41.3402,
              -20.2179
            ],
            [
              -41.3439,
              -20.2202
            ],
            [
              -41.3436,
              -20.2212
            ],
            [
              -41.3413,
              -20.2228
            ],
            [
              -41.3386,
              -20.224
            ],
            [
              -41.3383,
              -20.2248
            ],
            [
              -41.3412,
              -20.2258
            ],
            [
              -41.343,
              -20.2275
            ],
            [
              -41.3456,
              -20.2279
            ],
            [
              -41.347,
              -20.2301
            ],
            [
              -41.3505,
              -20.2341
            ],
            [
              -41.351,
              -20.2358
            ],
            [
              -41.3504,
              -20.2366
            ],
            [
              -41.3503,
              -20.239
            ],
            [
              -41.3494,
              -20.2394
            ],
            [
              -41.3481,
              -20.2428
            ],
            [
              -41.3465,
              -20.2424
            ],
            [
              -41.3429,
              -20.2433
            ],
            [
              -41.3399,
              -20.2436
            ],
            [
              -41.3389,
              -20.2445
            ],
            [
              -41.3349,
              -20.2434
            ],
            [
              -41.3341,
              -20.245
            ],
            [
              -41.3308,
              -20.2475
            ],
            [
              -41.3307,
              -20.249
            ],
            [
              -41.3284,
              -20.2485
            ],
            [
              -41.3262,
              -20.2501
            ],
            [
              -41.3239,
              -20.2496
            ],
            [
              -41.3226,
              -20.252
            ],
            [
              -41.3229,
              -20.2537
            ],
            [
              -41.3217,
              -20.2543
            ],
            [
              -41.3204,
              -20.2558
            ],
            [
              -41.3189,
              -20.2559
            ],
            [
              -41.3171,
              -20.2573
            ],
            [
              -41.3158,
              -20.2605
            ],
            [
              -41.3155,
              -20.2622
            ],
            [
              -41.3146,
              -20.2629
            ],
            [
              -41.3127,
              -20.2633
            ],
            [
              -41.3116,
              -20.2652
            ],
            [
              -41.3124,
              -20.267
            ],
            [
              -41.3108,
              -20.2678
            ],
            [
              -41.3105,
              -20.2694
            ]
          ]
        ]
      },
      "properties": {
        "codarea": "3201159",
        "nome_municipio": "Brejetuba",
        "codigo_ibge": 3201159
      }
    },
    {
      "type": "Feature",
      "geometry": {
        "type": "Polygon",
        "coordinates": [
          [
            [
              -41.3741,
              -20.6284
            ],
            [
              -41.3721,
              -20.6272
            ],
            [
              -41.3705,
              -20.6268
            ],
            [
              -41.3694,
              -20.6245
            ],
            [
              -41.3676,
              -20.623
            ],
            [
              -41.3672,
              -20.6209
            ],
            [
              -41.3665,
              -20.6206
            ],
            [
              -41.3632,
              -20.6217
            ],
            [
              -41.3595,
              -20.6241
            ],
            [
              -41.3587,
              -20.6256
            ],
            [
              -41.3564,
              -20.6247
            ],
            [
              -41.3554,
              -20.6248
            ],
            [
              -41.351,
              -20.6239
            ],
            [
              -41.3502,
              -20.6216
            ],
            [
              -41.3491,
              -20.6207
            ],
            [
              -41.351,
              -20.6193
            ],
            [
              -41.3515,
              -20.6178
            ],
            [
              -41.3521,
              -20.6143
            ],
            [
              -41.3527,
              -20.6129
            ],
            [
              -41.3513,
              -20.6117
            ],
            [
              -41.3491,
              -20.6115
            ],
            [
              -41.3468,
              -20.6106
            ],
            [
              -41.3453,
              -20.6091
            ],
            [
              -41.3452,
              -20.6083
            ],
            [
              -41.3409,
              -20.606
            ],
            [
              -41.3391,
              -20.6079
            ],
            [
              -41.3375,
              -20.6088
            ],
            [
              -41.336,
              -20.6084
            ],
            [
              -41.3309,
              -20.61
            ],
            [
              -41.33,
              -20.613
            ],
            [
              -41.3279,
              -20.6154
            ],
            [
              -41.326,
              -20.6172
            ],
            [
              -41.3245,
              -20.6175
            ],
            [
              -41.3232,
              -20.6193
            ],
            [
              -41.3224,
              -20.6222
            ],
            [
              -41.32,
              -20.624
            ],
            [
              -41.3206,
              -20.6264
            ],
            [
              -41.3193,
              -20.6285
            ],
            [
              -41.3194,
              -20.6296
            ],
            [
              -41.3213,
              -20.6317
            ],
            [
              -41.3219,
              -20.6331
            ],
            [
              -41.317,
              -20.6374
            ],
            [
              -41.3146,
              -20.64
            ],
            [
              -41.3152,
              -20.6416
            ],
            [
              -41.3127,
              -20.6422
            ],
            [
              -41.3116,
              -20.643
            ],
            [
              -41.3056,
              -20.6514
            ],
            [
              -41.3028,
              -20.6514
            ],
            [
              -41.3008,
              -20.6508
            ],
            [
              -41.2974,
              -20.6509
            ],
            [
              -41.2945,
              -20.6491
            ],
            [
              -41.2932,
              -20.6476
            ],
            [
              -41.2923,
              -20.6448
            ],
            [
              -41.2914,
              -20.6429
            ],
            [
              -41.2903,
              -20.6424
            ],
            [
              -41.2885,
              -20.6427
            ],
            [
              -41.2871,
              -20.6441
            ],
            [
              -41.2867,
              -20.6462
            ],
            [
              -41.2855,
              -20.6484
            ],
            [
              -41.2839,
              -20.6492
            ],
            [
              -41.2799,
              -20.6504
            ],
            [
              -41.2774,
              -20.6506
            ],
            [
              -41.276,
              -20.6517
            ],
            [
              -41.2746,
              -20.6544
            ],
            [
              -41.2727,
              -20.6551
            ],
            [
              -41.268,
              -20.6554
            ],
            [
              -41.2659,
              -20.6549
            ],
            [
              -41.264,
              -20.6563
            ],
            [
              -41.262,
              -20.66
            ],
            [
              -41.2583,
              -20.6612
            ],
            [
              -41.2544,
              -20.663
            ],
            [
              -41.2046,
              -20.6717
            ],
            [
              -41.2013,
              -20.6712
            ],
            [
              -41.1986,
              -20.6702
            ],
            [
              -41.1958,
              -20.6719
            ],
            [
              -41.1938,
              -20.6724
            ],
            [
              -41.1921,
              -20.6698
            ],
            [
              -41.1909,
              -20.6691
            ],
            [
              -41.1882,
              -20.6699
            ],
            [
              -41.1869,
              -20.6684
            ],
            [
              -41.1845,
              -20.6691
            ],
            [
              -41.1832,
              -20.6677
            ],
            [
              -41.1799,
              -20.667
            ],
            [
              -41.1798,
              -20.6656
            ],
            [
              -41.1811,
              -20.661
            ],
            [
              -41.1811,
              -20.6577
            ],
            [
              -41.1801,
              -20.6558
            ],
            [
              -41.1803,
              -20.6544
            ],
            [
              -41.1794,
              -20.6535
            ],
            [
              -41.1765,
              -20.6521
            ],
            [
              -41.1732,
              -20.6532
            ],
            [
              -41.1719,
              -20.6518
            ],
            [
              -41.1708,
              -20.6514
            ],
            [
              -41.1686,
              -20.6484
            ],
            [
              -41.1687,
              -20.6457
            ],
            [
              -41.1676,
              -20.6447
            ],
            [
              -41.1651,
              -20.6441
            ],
            [
              -41.1645,
              -20.6448
            ],
            [
              -41.1608,
              -20.6452
            ],
            [
              -41.1592,
              -20.6429
            ],
            [
              -41.1568,
              -20.6439
            ],
            [
              -41.153,
              -20.643
            ],
            [
              -41.1511,
              -20.6433
            ],
            [
              -41.1489,
              -20.6414
            ],
            [
              -41.1482,
              -20.6393
            ],
            [
              -41.1466,
              -20.637
            ],
            [
              -41.1457,
              -20.6365
            ],
            [
              -41.1429,
              -20.6365
            ],
            [
              -41.1411,
              -20.6341
            ],
            [
              -41.1395,
              -20.6337
            ],
            [
              -41.1359,
              -20.6312
            ],
            [
              -41.133,
              -20.6269
            ],
            [
              -41.133,
              -20.6242
            ],
            [
              -41.1334,
              -20.6215
            ],
            [
              -41.1325,
              -20.6183
            ],
            [
              -41.1323,
              -20.6153
            ],
            [
              -41.1316,
              -20.6144
            ],
            [
              -41.1291,
              -20.6137
            ],
            [
              -41.1271,
              -20.6144
            ],
            [
              -41.1225,
              -20.6152
            ],
            [
              -41.1214,
              -20.616
            ],
            [
              -41.1191,
              -20.6162
            ],
            [
              -41.1167,
              -20.6175
            ],
            [
              -41.1147,
              -20.6168
            ],
            [
              -41.112,
              -20.6168
            ],
            [
              -41.1113,
              -20.615
            ],
            [
              -41.1091,
              -20.6116
            ],
            [
              -41.108,
              -20.6114
            ],
            [
              -41.1044,
              -20.6127
            ],
            [
              -41.0991,
              -20.6086
            ],
            [
              -41.097,
              -20.6089
            ],
            [
              -41.0936,
              -20.6101
            ],
            [
              -41.0938,
              -20.6114
            ],
            [
              -41.0921,
              -20.6138
            ],
            [
              -41.09,
              -20.6142
            ],
            [
              -41.0882,
              -20.615
            ],
            [
              -41.0863,
              -20.6165
            ],
            [
              -41.0852,
              -20.6157
            ],
            [
              -41.0832,
              -20.6152
            ],
            [
              -41.0814,
              -20.6151
            ],
            [
              -41.0795,
              -20.6138
            ],
            [
              -41.0775,
              -20.6141
            ],
            [
              -41.0758,
              -20.614
            ],
            [
              -41.0753,
              -20.613
            ],
            [
              -41.0723,
              -20.6127
            ],
            [
              -41.0708,
              -20.6129
            ],
            [
              -41.0693,
              -20.6122
            ],
            [
              -41.0683,
              -20.6105
            ],
            [
              -41.0684,
              -20.6092
            ],
            [
              -41.0698,
              -20.6078
            ],
            [
              -41.0688,
              -20.6047
            ],
            [
              -41.0667,
              -20.6043
            ],
            [
              -41.0665,
              -20.6027
            ],
            [
              -41.0656,
              -20.6004
            ],
            [
              -41.0668,
              -20.5991
            ],
            [
              -41.0663,
              -20.597
            ],
            [
              -41.0663,
              -20.5952
            ],
            [
              -41.0701,
              -20.5947
            ],
            [
              -41.0736,
              -20.5936
            ],
            [
              -41.0763,
              -20.5942
            ],
            [
              -41.0775,
              -20.5957
            ],
            [
              -41.0791,
              -20.5959
            ],
            [
              -41.081,
              -20.5945
            ],
            [
              -41.0808,
              -20.5927
            ],
            [
              -41.078,
              -20.5904
            ],
            [
              -41.0767,
              -20.5888
            ],
            [
              -41.0771,
              -20.5861
            ],
            [
              -41.0757,
              -20.5821
            ],
            [
              -41.0755,
              -20.5806
            ],
            [
              -41.0737,
              -20.5807
            ],
            [
              -41.0709,
              -20.5819
            ],
            [
              -41.0677,
              -20.5812
            ],
            [
              -41.0663,
              -20.5806
            ],
            [
              -41.0631,
              -20.5811
            ],
            [
              -41.0638,
              -20.5786
            ],
            [
              -41.0626,
              -20.5762
            ],
            [
              -41.0598,
              -20.5735
            ],
            [
              -41.0587,
              -20.5707
            ],
            [
              -41.0588,
              -20.5698
            ],
            [
              -41.0576,
              -20.5681
            ],
            [
              -41.0553,
              -20.568
            ],
            [
              -41.0527,
              -20.5661
            ],
            [
              -41.0477,
              -20.566
            ],
            [
              -41.0452,
              -20.5676
            ],
            [
              -41.0427,
              -20.5681
            ],
            [
              -41.0402,
              -20.5717
            ],
            [
              -41.0386,
              -20.5713
            ],
            [
              -41.0375,
              -20.5693
            ],
            [
              -41.0344,
              -20.5683
            ],
            [
              -41.0329,
              -20.565
            ],
            [
              -41.0339,
              -20.5637
            ],
            [
              -41.0333,
              -20.5615
            ],
            [
              -41.0337,
              -20.5598
            ],
            [
              -41.0318,
              -20.5589
            ],
            [
              -41.0302,
              -20.5556
            ],
            [
              -41.0303,
              -20.5544
            ],
            [
              -41.0279,
              -20.5536
            ],
            [
              -41.0267,
              -20.5518
            ],
            [
              -41.0238,
              -20.5501
            ],
            [
              -41.0229,
              -20.5503
            ],
            [
              -41.0203,
              -20.5488
            ],
            [
              -41.0176,
              -20.5447
            ],
            [
              -41.0185,
              -20.5432
            ],
            [
              -41.0193,
              -20.5403
            ],
            [
              -41.0181,
              -20.5398
            ],
            [
              -41.0182,
              -20.5375
            ],
            [
              -41.0179,
              -20.5351
            ],
            [
              -41.0189,
              -20.5329
            ],
            [
              -41.0198,
              -20.5333
            ],
            [
              -41.022,
              -20.5326
            ],
            [
              -41.0227,
              -20.5343
            ],
            [
              -41.0244,
              -20.5352
            ],
            [
              -41.0269,
              -20.5352
            ],
            [
              -41.0275,
              -20.5347
            ],
            [
              -41.0294,
              -20.535
            ],
            [
              -41.0321,
              -20.5369
            ],
            [
              -41.0346,
              -20.5363
            ],
            [
              -41.0357,
              -20.5369
            ],
            [
              -41.0383,
              -20.537
            ],
            [
              -41.0407,
              -20.5361
            ],
            [
              -41.043,
              -20.5368
            ],
            [
              -41.0442,
              -20.536
            ],
            [
              -41.0458,
              -20.5362
            ],
            [
              -41.0476,
              -20.5346
            ],
            [
              -41.0491,
              -20.5344
            ],
            [
              -41.0494,
              -20.533
            ],
            [
              -41.0521,
              -20.53
            ],
            [
              -41.0531,
              -20.5306
            ],
            [
              -41.0545,
              -20.5293
            ],
            [
              -41.055,
              -20.5259
            ],
            [
              -41.0563,
              -20.5243
            ],
            [
              -41.0553,
              -20.5219
            ],
            [
              -41.0567,
              -20.5208
            ],
            [
              -41.0567,
              -20.5192
            ],
            [
              -41.0561,
              -20.5182
            ],
            [
              -41.0539,
              -20.5181
            ],
            [
              -41.0492,
              -20.5162
            ],
            [
              -41.0476,
              -20.5173
            ],
            [
              -41.0476,
              -20.52
            ],
            [
              -41.046,
              -20.5209
            ],
            [
              -41.046,
              -20.5232
            ],
            [
              -41.0447,
              -20.5236
            ],
            [
              -41.0423,
              -20.5225
            ],
            [
              -41.0417,
              -20.521
            ],
            [
              -41.0399,
              -20.5206
            ],
            [
              -41.0385,
              -20.5151
            ],
            [
              -41.0367,
              -20.5152
            ],
            [
              -41.0357,
              -20.517
            ],
            [
              -41.0342,
              -20.518
            ],
            [
              -41.0303,
              -20.5176
            ],
            [
              -41.0264,
              -20.5164
            ],
            [
              -41.0255,
              -20.5151
            ],
            [
              -41.0264,
              -20.5137
            ],
            [
              -41.0261,
              -20.5069
            ],
            [
              -41.0271,
              -20.5061
            ],
            [
              -41.0291,
              -20.5058
            ],
            [
              -41.0301,
              -20.5016
            ],
            [
              -41.0301,
              -20.4993
            ],
            [
              -41.0289,
              -20.4973
            ],
            [
              -41.0289,
              -20.4955
            ],
            [
              -41.0315,
              -20.4951
            ],
            [
              -41.0344,
              -20.4959
            ],
            [
              -41.0341,
              -20.4919
            ],
            [
              -41.0349,
              -20.4909
            ],
            [
              -41.0378,
              -20.489
            ],
            [
              -41.0406,
              -20.4876
            ],
            [
              -41.0411,
              -20.4864
            ],
            [
              -41.0395,
              -20.4838
            ],
            [
              -41.0416,
              -20.4817
            ],
            [
              -41.0426,
              -20.4812
            ],
            [
              -41.044,
              -20.4793
            ],
            [
              -41.0446,
              -20.4771
            ],
            [
              -41.0463,
              -20.4767
            ],
            [
              -41.0473,
              -20.4776
            ],
            [
              -41.0479,
              -20.4797
            ],
            [
              -41.0504,
              -20.4811
            ],
            [
              -41.051,
              -20.4796
            ],
            [
              -41.0513,
              -20.4772
            ],
            [
              -41.0524,
              -20.4753
            ],
            [
              -41.052,
              -20.4742
            ],
            [
              -41.0539,
              -20.4729
            ],
            [
              -41.0547,
              -20.47
            ],
            [
              -41.0562,
              -20.4692
            ],
            [
              -41.0554,
              -20.4668
            ],
            [
              -41.0534,
              -20.4654
            ],
            [
              -41.0528,
              -20.4638
            ],
            [
              -41.0531,
              -20.4619
            ],
            [
              -41.0528,
              -20.4599
            ],
            [
              -41.0557,
              -20.4596
            ],
            [
              -41.0572,
              -20.4604
            ],
            [
              -41.0608,
              -20.4618
            ],
            [
              -41.0621,
              -20.4617
            ],
            [
              -41.0636,
              -20.4595
            ],
            [
              -41.0657,
              -20.4592
            ],
            [
              -41.0678,
              -20.4603
            ],
            [
              -41.0689,
              -20.4582
            ],
            [
              -41.0689,
              -20.456
            ],
            [
              -41.0699,
              -20.4549
            ],
            [
              -41.0704,
              -20.4519
            ],
            [
              -41.0719,
              -20.4513
            ],
            [
              -41.0731,
              -20.4517
            ],
            [
              -41.0767,
              -20.4509
            ],
            [
              -41.0769,
              -20.4487
            ],
            [
              -41.0761,
              -20.4485
            ],
            [
              -41.0755,
              -20.4467
            ],
            [
              -41.0757,
              -20.4452
            ],
            [
              -41.0782,
              -20.445
            ],
            [
              -41.0795,
              -20.4439
            ],
            [
              -41.0808,
              -20.4439
            ],
            [
              -41.0808,
              -20.4416
            ],
            [
              -41.0824,
              -20.4406
            ],
            [
              -41.0845,
              -20.4413
            ],
            [
              -41.0857,
              -20.4406
            ],
            [
              -41.087,
              -20.442
            ],
            [
              -41.0892,
              -20.4418
            ],
            [
              -41.0916,
              -20.4395
            ],
            [
              -41.093,
              -20.439
            ],
            [
              -41.0943,
              -20.4374
            ],
            [
              -41.0942,
              -20.4363
            ],
            [
              -41.0957,
              -20.4354
            ],
            [
              -41.0972,
              -20.436
            ],
            [
              -41.0989,
              -20.4345
            ],
            [
              -41.1011,
              -20.4338
            ],
            [
              -41.1018,
              -20.4326
            ],
            [
              -41.1017,
              -20.4306
            ],
            [
              -41.1004,
              -20.4284
            ],
            [
              -41.1003,
              -20.4269
            ],
            [
              -41.1026,
              -20.4253
            ],
            [
              -41.1034,
              -20.423
            ],
            [
              -41.1034,
              -20.4202
            ],
            [
              -41.1012,
              -20.4196
            ],
            [
              -41.0997,
              -20.4171
            ],
            [
              -41.0976,
              -20.4144
            ],
            [
              -41.0973,
              -20.413
            ],
            [
              -41.0978,
              -20.4089
            ],
            [
              -41.099,
              -20.4071
            ],
            [
              -41.1026,
              -20.4059
            ],
            [
              -41.1048,
              -20.4028
            ],
            [
              -41.1096,
              -20.4036
            ],
            [
              -41.1113,
              -20.4053
            ],
            [
              -41.1106,
              -20.4083
            ],
            [
              -41.1097,
              -20.4107
            ],
            [
              -41.11,
              -20.4132
            ],
            [
              -41.1149,
              -20.4138
            ],
            [
              -41.115,
              -20.417
            ],
            [
              -41.1144,
              -20.4197
            ],
            [
              -41.1174,
              -20.4208
            ],
            [
              -41.1191,
              -20.4203
            ],
            [
              -41.1205,
              -20.4212
            ],
            [
              -41.1207,
              -20.4239
            ],
            [
              -41.1203,
              -20.4252
            ],
            [
              -41.1233,
              -20.4245
            ],
            [
              -41.1256,
              -20.4249
            ],
            [
              -41.1282,
              -20.4257
            ],
            [
              -41.1296,
              -20.4266
            ],
            [
              -41.1339,
              -20.4278
            ],
            [
              -41.136,
              -20.4271
            ],
            [
              -41.1372,
              -20.4287
            ],
            [
              -41.1391,
              -20.4304
            ],
            [
              -41.1411,
              -20.4307
            ],
            [
              -41.1425,
              -20.4316
            ],
            [
              -41.1466,
              -20.4296
            ],
            [
              -41.149,
              -20.429
            ],
            [
              -41.1496,
              -20.4264
            ],
            [
              -41.1517,
              -20.4252
            ],
            [
              -41.1546,
              -20.4259
            ],
            [
              -41.1556,
              -20.4251
            ],
            [
              -41.1583,
              -20.4239
            ],
            [
              -41.1591,
              -20.4221
            ],
            [
              -41.1625,
              -20.4235
            ],
            [
              -41.1639,
              -20.4249
            ],
            [
              -41.1659,
              -20.4261
            ],
            [
              -41.1669,
              -20.4285
            ],
            [
              -41.1666,
              -20.4296
            ],
            [
              -41.1646,
              -20.4313
            ],
            [
              -41.1652,
              -20.4333
            ],
            [
              -41.1646,
              -20.4362
            ],
            [
              -41.1667,
              -20.4384
            ],
            [
              -41.1655,
              -20.4402
            ],
            [
              -41.1653,
              -20.4415
            ],
            [
              -41.1658,
              -20.4453
            ],
            [
              -41.1701,
              -20.4466
            ],
            [
              -41.1745,
              -20.4472
            ],
            [
              -41.177,
              -20.4463
            ],
            [
              -41.1818,
              -20.446
            ],
            [
              -41.1833,
              -20.4467
            ],
            [
              -41.1857,
              -20.4459
            ],
            [
              -41.1894,
              -20.4459
            ],
            [
              -41.1912,
              -20.4456
            ],
            [
              -41.1923,
              -20.4469
            ],
            [
              -41.1937,
              -20.4473
            ],
            [
              -41.1944,
              -20.4484
            ],
            [
              -41.1944,
              -20.4514
            ],
            [
              -41.1961,
              -20.4512
            ],
            [
              -41.1972,
              -20.4521
            ],
            [
              -41.1995,
              -20.4523
            ],
            [
              -41.1995,
              -20.454
            ],
            [
              -41.2012,
              -20.4547
            ],
            [
              -41.2027,
              -20.4545
            ],
            [
              -41.2036,
              -20.4555
            ],
            [
              -41.2049,
              -20.455
            ],
            [
              -41.2056,
              -20.4532
            ],
            [
              -41.2076,
              -20.4503
            ],
            [
              -41.2081,
              -20.4485
            ],
            [
              -41.2096,
              -20.4462
            ],
            [
              -41.2122,
              -20.4455
            ],
            [
              -41.215,
              -20.4452
            ],
            [
              -41.2175,
              -20.4468
            ],
            [
              -41.2172,
              -20.4482
            ],
            [
              -41.2183,
              -20.4493
            ],
            [
              -41.2198,
              -20.4497
            ],
            [
              -41.2219,
              -20.4515
            ],
            [
              -41.2224,
              -20.4534
            ],
            [
              -41.2241,
              -20.4549
            ],
            [
              -41.2232,
              -20.4566
            ],
            [
              -41.2245,
              -20.4602
            ],
            [
              -41.2254,
              -20.4613
            ],
            [
              -41.2225,
              -20.4635
            ],
            [
              -41.2208,
              -20.4657
            ],
            [
              -41.2185,
              -20.4671
            ],
            [
              -41.2178,
              -20.4668
            ],
            [
              -41.2164,
              -20.468
            ],
            [
              -41.2155,
              -20.4697
            ],
            [
              -41.2153,
              -20.4711
            ],
            [
              -41.2159,
              -20.4738
            ],
            [
              -41.2155,
              -20.4749
            ],
            [
              -41.2135,
              -20.4765
            ],
            [
              -41.2121,
              -20.4781
            ],
            [
              -41.2077,
              -20.4796
            ],
            [
              -41.2079,
              -20.4805
            ],
            [
              -41.2068,
              -20.4822
            ],
            [
              -41.2074,
              -20.4837
            ],
            [
              -41.2101,
              -20.4854
            ],
            [
              -41.2091,
              -20.4869
            ],
            [
              -41.21,
              -20.491
            ],
            [
              -41.2123,
              -20.49
            ],
            [
              -41.2144,
              -20.4897
            ],
            [
              -41.2162,
              -20.4907
            ],
            [
              -41.2171,
              -20.4895
            ],
            [
              -41.2206,
              -20.4888
            ],
            [
              -41.2224,
              -20.489
            ],
            [
              -41.2255,
              -20.4906
            ],
            [
              -41.2268,
              -20.4903
            ],
            [
              -41.2273,
              -20.4894
            ],
            [
              -41.2288,
              -20.489
            ],
            [
              -41.2309,
              -20.4899
            ],
            [
              -41.233,
              -20.4896
            ],
            [
              -41.234,
              -20.488
            ],
            [
              -41.2364,
              -20.4878
            ],
            [
              -41.2369,
              -20.4889
            ],
            [
              -41.2361,
              -20.4914
            ],
            [
              -41.2372,
              -20.4941
            ],
            [
              -41.2394,
              -20.4975
            ],
            [
              -41.2417,
              -20.4998
            ],
            [
              -41.2424,
              -20.5001
            ],
            [
              -41.2448,
              -20.4993
            ],
            [
              -41.2474,
              -20.4989
            ],
            [
              -41.2484,
              -20.4981
            ],
            [
              -41.2484,
              -20.4954
            ],
            [
              -41.2488,
              -20.4934
            ],
            [
              -41.2484,
              -20.4918
            ],
            [
              -41.25,
              -20.491
            ],
            [
              -41.2511,
              -20.4898
            ],
            [
              -41.2537,
              -20.4893
            ],
            [
              -41.2588,
              -20.4905
            ],
            [
              -41.2622,
              -20.4863
            ],
            [
              -41.263,
              -20.4863
            ],
            [
              -41.2644,
              -20.4891
            ],
            [
              -41.2667,
              -20.4914
            ],
            [
              -41.2709,
              -20.4923
            ],
            [
              -41.2731,
              -20.4914
            ],
            [
              -41.2764,
              -20.4893
            ],
            [
              -41.2765,
              -20.4863
            ],
            [
              -41.2795,
              -20.4867
            ],
            [
              -41.2802,
              -20.488
            ],
            [
              -41.2833,
              -20.488
            ],
            [
              -41.2834,
              -20.4925
            ],
            [
              -41.2833,
              -20.4951
            ],
            [
              -41.2824,
              -20.4988
            ],
            [
              -41.2815,
              -20.5005
            ],
            [
              -41.2807,
              -20.5037
            ],
            [
              -41.2802,
              -20.5079
            ],
            [
              -41.2828,
              -20.5076
            ],
            [
              -41.2864,
              -20.506
            ],
            [
              -41.2881,
              -20.5074
            ],
            [
              -41.2867,
              -20.5105
            ],
            [
              -41.2878,
              -20.5138
            ],
            [
              -41.2914,
              -20.514
            ],
            [
              -41.2934,
              -20.5148
            ],
            [
              -41.2957,
              -20.5162
            ],
            [
              -41.297,
              -20.5175
            ],
            [
              -41.2962,
              -20.5183
            ],
            [
              -41.2977,
              -20.5206
            ],
            [
              -41.2995,
              -20.5207
            ],
            [
              -41.2999,
              -20.5215
            ],
            [
              -41.3017,
              -20.5207
            ],
            [
              -41.303,
              -20.5177
            ],
            [
              -41.3057,
              -20.5174
            ],
            [
              -41.3098,
              -20.5155
            ],
            [
              -41.3116,
              -20.5136
            ],
            [
              -41.3126,
              -20.5094
            ],
            [
              -41.3144,
              -20.5059
            ],
            [
              -41.3162,
              -20.5035
            ],
            [
              -41.3163,
              -20.5027
            ],
            [
              -41.3183,
              -20.5007
            ],
            [
              -41.3186,
              -20.4998
            ],
            [
              -41.3204,
              -20.4983
            ],
            [
              -41.3201,
              -20.4969
            ],
            [
              -41.3219,
              -20.4963
            ],
            [
              -41.3257,
              -20.4968
            ],
            [
              -41.326,
              -20.498
            ],
            [
              -41.3277,
              -20.4975
            ],
            [
              -41.3271,
              -20.4993
            ],
            [
              -41.3263,
              -20.5001
            ],
            [
              -41.3228,
              -20.5006
            ],
            [
              -41.3219,
              -20.5028
            ],
            [
              -41.3197,
              -20.5055
            ],
            [
              -41.3198,
              -20.5068
            ],
            [
              -41.3237,
              -20.5101
            ],
            [
              -41.3238,
              -20.5124
            ],
            [
              -41.3256,
              -20.5129
            ],
            [
              -41.3284,
              -20.5144
            ],
            [
              -41.3339,
              -20.5143
            ],
            [
              -41.3355,
              -20.5141
            ],
            [
              -41.3378,
              -20.5131
            ],
            [
              -41.3423,
              -20.5132
            ],
            [
              -41.3442,
              -20.5135
            ],
            [
              -41.3464,
              -20.5115
            ],
            [
              -41.3492,
              -20.5101
            ],
            [
              -41.3509,
              -20.5098
            ],
            [
              -41.3516,
              -20.5088
            ],
            [
              -41.3544,
              -20.5067
            ],
            [
              -41.3554,
              -20.5069
            ],
            [
              -41.3591,
              -20.5093
            ],
            [
              -41.3589,
              -20.5112
            ],
            [
              -41.3598,
              -20.5114
            ],
            [
              -41.3623,
              -20.5102
            ],
            [
              -41.3653,
              -20.5107
            ],
            [
              -41.3691,
              -20.5098
            ],
            [
              -41.3712,
              -20.5098
            ],
            [
              -41.3747,
              -20.5084
            ],
            [
              -41.3773,
              -20.5084
            ],
            [
              -41.3778,
              -20.5105
            ],
            [
              -41.3762,
              -20.5129
            ],
            [
              -41.3777,
              -20.5165
            ],
            [
              -41.377,
              -20.5178
            ],
            [
              -41.3777,
              -20.5208
            ],
            [
              -41.3789,
              -20.5224
            ],
            [
              -41.3791,
              -20.5239
            ],
            [
              -41.3785,
              -20.5279
            ],
            [
              -41.3745,
              -20.5294
            ],
            [
              -41.3739,
              -20.5301
            ],
            [
              -41.3711,
              -20.5311
            ],
            [
              -41.3717,
              -20.5352
            ],
            [
              -41.3729,
              -20.5368
            ],
            [
              -41.3754,
              -20.537
            ],
            [
              -41.3768,
              -20.5366
            ],
            [
              -41.3778,
              -20.5382
            ],
            [
              -41.381,
              -20.5387
            ],
            [
              -41.3827,
              -20.5397
            ],
            [
              -41.3851,
              -20.5401
            ],
            [
              -41.3875,
              -20.5415
            ],
            [
              -41.388,
              -20.5435
            ],
            [
              -41.388,
              -20.5461
            ],
            [
              -41.3892,
              -20.5472
            ],
            [
              -41.3878,
              -20.5496
            ],
            [
              -41.3855,
              -20.5506
            ],
            [
              -41.3854,
              -20.5538
            ],
            [
              -41.387,
              -20.5546
            ],
            [
              -41.389,
              -20.5532
            ],
            [
              -41.39,
              -20.5535
            ],
            [
              -41.3903,
              -20.556
            ],
            [
              -41.3908,
              -20.5569
            ],
            [
              -41.3924,
              -20.5572
            ],
            [
              -41.3937,
              -20.5563
            ],
            [
              -41.3928,
              -20.5537
            ],
            [
              -41.3935,
              -20.5509
            ],
            [
              -41.3947,
              -20.5493
            ],
            [
              -41.3957,
              -20.5488
            ],
            [
              -41.3994,
              -20.5492
            ],
            [
              -41.4005,
              -20.546
            ],
            [
              -41.4028,
              -20.547
            ],
            [
              -41.4058,
              -20.547
            ],
            [
              -41.4079,
              -20.5515
            ],
            [
              -41.4081,
              -20.5553
            ],
            [
              -41.407,
              -20.5572
            ],
            [
              -41.4066,
              -20.5609
            ],
            [
              -41.4099,
              -20.5625
            ],
            [
              -41.41,
              -20.5636
            ],
            [
              -41.4086,
              -20.565
            ],
            [
              -41.4097,
              -20.5672
            ],
            [
              -41.4113,
              -20.5672
            ],
            [
              -41.4116,
              -20.5683
            ],
            [
              -41.4131,
              -20.5699
            ],
            [
              -41.413,
              -20.5706
            ],
            [
              -41.4147,
              -20.5729
            ],
            [
              -41.4098,
              -20.5709
            ],
            [
              -41.407,
              -20.5735
            ],
            [
              -41.4067,
              -20.5747
            ],
            [
              -41.4053,
              -20.5761
            ],
            [
              -41.4057,
              -20.5787
            ],
            [
              -41.4052,
              -20.58
            ],
            [
              -41.4064,
              -20.5818
            ],
            [
              -41.4053,
              -20.5837
            ],
            [
              -41.4039,
              -20.5845
            ],
            [
              -41.4028,
              -20.5858
            ],
            [
              -41.4008,
              -20.5874
            ],
            [
              -41.4029,
              -20.5901
            ],
            [
              -41.4021,
              -20.5911
            ],
            [
              -41.3994,
              -20.5926
            ],
            [
              -41.3988,
              -20.5941
            ],
            [
              -41.3971,
              -20.5959
            ],
            [
              -41.3968,
              -20.5994
            ],
            [
              -41.398,
              -20.6006
            ],
            [
              -41.4,
              -20.6034
            ],
            [
              -41.3986,
              -20.6049
            ],
            [
              -41.3961,
              -20.6062
            ],
            [
              -41.3958,
              -20.6079
            ],
            [
              -41.3923,
              -20.6093
            ],
            [
              -41.3915,
              -20.6101
            ],
            [
              -41.392,
              -20.6123
            ],
            [
              -41.395,
              -20.6139
            ],
            [
              -41.3954,
              -20.6151
            ],
            [
              -41.3949,
              -20.6167
            ],
            [
              -41.3932,
              -20.6197
            ],
            [
              -41.3923,
              -20.6206
            ],
            [
              -41.3915,
              -20.6242
            ],
            [
              -41.389,
              -20.6257
            ],
            [
              -41.3878,
              -20.6246
            ],
            [
              -41.3837,
              -20.6244
            ],
            [
              -41.3819,
              -20.6233
            ],
            [
              -41.3796,
              -20.6231
            ],
            [
              -41.3786,
              -20.6264
            ],
            [
              -41.3766,
              -20.6266
            ],
            [
              -41.3741,
              -20.6284
            ]
          ]
        ]
      },
      "properties": {
        "codarea": "3201407",
        "nome_municipio": "Castelo",
        "codigo_ibge": 3201407
      }
    },
    {
      "type": "Feature",
      "geometry": {
        "type": "Polygon",
        "coordinates": [
          [
            [
              -41.1912,
              -20.4456
            ],
            [
              -41.1929,
              -20.4444
            ],
            [
              -41.1955,
              -20.4415
            ],
            [
              -41.1985,
              -20.4402
            ],
            [
              -41.196,
              -20.4386
            ],
            [
              -41.196,
              -20.4376
            ],
            [
              -41.1948,
              -20.4351
            ],
            [
              -41.1943,
              -20.4331
            ],
            [
              -41.194,
              -20.4296
            ],
            [
              -41.1963,
              -20.4267
            ],
            [
              -41.197,
              -20.4265
            ],
            [
              -41.1988,
              -20.4247
            ],
            [
              -41.1996,
              -20.4231
            ],
            [
              -41.1992,
              -20.4173
            ],
            [
              -41.1983,
              -20.4166
            ],
            [
              -41.1962,
              -20.4162
            ],
            [
              -41.1939,
              -20.4166
            ],
            [
              -41.1918,
              -20.4154
            ],
            [
              -41.1914,
              -20.4138
            ],
            [
              -41.1887,
              -20.4133
            ],
            [
              -41.1846,
              -20.4094
            ],
            [
              -41.1813,
              -20.4084
            ],
            [
              -41.1802,
              -20.406
            ],
            [
              -41.1798,
              -20.4042
            ],
            [
              -41.1786,
              -20.4021
            ],
            [
              -41.1777,
              -20.4019
            ],
            [
              -41.1764,
              -20.3975
            ],
            [
              -41.177,
              -20.3947
            ],
            [
              -41.1785,
              -20.3918
            ],
            [
              -41.1801,
              -20.3917
            ],
            [
              -41.1831,
              -20.3902
            ],
            [
              -41.1857,
              -20.3901
            ],
            [
              -41.1888,
              -20.391
            ],
            [
              -41.1912,
              -20.3901
            ],
            [
              -41.1937,
              -20.3906
            ],
            [
              -41.1939,
              -20.3876
            ],
            [
              -41.1987,
              -20.3843
            ],
            [
              -41.2018,
              -20.3835
            ],
            [
              -41.203,
              -20.3811
            ],
            [
              -41.2011,
              -20.3779
            ],
            [
              -41.2013,
              -20.3747
            ],
            [
              -41.2017,
              -20.3715
            ],
            [
              -41.2029,
              -20.3695
            ],
            [
              -41.2027,
              -20.3687
            ],
            [
              -41.204,
              -20.3663
            ],
            [
              -41.2032,
              -20.365
            ],
            [
              -41.2048,
              -20.3637
            ],
            [
              -41.21,
              -20.3621
            ],
            [
              -41.21,
              -20.3582
            ],
            [
              -41.2128,
              -20.3569
            ],
            [
              -41.2143,
              -20.3575
            ],
            [
              -41.217,
              -20.357
            ],
            [
              -41.2186,
              -20.3563
            ],
            [
              -41.2195,
              -20.3544
            ],
            [
              -41.218,
              -20.3526
            ],
            [
              -41.2186,
              -20.3503
            ],
            [
              -41.2171,
              -20.3481
            ],
            [
              -41.2147,
              -20.347
            ],
            [
              -41.2136,
              -20.3472
            ],
            [
              -41.2131,
              -20.3457
            ],
            [
              -41.2133,
              -20.3442
            ],
            [
              -41.2111,
              -20.3421
            ],
            [
              -41.2129,
              -20.3408
            ],
            [
              -41.2126,
              -20.3387
            ],
            [
              -41.2116,
              -20.337
            ],
            [
              -41.2098,
              -20.3361
            ],
            [
              -41.2131,
              -20.3339
            ],
            [
              -41.2145,
              -20.3307
            ],
            [
              -41.2161,
              -20.3298
            ],
            [
              -41.2172,
              -20.3278
            ],
            [
              -41.2161,
              -20.3261
            ],
            [
              -41.2142,
              -20.325
            ],
            [
              -41.2123,
              -20.3225
            ],
            [
              -41.2128,
              -20.3213
            ],
            [
              -41.2101,
              -20.3193
            ],
            [
              -41.2086,
              -20.3191
            ],
            [
              -41.2066,
              -20.3152
            ],
            [
              -41.2047,
              -20.3165
            ],
            [
              -41.2029,
              -20.3172
            ],
            [
              -41.2005,
              -20.3173
            ],
            [
              -41.199,
              -20.3145
            ],
            [
              -41.199,
              -20.3119
            ],
            [
              -41.1968,
              -20.311
            ],
            [
              -41.1941,
              -20.3106
            ],
            [
              -41.1897,
              -20.3073
            ],
            [
              -41.1883,
              -20.3086
            ],
            [
              -41.1831,
              -20.3101
            ],
            [
              -41.1812,
              -20.3123
            ],
            [
              -41.1797,
              -20.3125
            ],
            [
              -41.1776,
              -20.3106
            ],
            [
              -41.1764,
              -20.3106
            ],
            [
              -41.1738,
              -20.31
            ],
            [
              -41.1718,
              -20.3088
            ],
            [
              -41.1719,
              -20.3047
            ],
            [
              -41.1689,
              -20.3023
            ],
            [
              -41.1661,
              -20.3013
            ],
            [
              -41.1663,
              -20.2994
            ],
            [
              -41.166,
              -20.2966
            ],
            [
              -41.1652,
              -20.294
            ],
            [
              -41.1634,
              -20.2907
            ],
            [
              -41.1624,
              -20.287
            ],
            [
              -41.1606,
              -20.2859
            ],
            [
              -41.16,
              -20.2839
            ],
            [
              -41.1581,
              -20.2825
            ],
            [
              -41.1581,
              -20.2808
            ],
            [
              -41.16,
              -20.279
            ],
            [
              -41.1613,
              -20.2761
            ],
            [
              -41.1611,
              -20.2745
            ],
            [
              -41.1635,
              -20.2728
            ],
            [
              -41.1635,
              -20.2714
            ],
            [
              -41.1645,
              -20.2711
            ],
            [
              -41.1659,
              -20.2691
            ],
            [
              -41.1656,
              -20.2678
            ],
            [
              -41.1689,
              -20.2661
            ],
            [
              -41.1703,
              -20.2659
            ],
            [
              -41.1725,
              -20.2648
            ],
            [
              -41.1747,
              -20.2621
            ],
            [
              -41.1763,
              -20.2623
            ],
            [
              -41.179,
              -20.2618
            ],
            [
              -41.18,
              -20.2609
            ],
            [
              -41.1818,
              -20.261
            ],
            [
              -41.1829,
              -20.2602
            ],
            [
              -41.1856,
              -20.2595
            ],
            [
              -41.1877,
              -20.26
            ],
            [
              -41.188,
              -20.2621
            ],
            [
              -41.1889,
              -20.2631
            ],
            [
              -41.1913,
              -20.2639
            ],
            [
              -41.1929,
              -20.2659
            ],
            [
              -41.1938,
              -20.2694
            ],
            [
              -41.1952,
              -20.2709
            ],
            [
              -41.1992,
              -20.269
            ],
            [
              -41.2004,
              -20.269
            ],
            [
              -41.2036,
              -20.2674
            ],
            [
              -41.2051,
              -20.2674
            ],
            [
              -41.206,
              -20.269
            ],
            [
              -41.2072,
              -20.2697
            ],
            [
              -41.2078,
              -20.2725
            ],
            [
              -41.2091,
              -20.2732
            ],
            [
              -41.2123,
              -20.2736
            ],
            [
              -41.2127,
              -20.2747
            ],
            [
              -41.2144,
              -20.2752
            ],
            [
              -41.216,
              -20.2751
            ],
            [
              -41.2173,
              -20.2762
            ],
            [
              -41.2177,
              -20.2789
            ],
            [
              -41.2205,
              -20.2787
            ],
            [
              -41.2229,
              -20.2804
            ],
            [
              -41.2248,
              -20.2807
            ],
            [
              -41.2266,
              -20.2798
            ],
            [
              -41.2284,
              -20.2795
            ],
            [
              -41.229,
              -20.2784
            ],
            [
              -41.2326,
              -20.2795
            ],
            [
              -41.2337,
              -20.2795
            ],
            [
              -41.2358,
              -20.2781
            ],
            [
              -41.2368,
              -20.2769
            ],
            [
              -41.2388,
              -20.2775
            ],
            [
              -41.2428,
              -20.2778
            ],
            [
              -41.2443,
              -20.2766
            ],
            [
              -41.2463,
              -20.2757
            ],
            [
              -41.2478,
              -20.2757
            ],
            [
              -41.2492,
              -20.274
            ],
            [
              -41.2537,
              -20.2733
            ],
            [
              -41.2549,
              -20.2745
            ],
            [
              -41.2575,
              -20.2734
            ],
            [
              -41.2601,
              -20.273
            ],
            [
              -41.262,
              -20.2709
            ],
            [
              -41.2631,
              -20.2685
            ],
            [
              -41.2646,
              -20.2692
            ],
            [
              -41.2656,
              -20.2675
            ],
            [
              -41.2666,
              -20.2642
            ],
            [
              -41.2646,
              -20.2636
            ],
            [
              -41.2584,
              -20.2641
            ],
            [
              -41.2562,
              -20.2638
            ],
            [
              -41.2571,
              -20.2611
            ],
            [
              -41.2569,
              -20.2582
            ],
            [
              -41.2571,
              -20.256
            ],
            [
              -41.2561,
              -20.2555
            ],
            [
              -41.2567,
              -20.2534
            ],
            [
              -41.2596,
              -20.2538
            ],
            [
              -41.262,
              -20.2537
            ],
            [
              -41.2651,
              -20.2501
            ],
            [
              -41.2673,
              -20.25
            ],
            [
              -41.268,
              -20.2473
            ],
            [
              -41.2675,
              -20.2462
            ],
            [
              -41.2681,
              -20.2436
            ],
            [
              -41.267,
              -20.2417
            ],
            [
              -41.271,
              -20.2398
            ],
            [
              -41.2714,
              -20.2375
            ],
            [
              -41.2722,
              -20.2356
            ],
            [
              -41.2719,
              -20.2345
            ],
            [
              -41.2727,
              -20.2335
            ],
            [
              -41.2749,
              -20.2324
            ],
            [
              -41.2765,
              -20.2339
            ],
            [
              -41.2795,
              -20.2334
            ],
            [
              -41.2804,
              -20.236
            ],
            [
              -41.2823,
              -20.2381
            ],
            [
              -41.282,
              -20.2396
            ],
            [
              -41.2803,
              -20.2407
            ],
            [
              -41.2809,
              -20.2415
            ],
            [
              -41.283,
              -20.2418
            ],
            [
              -41.2848,
              -20.2414
            ],
            [
              -41.2862,
              -20.2432
            ],
            [
              -41.2875,
              -20.2422
            ],
            [
              -41.2894,
              -20.2426
            ],
            [
              -41.2908,
              -20.241
            ],
            [
              -41.2924,
              -20.2381
            ],
            [
              -41.2909,
              -20.2377
            ],
            [
              -41.2893,
              -20.2363
            ],
            [
              -41.2884,
              -20.2345
            ],
            [
              -41.2889,
              -20.2332
            ],
            [
              -41.2921,
              -20.2315
            ],
            [
              -41.2951,
              -20.2306
            ],
            [
              -41.2971,
              -20.2307
            ],
            [
              -41.3,
              -20.2294
            ],
            [
              -41.3025,
              -20.2299
            ],
            [
              -41.3018,
              -20.2321
            ],
            [
              -41.3022,
              -20.2341
            ],
            [
              -41.3029,
              -20.2352
            ],
            [
              -41.3056,
              -20.235
            ],
            [
              -41.3066,
              -20.2359
            ],
            [
              -41.3068,
              -20.2379
            ],
            [
              -41.309,
              -20.2393
            ],
            [
              -41.3087,
              -20.2422
            ],
            [
              -41.306,
              -20.2455
            ],
            [
              -41.3019,
              -20.2464
            ],
            [
              -41.2996,
              -20.2482
            ],
            [
              -41.2984,
              -20.2485
            ],
            [
              -41.2979,
              -20.2507
            ],
            [
              -41.2951,
              -20.2514
            ],
            [
              -41.2937,
              -20.253
            ],
            [
              -41.2944,
              -20.2544
            ],
            [
              -41.2977,
              -20.2547
            ],
            [
              -41.2979,
              -20.256
            ],
            [
              -41.2946,
              -20.2582
            ],
            [
              -41.2956,
              -20.2609
            ],
            [
              -41.2967,
              -20.2619
            ],
            [
              -41.3012,
              -20.2622
            ],
            [
              -41.3009,
              -20.2641
            ],
            [
              -41.3016,
              -20.2653
            ],
            [
              -41.3015,
              -20.2669
            ],
            [
              -41.3021,
              -20.2685
            ],
            [
              -41.3033,
              -20.2692
            ],
            [
              -41.3036,
              -20.2707
            ],
            [
              -41.3053,
              -20.2711
            ],
            [
              -41.3094,
              -20.2702
            ],
            [
              -41.3105,
              -20.2694
            ],
            [
              -41.3114,
              -20.2716
            ],
            [
              -41.3129,
              -20.2727
            ],
            [
              -41.3148,
              -20.2718
            ],
            [
              -41.316,
              -20.2736
            ],
            [
              -41.3171,
              -20.274
            ],
            [
              -41.3181,
              -20.2731
            ],
            [
              -41.3194,
              -20.2736
            ],
            [
              -41.32,
              -20.2755
            ],
            [
              -41.3192,
              -20.2778
            ],
            [
              -41.3195,
              -20.2791
            ],
            [
              -41.3175,
              -20.2803
            ],
            [
              -41.3163,
              -20.2824
            ],
            [
              -41.3169,
              -20.2839
            ],
            [
              -41.319,
              -20.2843
            ],
            [
              -41.3205,
              -20.2851
            ],
            [
              -41.3196,
              -20.2871
            ],
            [
              -41.3157,
              -20.2877
            ],
            [
              -41.3146,
              -20.2892
            ],
            [
              -41.3151,
              -20.2944
            ],
            [
              -41.314,
              -20.296
            ],
            [
              -41.315,
              -20.2975
            ],
            [
              -41.3171,
              -20.2977
            ],
            [
              -41.3172,
              -20.3011
            ],
            [
              -41.3181,
              -20.301
            ],
            [
              -41.32,
              -20.2995
            ],
            [
              -41.3218,
              -20.2994
            ],
            [
              -41.3237,
              -20.3016
            ],
            [
              -41.3257,
              -20.3014
            ],
            [
              -41.3274,
              -20.3008
            ],
            [
              -41.3314,
              -20.3033
            ],
            [
              -41.3336,
              -20.3017
            ],
            [
              -41.3344,
              -20.299
            ],
            [
              -41.3377,
              -20.2976
            ],
            [
              -41.3397,
              -20.2975
            ],
            [
              -41.3397,
              -20.2996
            ],
            [
              -41.342,
              -20.2995
            ],
            [
              -41.3431,
              -20.3002
            ],
            [
              -41.3452,
              -20.3002
            ],
            [
              -41.3477,
              -20.3032
            ],
            [
              -41.3505,
              -20.3021
            ],
            [
              -41.3511,
              -20.3033
            ],
            [
              -41.3553,
              -20.3069
            ],
            [
              -41.3547,
              -20.3099
            ],
            [
              -41.3557,
              -20.3106
            ],
            [
              -41.3553,
              -20.3121
            ],
            [
              -41.3568,
              -20.3124
            ],
            [
              -41.3564,
              -20.3155
            ],
            [
              -41.3569,
              -20.3162
            ],
            [
              -41.3607,
              -20.3172
            ],
            [
              -41.3604,
              -20.3201
            ],
            [
              -41.3618,
              -20.321
            ],
            [
              -41.3608,
              -20.3227
            ],
            [
              -41.3599,
              -20.3229
            ],
            [
              -41.3602,
              -20.3246
            ],
            [
              -41.3613,
              -20.3255
            ],
            [
              -41.3587,
              -20.3294
            ],
            [
              -41.3588,
              -20.3299
            ],
            [
              -41.3571,
              -20.3333
            ],
            [
              -41.3571,
              -20.3399
            ],
            [
              -41.3582,
              -20.3417
            ],
            [
              -41.3578,
              -20.3436
            ],
            [
              -41.3575,
              -20.3484
            ],
            [
              -41.3563,
              -20.3485
            ],
            [
              -41.3545,
              -20.3497
            ],
            [
              -41.3552,
              -20.3515
            ],
            [
              -41.3548,
              -20.3526
            ],
            [
              -41.3525,
              -20.3547
            ],
            [
              -41.3519,
              -20.3576
            ],
            [
              -41.3532,
              -20.3606
            ],
            [
              -41.3505,
              -20.3622
            ],
            [
              -41.3497,
              -20.3646
            ],
            [
              -41.3509,
              -20.3682
            ],
            [
              -41.3506,
              -20.37
            ],
            [
              -41.351,
              -20.3721
            ],
            [
              -41.346,
              -20.3743
            ],
            [
              -41.3461,
              -20.3754
            ],
            [
              -41.3455,
              -20.3785
            ],
            [
              -41.3461,
              -20.3801
            ],
            [
              -41.3458,
              -20.3876
            ],
            [
              -41.3439,
              -20.3894
            ],
            [
              -41.3428,
              -20.3895
            ],
            [
              -41.3419,
              -20.3883
            ],
            [
              -41.3397,
              -20.3865
            ],
            [
              -41.3369,
              -20.3856
            ],
            [
              -41.3362,
              -20.3868
            ],
            [
              -41.3348,
              -20.387
            ],
            [
              -41.3331,
              -20.3885
            ],
            [
              -41.3327,
              -20.3917
            ],
            [
              -41.3317,
              -20.3929
            ],
            [
              -41.33,
              -20.394
            ],
            [
              -41.3292,
              -20.3953
            ],
            [
              -41.3274,
              -20.3949
            ],
            [
              -41.3232,
              -20.3954
            ],
            [
              -41.3192,
              -20.4004
            ],
            [
              -41.32,
              -20.4031
            ],
            [
              -41.3192,
              -20.4037
            ],
            [
              -41.3167,
              -20.4086
            ],
            [
              -41.3179,
              -20.4098
            ],
            [
              -41.3202,
              -20.4109
            ],
            [
              -41.3204,
              -20.4155
            ],
            [
              -41.3199,
              -20.4179
            ],
            [
              -41.3175,
              -20.421
            ],
            [
              -41.3151,
              -20.423
            ],
            [
              -41.3129,
              -20.4235
            ],
            [
              -41.3113,
              -20.4245
            ],
            [
              -41.3105,
              -20.4257
            ],
            [
              -41.3127,
              -20.4269
            ],
            [
              -41.3148,
              -20.4273
            ],
            [
              -41.3159,
              -20.4285
            ],
            [
              -41.3159,
              -20.4313
            ],
            [
              -41.3149,
              -20.4331
            ],
            [
              -41.3157,
              -20.4348
            ],
            [
              -41.3155,
              -20.4359
            ],
            [
              -41.3141,
              -20.4382
            ],
            [
              -41.3141,
              -20.44
            ],
            [
              -41.3162,
              -20.4406
            ],
            [
              -41.3167,
              -20.4423
            ],
            [
              -41.3155,
              -20.4443
            ],
            [
              -41.3178,
              -20.446
            ],
            [
              -41.3182,
              -20.4478
            ],
            [
              -41.3177,
              -20.4504
            ],
            [
              -41.3189,
              -20.4517
            ],
            [
              -41.3188,
              -20.4529
            ],
            [
              -41.3162,
              -20.4574
            ],
            [
              -41.3181,
              -20.461
            ],
            [
              -41.3182,
              -20.464
            ],
            [
              -41.3198,
              -20.4664
            ],
            [
              -41.3207,
              -20.4687
            ],
            [
              -41.3202,
              -20.4696
            ],
            [
              -41.3209,
              -20.4714
            ],
            [
              -41.3206,
              -20.4726
            ],
            [
              -41.3211,
              -20.4741
            ],
            [
              -41.3203,
              -20.4754
            ],
            [
              -41.3199,
              -20.4775
            ],
            [
              -41.321,
              -20.4808
            ],
            [
              -41.3188,
              -20.4834
            ],
            [
              -41.3184,
              -20.4848
            ],
            [
              -41.3184,
              -20.4879
            ],
            [
              -41.3176,
              -20.4901
            ],
            [
              -41.3178,
              -20.4913
            ],
            [
              -41.3213,
              -20.4921
            ],
            [
              -41.324,
              -20.4931
            ],
            [
              -41.326,
              -20.4947
            ],
            [
              -41.3277,
              -20.4975
            ],
            [
              -41.326,
              -20.498
            ],
            [
              -41.3257,
              -20.4968
            ],
            [
              -41.3219,
              -20.4963
            ],
            [
              -41.3201,
              -20.4969
            ],
            [
              -41.3204,
              -20.4983
            ],
            [
              -41.3186,
              -20.4998
            ],
            [
              -41.3183,
              -20.5007
            ],
            [
              -41.3163,
              -20.5027
            ],
            [
              -41.3162,
              -20.5035
            ],
            [
              -41.3144,
              -20.5059
            ],
            [
              -41.3126,
              -20.5094
            ],
            [
              -41.3116,
              -20.5136
            ],
            [
              -41.3098,
              -20.5155
            ],
            [
              -41.3057,
              -20.5174
            ],
            [
              -41.303,
              -20.5177
            ],
            [
              -41.3017,
              -20.5207
            ],
            [
              -41.2999,
              -20.5215
            ],
            [
              -41.2995,
              -20.5207
            ],
            [
              -41.2977,
              -20.5206
            ],
            [
              -41.2962,
              -20.5183
            ],
            [
              -41.297,
              -20.5175
            ],
            [
              -41.2957,
              -20.5162
            ],
            [
              -41.2934,
              -20.5148
            ],
            [
              -41.2914,
              -20.514
            ],
            [
              -41.2878,
              -20.5138
            ],
            [
              -41.2867,
              -20.5105
            ],
            [
              -41.2881,
              -20.5074
            ],
            [
              -41.2864,
              -20.506
            ],
            [
              -41.2828,
              -20.5076
            ],
            [
              -41.2802,
              -20.5079
            ],
            [
              -41.2807,
              -20.5037
            ],
            [
              -41.2815,
              -20.5005
            ],
            [
              -41.2824,
              -20.4988
            ],
            [
              -41.2833,
              -20.4951
            ],
            [
              -41.2834,
              -20.4925
            ],
            [
              -41.2833,
              -20.488
            ],
            [
              -41.2802,
              -20.488
            ],
            [
              -41.2795,
              -20.4867
            ],
            [
              -41.2765,
              -20.4863
            ],
            [
              -41.2764,
              -20.4893
            ],
            [
              -41.2731,
              -20.4914
            ],
            [
              -41.2709,
              -20.4923
            ],
            [
              -41.2667,
              -20.4914
            ],
            [
              -41.2644,
              -20.4891
            ],
            [
              -41.263,
              -20.4863
            ],
            [
              -41.2622,
              -20.4863
            ],
            [
              -41.2588,
              -20.4905
            ],
            [
              -41.2537,
              -20.4893
            ],
            [
              -41.2511,
              -20.4898
            ],
            [
              -41.25,
              -20.491
            ],
            [
              -41.2484,
              -20.4918
            ],
            [
              -41.2488,
              -20.4934
            ],
            [
              -41.2484,
              -20.4954
            ],
            [
              -41.2484,
              -20.4981
            ],
            [
              -41.2474,
              -20.4989
            ],
            [
              -41.2448,
              -20.4993
            ],
            [
              -41.2424,
              -20.5001
            ],
            [
              -41.2417,
              -20.4998
            ],
            [
              -41.2394,
              -20.4975
            ],
            [
              -41.2372,
              -20.4941
            ],
            [
              -41.2361,
              -20.4914
            ],
            [
              -41.2369,
              -20.4889
            ],
            [
              -41.2364,
              -20.4878
            ],
            [
              -41.234,
              -20.488
            ],
            [
              -41.233,
              -20.4896
            ],
            [
              -41.2309,
              -20.4899
            ],
            [
              -41.2288,
              -20.489
            ],
            [
              -41.2273,
              -20.4894
            ],
            [
              -41.2268,
              -20.4903
            ],
            [
              -41.2255,
              -20.4906
            ],
            [
              -41.2224,
              -20.489
            ],
            [
              -41.2206,
              -20.4888
            ],
            [
              -41.2171,
              -20.4895
            ],
            [
              -41.2162,
              -20.4907
            ],
            [
              -41.2144,
              -20.4897
            ],
            [
              -41.2123,
              -20.49
            ],
            [
              -41.21,
              -20.491
            ],
            [
              -41.2091,
              -20.4869
            ],
            [
              -41.2101,
              -20.4854
            ],
            [
              -41.2074,
              -20.4837
            ],
            [
              -41.2068,
              -20.4822
            ],
            [
              -41.2079,
              -20.4805
            ],
            [
              -41.2077,
              -20.4796
            ],
            [
              -41.2121,
              -20.4781
            ],
            [
              -41.2135,
              -20.4765
            ],
            [
              -41.2155,
              -20.4749
            ],
            [
              -41.2159,
              -20.4738
            ],
            [
              -41.2153,
              -20.4711
            ],
            [
              -41.2155,
              -20.4697
            ],
            [
              -41.2164,
              -20.468
            ],
            [
              -41.2178,
              -20.4668
            ],
            [
              -41.2185,
              -20.4671
            ],
            [
              -41.2208,
              -20.4657
            ],
            [
              -41.2225,
              -20.4635
            ],
            [
              -41.2254,
              -20.4613
            ],
            [
              -41.2245,
              -20.4602
            ],
            [
              -41.2232,
              -20.4566
            ],
            [
              -41.2241,
              -20.4549
            ],
            [
              -41.2224,
              -20.4534
            ],
            [
              -41.2219,
              -20.4515
            ],
            [
              -41.2198,
              -20.4497
            ],
            [
              -41.2183,
              -20.4493
            ],
            [
              -41.2172,
              -20.4482
            ],
            [
              -41.2175,
              -20.4468
            ],
            [
              -41.215,
              -20.4452
            ],
            [
              -41.2122,
              -20.4455
            ],
            [
              -41.2096,
              -20.4462
            ],
            [
              -41.2081,
              -20.4485
            ],
            [
              -41.2076,
              -20.4503
            ],
            [
              -41.2056,
              -20.4532
            ],
            [
              -41.2049,
              -20.455
            ],
            [
              -41.2036,
              -20.4555
            ],
            [
              -41.2027,
              -20.4545
            ],
            [
              -41.2012,
              -20.4547
            ],
            [
              -41.1995,
              -20.454
            ],
            [
              -41.1995,
              -20.4523
            ],
            [
              -41.1972,
              -20.4521
            ],
            [
              -41.1961,
              -20.4512
            ],
            [
              -41.1944,
              -20.4514
            ],
            [
              -41.1944,
              -20.4484
            ],
            [
              -41.1937,
              -20.4473
            ],
            [
              -41.1923,
              -20.4469
            ],
            [
              -41.1912,
              -20.4456
            ]
          ]
        ]
      },
      "properties": {
        "codarea": "3201704",
        "nome_municipio": "Conceição do Castelo",
        "codigo_ibge": 3201704
      }
    },
    {
      "type": "Feature",
      "geometry": {
        "type": "Polygon",
        "coordinates": [
          [
            [
              -40.5946,
              -20.2453
            ],
            [
              -40.5961,
              -20.2435
            ],
            [
              -40.597,
              -20.2434
            ],
            [
              -40.6027,
              -20.2481
            ],
            [
              -40.6045,
              -20.2484
            ],
            [
              -40.6059,
              -20.2504
            ],
            [
              -40.6079,
              -20.2509
            ],
            [
              -40.6084,
              -20.252
            ],
            [
              -40.6103,
              -20.2517
            ],
            [
              -40.6107,
              -20.2491
            ],
            [
              -40.6117,
              -20.2483
            ],
            [
              -40.614,
              -20.248
            ],
            [
              -40.6158,
              -20.2469
            ],
            [
              -40.617,
              -20.2449
            ],
            [
              -40.6159,
              -20.2442
            ],
            [
              -40.6156,
              -20.2418
            ],
            [
              -40.6198,
              -20.2408
            ],
            [
              -40.622,
              -20.2397
            ],
            [
              -40.6236,
              -20.238
            ],
            [
              -40.6264,
              -20.2367
            ],
            [
              -40.6255,
              -20.2338
            ],
            [
              -40.6258,
              -20.2319
            ],
            [
              -40.6249,
              -20.2304
            ],
            [
              -40.6248,
              -20.2288
            ],
            [
              -40.6262,
              -20.2279
            ],
            [
              -40.6276,
              -20.2258
            ],
            [
              -40.63,
              -20.2259
            ],
            [
              -40.6316,
              -20.2246
            ],
            [
              -40.6337,
              -20.2238
            ],
            [
              -40.634,
              -20.2216
            ],
            [
              -40.6329,
              -20.2187
            ],
            [
              -40.6339,
              -20.2159
            ],
            [
              -40.6344,
              -20.2159
            ],
            [
              -40.6369,
              -20.2192
            ],
            [
              -40.6378,
              -20.2191
            ],
            [
              -40.6402,
              -20.2158
            ],
            [
              -40.646,
              -20.2166
            ],
            [
              -40.6485,
              -20.216
            ],
            [
              -40.6493,
              -20.2165
            ],
            [
              -40.652,
              -20.2158
            ],
            [
              -40.6544,
              -20.2181
            ],
            [
              -40.6557,
              -20.218
            ],
            [
              -40.6566,
              -20.2167
            ],
            [
              -40.6592,
              -20.2168
            ],
            [
              -40.661,
              -20.2184
            ],
            [
              -40.6621,
              -20.2186
            ],
            [
              -40.6645,
              -20.2176
            ],
            [
              -40.6635,
              -20.2158
            ],
            [
              -40.6642,
              -20.2141
            ],
            [
              -40.6632,
              -20.2122
            ],
            [
              -40.6637,
              -20.2102
            ],
            [
              -40.6603,
              -20.2074
            ],
            [
              -40.6602,
              -20.2067
            ],
            [
              -40.6622,
              -20.2053
            ],
            [
              -40.6645,
              -20.205
            ],
            [
              -40.6659,
              -20.2032
            ],
            [
              -40.6679,
              -20.2025
            ],
            [
              -40.6707,
              -20.2022
            ],
            [
              -40.6716,
              -20.2014
            ],
            [
              -40.6717,
              -20.1991
            ],
            [
              -40.673,
              -20.1989
            ],
            [
              -40.6746,
              -20.1956
            ],
            [
              -40.6755,
              -20.1945
            ],
            [
              -40.6784,
              -20.1936
            ],
            [
              -40.6792,
              -20.1937
            ],
            [
              -40.6806,
              -20.1916
            ],
            [
              -40.6814,
              -20.1887
            ],
            [
              -40.6842,
              -20.1889
            ],
            [
              -40.6857,
              -20.188
            ],
            [
              -40.689,
              -20.1877
            ],
            [
              -40.6923,
              -20.1882
            ],
            [
              -40.6936,
              -20.1894
            ],
            [
              -40.6969,
              -20.1902
            ],
            [
              -40.6979,
              -20.1872
            ],
            [
              -40.6992,
              -20.1875
            ],
            [
              -40.6994,
              -20.1888
            ],
            [
              -40.7009,
              -20.1896
            ],
            [
              -40.7024,
              -20.1894
            ],
            [
              -40.7045,
              -20.1873
            ],
            [
              -40.7068,
              -20.1882
            ],
            [
              -40.71,
              -20.1855
            ],
            [
              -40.7137,
              -20.1862
            ],
            [
              -40.7164,
              -20.1848
            ],
            [
              -40.7182,
              -20.1833
            ],
            [
              -40.7196,
              -20.1839
            ],
            [
              -40.7221,
              -20.1834
            ],
            [
              -40.7238,
              -20.184
            ],
            [
              -40.7264,
              -20.1842
            ],
            [
              -40.7273,
              -20.1833
            ],
            [
              -40.7317,
              -20.1841
            ],
            [
              -40.736,
              -20.186
            ],
            [
              -40.7377,
              -20.1871
            ],
            [
              -40.7382,
              -20.1881
            ],
            [
              -40.7396,
              -20.1882
            ],
            [
              -40.7412,
              -20.1896
            ],
            [
              -40.7437,
              -20.1888
            ],
            [
              -40.7453,
              -20.1888
            ],
            [
              -40.7463,
              -20.1873
            ],
            [
              -40.7476,
              -20.1866
            ],
            [
              -40.748,
              -20.1839
            ],
            [
              -40.7491,
              -20.183
            ],
            [
              -40.7519,
              -20.1787
            ],
            [
              -40.7521,
              -20.1762
            ],
            [
              -40.7506,
              -20.1736
            ],
            [
              -40.7533,
              -20.1733
            ],
            [
              -40.7555,
              -20.1742
            ],
            [
              -40.7569,
              -20.1735
            ],
            [
              -40.7592,
              -20.1696
            ],
            [
              -40.7594,
              -20.1681
            ],
            [
              -40.7611,
              -20.1683
            ],
            [
              -40.7658,
              -20.1679
            ],
            [
              -40.767,
              -20.1661
            ],
            [
              -40.7667,
              -20.164
            ],
            [
              -40.7657,
              -20.1632
            ],
            [
              -40.7657,
              -20.1613
            ],
            [
              -40.7639,
              -20.161
            ],
            [
              -40.7626,
              -20.1575
            ],
            [
              -40.763,
              -20.1557
            ],
            [
              -40.765,
              -20.1544
            ],
            [
              -40.766,
              -20.1525
            ],
            [
              -40.7669,
              -20.1535
            ],
            [
              -40.7676,
              -20.1569
            ],
            [
              -40.7696,
              -20.1574
            ],
            [
              -40.7711,
              -20.1608
            ],
            [
              -40.7723,
              -20.1608
            ],
            [
              -40.7742,
              -20.16
            ],
            [
              -40.7758,
              -20.1606
            ],
            [
              -40.7755,
              -20.1623
            ],
            [
              -40.778,
              -20.1626
            ],
            [
              -40.7794,
              -20.1618
            ],
            [
              -40.7818,
              -20.1625
            ],
            [
              -40.7832,
              -20.1608
            ],
            [
              -40.7856,
              -20.1592
            ],
            [
              -40.7879,
              -20.1599
            ],
            [
              -40.7878,
              -20.1616
            ],
            [
              -40.7885,
              -20.1643
            ],
            [
              -40.7913,
              -20.1642
            ],
            [
              -40.7931,
              -20.1628
            ],
            [
              -40.7973,
              -20.1648
            ],
            [
              -40.7988,
              -20.1643
            ],
            [
              -40.8011,
              -20.1649
            ],
            [
              -40.8031,
              -20.1657
            ],
            [
              -40.8034,
              -20.1681
            ],
            [
              -40.8026,
              -20.1697
            ],
            [
              -40.8052,
              -20.1734
            ],
            [
              -40.8072,
              -20.1736
            ],
            [
              -40.809,
              -20.1748
            ],
            [
              -40.8107,
              -20.1747
            ],
            [
              -40.8125,
              -20.1741
            ],
            [
              -40.8144,
              -20.174
            ],
            [
              -40.8155,
              -20.1729
            ],
            [
              -40.8176,
              -20.1727
            ],
            [
              -40.8155,
              -20.1685
            ],
            [
              -40.8168,
              -20.1684
            ],
            [
              -40.8169,
              -20.167
            ],
            [
              -40.8179,
              -20.1659
            ],
            [
              -40.8197,
              -20.1651
            ],
            [
              -40.8203,
              -20.1638
            ],
            [
              -40.8232,
              -20.1653
            ],
            [
              -40.8245,
              -20.1672
            ],
            [
              -40.8261,
              -20.1677
            ],
            [
              -40.8271,
              -20.1671
            ],
            [
              -40.8314,
              -20.1693
            ],
            [
              -40.8332,
              -20.1696
            ],
            [
              -40.8345,
              -20.1716
            ],
            [
              -40.8341,
              -20.1729
            ],
            [
              -40.8341,
              -20.1768
            ],
            [
              -40.8349,
              -20.1775
            ],
            [
              -40.8363,
              -20.1771
            ],
            [
              -40.8373,
              -20.1781
            ],
            [
              -40.8387,
              -20.1783
            ],
            [
              -40.843,
              -20.1808
            ],
            [
              -40.8447,
              -20.1827
            ],
            [
              -40.8482,
              -20.1837
            ],
            [
              -40.8527,
              -20.1843
            ],
            [
              -40.8542,
              -20.1864
            ],
            [
              -40.8539,
              -20.1889
            ],
            [
              -40.8555,
              -20.1904
            ],
            [
              -40.8559,
              -20.1921
            ],
            [
              -40.8575,
              -20.1918
            ],
            [
              -40.8571,
              -20.1891
            ],
            [
              -40.8603,
              -20.1881
            ],
            [
              -40.8613,
              -20.1913
            ],
            [
              -40.8629,
              -20.1925
            ],
            [
              -40.8645,
              -20.1928
            ],
            [
              -40.8667,
              -20.1921
            ],
            [
              -40.8698,
              -20.1885
            ],
            [
              -40.8722,
              -20.1883
            ],
            [
              -40.8726,
              -20.1888
            ],
            [
              -40.8721,
              -20.1914
            ],
            [
              -40.8724,
              -20.1928
            ],
            [
              -40.8751,
              -20.1931
            ],
            [
              -40.876,
              -20.1919
            ],
            [
              -40.8789,
              -20.1927
            ],
            [
              -40.8802,
              -20.1937
            ],
            [
              -40.882,
              -20.1941
            ],
            [
              -40.884,
              -20.1932
            ],
            [
              -40.8848,
              -20.1941
            ],
            [
              -40.8854,
              -20.1961
            ],
            [
              -40.887,
              -20.1957
            ],
            [
              -40.8874,
              -20.1971
            ],
            [
              -40.89,
              -20.1964
            ],
            [
              -40.8925,
              -20.1967
            ],
            [
              -40.895,
              -20.1985
            ],
            [
              -40.8962,
              -20.1998
            ],
            [
              -40.8952,
              -20.2026
            ],
            [
              -40.8958,
              -20.2033
            ],
            [
              -40.8992,
              -20.2036
            ],
            [
              -40.8998,
              -20.2033
            ],
            [
              -40.9006,
              -20.2013
            ],
            [
              -40.9039,
              -20.1985
            ],
            [
              -40.9061,
              -20.2002
            ],
            [
              -40.9086,
              -20.2007
            ],
            [
              -40.9106,
              -20.2005
            ],
            [
              -40.9126,
              -20.2021
            ],
            [
              -40.9137,
              -20.2023
            ],
            [
              -40.9156,
              -20.201
            ],
            [
              -40.9172,
              -20.2013
            ],
            [
              -40.9205,
              -20.2039
            ],
            [
              -40.9218,
              -20.2031
            ],
            [
              -40.9238,
              -20.2026
            ],
            [
              -40.9246,
              -20.1998
            ],
            [
              -40.9265,
              -20.1971
            ],
            [
              -40.9286,
              -20.1966
            ],
            [
              -40.9318,
              -20.1971
            ],
            [
              -40.9327,
              -20.1985
            ],
            [
              -40.9339,
              -20.1988
            ],
            [
              -40.9402,
              -20.1995
            ],
            [
              -40.9422,
              -20.1991
            ],
            [
              -40.9466,
              -20.1962
            ],
            [
              -40.9479,
              -20.1958
            ],
            [
              -40.9503,
              -20.1943
            ],
            [
              -40.953,
              -20.1938
            ],
            [
              -40.9548,
              -20.1926
            ],
            [
              -40.9557,
              -20.1904
            ],
            [
              -40.9579,
              -20.1884
            ],
            [
              -40.9607,
              -20.1893
            ],
            [
              -40.9622,
              -20.1904
            ],
            [
              -40.967,
              -20.1903
            ],
            [
              -40.9678,
              -20.191
            ],
            [
              -40.9695,
              -20.1937
            ],
            [
              -40.9708,
              -20.194
            ],
            [
              -40.9719,
              -20.1972
            ],
            [
              -40.9729,
              -20.1985
            ],
            [
              -40.9735,
              -20.2004
            ],
            [
              -40.9719,
              -20.203
            ],
            [
              -40.9701,
              -20.2035
            ],
            [
              -40.9694,
              -20.2078
            ],
            [
              -40.9697,
              -20.2108
            ],
            [
              -40.9686,
              -20.212
            ],
            [
              -40.9696,
              -20.2143
            ],
            [
              -40.9718,
              -20.2168
            ],
            [
              -40.9724,
              -20.2193
            ],
            [
              -40.9734,
              -20.2205
            ],
            [
              -40.9773,
              -20.2209
            ],
            [
              -40.9783,
              -20.2217
            ],
            [
              -40.9806,
              -20.2262
            ],
            [
              -40.9807,
              -20.2274
            ],
            [
              -40.9823,
              -20.2273
            ],
            [
              -40.9845,
              -20.2263
            ],
            [
              -40.9842,
              -20.2245
            ],
            [
              -40.9846,
              -20.223
            ],
            [
              -40.9858,
              -20.2227
            ],
            [
              -40.9872,
              -20.2209
            ],
            [
              -40.9876,
              -20.219
            ],
            [
              -40.9873,
              -20.2173
            ],
            [
              -40.9901,
              -20.2166
            ],
            [
              -40.9906,
              -20.2179
            ],
            [
              -40.9922,
              -20.2199
            ],
            [
              -40.9943,
              -20.2187
            ],
            [
              -40.9965,
              -20.218
            ],
            [
              -40.9972,
              -20.2169
            ],
            [
              -40.9991,
              -20.2153
            ],
            [
              -41.0027,
              -20.2144
            ],
            [
              -41.0052,
              -20.2137
            ],
            [
              -41.0055,
              -20.2123
            ],
            [
              -41.0085,
              -20.2129
            ],
            [
              -41.0124,
              -20.2115
            ],
            [
              -41.0151,
              -20.2125
            ],
            [
              -41.0181,
              -20.2125
            ],
            [
              -41.0204,
              -20.2133
            ],
            [
              -41.0221,
              -20.2124
            ],
            [
              -41.0258,
              -20.2125
            ],
            [
              -41.027,
              -20.2145
            ],
            [
              -41.0266,
              -20.2164
            ],
            [
              -41.0251,
              -20.218
            ],
            [
              -41.024,
              -20.22
            ],
            [
              -41.0239,
              -20.2219
            ],
            [
              -41.0248,
              -20.2231
            ],
            [
              -41.0263,
              -20.2235
            ],
            [
              -41.0262,
              -20.2248
            ],
            [
              -41.0282,
              -20.2271
            ],
            [
              -41.0261,
              -20.2294
            ],
            [
              -41.0259,
              -20.231
            ],
            [
              -41.0303,
              -20.2312
            ],
            [
              -41.032,
              -20.2292
            ],
            [
              -41.0345,
              -20.229
            ],
            [
              -41.0374,
              -20.2274
            ],
            [
              -41.0431,
              -20.2321
            ],
            [
              -41.0442,
              -20.2324
            ],
            [
              -41.0442,
              -20.2355
            ],
            [
              -41.0461,
              -20.2359
            ],
            [
              -41.049,
              -20.2355
            ],
            [
              -41.051,
              -20.2359
            ],
            [
              -41.0519,
              -20.235
            ],
            [
              -41.053,
              -20.2354
            ],
            [
              -41.0571,
              -20.2323
            ],
            [
              -41.0575,
              -20.2268
            ],
            [
              -41.0583,
              -20.2243
            ],
            [
              -41.0592,
              -20.2235
            ],
            [
              -41.0586,
              -20.2219
            ],
            [
              -41.0602,
              -20.2203
            ],
            [
              -41.0618,
              -20.2197
            ],
            [
              -41.065,
              -20.2195
            ],
            [
              -41.0671,
              -20.22
            ],
            [
              -41.0695,
              -20.222
            ],
            [
              -41.0681,
              -20.2235
            ],
            [
              -41.067,
              -20.2261
            ],
            [
              -41.0677,
              -20.2285
            ],
            [
              -41.069,
              -20.2302
            ],
            [
              -41.0687,
              -20.231
            ],
            [
              -41.0666,
              -20.2327
            ],
            [
              -41.0662,
              -20.2345
            ],
            [
              -41.0668,
              -20.2355
            ],
            [
              -41.0682,
              -20.2362
            ],
            [
              -41.0692,
              -20.2374
            ],
            [
              -41.0692,
              -20.2408
            ],
            [
              -41.0687,
              -20.245
            ],
            [
              -41.0703,
              -20.2461
            ],
            [
              -41.0702,
              -20.2485
            ],
            [
              -41.0707,
              -20.2504
            ],
            [
              -41.0721,
              -20.2515
            ],
            [
              -41.0747,
              -20.2521
            ],
            [
              -41.0764,
              -20.2529
            ],
            [
              -41.079,
              -20.255
            ],
            [
              -41.0798,
              -20.2567
            ],
            [
              -41.0795,
              -20.259
            ],
            [
              -41.0808,
              -20.2625
            ],
            [
              -41.0826,
              -20.2631
            ],
            [
              -41.0836,
              -20.2643
            ],
            [
              -41.0865,
              -20.2669
            ],
            [
              -41.0897,
              -20.2663
            ],
            [
              -41.0908,
              -20.2671
            ],
            [
              -41.0907,
              -20.2686
            ],
            [
              -41.0932,
              -20.2691
            ],
            [
              -41.0947,
              -20.2679
            ],
            [
              -41.0967,
              -20.2676
            ],
            [
              -41.0983,
              -20.2663
            ],
            [
              -41.0997,
              -20.2659
            ],
            [
              -41.1008,
              -20.2679
            ],
            [
              -41.1008,
              -20.2694
            ],
            [
              -41.0996,
              -20.27
            ],
            [
              -41.0999,
              -20.2713
            ],
            [
              -41.1013,
              -20.2719
            ],
            [
              -41.1016,
              -20.2743
            ],
            [
              -41.1029,
              -20.2751
            ],
            [
              -41.1043,
              -20.2747
            ],
            [
              -41.1052,
              -20.2727
            ],
            [
              -41.1081,
              -20.2723
            ],
            [
              -41.1087,
              -20.2709
            ],
            [
              -41.1107,
              -20.2696
            ],
            [
              -41.1133,
              -20.2694
            ],
            [
              -41.1139,
              -20.2674
            ],
            [
              -41.1159,
              -20.2663
            ],
            [
              -41.1175,
              -20.2666
            ],
            [
              -41.1195,
              -20.2686
            ],
            [
              -41.1213,
              -20.2688
            ],
            [
              -41.1232,
              -20.2683
            ],
            [
              -41.1247,
              -20.2658
            ],
            [
              -41.1258,
              -20.2657
            ],
            [
              -41.1282,
              -20.2675
            ],
            [
              -41.1292,
              -20.2689
            ],
            [
              -41.1296,
              -20.273
            ],
            [
              -41.1304,
              -20.2755
            ],
            [
              -41.1316,
              -20.2775
            ],
            [
              -41.1317,
              -20.2801
            ],
            [
              -41.1325,
              -20.284
            ],
            [
              -41.1352,
              -20.2855
            ],
            [
              -41.1367,
              -20.2877
            ],
            [
              -41.1368,
              -20.2894
            ],
            [
              -41.1345,
              -20.2926
            ],
            [
              -41.1317,
              -20.2928
            ],
            [
              -41.1308,
              -20.2944
            ],
            [
              -41.129,
              -20.2952
            ],
            [
              -41.1228,
              -20.2948
            ],
            [
              -41.1187,
              -20.2967
            ],
            [
              -41.117,
              -20.2963
            ],
            [
              -41.1145,
              -20.2972
            ],
            [
              -41.1119,
              -20.2975
            ],
            [
              -41.1112,
              -20.2987
            ],
            [
              -41.1096,
              -20.2991
            ],
            [
              -41.1088,
              -20.3016
            ],
            [
              -41.1057,
              -20.303
            ],
            [
              -41.1049,
              -20.3042
            ],
            [
              -41.1042,
              -20.3081
            ],
            [
              -41.1054,
              -20.3134
            ],
            [
              -41.1036,
              -20.3153
            ],
            [
              -41.1032,
              -20.3174
            ],
            [
              -41.1037,
              -20.3197
            ],
            [
              -41.1049,
              -20.3225
            ],
            [
              -41.1006,
              -20.3249
            ],
            [
              -41.0982,
              -20.3265
            ],
            [
              -41.0974,
              -20.3287
            ],
            [
              -41.095,
              -20.3303
            ],
            [
              -41.0938,
              -20.3336
            ],
            [
              -41.093,
              -20.3341
            ],
            [
              -41.093,
              -20.3362
            ],
            [
              -41.0935,
              -20.3369
            ],
            [
              -41.0959,
              -20.3377
            ],
            [
              -41.0968,
              -20.3385
            ],
            [
              -41.0969,
              -20.34
            ],
            [
              -41.0984,
              -20.3405
            ],
            [
              -41.0993,
              -20.342
            ],
            [
              -41.0984,
              -20.344
            ],
            [
              -41.0949,
              -20.3464
            ],
            [
              -41.0908,
              -20.3498
            ],
            [
              -41.0879,
              -20.3516
            ],
            [
              -41.0872,
              -20.353
            ],
            [
              -41.0878,
              -20.3548
            ],
            [
              -41.0889,
              -20.3553
            ],
            [
              -41.0898,
              -20.3572
            ],
            [
              -41.0891,
              -20.359
            ],
            [
              -41.0902,
              -20.3604
            ],
            [
              -41.0899,
              -20.3621
            ],
            [
              -41.09,
              -20.3651
            ],
            [
              -41.0911,
              -20.3688
            ],
            [
              -41.0899,
              -20.3708
            ],
            [
              -41.091,
              -20.3721
            ],
            [
              -41.0915,
              -20.3741
            ],
            [
              -41.0905,
              -20.3756
            ],
            [
              -41.0925,
              -20.3803
            ],
            [
              -41.091,
              -20.3812
            ],
            [
              -41.0878,
              -20.3809
            ],
            [
              -41.0867,
              -20.3828
            ],
            [
              -41.0845,
              -20.3836
            ],
            [
              -41.0784,
              -20.3836
            ],
            [
              -41.0775,
              -20.3855
            ],
            [
              -41.0757,
              -20.387
            ],
            [
              -41.073,
              -20.3879
            ],
            [
              -41.0714,
              -20.3899
            ],
            [
              -41.0726,
              -20.3919
            ],
            [
              -41.0704,
              -20.3955
            ],
            [
              -41.0708,
              -20.3973
            ],
            [
              -41.0726,
              -20.3993
            ],
            [
              -41.0743,
              -20.4
            ],
            [
              -41.0749,
              -20.4026
            ],
            [
              -41.0744,
              -20.4051
            ],
            [
              -41.0705,
              -20.4061
            ],
            [
              -41.0676,
              -20.4078
            ],
            [
              -41.0676,
              -20.4084
            ],
            [
              -41.0638,
              -20.41
            ],
            [
              -41.0635,
              -20.4106
            ],
            [
              -41.0644,
              -20.4131
            ],
            [
              -41.0639,
              -20.4154
            ],
            [
              -41.0667,
              -20.4219
            ],
            [
              -41.0638,
              -20.4222
            ],
            [
              -41.062,
              -20.4219
            ],
            [
              -41.06,
              -20.4239
            ],
            [
              -41.0604,
              -20.4255
            ],
            [
              -41.0592,
              -20.4258
            ],
            [
              -41.0576,
              -20.428
            ],
            [
              -41.0583,
              -20.4306
            ],
            [
              -41.0575,
              -20.432
            ],
            [
              -41.0559,
              -20.4328
            ],
            [
              -41.0536,
              -20.4358
            ],
            [
              -41.0531,
              -20.438
            ],
            [
              -41.0523,
              -20.4393
            ],
            [
              -41.0524,
              -20.441
            ],
            [
              -41.052,
              -20.445
            ],
            [
              -41.0527,
              -20.4478
            ],
            [
              -41.0509,
              -20.4486
            ],
            [
              -41.0498,
              -20.4505
            ],
            [
              -41.0502,
              -20.4517
            ],
            [
              -41.0514,
              -20.4529
            ],
            [
              -41.0497,
              -20.4539
            ],
            [
              -41.0486,
              -20.4551
            ],
            [
              -41.047,
              -20.4558
            ],
            [
              -41.0456,
              -20.4571
            ],
            [
              -41.0458,
              -20.4586
            ],
            [
              -41.0466,
              -20.459
            ],
            [
              -41.0472,
              -20.4608
            ],
            [
              -41.0507,
              -20.4605
            ],
            [
              -41.0516,
              -20.4596
            ],
            [
              -41.0528,
              -20.4599
            ],
            [
              -41.0531,
              -20.4619
            ],
            [
              -41.0528,
              -20.4638
            ],
            [
              -41.0534,
              -20.4654
            ],
            [
              -41.0554,
              -20.4668
            ],
            [
              -41.0562,
              -20.4692
            ],
            [
              -41.0547,
              -20.47
            ],
            [
              -41.0539,
              -20.4729
            ],
            [
              -41.052,
              -20.4742
            ],
            [
              -41.0524,
              -20.4753
            ],
            [
              -41.0513,
              -20.4772
            ],
            [
              -41.051,
              -20.4796
            ],
            [
              -41.0504,
              -20.4811
            ],
            [
              -41.0479,
              -20.4797
            ],
            [
              -41.0473,
              -20.4776
            ],
            [
              -41.0463,
              -20.4767
            ],
            [
              -41.0446,
              -20.4771
            ],
            [
              -41.044,
              -20.4793
            ],
            [
              -41.0426,
              -20.4812
            ],
            [
              -41.0416,
              -20.4817
            ],
            [
              -41.0395,
              -20.4838
            ],
            [
              -41.0386,
              -20.484
            ],
            [
              -41.0368,
              -20.4831
            ],
            [
              -41.0292,
              -20.4828
            ],
            [
              -41.0284,
              -20.4844
            ],
            [
              -41.0256,
              -20.4837
            ],
            [
              -41.0228,
              -20.4837
            ],
            [
              -41.0217,
              -20.4833
            ],
            [
              -41.0201,
              -20.4837
            ],
            [
              -41.0186,
              -20.4835
            ],
            [
              -41.0183,
              -20.4816
            ],
            [
              -41.0195,
              -20.4796
            ],
            [
              -41.0194,
              -20.478
            ],
            [
              -41.0165,
              -20.4771
            ],
            [
              -41.0147,
              -20.475
            ],
            [
              -41.012,
              -20.4745
            ],
            [
              -41.005,
              -20.4705
            ],
            [
              -41.0042,
              -20.4682
            ],
            [
              -41.0058,
              -20.4672
            ],
            [
              -41.0065,
              -20.4633
            ],
            [
              -41.0092,
              -20.4605
            ],
            [
              -41.0106,
              -20.458
            ],
            [
              -41.0105,
              -20.4565
            ],
            [
              -41.0089,
              -20.455
            ],
            [
              -41.0086,
              -20.4529
            ],
            [
              -41.0074,
              -20.4505
            ],
            [
              -41.0079,
              -20.447
            ],
            [
              -41.0078,
              -20.444
            ],
            [
              -41.0086,
              -20.4424
            ],
            [
              -41.0084,
              -20.4407
            ],
            [
              -41.0093,
              -20.4375
            ],
            [
              -41.0101,
              -20.4356
            ],
            [
              -41.0104,
              -20.4338
            ],
            [
              -41.0082,
              -20.433
            ],
            [
              -41.0063,
              -20.431
            ],
            [
              -41.0045,
              -20.4296
            ],
            [
              -41.0018,
              -20.4262
            ],
            [
              -41.0003,
              -20.4259
            ],
            [
              -40.9987,
              -20.4263
            ],
            [
              -40.9951,
              -20.4279
            ],
            [
              -40.992,
              -20.4307
            ],
            [
              -40.9896,
              -20.4309
            ],
            [
              -40.9882,
              -20.4332
            ],
            [
              -40.9881,
              -20.4368
            ],
            [
              -40.9867,
              -20.435
            ],
            [
              -40.9798,
              -20.4339
            ],
            [
              -40.9761,
              -20.4347
            ],
            [
              -40.9747,
              -20.4361
            ],
            [
              -40.9721,
              -20.4365
            ],
            [
              -40.9704,
              -20.4362
            ],
            [
              -40.9674,
              -20.4345
            ],
            [
              -40.9658,
              -20.4355
            ],
            [
              -40.9627,
              -20.4341
            ],
            [
              -40.9632,
              -20.4324
            ],
            [
              -40.9628,
              -20.4307
            ],
            [
              -40.9617,
              -20.43
            ],
            [
              -40.9603,
              -20.4303
            ],
            [
              -40.9593,
              -20.4316
            ],
            [
              -40.9592,
              -20.4328
            ],
            [
              -40.9552,
              -20.4357
            ],
            [
              -40.9538,
              -20.4365
            ],
            [
              -40.9511,
              -20.4354
            ],
            [
              -40.9483,
              -20.4359
            ],
            [
              -40.9477,
              -20.4392
            ],
            [
              -40.9457,
              -20.4401
            ],
            [
              -40.9442,
              -20.4384
            ],
            [
              -40.9411,
              -20.4397
            ],
            [
              -40.94,
              -20.4377
            ],
            [
              -40.9378,
              -20.4363
            ],
            [
              -40.934,
              -20.4367
            ],
            [
              -40.933,
              -20.4364
            ],
            [
              -40.93,
              -20.4369
            ],
            [
              -40.9291,
              -20.4376
            ],
            [
              -40.9275,
              -20.4404
            ],
            [
              -40.9275,
              -20.4424
            ],
            [
              -40.9264,
              -20.4419
            ],
            [
              -40.9253,
              -20.4424
            ],
            [
              -40.9238,
              -20.442
            ],
            [
              -40.9208,
              -20.442
            ],
            [
              -40.9193,
              -20.4427
            ],
            [
              -40.9182,
              -20.444
            ],
            [
              -40.9193,
              -20.4453
            ],
            [
              -40.9194,
              -20.4483
            ],
            [
              -40.9188,
              -20.4489
            ],
            [
              -40.9146,
              -20.4498
            ],
            [
              -40.9124,
              -20.4487
            ],
            [
              -40.911,
              -20.4485
            ],
            [
              -40.91,
              -20.4465
            ],
            [
              -40.9057,
              -20.4466
            ],
            [
              -40.9036,
              -20.4478
            ],
            [
              -40.9021,
              -20.4495
            ],
            [
              -40.9004,
              -20.4476
            ],
            [
              -40.902,
              -20.4458
            ],
            [
              -40.9026,
              -20.4437
            ],
            [
              -40.9023,
              -20.4428
            ],
            [
              -40.9029,
              -20.4392
            ],
            [
              -40.9036,
              -20.4374
            ],
            [
              -40.9028,
              -20.4355
            ],
            [
              -40.9008,
              -20.4358
            ],
            [
              -40.899,
              -20.4339
            ],
            [
              -40.8984,
              -20.4308
            ],
            [
              -40.8988,
              -20.4296
            ],
            [
              -40.898,
              -20.4274
            ],
            [
              -40.8998,
              -20.4266
            ],
            [
              -40.9,
              -20.4251
            ],
            [
              -40.8992,
              -20.4234
            ],
            [
              -40.8981,
              -20.4225
            ],
            [
              -40.8962,
              -20.4218
            ],
            [
              -40.8925,
              -20.4211
            ],
            [
              -40.8888,
              -20.4218
            ],
            [
              -40.8882,
              -20.4191
            ],
            [
              -40.889,
              -20.4181
            ],
            [
              -40.8886,
              -20.4158
            ],
            [
              -40.8871,
              -20.4137
            ],
            [
              -40.8867,
              -20.4096
            ],
            [
              -40.8881,
              -20.4079
            ],
            [
              -40.8887,
              -20.4049
            ],
            [
              -40.89,
              -20.4034
            ],
            [
              -40.8918,
              -20.4031
            ],
            [
              -40.8946,
              -20.3998
            ],
            [
              -40.8949,
              -20.3988
            ],
            [
              -40.8932,
              -20.3983
            ],
            [
              -40.8929,
              -20.3972
            ],
            [
              -40.8915,
              -20.3963
            ],
            [
              -40.889,
              -20.3966
            ],
            [
              -40.8875,
              -20.3973
            ],
            [
              -40.886,
              -20.3963
            ],
            [
              -40.8853,
              -20.395
            ],
            [
              -40.8841,
              -20.3938
            ],
            [
              -40.8841,
              -20.3925
            ],
            [
              -40.8812,
              -20.3925
            ],
            [
              -40.8799,
              -20.3909
            ],
            [
              -40.8792,
              -20.3885
            ],
            [
              -40.8766,
              -20.3877
            ],
            [
              -40.8754,
              -20.3864
            ],
            [
              -40.8728,
              -20.3866
            ],
            [
              -40.8723,
              -20.3856
            ],
            [
              -40.8726,
              -20.3836
            ],
            [
              -40.8686,
              -20.3817
            ],
            [
              -40.8666,
              -20.3826
            ],
            [
              -40.8651,
              -20.3816
            ],
            [
              -40.8635,
              -20.382
            ],
            [
              -40.859,
              -20.3812
            ],
            [
              -40.8573,
              -20.3815
            ],
            [
              -40.8553,
              -20.3855
            ],
            [
              -40.8518,
              -20.3828
            ],
            [
              -40.8491,
              -20.3832
            ],
            [
              -40.8476,
              -20.3819
            ],
            [
              -40.8456,
              -20.3795
            ],
            [
              -40.8422,
              -20.3779
            ],
            [
              -40.8408,
              -20.3777
            ],
            [
              -40.8389,
              -20.3765
            ],
            [
              -40.8362,
              -20.3762
            ],
            [
              -40.8342,
              -20.3755
            ],
            [
              -40.8332,
              -20.3785
            ],
            [
              -40.832,
              -20.3801
            ],
            [
              -40.8303,
              -20.3806
            ],
            [
              -40.8294,
              -20.3828
            ],
            [
              -40.8271,
              -20.3852
            ],
            [
              -40.8246,
              -20.3855
            ],
            [
              -40.8241,
              -20.3868
            ],
            [
              -40.8253,
              -20.3893
            ],
            [
              -40.8251,
              -20.3901
            ],
            [
              -40.8216,
              -20.3919
            ],
            [
              -40.8208,
              -20.3931
            ],
            [
              -40.8184,
              -20.3932
            ],
            [
              -40.8167,
              -20.3926
            ],
            [
              -40.8144,
              -20.3931
            ],
            [
              -40.8123,
              -20.3941
            ],
            [
              -40.8096,
              -20.3942
            ],
            [
              -40.8066,
              -20.3966
            ],
            [
              -40.8031,
              -20.3963
            ],
            [
              -40.8007,
              -20.3992
            ],
            [
              -40.7995,
              -20.3991
            ],
            [
              -40.7971,
              -20.4017
            ],
            [
              -40.7946,
              -20.4021
            ],
            [
              -40.7934,
              -20.4027
            ],
            [
              -40.7923,
              -20.4045
            ],
            [
              -40.7905,
              -20.4063
            ],
            [
              -40.7891,
              -20.406
            ],
            [
              -40.7886,
              -20.4035
            ],
            [
              -40.7878,
              -20.4017
            ],
            [
              -40.7868,
              -20.4011
            ],
            [
              -40.7869,
              -20.3992
            ],
            [
              -40.7861,
              -20.397
            ],
            [
              -40.7876,
              -20.3945
            ],
            [
              -40.789,
              -20.3931
            ],
            [
              -40.7879,
              -20.3884
            ],
            [
              -40.7884,
              -20.3875
            ],
            [
              -40.7868,
              -20.3852
            ],
            [
              -40.787,
              -20.3834
            ],
            [
              -40.7839,
              -20.3819
            ],
            [
              -40.7839,
              -20.3807
            ],
            [
              -40.7821,
              -20.3804
            ],
            [
              -40.7806,
              -20.3794
            ],
            [
              -40.7805,
              -20.3785
            ],
            [
              -40.7825,
              -20.3737
            ],
            [
              -40.7805,
              -20.3712
            ],
            [
              -40.7771,
              -20.3702
            ],
            [
              -40.7769,
              -20.3694
            ],
            [
              -40.7781,
              -20.3682
            ],
            [
              -40.7781,
              -20.3654
            ],
            [
              -40.7766,
              -20.3647
            ],
            [
              -40.7762,
              -20.3633
            ],
            [
              -40.775,
              -20.3628
            ],
            [
              -40.774,
              -20.3634
            ],
            [
              -40.7706,
              -20.3618
            ],
            [
              -40.7672,
              -20.3596
            ],
            [
              -40.7666,
              -20.3569
            ],
            [
              -40.7645,
              -20.3557
            ],
            [
              -40.7642,
              -20.3541
            ],
            [
              -40.7648,
              -20.3531
            ],
            [
              -40.7623,
              -20.3518
            ],
            [
              -40.7611,
              -20.3499
            ],
            [
              -40.7614,
              -20.3488
            ],
            [
              -40.7587,
              -20.347
            ],
            [
              -40.7546,
              -20.347
            ],
            [
              -40.7524,
              -20.3477
            ],
            [
              -40.7505,
              -20.3467
            ],
            [
              -40.7476,
              -20.3442
            ],
            [
              -40.7453,
              -20.3432
            ],
            [
              -40.7437,
              -20.3442
            ],
            [
              -40.7418,
              -20.3445
            ],
            [
              -40.7384,
              -20.3445
            ],
            [
              -40.7373,
              -20.3455
            ],
            [
              -40.7349,
              -20.3466
            ],
            [
              -40.7329,
              -20.347
            ],
            [
              -40.7322,
              -20.3484
            ],
            [
              -40.7325,
              -20.352
            ],
            [
              -40.7341,
              -20.3532
            ],
            [
              -40.7349,
              -20.3548
            ],
            [
              -40.7346,
              -20.3583
            ],
            [
              -40.7358,
              -20.3604
            ],
            [
              -40.7384,
              -20.3633
            ],
            [
              -40.739,
              -20.3653
            ],
            [
              -40.7388,
              -20.3666
            ],
            [
              -40.7361,
              -20.3697
            ],
            [
              -40.7366,
              -20.3737
            ],
            [
              -40.7374,
              -20.3751
            ],
            [
              -40.7388,
              -20.3756
            ],
            [
              -40.7393,
              -20.3768
            ],
            [
              -40.7415,
              -20.3799
            ],
            [
              -40.7411,
              -20.3817
            ],
            [
              -40.74,
              -20.3823
            ],
            [
              -40.7395,
              -20.3841
            ],
            [
              -40.7404,
              -20.3854
            ],
            [
              -40.7377,
              -20.3859
            ],
            [
              -40.7338,
              -20.3877
            ],
            [
              -40.732,
              -20.3891
            ],
            [
              -40.7297,
              -20.3893
            ],
            [
              -40.7265,
              -20.3876
            ],
            [
              -40.7253,
              -20.3865
            ],
            [
              -40.7236,
              -20.3867
            ],
            [
              -40.7214,
              -20.3884
            ],
            [
              -40.7192,
              -20.3871
            ],
            [
              -40.7183,
              -20.3848
            ],
            [
              -40.7173,
              -20.3842
            ],
            [
              -40.7169,
              -20.3819
            ],
            [
              -40.7179,
              -20.3797
            ],
            [
              -40.7171,
              -20.3787
            ],
            [
              -40.715,
              -20.3789
            ],
            [
              -40.712,
              -20.3772
            ],
            [
              -40.7094,
              -20.3782
            ],
            [
              -40.7084,
              -20.3809
            ],
            [
              -40.7081,
              -20.3839
            ],
            [
              -40.7069,
              -20.3862
            ],
            [
              -40.7035,
              -20.3874
            ],
            [
              -40.7021,
              -20.3896
            ],
            [
              -40.6999,
              -20.3895
            ],
            [
              -40.6949,
              -20.3906
            ],
            [
              -40.693,
              -20.3929
            ],
            [
              -40.69,
              -20.393
            ],
            [
              -40.6897,
              -20.3915
            ],
            [
              -40.6905,
              -20.3891
            ],
            [
              -40.6888,
              -20.3875
            ],
            [
              -40.6874,
              -20.3879
            ],
            [
              -40.6802,
              -20.3879
            ],
            [
              -40.6792,
              -20.3885
            ],
            [
              -40.6763,
              -20.3883
            ],
            [
              -40.6751,
              -20.3875
            ],
            [
              -40.674,
              -20.386
            ],
            [
              -40.6709,
              -20.3864
            ],
            [
              -40.6704,
              -20.3879
            ],
            [
              -40.6689,
              -20.3887
            ],
            [
              -40.6659,
              -20.3843
            ],
            [
              -40.6647,
              -20.3839
            ],
            [
              -40.6623,
              -20.3846
            ],
            [
              -40.6599,
              -20.3841
            ],
            [
              -40.6581,
              -20.3842
            ],
            [
              -40.6551,
              -20.386
            ],
            [
              -40.6529,
              -20.3852
            ],
            [
              -40.6503,
              -20.3861
            ],
            [
              -40.6492,
              -20.3857
            ],
            [
              -40.647,
              -20.3862
            ],
            [
              -40.6455,
              -20.3872
            ],
            [
              -40.6439,
              -20.3914
            ],
            [
              -40.6456,
              -20.3929
            ],
            [
              -40.646,
              -20.3941
            ],
            [
              -40.645,
              -20.3959
            ],
            [
              -40.6459,
              -20.3973
            ],
            [
              -40.6455,
              -20.3985
            ],
            [
              -40.6468,
              -20.3996
            ],
            [
              -40.6471,
              -20.4016
            ],
            [
              -40.643,
              -20.4044
            ],
            [
              -40.6417,
              -20.4058
            ],
            [
              -40.6408,
              -20.4084
            ],
            [
              -40.6393,
              -20.4113
            ],
            [
              -40.6374,
              -20.4131
            ],
            [
              -40.6375,
              -20.4144
            ],
            [
              -40.6362,
              -20.4162
            ],
            [
              -40.6347,
              -20.419
            ],
            [
              -40.6324,
              -20.4197
            ],
            [
              -40.6294,
              -20.4214
            ],
            [
              -40.6282,
              -20.4235
            ],
            [
              -40.6253,
              -20.4242
            ],
            [
              -40.6248,
              -20.423
            ],
            [
              -40.6223,
              -20.4235
            ],
            [
              -40.618,
              -20.4233
            ],
            [
              -40.6176,
              -20.422
            ],
            [
              -40.6162,
              -20.4218
            ],
            [
              -40.6165,
              -20.42
            ],
            [
              -40.6153,
              -20.4179
            ],
            [
              -40.6152,
              -20.4145
            ],
            [
              -40.6148,
              -20.4138
            ],
            [
              -40.6089,
              -20.413
            ],
            [
              -40.608,
              -20.4126
            ],
            [
              -40.6043,
              -20.4141
            ],
            [
              -40.6032,
              -20.4138
            ],
            [
              -40.6014,
              -20.4149
            ],
            [
              -40.5988,
              -20.4155
            ],
            [
              -40.5972,
              -20.4147
            ],
            [
              -40.5951,
              -20.4141
            ],
            [
              -40.5924,
              -20.4142
            ],
            [
              -40.5893,
              -20.415
            ],
            [
              -40.5869,
              -20.4149
            ],
            [
              -40.582,
              -20.4131
            ],
            [
              -40.5791,
              -20.4131
            ],
            [
              -40.5767,
              -20.4123
            ],
            [
              -40.5755,
              -20.4113
            ],
            [
              -40.5739,
              -20.411
            ],
            [
              -40.5725,
              -20.4118
            ],
            [
              -40.571,
              -20.4108
            ],
            [
              -40.5679,
              -20.411
            ],
            [
              -40.5655,
              -20.4098
            ],
            [
              -40.5638,
              -20.4102
            ],
            [
              -40.5621,
              -20.4094
            ],
            [
              -40.5562,
              -20.409
            ],
            [
              -40.5551,
              -20.4062
            ],
            [
              -40.553,
              -20.4042
            ],
            [
              -40.5506,
              -20.4046
            ],
            [
              -40.5497,
              -20.4042
            ],
            [
              -40.546,
              -20.4038
            ],
            [
              -40.5434,
              -20.4028
            ],
            [
              -40.5441,
              -20.4015
            ],
            [
              -40.5459,
              -20.4017
            ],
            [
              -40.548,
              -20.4001
            ],
            [
              -40.5448,
              -20.3986
            ],
            [
              -40.5433,
              -20.397
            ],
            [
              -40.5415,
              -20.3942
            ],
            [
              -40.5387,
              -20.3914
            ],
            [
              -40.5348,
              -20.391
            ],
            [
              -40.5338,
              -20.3902
            ],
            [
              -40.5345,
              -20.3891
            ],
            [
              -40.5375,
              -20.389
            ],
            [
              -40.5391,
              -20.3883
            ],
            [
              -40.5403,
              -20.3858
            ],
            [
              -40.543,
              -20.3854
            ],
            [
              -40.5445,
              -20.3846
            ],
            [
              -40.5466,
              -20.3863
            ],
            [
              -40.5496,
              -20.3869
            ],
            [
              -40.5518,
              -20.3888
            ],
            [
              -40.5548,
              -20.389
            ],
            [
              -40.557,
              -20.3874
            ],
            [
              -40.5594,
              -20.3873
            ],
            [
              -40.5613,
              -20.3886
            ],
            [
              -40.5635,
              -20.3863
            ],
            [
              -40.5625,
              -20.3846
            ],
            [
              -40.5608,
              -20.3828
            ],
            [
              -40.5608,
              -20.3806
            ],
            [
              -40.5619,
              -20.3788
            ],
            [
              -40.5616,
              -20.3771
            ],
            [
              -40.5595,
              -20.3754
            ],
            [
              -40.5583,
              -20.3732
            ],
            [
              -40.5603,
              -20.3722
            ],
            [
              -40.5626,
              -20.3732
            ],
            [
              -40.5646,
              -20.3728
            ],
            [
              -40.5655,
              -20.3733
            ],
            [
              -40.5657,
              -20.3754
            ],
            [
              -40.5666,
              -20.3764
            ],
            [
              -40.5677,
              -20.3758
            ],
            [
              -40.569,
              -20.3762
            ],
            [
              -40.5696,
              -20.3777
            ],
            [
              -40.5708,
              -20.3774
            ],
            [
              -40.5707,
              -20.3761
            ],
            [
              -40.5718,
              -20.375
            ],
            [
              -40.5719,
              -20.3723
            ],
            [
              -40.5728,
              -20.372
            ],
            [
              -40.5753,
              -20.3724
            ],
            [
              -40.5764,
              -20.37
            ],
            [
              -40.5776,
              -20.3693
            ],
            [
              -40.5798,
              -20.3693
            ],
            [
              -40.5806,
              -20.3672
            ],
            [
              -40.5786,
              -20.3634
            ],
            [
              -40.5796,
              -20.3625
            ],
            [
              -40.5812,
              -20.3624
            ],
            [
              -40.5832,
              -20.3637
            ],
            [
              -40.5832,
              -20.3649
            ],
            [
              -40.5858,
              -20.3677
            ],
            [
              -40.5892,
              -20.3683
            ],
            [
              -40.5925,
              -20.3672
            ],
            [
              -40.5935,
              -20.3653
            ],
            [
              -40.5929,
              -20.3641
            ],
            [
              -40.5946,
              -20.3626
            ],
            [
              -40.5941,
              -20.3608
            ],
            [
              -40.5915,
              -20.358
            ],
            [
              -40.5927,
              -20.3568
            ],
            [
              -40.5914,
              -20.3549
            ],
            [
              -40.5903,
              -20.3543
            ],
            [
              -40.5893,
              -20.3518
            ],
            [
              -40.588,
              -20.3504
            ],
            [
              -40.5879,
              -20.3486
            ],
            [
              -40.5863,
              -20.3494
            ],
            [
              -40.5856,
              -20.3488
            ],
            [
              -40.586,
              -20.3466
            ],
            [
              -40.5854,
              -20.3457
            ],
            [
              -40.584,
              -20.3459
            ],
            [
              -40.5838,
              -20.3447
            ],
            [
              -40.5822,
              -20.3435
            ],
            [
              -40.5826,
              -20.3428
            ],
            [
              -40.5851,
              -20.3421
            ],
            [
              -40.5856,
              -20.3412
            ],
            [
              -40.5843,
              -20.3384
            ],
            [
              -40.5845,
              -20.337
            ],
            [
              -40.5857,
              -20.337
            ],
            [
              -40.5865,
              -20.336
            ],
            [
              -40.586,
              -20.335
            ],
            [
              -40.5842,
              -20.3346
            ],
            [
              -40.5844,
              -20.3329
            ],
            [
              -40.5839,
              -20.3295
            ],
            [
              -40.5827,
              -20.3273
            ],
            [
              -40.5826,
              -20.3255
            ],
            [
              -40.5812,
              -20.3251
            ],
            [
              -40.5809,
              -20.3235
            ],
            [
              -40.5797,
              -20.3221
            ],
            [
              -40.5801,
              -20.3211
            ],
            [
              -40.5804,
              -20.3159
            ],
            [
              -40.5813,
              -20.3129
            ],
            [
              -40.5823,
              -20.3119
            ],
            [
              -40.5816,
              -20.3074
            ],
            [
              -40.5826,
              -20.3054
            ],
            [
              -40.582,
              -20.2995
            ],
            [
              -40.581,
              -20.2978
            ],
            [
              -40.5812,
              -20.2954
            ],
            [
              -40.5824,
              -20.2921
            ],
            [
              -40.585,
              -20.2935
            ],
            [
              -40.5872,
              -20.2907
            ],
            [
              -40.5905,
              -20.2875
            ],
            [
              -40.5921,
              -20.2867
            ],
            [
              -40.5921,
              -20.2856
            ],
            [
              -40.5941,
              -20.2841
            ],
            [
              -40.5964,
              -20.2814
            ],
            [
              -40.598,
              -20.2803
            ],
            [
              -40.6001,
              -20.2782
            ],
            [
              -40.5984,
              -20.2771
            ],
            [
              -40.5986,
              -20.276
            ],
            [
              -40.6022,
              -20.2699
            ],
            [
              -40.6034,
              -20.2692
            ],
            [
              -40.6046,
              -20.2673
            ],
            [
              -40.6047,
              -20.2645
            ],
            [
              -40.6044,
              -20.2626
            ],
            [
              -40.6049,
              -20.2609
            ],
            [
              -40.6046,
              -20.2564
            ],
            [
              -40.6042,
              -20.2557
            ],
            [
              -40.6052,
              -20.2535
            ],
            [
              -40.6047,
              -20.251
            ],
            [
              -40.6012,
              -20.2491
            ],
            [
              -40.5963,
              -20.2461
            ],
            [
              -40.5946,
              -20.2453
            ]
          ]
        ]
      },
      "properties": {
        "codarea": "3201902",
        "nome_municipio": "Domingos Martins",
        "codigo_ibge": 3201902
      }
    },
    {
      "type": "Feature",
      "geometry": {
        "type": "Polygon",
        "coordinates": [
          [
            [
              -40.7708,
              -20.7873
            ],
            [
              -40.7728,
              -20.7852
            ],
            [
              -40.7729,
              -20.7842
            ],
            [
              -40.7723,
              -20.7819
            ],
            [
              -40.7725,
              -20.7798
            ],
            [
              -40.7736,
              -20.7754
            ],
            [
              -40.7748,
              -20.7741
            ],
            [
              -40.7746,
              -20.7724
            ],
            [
              -40.7736,
              -20.7712
            ],
            [
              -40.7717,
              -20.7704
            ],
            [
              -40.7717,
              -20.7672
            ],
            [
              -40.7726,
              -20.7658
            ],
            [
              -40.7746,
              -20.7664
            ],
            [
              -40.7774,
              -20.7655
            ],
            [
              -40.7788,
              -20.7662
            ],
            [
              -40.7808,
              -20.7639
            ],
            [
              -40.7796,
              -20.7618
            ],
            [
              -40.7792,
              -20.7603
            ],
            [
              -40.776,
              -20.7566
            ],
            [
              -40.7767,
              -20.7548
            ],
            [
              -40.7784,
              -20.7539
            ],
            [
              -40.7804,
              -20.7515
            ],
            [
              -40.7831,
              -20.7505
            ],
            [
              -40.7844,
              -20.7484
            ],
            [
              -40.7864,
              -20.7485
            ],
            [
              -40.7878,
              -20.7495
            ],
            [
              -40.7899,
              -20.75
            ],
            [
              -40.792,
              -20.7492
            ],
            [
              -40.7951,
              -20.7508
            ],
            [
              -40.798,
              -20.752
            ],
            [
              -40.7996,
              -20.7531
            ],
            [
              -40.8002,
              -20.7548
            ],
            [
              -40.8021,
              -20.7555
            ],
            [
              -40.8026,
              -20.7548
            ],
            [
              -40.8055,
              -20.754
            ],
            [
              -40.8064,
              -20.7543
            ],
            [
              -40.8085,
              -20.7533
            ],
            [
              -40.8104,
              -20.7506
            ],
            [
              -40.8101,
              -20.7481
            ],
            [
              -40.8091,
              -20.7454
            ],
            [
              -40.8075,
              -20.7435
            ],
            [
              -40.8067,
              -20.7435
            ],
            [
              -40.8067,
              -20.7413
            ],
            [
              -40.8079,
              -20.7399
            ],
            [
              -40.8073,
              -20.7381
            ],
            [
              -40.8055,
              -20.7371
            ],
            [
              -40.8049,
              -20.7337
            ],
            [
              -40.8052,
              -20.7329
            ],
            [
              -40.8029,
              -20.7327
            ],
            [
              -40.7991,
              -20.7309
            ],
            [
              -40.7993,
              -20.7293
            ],
            [
              -40.7979,
              -20.7291
            ],
            [
              -40.7976,
              -20.7255
            ],
            [
              -40.7946,
              -20.7257
            ],
            [
              -40.7948,
              -20.7246
            ],
            [
              -40.7937,
              -20.7212
            ],
            [
              -40.7923,
              -20.721
            ],
            [
              -40.7925,
              -20.7198
            ],
            [
              -40.7922,
              -20.7171
            ],
            [
              -40.7913,
              -20.7162
            ],
            [
              -40.7935,
              -20.7146
            ],
            [
              -40.7945,
              -20.7127
            ],
            [
              -40.7966,
              -20.7125
            ],
            [
              -40.8023,
              -20.7145
            ],
            [
              -40.8038,
              -20.7174
            ],
            [
              -40.8058,
              -20.7169
            ],
            [
              -40.8087,
              -20.7152
            ],
            [
              -40.8072,
              -20.7132
            ],
            [
              -40.8073,
              -20.7123
            ],
            [
              -40.8097,
              -20.7099
            ],
            [
              -40.8107,
              -20.7082
            ],
            [
              -40.8132,
              -20.7075
            ],
            [
              -40.8151,
              -20.7053
            ],
            [
              -40.8184,
              -20.7007
            ],
            [
              -40.8204,
              -20.6983
            ],
            [
              -40.8226,
              -20.6963
            ],
            [
              -40.8246,
              -20.6931
            ],
            [
              -40.8275,
              -20.6904
            ],
            [
              -40.8315,
              -20.6912
            ],
            [
              -40.8343,
              -20.6904
            ],
            [
              -40.8352,
              -20.6892
            ],
            [
              -40.8379,
              -20.689
            ],
            [
              -40.8386,
              -20.6876
            ],
            [
              -40.8402,
              -20.6876
            ],
            [
              -40.8437,
              -20.687
            ],
            [
              -40.8456,
              -20.6878
            ],
            [
              -40.8475,
              -20.6878
            ],
            [
              -40.8494,
              -20.6868
            ],
            [
              -40.8509,
              -20.6851
            ],
            [
              -40.8531,
              -20.6849
            ],
            [
              -40.8558,
              -20.6856
            ],
            [
              -40.8573,
              -20.6849
            ],
            [
              -40.8583,
              -20.6836
            ],
            [
              -40.8633,
              -20.6813
            ],
            [
              -40.8644,
              -20.6788
            ],
            [
              -40.866,
              -20.6779
            ],
            [
              -40.8681,
              -20.6775
            ],
            [
              -40.8694,
              -20.676
            ],
            [
              -40.8709,
              -20.6763
            ],
            [
              -40.8736,
              -20.6735
            ],
            [
              -40.8777,
              -20.6733
            ],
            [
              -40.8793,
              -20.6719
            ],
            [
              -40.8821,
              -20.6704
            ],
            [
              -40.8834,
              -20.6709
            ],
            [
              -40.8847,
              -20.6728
            ],
            [
              -40.8867,
              -20.6741
            ],
            [
              -40.8881,
              -20.6745
            ],
            [
              -40.8883,
              -20.676
            ],
            [
              -40.8924,
              -20.6772
            ],
            [
              -40.8957,
              -20.6772
            ],
            [
              -40.8969,
              -20.6778
            ],
            [
              -40.8974,
              -20.6805
            ],
            [
              -40.8995,
              -20.6803
            ],
            [
              -40.9003,
              -20.6812
            ],
            [
              -40.9017,
              -20.6809
            ],
            [
              -40.9036,
              -20.684
            ],
            [
              -40.906,
              -20.6835
            ],
            [
              -40.907,
              -20.6853
            ],
            [
              -40.9099,
              -20.6859
            ],
            [
              -40.9096,
              -20.687
            ],
            [
              -40.9109,
              -20.6891
            ],
            [
              -40.9104,
              -20.6905
            ],
            [
              -40.9145,
              -20.6922
            ],
            [
              -40.9161,
              -20.6933
            ],
            [
              -40.9165,
              -20.6959
            ],
            [
              -40.9148,
              -20.6997
            ],
            [
              -40.9162,
              -20.7036
            ],
            [
              -40.9169,
              -20.7071
            ],
            [
              -40.9207,
              -20.7117
            ],
            [
              -40.9219,
              -20.7116
            ],
            [
              -40.925,
              -20.7133
            ],
            [
              -40.9263,
              -20.7153
            ],
            [
              -40.9261,
              -20.717
            ],
            [
              -40.927,
              -20.7192
            ],
            [
              -40.9286,
              -20.7209
            ],
            [
              -40.9289,
              -20.7227
            ],
            [
              -40.9286,
              -20.7246
            ],
            [
              -40.929,
              -20.7254
            ],
            [
              -40.9309,
              -20.7262
            ],
            [
              -40.9313,
              -20.7279
            ],
            [
              -40.9324,
              -20.73
            ],
            [
              -40.9326,
              -20.7328
            ],
            [
              -40.9303,
              -20.7335
            ],
            [
              -40.9281,
              -20.7367
            ],
            [
              -40.9262,
              -20.738
            ],
            [
              -40.9241,
              -20.7408
            ],
            [
              -40.9236,
              -20.7422
            ],
            [
              -40.9241,
              -20.7447
            ],
            [
              -40.9231,
              -20.7459
            ],
            [
              -40.9227,
              -20.7478
            ],
            [
              -40.9206,
              -20.7472
            ],
            [
              -40.9205,
              -20.7481
            ],
            [
              -40.9232,
              -20.7493
            ],
            [
              -40.9244,
              -20.7483
            ],
            [
              -40.9241,
              -20.747
            ],
            [
              -40.925,
              -20.7453
            ],
            [
              -40.9275,
              -20.7454
            ],
            [
              -40.9314,
              -20.7472
            ],
            [
              -40.9316,
              -20.7497
            ],
            [
              -40.9323,
              -20.7505
            ],
            [
              -40.9314,
              -20.7527
            ],
            [
              -40.9331,
              -20.7547
            ],
            [
              -40.9348,
              -20.7559
            ],
            [
              -40.9363,
              -20.7587
            ],
            [
              -40.9382,
              -20.7581
            ],
            [
              -40.939,
              -20.759
            ],
            [
              -40.9393,
              -20.7607
            ],
            [
              -40.9405,
              -20.7618
            ],
            [
              -40.9417,
              -20.7642
            ],
            [
              -40.9442,
              -20.7645
            ],
            [
              -40.9445,
              -20.7676
            ],
            [
              -40.946,
              -20.7686
            ],
            [
              -40.9469,
              -20.7701
            ],
            [
              -40.9473,
              -20.7721
            ],
            [
              -40.946,
              -20.7732
            ],
            [
              -40.9426,
              -20.7741
            ],
            [
              -40.9393,
              -20.7772
            ],
            [
              -40.9379,
              -20.7771
            ],
            [
              -40.9367,
              -20.7753
            ],
            [
              -40.9342,
              -20.7769
            ],
            [
              -40.9331,
              -20.7789
            ],
            [
              -40.9321,
              -20.7797
            ],
            [
              -40.9313,
              -20.7816
            ],
            [
              -40.928,
              -20.784
            ],
            [
              -40.9256,
              -20.7851
            ],
            [
              -40.9226,
              -20.7876
            ],
            [
              -40.9196,
              -20.7917
            ],
            [
              -40.918,
              -20.7919
            ],
            [
              -40.9165,
              -20.7933
            ],
            [
              -40.9152,
              -20.7952
            ],
            [
              -40.9131,
              -20.7975
            ],
            [
              -40.9125,
              -20.7996
            ],
            [
              -40.9098,
              -20.8014
            ],
            [
              -40.9075,
              -20.8046
            ],
            [
              -40.9071,
              -20.8061
            ],
            [
              -40.9053,
              -20.8079
            ],
            [
              -40.9027,
              -20.8079
            ],
            [
              -40.9019,
              -20.8107
            ],
            [
              -40.8964,
              -20.8112
            ],
            [
              -40.896,
              -20.8118
            ],
            [
              -40.8973,
              -20.8141
            ],
            [
              -40.8972,
              -20.8151
            ],
            [
              -40.8931,
              -20.816
            ],
            [
              -40.8922,
              -20.8175
            ],
            [
              -40.8896,
              -20.8184
            ],
            [
              -40.8883,
              -20.8181
            ],
            [
              -40.8879,
              -20.8166
            ],
            [
              -40.8851,
              -20.817
            ],
            [
              -40.8829,
              -20.8157
            ],
            [
              -40.8771,
              -20.8147
            ],
            [
              -40.8767,
              -20.8134
            ],
            [
              -40.8745,
              -20.8128
            ],
            [
              -40.8717,
              -20.8105
            ],
            [
              -40.8714,
              -20.8087
            ],
            [
              -40.8697,
              -20.8082
            ],
            [
              -40.867,
              -20.806
            ],
            [
              -40.8628,
              -20.8057
            ],
            [
              -40.8611,
              -20.8076
            ],
            [
              -40.8602,
              -20.8098
            ],
            [
              -40.8591,
              -20.8101
            ],
            [
              -40.8585,
              -20.8125
            ],
            [
              -40.8561,
              -20.8145
            ],
            [
              -40.8554,
              -20.8127
            ],
            [
              -40.8528,
              -20.8103
            ],
            [
              -40.8503,
              -20.8105
            ],
            [
              -40.8415,
              -20.8087
            ],
            [
              -40.8407,
              -20.8096
            ],
            [
              -40.8411,
              -20.8124
            ],
            [
              -40.8408,
              -20.8137
            ],
            [
              -40.8371,
              -20.8135
            ],
            [
              -40.8363,
              -20.8131
            ],
            [
              -40.8329,
              -20.8075
            ],
            [
              -40.8316,
              -20.8071
            ],
            [
              -40.828,
              -20.8085
            ],
            [
              -40.828,
              -20.856
            ],
            [
              -40.798,
              -20.8199
            ],
            [
              -40.7708,
              -20.7873
            ]
          ]
        ]
      },
      "properties": {
        "codarea": "3202603",
        "nome_municipio": "Iconha",
        "codigo_ibge": 3202603
      }
    },
    {
      "type": "Feature",
      "geometry": {
        "type": "Polygon",
        "coordinates": [
          [
            [
              -40.9547,
              -19.8589
            ],
            [
              -40.95,
              -19.8615
            ],
            [
              -40.947,
              -19.8616
            ],
            [
              -40.9441,
              -19.8605
            ],
            [
              -40.9417,
              -19.859
            ],
            [
              -40.9398,
              -19.8592
            ],
            [
              -40.9357,
              -19.8571
            ],
            [
              -40.9343,
              -19.8549
            ],
            [
              -40.9326,
              -19.8554
            ],
            [
              -40.9309,
              -19.8545
            ],
            [
              -40.9306,
              -19.8535
            ],
            [
              -40.9286,
              -19.8523
            ],
            [
              -40.9276,
              -19.8522
            ],
            [
              -40.927,
              -19.851
            ],
            [
              -40.9255,
              -19.8506
            ],
            [
              -40.9214,
              -19.8481
            ],
            [
              -40.92,
              -19.8478
            ],
            [
              -40.9183,
              -19.8453
            ],
            [
              -40.915,
              -19.8439
            ],
            [
              -40.9131,
              -19.8447
            ],
            [
              -40.9138,
              -19.846
            ],
            [
              -40.9124,
              -19.847
            ],
            [
              -40.9118,
              -19.8482
            ],
            [
              -40.9084,
              -19.8474
            ],
            [
              -40.9083,
              -19.8461
            ],
            [
              -40.9067,
              -19.8456
            ],
            [
              -40.9054,
              -19.8434
            ],
            [
              -40.9044,
              -19.8433
            ],
            [
              -40.9032,
              -19.8408
            ],
            [
              -40.8993,
              -19.8403
            ],
            [
              -40.8965,
              -19.8416
            ],
            [
              -40.8952,
              -19.8411
            ],
            [
              -40.892,
              -19.8406
            ],
            [
              -40.8915,
              -19.8386
            ],
            [
              -40.8906,
              -19.8378
            ],
            [
              -40.8888,
              -19.8384
            ],
            [
              -40.8876,
              -19.838
            ],
            [
              -40.8866,
              -19.8361
            ],
            [
              -40.8856,
              -19.836
            ],
            [
              -40.8848,
              -19.8346
            ],
            [
              -40.8294,
              -19.8915
            ],
            [
              -40.8141,
              -19.8882
            ],
            [
              -40.8168,
              -19.885
            ],
            [
              -40.8207,
              -19.8827
            ],
            [
              -40.8214,
              -19.8832
            ],
            [
              -40.8236,
              -19.8821
            ],
            [
              -40.8249,
              -19.8807
            ],
            [
              -40.8248,
              -19.878
            ],
            [
              -40.8259,
              -19.877
            ],
            [
              -40.8263,
              -19.8753
            ],
            [
              -40.8278,
              -19.8728
            ],
            [
              -40.8279,
              -19.8699
            ],
            [
              -40.8283,
              -19.8686
            ],
            [
              -40.8281,
              -19.8663
            ],
            [
              -40.8266,
              -19.8635
            ],
            [
              -40.8246,
              -19.8618
            ],
            [
              -40.8239,
              -19.8607
            ],
            [
              -40.8246,
              -19.8585
            ],
            [
              -40.823,
              -19.8573
            ],
            [
              -40.8209,
              -19.8571
            ],
            [
              -40.8191,
              -19.8535
            ],
            [
              -40.8162,
              -19.8492
            ],
            [
              -40.8165,
              -19.8482
            ],
            [
              -40.8114,
              -19.8428
            ],
            [
              -40.8102,
              -19.8421
            ],
            [
              -40.8066,
              -19.841
            ],
            [
              -40.8044,
              -19.8385
            ],
            [
              -40.803,
              -19.8375
            ],
            [
              -40.8003,
              -19.8385
            ],
            [
              -40.7989,
              -19.8382
            ],
            [
              -40.7967,
              -19.8385
            ],
            [
              -40.796,
              -19.8381
            ],
            [
              -40.7933,
              -19.8346
            ],
            [
              -40.791,
              -19.8345
            ],
            [
              -40.789,
              -19.8339
            ],
            [
              -40.7853,
              -19.8341
            ],
            [
              -40.7825,
              -19.8325
            ],
            [
              -40.7826,
              -19.8312
            ],
            [
              -40.7814,
              -19.8311
            ],
            [
              -40.7806,
              -19.8296
            ],
            [
              -40.7816,
              -19.8274
            ],
            [
              -40.7816,
              -19.8249
            ],
            [
              -40.7824,
              -19.8225
            ],
            [
              -40.7813,
              -19.8215
            ],
            [
              -40.7819,
              -19.819
            ],
            [
              -40.781,
              -19.8151
            ],
            [
              -40.7801,
              -19.8142
            ],
            [
              -40.778,
              -19.8141
            ],
            [
              -40.7765,
              -19.8134
            ],
            [
              -40.7748,
              -19.8139
            ],
            [
              -40.7727,
              -19.8111
            ],
            [
              -40.7707,
              -19.808
            ],
            [
              -40.7715,
              -19.8046
            ],
            [
              -40.7729,
              -19.8025
            ],
            [
              -40.7751,
              -19.8012
            ],
            [
              -40.7744,
              -19.7971
            ],
            [
              -40.7745,
              -19.7959
            ],
            [
              -40.7757,
              -19.7952
            ],
            [
              -40.7746,
              -19.7922
            ],
            [
              -40.7735,
              -19.7882
            ],
            [
              -40.7743,
              -19.786
            ],
            [
              -40.7759,
              -19.7844
            ],
            [
              -40.7781,
              -19.7812
            ],
            [
              -40.7766,
              -19.7811
            ],
            [
              -40.7762,
              -19.7803
            ],
            [
              -40.7759,
              -19.774
            ],
            [
              -40.7764,
              -19.7716
            ],
            [
              -40.7775,
              -19.7688
            ],
            [
              -40.7784,
              -19.7679
            ],
            [
              -40.779,
              -19.7662
            ],
            [
              -40.7806,
              -19.7653
            ],
            [
              -40.7816,
              -19.7617
            ],
            [
              -40.7812,
              -19.7605
            ],
            [
              -40.7818,
              -19.759
            ],
            [
              -40.7795,
              -19.7579
            ],
            [
              -40.7788,
              -19.756
            ],
            [
              -40.7794,
              -19.754
            ],
            [
              -40.7767,
              -19.752
            ],
            [
              -40.7752,
              -19.7516
            ],
            [
              -40.7757,
              -19.7501
            ],
            [
              -40.775,
              -19.7475
            ],
            [
              -40.7743,
              -19.7462
            ],
            [
              -40.7751,
              -19.745
            ],
            [
              -40.7753,
              -19.7433
            ],
            [
              -40.7745,
              -19.7421
            ],
            [
              -40.7737,
              -19.7393
            ],
            [
              -40.7739,
              -19.734
            ],
            [
              -40.7743,
              -19.7278
            ],
            [
              -40.7737,
              -19.7234
            ],
            [
              -40.7741,
              -19.7215
            ],
            [
              -40.7737,
              -19.7207
            ],
            [
              -40.7734,
              -19.714
            ],
            [
              -40.7751,
              -19.7119
            ],
            [
              -40.7752,
              -19.7105
            ],
            [
              -40.7735,
              -19.7091
            ],
            [
              -40.7725,
              -19.7091
            ],
            [
              -40.7714,
              -19.7076
            ],
            [
              -40.7713,
              -19.7051
            ],
            [
              -40.7725,
              -19.7038
            ],
            [
              -40.7727,
              -19.7022
            ],
            [
              -40.7721,
              -19.7005
            ],
            [
              -40.7733,
              -19.6996
            ],
            [
              -40.7743,
              -19.6976
            ],
            [
              -40.7733,
              -19.6962
            ],
            [
              -40.7708,
              -19.694
            ],
            [
              -40.7702,
              -19.6923
            ],
            [
              -40.7709,
              -19.6909
            ],
            [
              -40.7701,
              -19.6893
            ],
            [
              -40.7696,
              -19.6859
            ],
            [
              -40.7689,
              -19.6846
            ],
            [
              -40.767,
              -19.6831
            ],
            [
              -40.7671,
              -19.6815
            ],
            [
              -40.7662,
              -19.6813
            ],
            [
              -40.7655,
              -19.6791
            ],
            [
              -40.7638,
              -19.6781
            ],
            [
              -40.763,
              -19.6761
            ],
            [
              -40.7631,
              -19.6737
            ],
            [
              -40.7601,
              -19.6718
            ],
            [
              -40.7597,
              -19.6694
            ],
            [
              -40.7605,
              -19.6684
            ],
            [
              -40.7606,
              -19.6664
            ],
            [
              -40.759,
              -19.6654
            ],
            [
              -40.758,
              -19.6635
            ],
            [
              -40.7586,
              -19.6617
            ],
            [
              -40.7578,
              -19.6603
            ],
            [
              -40.7575,
              -19.6564
            ],
            [
              -40.7561,
              -19.6537
            ],
            [
              -40.7565,
              -19.6524
            ],
            [
              -40.7593,
              -19.6513
            ],
            [
              -40.7632,
              -19.6503
            ],
            [
              -40.766,
              -19.6512
            ],
            [
              -40.7688,
              -19.6508
            ],
            [
              -40.771,
              -19.6494
            ],
            [
              -40.7711,
              -19.6472
            ],
            [
              -40.7695,
              -19.6432
            ],
            [
              -40.7693,
              -19.6399
            ],
            [
              -40.7679,
              -19.6365
            ],
            [
              -40.7689,
              -19.6341
            ],
            [
              -40.7753,
              -19.6343
            ],
            [
              -40.7779,
              -19.635
            ],
            [
              -40.7793,
              -19.6346
            ],
            [
              -40.7797,
              -19.6317
            ],
            [
              -40.7783,
              -19.6253
            ],
            [
              -40.776,
              -19.6187
            ],
            [
              -40.7742,
              -19.6171
            ],
            [
              -40.7741,
              -19.6156
            ],
            [
              -40.776,
              -19.6106
            ],
            [
              -40.779,
              -19.6058
            ],
            [
              -40.7798,
              -19.605
            ],
            [
              -40.7816,
              -19.6019
            ],
            [
              -40.7819,
              -19.599
            ],
            [
              -40.7826,
              -19.5989
            ],
            [
              -40.7844,
              -19.5967
            ],
            [
              -40.7856,
              -19.5961
            ],
            [
              -40.7874,
              -19.5964
            ],
            [
              -40.7849,
              -19.5936
            ],
            [
              -40.7845,
              -19.5908
            ],
            [
              -40.7853,
              -19.5889
            ],
            [
              -40.7844,
              -19.5871
            ],
            [
              -40.7826,
              -19.5865
            ],
            [
              -40.7821,
              -19.5853
            ],
            [
              -40.7793,
              -19.5855
            ],
            [
              -40.7789,
              -19.5835
            ],
            [
              -40.7825,
              -19.5823
            ],
            [
              -40.7827,
              -19.5808
            ],
            [
              -40.7844,
              -19.5805
            ],
            [
              -40.785,
              -19.5822
            ],
            [
              -40.7879,
              -19.583
            ],
            [
              -40.7886,
              -19.5813
            ],
            [
              -40.7912,
              -19.5818
            ],
            [
              -40.7912,
              -19.5828
            ],
            [
              -40.7953,
              -19.5854
            ],
            [
              -40.7961,
              -19.5877
            ],
            [
              -40.7967,
              -19.5907
            ],
            [
              -40.7979,
              -19.5918
            ],
            [
              -40.7994,
              -19.5921
            ],
            [
              -40.8026,
              -19.5912
            ],
            [
              -40.8037,
              -19.5919
            ],
            [
              -40.805,
              -19.5943
            ],
            [
              -40.8048,
              -19.5953
            ],
            [
              -40.815,
              -19.5952
            ],
            [
              -40.8184,
              -19.5944
            ],
            [
              -40.8205,
              -19.5936
            ],
            [
              -40.8227,
              -19.5938
            ],
            [
              -40.8217,
              -19.5958
            ],
            [
              -40.8217,
              -19.5969
            ],
            [
              -40.8255,
              -19.5982
            ],
            [
              -40.8264,
              -19.6005
            ],
            [
              -40.8247,
              -19.6028
            ],
            [
              -40.8246,
              -19.6052
            ],
            [
              -40.8262,
              -19.6077
            ],
            [
              -40.829,
              -19.6107
            ],
            [
              -40.8314,
              -19.6121
            ],
            [
              -40.8324,
              -19.6144
            ],
            [
              -40.8345,
              -19.6171
            ],
            [
              -40.8359,
              -19.616
            ],
            [
              -40.8391,
              -19.6172
            ],
            [
              -40.8414,
              -19.6164
            ],
            [
              -40.8425,
              -19.6165
            ],
            [
              -40.843,
              -19.6189
            ],
            [
              -40.8459,
              -19.6185
            ],
            [
              -40.8466,
              -19.6177
            ],
            [
              -40.8483,
              -19.6177
            ],
            [
              -40.8503,
              -19.6182
            ],
            [
              -40.8509,
              -19.6169
            ],
            [
              -40.8527,
              -19.6173
            ],
            [
              -40.8549,
              -19.6138
            ],
            [
              -40.8549,
              -19.6123
            ],
            [
              -40.8558,
              -19.6097
            ],
            [
              -40.8578,
              -19.6081
            ],
            [
              -40.8588,
              -19.6078
            ],
            [
              -40.8601,
              -19.6057
            ],
            [
              -40.8598,
              -19.6036
            ],
            [
              -40.8581,
              -19.6024
            ],
            [
              -40.856,
              -19.6015
            ],
            [
              -40.8552,
              -19.5996
            ],
            [
              -40.8544,
              -19.5996
            ],
            [
              -40.8526,
              -19.5982
            ],
            [
              -40.8521,
              -19.5963
            ],
            [
              -40.8546,
              -19.594
            ],
            [
              -40.854,
              -19.5915
            ],
            [
              -40.8558,
              -19.5898
            ],
            [
              -40.857,
              -19.5866
            ],
            [
              -40.8559,
              -19.5866
            ],
            [
              -40.8534,
              -19.5851
            ],
            [
              -40.8528,
              -19.5838
            ],
            [
              -40.8533,
              -19.5827
            ],
            [
              -40.8527,
              -19.5803
            ],
            [
              -40.853,
              -19.5788
            ],
            [
              -40.8523,
              -19.5779
            ],
            [
              -40.8493,
              -19.5771
            ],
            [
              -40.8456,
              -19.5751
            ],
            [
              -40.8417,
              -19.5748
            ],
            [
              -40.8401,
              -19.5738
            ],
            [
              -40.8402,
              -19.5716
            ],
            [
              -40.8383,
              -19.5718
            ],
            [
              -40.8347,
              -19.5702
            ],
            [
              -40.8341,
              -19.5687
            ],
            [
              -40.8348,
              -19.5684
            ],
            [
              -40.8375,
              -19.5685
            ],
            [
              -40.84,
              -19.5676
            ],
            [
              -40.8427,
              -19.5686
            ],
            [
              -40.8466,
              -19.5673
            ],
            [
              -40.8444,
              -19.5651
            ],
            [
              -40.841,
              -19.5641
            ],
            [
              -40.8408,
              -19.5615
            ],
            [
              -40.843,
              -19.5601
            ],
            [
              -40.8438,
              -19.5605
            ],
            [
              -40.8466,
              -19.5595
            ],
            [
              -40.8491,
              -19.5595
            ],
            [
              -40.8513,
              -19.5606
            ],
            [
              -40.8516,
              -19.5615
            ],
            [
              -40.8533,
              -19.562
            ],
            [
              -40.8542,
              -19.5631
            ],
            [
              -40.8557,
              -19.5635
            ],
            [
              -40.8574,
              -19.5655
            ],
            [
              -40.8609,
              -19.5671
            ],
            [
              -40.8627,
              -19.5697
            ],
            [
              -40.8636,
              -19.5714
            ],
            [
              -40.8654,
              -19.5725
            ],
            [
              -40.8707,
              -19.5752
            ],
            [
              -40.8736,
              -19.5756
            ],
            [
              -40.8754,
              -19.5745
            ],
            [
              -40.8767,
              -19.5752
            ],
            [
              -40.8773,
              -19.5777
            ],
            [
              -40.8784,
              -19.5784
            ],
            [
              -40.8807,
              -19.583
            ],
            [
              -40.881,
              -19.5851
            ],
            [
              -40.8805,
              -19.5864
            ],
            [
              -40.8814,
              -19.5871
            ],
            [
              -40.8807,
              -19.5888
            ],
            [
              -40.8824,
              -19.5899
            ],
            [
              -40.8823,
              -19.5916
            ],
            [
              -40.8828,
              -19.5926
            ],
            [
              -40.8857,
              -19.5928
            ],
            [
              -40.8875,
              -19.5944
            ],
            [
              -40.8901,
              -19.5935
            ],
            [
              -40.892,
              -19.5937
            ],
            [
              -40.8939,
              -19.5955
            ],
            [
              -40.8949,
              -19.596
            ],
            [
              -40.8981,
              -19.5997
            ],
            [
              -40.9002,
              -19.6002
            ],
            [
              -40.9017,
              -19.6001
            ],
            [
              -40.9037,
              -19.6008
            ],
            [
              -40.9054,
              -19.6007
            ],
            [
              -40.9079,
              -19.5992
            ],
            [
              -40.9112,
              -19.5998
            ],
            [
              -40.9124,
              -19.5994
            ],
            [
              -40.9138,
              -19.6007
            ],
            [
              -40.9154,
              -19.6009
            ],
            [
              -40.9158,
              -19.6019
            ],
            [
              -40.9186,
              -19.6035
            ],
            [
              -40.9213,
              -19.6042
            ],
            [
              -40.9229,
              -19.606
            ],
            [
              -40.9219,
              -19.6074
            ],
            [
              -40.9218,
              -19.6086
            ],
            [
              -40.9262,
              -19.6105
            ],
            [
              -40.9281,
              -19.6106
            ],
            [
              -40.9295,
              -19.6113
            ],
            [
              -40.9299,
              -19.6151
            ],
            [
              -40.9307,
              -19.6173
            ],
            [
              -40.9325,
              -19.6185
            ],
            [
              -40.9365,
              -19.6183
            ],
            [
              -40.9375,
              -19.6175
            ],
            [
              -40.9387,
              -19.6179
            ],
            [
              -40.939,
              -19.6195
            ],
            [
              -40.938,
              -19.6209
            ],
            [
              -40.936,
              -19.6214
            ],
            [
              -40.935,
              -19.6226
            ],
            [
              -40.9321,
              -19.623
            ],
            [
              -40.9336,
              -19.6249
            ],
            [
              -40.9352,
              -19.626
            ],
            [
              -40.9341,
              -19.6282
            ],
            [
              -40.9324,
              -19.6286
            ],
            [
              -40.9287,
              -19.6304
            ],
            [
              -40.928,
              -19.6323
            ],
            [
              -40.9285,
              -19.6333
            ],
            [
              -40.9298,
              -19.6335
            ],
            [
              -40.9296,
              -19.6352
            ],
            [
              -40.9314,
              -19.6376
            ],
            [
              -40.9341,
              -19.639
            ],
            [
              -40.9371,
              -19.6422
            ],
            [
              -40.9371,
              -19.6445
            ],
            [
              -40.9355,
              -19.6498
            ],
            [
              -40.9355,
              -19.6532
            ],
            [
              -40.9347,
              -19.655
            ],
            [
              -40.9342,
              -19.6573
            ],
            [
              -40.9342,
              -19.6597
            ],
            [
              -40.9333,
              -19.6613
            ],
            [
              -40.9327,
              -19.6645
            ],
            [
              -40.9318,
              -19.6659
            ],
            [
              -40.9322,
              -19.6676
            ],
            [
              -40.9319,
              -19.6693
            ],
            [
              -40.9303,
              -19.6706
            ],
            [
              -40.9296,
              -19.6718
            ],
            [
              -40.9286,
              -19.675
            ],
            [
              -40.9264,
              -19.676
            ],
            [
              -40.9257,
              -19.6791
            ],
            [
              -40.926,
              -19.6821
            ],
            [
              -40.9257,
              -19.6848
            ],
            [
              -40.9265,
              -19.6858
            ],
            [
              -40.9273,
              -19.6892
            ],
            [
              -40.9253,
              -19.6891
            ],
            [
              -40.9239,
              -19.6895
            ],
            [
              -40.9212,
              -19.695
            ],
            [
              -40.9224,
              -19.6972
            ],
            [
              -40.9258,
              -19.6972
            ],
            [
              -40.9271,
              -19.6959
            ],
            [
              -40.9286,
              -19.6953
            ],
            [
              -40.9298,
              -19.6962
            ],
            [
              -40.9332,
              -19.7013
            ],
            [
              -40.9371,
              -19.7078
            ],
            [
              -40.9393,
              -19.7078
            ],
            [
              -40.94,
              -19.7073
            ],
            [
              -40.9416,
              -19.7093
            ],
            [
              -40.9443,
              -19.7115
            ],
            [
              -40.9454,
              -19.715
            ],
            [
              -40.9452,
              -19.716
            ],
            [
              -40.9473,
              -19.7212
            ],
            [
              -40.9451,
              -19.723
            ],
            [
              -40.9452,
              -19.7306
            ],
            [
              -40.9472,
              -19.7294
            ],
            [
              -40.9486,
              -19.7299
            ],
            [
              -40.9512,
              -19.7282
            ],
            [
              -40.9523,
              -19.7295
            ],
            [
              -40.9546,
              -19.7287
            ],
            [
              -40.9552,
              -19.7278
            ],
            [
              -40.9566,
              -19.7275
            ],
            [
              -40.9595,
              -19.7289
            ],
            [
              -40.9614,
              -19.7293
            ],
            [
              -40.9623,
              -19.7275
            ],
            [
              -40.9635,
              -19.7275
            ],
            [
              -40.9649,
              -19.7259
            ],
            [
              -40.9662,
              -19.7253
            ],
            [
              -40.9686,
              -19.7251
            ],
            [
              -40.9706,
              -19.7254
            ],
            [
              -40.9729,
              -19.7252
            ],
            [
              -40.9739,
              -19.7258
            ],
            [
              -40.9742,
              -19.7272
            ],
            [
              -40.9757,
              -19.728
            ],
            [
              -40.9771,
              -19.7296
            ],
            [
              -40.977,
              -19.7323
            ],
            [
              -40.9796,
              -19.7335
            ],
            [
              -40.981,
              -19.7335
            ],
            [
              -40.9825,
              -19.7344
            ],
            [
              -40.9835,
              -19.7358
            ],
            [
              -40.9837,
              -19.7373
            ],
            [
              -40.9827,
              -19.7405
            ],
            [
              -40.9844,
              -19.7413
            ],
            [
              -40.9837,
              -19.7446
            ],
            [
              -40.9812,
              -19.7477
            ],
            [
              -40.9827,
              -19.7484
            ],
            [
              -40.9826,
              -19.7514
            ],
            [
              -40.9834,
              -19.754
            ],
            [
              -40.9859,
              -19.7551
            ],
            [
              -40.9869,
              -19.756
            ],
            [
              -40.9875,
              -19.7582
            ],
            [
              -40.9895,
              -19.7585
            ],
            [
              -40.9907,
              -19.7606
            ],
            [
              -40.9904,
              -19.7625
            ],
            [
              -40.9903,
              -19.7658
            ],
            [
              -40.991,
              -19.7666
            ],
            [
              -40.9917,
              -19.769
            ],
            [
              -40.9911,
              -19.7708
            ],
            [
              -40.9917,
              -19.7732
            ],
            [
              -40.9931,
              -19.7743
            ],
            [
              -40.9933,
              -19.7772
            ],
            [
              -40.9921,
              -19.7801
            ],
            [
              -40.9918,
              -19.7817
            ],
            [
              -40.9931,
              -19.7832
            ],
            [
              -40.9931,
              -19.7849
            ],
            [
              -40.9946,
              -19.7863
            ],
            [
              -40.9951,
              -19.7877
            ],
            [
              -40.9969,
              -19.7877
            ],
            [
              -40.9961,
              -19.7899
            ],
            [
              -40.9959,
              -19.7925
            ],
            [
              -40.9966,
              -19.7938
            ],
            [
              -40.9961,
              -19.7973
            ],
            [
              -40.9938,
              -19.801
            ],
            [
              -40.9932,
              -19.8021
            ],
            [
              -40.989,
              -19.8056
            ],
            [
              -40.9844,
              -19.8054
            ],
            [
              -40.9829,
              -19.8036
            ],
            [
              -40.9802,
              -19.8024
            ],
            [
              -40.9782,
              -19.7998
            ],
            [
              -40.9767,
              -19.7993
            ],
            [
              -40.9759,
              -19.7999
            ],
            [
              -40.9718,
              -19.7991
            ],
            [
              -40.9689,
              -19.7999
            ],
            [
              -40.9672,
              -19.7995
            ],
            [
              -40.9656,
              -19.8014
            ],
            [
              -40.9634,
              -19.8018
            ],
            [
              -40.9576,
              -19.8044
            ],
            [
              -40.9545,
              -19.8039
            ],
            [
              -40.952,
              -19.8045
            ],
            [
              -40.948,
              -19.8041
            ],
            [
              -40.9462,
              -19.8048
            ],
            [
              -40.9442,
              -19.8044
            ],
            [
              -40.941,
              -19.805
            ],
            [
              -40.9399,
              -19.8106
            ],
            [
              -40.9403,
              -19.8126
            ],
            [
              -40.9398,
              -19.8139
            ],
            [
              -40.9373,
              -19.8166
            ],
            [
              -40.9382,
              -19.8184
            ],
            [
              -40.9385,
              -19.8202
            ],
            [
              -40.9402,
              -19.8219
            ],
            [
              -40.9419,
              -19.8227
            ],
            [
              -40.947,
              -19.824
            ],
            [
              -40.9485,
              -19.8249
            ],
            [
              -40.9508,
              -19.8248
            ],
            [
              -40.9528,
              -19.8253
            ],
            [
              -40.9552,
              -19.8281
            ],
            [
              -40.9581,
              -19.8303
            ],
            [
              -40.9578,
              -19.8315
            ],
            [
              -40.9566,
              -19.8325
            ],
            [
              -40.9555,
              -19.8353
            ],
            [
              -40.9534,
              -19.836
            ],
            [
              -40.9513,
              -19.8388
            ],
            [
              -40.9492,
              -19.8426
            ],
            [
              -40.9524,
              -19.8443
            ],
            [
              -40.954,
              -19.8461
            ],
            [
              -40.9555,
              -19.8467
            ],
            [
              -40.9561,
              -19.8504
            ],
            [
              -40.9566,
              -19.8513
            ],
            [
              -40.959,
              -19.853
            ],
            [
              -40.959,
              -19.8541
            ],
            [
              -40.9567,
              -19.8555
            ],
            [
              -40.9547,
              -19.8589
            ]
          ]
        ]
      },
      "properties": {
        "codarea": "3202702",
        "nome_municipio": "Itaguaçu",
        "codigo_ibge": 3202702
      }
    },
    {
      "type": "Feature",
      "geometry": {
        "type": "Polygon",
        "coordinates": [
          [
            [
              -40.8141,
              -19.8882
            ],
            [
              -40.8294,
              -19.8915
            ],
            [
              -40.8848,
              -19.8346
            ],
            [
              -40.8856,
              -19.836
            ],
            [
              -40.8866,
              -19.8361
            ],
            [
              -40.8876,
              -19.838
            ],
            [
              -40.8888,
              -19.8384
            ],
            [
              -40.8906,
              -19.8378
            ],
            [
              -40.8915,
              -19.8386
            ],
            [
              -40.892,
              -19.8406
            ],
            [
              -40.8952,
              -19.8411
            ],
            [
              -40.8965,
              -19.8416
            ],
            [
              -40.8993,
              -19.8403
            ],
            [
              -40.9032,
              -19.8408
            ],
            [
              -40.9044,
              -19.8433
            ],
            [
              -40.9054,
              -19.8434
            ],
            [
              -40.9067,
              -19.8456
            ],
            [
              -40.9083,
              -19.8461
            ],
            [
              -40.9084,
              -19.8474
            ],
            [
              -40.9118,
              -19.8482
            ],
            [
              -40.9124,
              -19.847
            ],
            [
              -40.9138,
              -19.846
            ],
            [
              -40.9131,
              -19.8447
            ],
            [
              -40.915,
              -19.8439
            ],
            [
              -40.9183,
              -19.8453
            ],
            [
              -40.92,
              -19.8478
            ],
            [
              -40.9214,
              -19.8481
            ],
            [
              -40.9255,
              -19.8506
            ],
            [
              -40.927,
              -19.851
            ],
            [
              -40.9276,
              -19.8522
            ],
            [
              -40.9286,
              -19.8523
            ],
            [
              -40.9306,
              -19.8535
            ],
            [
              -40.9309,
              -19.8545
            ],
            [
              -40.9326,
              -19.8554
            ],
            [
              -40.9343,
              -19.8549
            ],
            [
              -40.9357,
              -19.8571
            ],
            [
              -40.9398,
              -19.8592
            ],
            [
              -40.9417,
              -19.859
            ],
            [
              -40.9441,
              -19.8605
            ],
            [
              -40.947,
              -19.8616
            ],
            [
              -40.95,
              -19.8615
            ],
            [
              -40.9547,
              -19.8589
            ],
            [
              -40.9552,
              -19.8611
            ],
            [
              -40.955,
              -19.8634
            ],
            [
              -40.9498,
              -19.8643
            ],
            [
              -40.9478,
              -19.8643
            ],
            [
              -40.9446,
              -19.8663
            ],
            [
              -40.9433,
              -19.8683
            ],
            [
              -40.9423,
              -19.8711
            ],
            [
              -40.9406,
              -19.8722
            ],
            [
              -40.9387,
              -19.8717
            ],
            [
              -40.9359,
              -19.872
            ],
            [
              -40.9338,
              -19.8751
            ],
            [
              -40.9336,
              -19.876
            ],
            [
              -40.9321,
              -19.8775
            ],
            [
              -40.9314,
              -19.8789
            ],
            [
              -40.9332,
              -19.881
            ],
            [
              -40.9358,
              -19.8817
            ],
            [
              -40.936,
              -19.8846
            ],
            [
              -40.9354,
              -19.8874
            ],
            [
              -40.9357,
              -19.8893
            ],
            [
              -40.9344,
              -19.8924
            ],
            [
              -40.9345,
              -19.8942
            ],
            [
              -40.9338,
              -19.8954
            ],
            [
              -40.9318,
              -19.8963
            ],
            [
              -40.9312,
              -19.8976
            ],
            [
              -40.9286,
              -19.8983
            ],
            [
              -40.9271,
              -19.9
            ],
            [
              -40.9248,
              -19.9011
            ],
            [
              -40.925,
              -19.9032
            ],
            [
              -40.9317,
              -19.9056
            ],
            [
              -40.9344,
              -19.9063
            ],
            [
              -40.9358,
              -19.9058
            ],
            [
              -40.94,
              -19.9058
            ],
            [
              -40.9407,
              -19.9038
            ],
            [
              -40.9444,
              -19.9016
            ],
            [
              -40.9465,
              -19.9032
            ],
            [
              -40.9478,
              -19.9034
            ],
            [
              -40.9493,
              -19.9053
            ],
            [
              -40.946,
              -19.9081
            ],
            [
              -40.9459,
              -19.9102
            ],
            [
              -40.9471,
              -19.9119
            ],
            [
              -40.9468,
              -19.9131
            ],
            [
              -40.9475,
              -19.9156
            ],
            [
              -40.9486,
              -19.9177
            ],
            [
              -40.9488,
              -19.9212
            ],
            [
              -40.947,
              -19.923
            ],
            [
              -40.9483,
              -19.9293
            ],
            [
              -40.9475,
              -19.9306
            ],
            [
              -40.9438,
              -19.9328
            ],
            [
              -40.9463,
              -19.9376
            ],
            [
              -40.948,
              -19.9381
            ],
            [
              -40.9501,
              -19.9403
            ],
            [
              -40.9504,
              -19.9422
            ],
            [
              -40.9536,
              -19.9459
            ],
            [
              -40.9532,
              -19.9472
            ],
            [
              -40.9559,
              -19.951
            ],
            [
              -40.9587,
              -19.9529
            ],
            [
              -40.9593,
              -19.9552
            ],
            [
              -40.9593,
              -19.957
            ],
            [
              -40.9575,
              -19.9612
            ],
            [
              -40.958,
              -19.9622
            ],
            [
              -40.9563,
              -19.9635
            ],
            [
              -40.956,
              -19.9647
            ],
            [
              -40.9596,
              -19.9676
            ],
            [
              -40.9638,
              -19.9731
            ],
            [
              -40.9629,
              -19.9748
            ],
            [
              -40.9645,
              -19.9761
            ],
            [
              -40.9681,
              -19.977
            ],
            [
              -40.9705,
              -19.977
            ],
            [
              -40.9705,
              -20.0197
            ],
            [
              -40.9693,
              -20.0237
            ],
            [
              -40.9662,
              -20.0247
            ],
            [
              -40.9656,
              -20.0264
            ],
            [
              -40.964,
              -20.0286
            ],
            [
              -40.9659,
              -20.0295
            ],
            [
              -40.9666,
              -20.0314
            ],
            [
              -40.9651,
              -20.0343
            ],
            [
              -40.9669,
              -20.0359
            ],
            [
              -40.9688,
              -20.039
            ],
            [
              -40.9678,
              -20.0399
            ],
            [
              -40.9681,
              -20.0428
            ],
            [
              -40.9666,
              -20.0438
            ],
            [
              -40.967,
              -20.0452
            ],
            [
              -40.9666,
              -20.0466
            ],
            [
              -40.9643,
              -20.0491
            ],
            [
              -40.9631,
              -20.0526
            ],
            [
              -40.9617,
              -20.0534
            ],
            [
              -40.9609,
              -20.0568
            ],
            [
              -40.959,
              -20.0577
            ],
            [
              -40.9581,
              -20.0594
            ],
            [
              -40.9567,
              -20.0632
            ],
            [
              -40.9575,
              -20.0647
            ],
            [
              -40.9561,
              -20.0648
            ],
            [
              -40.9555,
              -20.0662
            ],
            [
              -40.9536,
              -20.0668
            ],
            [
              -40.9531,
              -20.0694
            ],
            [
              -40.9544,
              -20.0717
            ],
            [
              -40.9509,
              -20.0727
            ],
            [
              -40.9492,
              -20.0745
            ],
            [
              -40.9476,
              -20.0742
            ],
            [
              -40.9457,
              -20.0731
            ],
            [
              -40.945,
              -20.0698
            ],
            [
              -40.9451,
              -20.0683
            ],
            [
              -40.9465,
              -20.0665
            ],
            [
              -40.9448,
              -20.0653
            ],
            [
              -40.9448,
              -20.0631
            ],
            [
              -40.9441,
              -20.062
            ],
            [
              -40.9421,
              -20.0627
            ],
            [
              -40.9377,
              -20.0626
            ],
            [
              -40.9362,
              -20.063
            ],
            [
              -40.9345,
              -20.0623
            ],
            [
              -40.9339,
              -20.061
            ],
            [
              -40.9309,
              -20.0595
            ],
            [
              -40.9285,
              -20.0588
            ],
            [
              -40.9278,
              -20.0577
            ],
            [
              -40.9242,
              -20.0575
            ],
            [
              -40.9231,
              -20.057
            ],
            [
              -40.922,
              -20.0556
            ],
            [
              -40.9198,
              -20.056
            ],
            [
              -40.9184,
              -20.0559
            ],
            [
              -40.9167,
              -20.0566
            ],
            [
              -40.9137,
              -20.056
            ],
            [
              -40.9113,
              -20.0563
            ],
            [
              -40.9092,
              -20.0542
            ],
            [
              -40.9068,
              -20.0531
            ],
            [
              -40.9066,
              -20.0519
            ],
            [
              -40.9045,
              -20.0506
            ],
            [
              -40.9052,
              -20.0477
            ],
            [
              -40.9042,
              -20.0443
            ],
            [
              -40.9016,
              -20.0435
            ],
            [
              -40.8997,
              -20.0437
            ],
            [
              -40.8969,
              -20.0423
            ],
            [
              -40.894,
              -20.0423
            ],
            [
              -40.8926,
              -20.0403
            ],
            [
              -40.8936,
              -20.0372
            ],
            [
              -40.8895,
              -20.0364
            ],
            [
              -40.889,
              -20.0354
            ],
            [
              -40.89,
              -20.0335
            ],
            [
              -40.8883,
              -20.032
            ],
            [
              -40.8879,
              -20.03
            ],
            [
              -40.8862,
              -20.0301
            ],
            [
              -40.8844,
              -20.0293
            ],
            [
              -40.8835,
              -20.0295
            ],
            [
              -40.8815,
              -20.0321
            ],
            [
              -40.8793,
              -20.0315
            ],
            [
              -40.8771,
              -20.0322
            ],
            [
              -40.8756,
              -20.0308
            ],
            [
              -40.8743,
              -20.0273
            ],
            [
              -40.8722,
              -20.0258
            ],
            [
              -40.871,
              -20.0258
            ],
            [
              -40.8697,
              -20.0235
            ],
            [
              -40.8671,
              -20.0235
            ],
            [
              -40.8672,
              -20.022
            ],
            [
              -40.8681,
              -20.0211
            ],
            [
              -40.8685,
              -20.0187
            ],
            [
              -40.8675,
              -20.0165
            ],
            [
              -40.8682,
              -20.0142
            ],
            [
              -40.8673,
              -20.0102
            ],
            [
              -40.8656,
              -20.0089
            ],
            [
              -40.8627,
              -20.0077
            ],
            [
              -40.8626,
              -20.0042
            ],
            [
              -40.862,
              -20.0018
            ],
            [
              -40.8573,
              -20.0002
            ],
            [
              -40.8575,
              -19.9983
            ],
            [
              -40.862,
              -19.9961
            ],
            [
              -40.8627,
              -19.9942
            ],
            [
              -40.8617,
              -19.9931
            ],
            [
              -40.8581,
              -19.9923
            ],
            [
              -40.8563,
              -19.9926
            ],
            [
              -40.8554,
              -19.992
            ],
            [
              -40.8557,
              -19.9898
            ],
            [
              -40.8536,
              -19.988
            ],
            [
              -40.8534,
              -19.9864
            ],
            [
              -40.8489,
              -19.9859
            ],
            [
              -40.8484,
              -19.9841
            ],
            [
              -40.8437,
              -19.9829
            ],
            [
              -40.8415,
              -19.9827
            ],
            [
              -40.8385,
              -19.9807
            ],
            [
              -40.8373,
              -19.9814
            ],
            [
              -40.8354,
              -19.9841
            ],
            [
              -40.8336,
              -19.9844
            ],
            [
              -40.8301,
              -19.9867
            ],
            [
              -40.8273,
              -19.9867
            ],
            [
              -40.826,
              -19.9874
            ],
            [
              -40.8245,
              -19.9861
            ],
            [
              -40.8234,
              -19.9842
            ],
            [
              -40.8187,
              -19.9836
            ],
            [
              -40.8175,
              -19.9823
            ],
            [
              -40.815,
              -19.9812
            ],
            [
              -40.8136,
              -19.9796
            ],
            [
              -40.8104,
              -19.9797
            ],
            [
              -40.81,
              -19.9775
            ],
            [
              -40.8078,
              -19.976
            ],
            [
              -40.806,
              -19.9775
            ],
            [
              -40.8039,
              -19.9773
            ],
            [
              -40.8018,
              -19.9748
            ],
            [
              -40.802,
              -19.9732
            ],
            [
              -40.8001,
              -19.9722
            ],
            [
              -40.8001,
              -19.9713
            ],
            [
              -40.7987,
              -19.9707
            ],
            [
              -40.7984,
              -19.9693
            ],
            [
              -40.7974,
              -19.9684
            ],
            [
              -40.7977,
              -19.9667
            ],
            [
              -40.7959,
              -19.9653
            ],
            [
              -40.794,
              -19.9645
            ],
            [
              -40.792,
              -19.9644
            ],
            [
              -40.7899,
              -19.9649
            ],
            [
              -40.7891,
              -19.9634
            ],
            [
              -40.7859,
              -19.9617
            ],
            [
              -40.7824,
              -19.954
            ],
            [
              -40.7824,
              -19.9528
            ],
            [
              -40.7806,
              -19.9505
            ],
            [
              -40.7777,
              -19.9492
            ],
            [
              -40.7763,
              -19.9466
            ],
            [
              -40.7754,
              -19.9461
            ],
            [
              -40.7742,
              -19.9444
            ],
            [
              -40.7754,
              -19.9422
            ],
            [
              -40.7764,
              -19.941
            ],
            [
              -40.776,
              -19.9381
            ],
            [
              -40.775,
              -19.9362
            ],
            [
              -40.7747,
              -19.9332
            ],
            [
              -40.7762,
              -19.9321
            ],
            [
              -40.78,
              -19.9325
            ],
            [
              -40.7812,
              -19.9316
            ],
            [
              -40.7833,
              -19.9316
            ],
            [
              -40.7829,
              -19.9288
            ],
            [
              -40.7846,
              -19.928
            ],
            [
              -40.7855,
              -19.9269
            ],
            [
              -40.7887,
              -19.9257
            ],
            [
              -40.7902,
              -19.9222
            ],
            [
              -40.7901,
              -19.9206
            ],
            [
              -40.7884,
              -19.9197
            ],
            [
              -40.7899,
              -19.9167
            ],
            [
              -40.792,
              -19.9162
            ],
            [
              -40.7951,
              -19.9148
            ],
            [
              -40.7941,
              -19.9133
            ],
            [
              -40.796,
              -19.9118
            ],
            [
              -40.7971,
              -19.9103
            ],
            [
              -40.7994,
              -19.91
            ],
            [
              -40.8045,
              -19.9114
            ],
            [
              -40.8083,
              -19.911
            ],
            [
              -40.8107,
              -19.9104
            ],
            [
              -40.8124,
              -19.9105
            ],
            [
              -40.8153,
              -19.9097
            ],
            [
              -40.8168,
              -19.9069
            ],
            [
              -40.8168,
              -19.904
            ],
            [
              -40.8155,
              -19.8987
            ],
            [
              -40.8143,
              -19.8971
            ],
            [
              -40.8134,
              -19.8927
            ],
            [
              -40.8124,
              -19.8903
            ],
            [
              -40.8141,
              -19.8882
            ]
          ]
        ]
      },
      "properties": {
        "codarea": "3202900",
        "nome_municipio": "Itarana",
        "codigo_ibge": 3202900
      }
    },
    {
      "type": "Feature",
      "geometry": {
        "type": "Polygon",
        "coordinates": [
          [
            [
              -40.6253,
              -20.4242
            ],
            [
              -40.6282,
              -20.4235
            ],
            [
              -40.6294,
              -20.4214
            ],
            [
              -40.6324,
              -20.4197
            ],
            [
              -40.6347,
              -20.419
            ],
            [
              -40.6362,
              -20.4162
            ],
            [
              -40.6375,
              -20.4144
            ],
            [
              -40.6374,
              -20.4131
            ],
            [
              -40.6393,
              -20.4113
            ],
            [
              -40.6408,
              -20.4084
            ],
            [
              -40.6417,
              -20.4058
            ],
            [
              -40.643,
              -20.4044
            ],
            [
              -40.6471,
              -20.4016
            ],
            [
              -40.6468,
              -20.3996
            ],
            [
              -40.6455,
              -20.3985
            ],
            [
              -40.6459,
              -20.3973
            ],
            [
              -40.645,
              -20.3959
            ],
            [
              -40.646,
              -20.3941
            ],
            [
              -40.6456,
              -20.3929
            ],
            [
              -40.6439,
              -20.3914
            ],
            [
              -40.6455,
              -20.3872
            ],
            [
              -40.647,
              -20.3862
            ],
            [
              -40.6492,
              -20.3857
            ],
            [
              -40.6503,
              -20.3861
            ],
            [
              -40.6529,
              -20.3852
            ],
            [
              -40.6551,
              -20.386
            ],
            [
              -40.6581,
              -20.3842
            ],
            [
              -40.6599,
              -20.3841
            ],
            [
              -40.6623,
              -20.3846
            ],
            [
              -40.6647,
              -20.3839
            ],
            [
              -40.6659,
              -20.3843
            ],
            [
              -40.6689,
              -20.3887
            ],
            [
              -40.6704,
              -20.3879
            ],
            [
              -40.6709,
              -20.3864
            ],
            [
              -40.674,
              -20.386
            ],
            [
              -40.6751,
              -20.3875
            ],
            [
              -40.6763,
              -20.3883
            ],
            [
              -40.6792,
              -20.3885
            ],
            [
              -40.6802,
              -20.3879
            ],
            [
              -40.6874,
              -20.3879
            ],
            [
              -40.6888,
              -20.3875
            ],
            [
              -40.6905,
              -20.3891
            ],
            [
              -40.6897,
              -20.3915
            ],
            [
              -40.69,
              -20.393
            ],
            [
              -40.693,
              -20.3929
            ],
            [
              -40.6949,
              -20.3906
            ],
            [
              -40.6999,
              -20.3895
            ],
            [
              -40.7021,
              -20.3896
            ],
            [
              -40.7035,
              -20.3874
            ],
            [
              -40.7069,
              -20.3862
            ],
            [
              -40.7081,
              -20.3839
            ],
            [
              -40.7084,
              -20.3809
            ],
            [
              -40.7094,
              -20.3782
            ],
            [
              -40.712,
              -20.3772
            ],
            [
              -40.715,
              -20.3789
            ],
            [
              -40.7171,
              -20.3787
            ],
            [
              -40.7179,
              -20.3797
            ],
            [
              -40.7169,
              -20.3819
            ],
            [
              -40.7173,
              -20.3842
            ],
            [
              -40.7183,
              -20.3848
            ],
            [
              -40.7192,
              -20.3871
            ],
            [
              -40.7214,
              -20.3884
            ],
            [
              -40.7236,
              -20.3867
            ],
            [
              -40.7253,
              -20.3865
            ],
            [
              -40.7265,
              -20.3876
            ],
            [
              -40.7297,
              -20.3893
            ],
            [
              -40.732,
              -20.3891
            ],
            [
              -40.7338,
              -20.3877
            ],
            [
              -40.7377,
              -20.3859
            ],
            [
              -40.7404,
              -20.3854
            ],
            [
              -40.7395,
              -20.3841
            ],
            [
              -40.74,
              -20.3823
            ],
            [
              -40.7411,
              -20.3817
            ],
            [
              -40.7415,
              -20.3799
            ],
            [
              -40.7393,
              -20.3768
            ],
            [
              -40.7388,
              -20.3756
            ],
            [
              -40.7374,
              -20.3751
            ],
            [
              -40.7366,
              -20.3737
            ],
            [
              -40.7361,
              -20.3697
            ],
            [
              -40.7388,
              -20.3666
            ],
            [
              -40.739,
              -20.3653
            ],
            [
              -40.7384,
              -20.3633
            ],
            [
              -40.7358,
              -20.3604
            ],
            [
              -40.7346,
              -20.3583
            ],
            [
              -40.7349,
              -20.3548
            ],
            [
              -40.7341,
              -20.3532
            ],
            [
              -40.7325,
              -20.352
            ],
            [
              -40.7322,
              -20.3484
            ],
            [
              -40.7329,
              -20.347
            ],
            [
              -40.7349,
              -20.3466
            ],
            [
              -40.7373,
              -20.3455
            ],
            [
              -40.7384,
              -20.3445
            ],
            [
              -40.7418,
              -20.3445
            ],
            [
              -40.7437,
              -20.3442
            ],
            [
              -40.7453,
              -20.3432
            ],
            [
              -40.7476,
              -20.3442
            ],
            [
              -40.7505,
              -20.3467
            ],
            [
              -40.7524,
              -20.3477
            ],
            [
              -40.7546,
              -20.347
            ],
            [
              -40.7587,
              -20.347
            ],
            [
              -40.7614,
              -20.3488
            ],
            [
              -40.7611,
              -20.3499
            ],
            [
              -40.7623,
              -20.3518
            ],
            [
              -40.7648,
              -20.3531
            ],
            [
              -40.7642,
              -20.3541
            ],
            [
              -40.7645,
              -20.3557
            ],
            [
              -40.7666,
              -20.3569
            ],
            [
              -40.7672,
              -20.3596
            ],
            [
              -40.7706,
              -20.3618
            ],
            [
              -40.774,
              -20.3634
            ],
            [
              -40.775,
              -20.3628
            ],
            [
              -40.7762,
              -20.3633
            ],
            [
              -40.7766,
              -20.3647
            ],
            [
              -40.7781,
              -20.3654
            ],
            [
              -40.7781,
              -20.3682
            ],
            [
              -40.7769,
              -20.3694
            ],
            [
              -40.7771,
              -20.3702
            ],
            [
              -40.7805,
              -20.3712
            ],
            [
              -40.7825,
              -20.3737
            ],
            [
              -40.7805,
              -20.3785
            ],
            [
              -40.7806,
              -20.3794
            ],
            [
              -40.7821,
              -20.3804
            ],
            [
              -40.7839,
              -20.3807
            ],
            [
              -40.7839,
              -20.3819
            ],
            [
              -40.787,
              -20.3834
            ],
            [
              -40.7868,
              -20.3852
            ],
            [
              -40.7884,
              -20.3875
            ],
            [
              -40.7879,
              -20.3884
            ],
            [
              -40.789,
              -20.3931
            ],
            [
              -40.7876,
              -20.3945
            ],
            [
              -40.7861,
              -20.397
            ],
            [
              -40.7869,
              -20.3992
            ],
            [
              -40.7868,
              -20.4011
            ],
            [
              -40.7878,
              -20.4017
            ],
            [
              -40.7886,
              -20.4035
            ],
            [
              -40.7891,
              -20.406
            ],
            [
              -40.7905,
              -20.4063
            ],
            [
              -40.7923,
              -20.4045
            ],
            [
              -40.7934,
              -20.4027
            ],
            [
              -40.7946,
              -20.4021
            ],
            [
              -40.7971,
              -20.4017
            ],
            [
              -40.7995,
              -20.3991
            ],
            [
              -40.8007,
              -20.3992
            ],
            [
              -40.8031,
              -20.3963
            ],
            [
              -40.8066,
              -20.3966
            ],
            [
              -40.8096,
              -20.3942
            ],
            [
              -40.8123,
              -20.3941
            ],
            [
              -40.8144,
              -20.3931
            ],
            [
              -40.8167,
              -20.3926
            ],
            [
              -40.8184,
              -20.3932
            ],
            [
              -40.8208,
              -20.3931
            ],
            [
              -40.8216,
              -20.3919
            ],
            [
              -40.8251,
              -20.3901
            ],
            [
              -40.8253,
              -20.3893
            ],
            [
              -40.8241,
              -20.3868
            ],
            [
              -40.8246,
              -20.3855
            ],
            [
              -40.8271,
              -20.3852
            ],
            [
              -40.8294,
              -20.3828
            ],
            [
              -40.8303,
              -20.3806
            ],
            [
              -40.832,
              -20.3801
            ],
            [
              -40.8332,
              -20.3785
            ],
            [
              -40.8342,
              -20.3755
            ],
            [
              -40.8362,
              -20.3762
            ],
            [
              -40.8389,
              -20.3765
            ],
            [
              -40.8408,
              -20.3777
            ],
            [
              -40.8422,
              -20.3779
            ],
            [
              -40.8456,
              -20.3795
            ],
            [
              -40.8476,
              -20.3819
            ],
            [
              -40.8491,
              -20.3832
            ],
            [
              -40.8518,
              -20.3828
            ],
            [
              -40.8553,
              -20.3855
            ],
            [
              -40.8573,
              -20.3815
            ],
            [
              -40.859,
              -20.3812
            ],
            [
              -40.8635,
              -20.382
            ],
            [
              -40.8651,
              -20.3816
            ],
            [
              -40.8666,
              -20.3826
            ],
            [
              -40.8686,
              -20.3817
            ],
            [
              -40.8726,
              -20.3836
            ],
            [
              -40.8723,
              -20.3856
            ],
            [
              -40.8728,
              -20.3866
            ],
            [
              -40.8754,
              -20.3864
            ],
            [
              -40.8766,
              -20.3877
            ],
            [
              -40.8792,
              -20.3885
            ],
            [
              -40.8799,
              -20.3909
            ],
            [
              -40.8812,
              -20.3925
            ],
            [
              -40.8841,
              -20.3925
            ],
            [
              -40.8841,
              -20.3938
            ],
            [
              -40.8853,
              -20.395
            ],
            [
              -40.886,
              -20.3963
            ],
            [
              -40.8875,
              -20.3973
            ],
            [
              -40.889,
              -20.3966
            ],
            [
              -40.8915,
              -20.3963
            ],
            [
              -40.8929,
              -20.3972
            ],
            [
              -40.8932,
              -20.3983
            ],
            [
              -40.8949,
              -20.3988
            ],
            [
              -40.8946,
              -20.3998
            ],
            [
              -40.8918,
              -20.4031
            ],
            [
              -40.89,
              -20.4034
            ],
            [
              -40.8887,
              -20.4049
            ],
            [
              -40.8881,
              -20.4079
            ],
            [
              -40.8867,
              -20.4096
            ],
            [
              -40.8871,
              -20.4137
            ],
            [
              -40.8886,
              -20.4158
            ],
            [
              -40.889,
              -20.4181
            ],
            [
              -40.8882,
              -20.4191
            ],
            [
              -40.8888,
              -20.4218
            ],
            [
              -40.8925,
              -20.4211
            ],
            [
              -40.8962,
              -20.4218
            ],
            [
              -40.8981,
              -20.4225
            ],
            [
              -40.8992,
              -20.4234
            ],
            [
              -40.9,
              -20.4251
            ],
            [
              -40.8998,
              -20.4266
            ],
            [
              -40.898,
              -20.4274
            ],
            [
              -40.8988,
              -20.4296
            ],
            [
              -40.8984,
              -20.4308
            ],
            [
              -40.899,
              -20.4339
            ],
            [
              -40.9008,
              -20.4358
            ],
            [
              -40.9028,
              -20.4355
            ],
            [
              -40.9036,
              -20.4374
            ],
            [
              -40.9029,
              -20.4392
            ],
            [
              -40.9023,
              -20.4428
            ],
            [
              -40.9026,
              -20.4437
            ],
            [
              -40.902,
              -20.4458
            ],
            [
              -40.9004,
              -20.4476
            ],
            [
              -40.9021,
              -20.4495
            ],
            [
              -40.9036,
              -20.4478
            ],
            [
              -40.9057,
              -20.4466
            ],
            [
              -40.91,
              -20.4465
            ],
            [
              -40.911,
              -20.4485
            ],
            [
              -40.9124,
              -20.4487
            ],
            [
              -40.9108,
              -20.452
            ],
            [
              -40.9097,
              -20.4534
            ],
            [
              -40.9091,
              -20.4553
            ],
            [
              -40.9077,
              -20.455
            ],
            [
              -40.9063,
              -20.4559
            ],
            [
              -40.9058,
              -20.4572
            ],
            [
              -40.9042,
              -20.4586
            ],
            [
              -40.9053,
              -20.4602
            ],
            [
              -40.9044,
              -20.4621
            ],
            [
              -40.902,
              -20.4619
            ],
            [
              -40.8977,
              -20.4635
            ],
            [
              -40.8943,
              -20.4642
            ],
            [
              -40.8925,
              -20.4628
            ],
            [
              -40.8894,
              -20.4629
            ],
            [
              -40.888,
              -20.4621
            ],
            [
              -40.8868,
              -20.4628
            ],
            [
              -40.884,
              -20.4629
            ],
            [
              -40.8835,
              -20.4649
            ],
            [
              -40.8819,
              -20.4655
            ],
            [
              -40.8805,
              -20.4643
            ],
            [
              -40.8787,
              -20.4648
            ],
            [
              -40.8781,
              -20.4656
            ],
            [
              -40.8765,
              -20.4651
            ],
            [
              -40.8731,
              -20.4646
            ],
            [
              -40.8721,
              -20.4639
            ],
            [
              -40.8696,
              -20.4649
            ],
            [
              -40.8685,
              -20.4666
            ],
            [
              -40.8686,
              -20.4679
            ],
            [
              -40.8673,
              -20.4707
            ],
            [
              -40.8659,
              -20.4729
            ],
            [
              -40.8667,
              -20.4761
            ],
            [
              -40.8665,
              -20.477
            ],
            [
              -40.8679,
              -20.4781
            ],
            [
              -40.8663,
              -20.4791
            ],
            [
              -40.8652,
              -20.4803
            ],
            [
              -40.8651,
              -20.4819
            ],
            [
              -40.8643,
              -20.4835
            ],
            [
              -40.8647,
              -20.4848
            ],
            [
              -40.8632,
              -20.4857
            ],
            [
              -40.8613,
              -20.4886
            ],
            [
              -40.8572,
              -20.4909
            ],
            [
              -40.8552,
              -20.4918
            ],
            [
              -40.8528,
              -20.4916
            ],
            [
              -40.85,
              -20.4902
            ],
            [
              -40.8483,
              -20.4899
            ],
            [
              -40.8471,
              -20.488
            ],
            [
              -40.8447,
              -20.4871
            ],
            [
              -40.8429,
              -20.487
            ],
            [
              -40.8414,
              -20.4849
            ],
            [
              -40.84,
              -20.4852
            ],
            [
              -40.8396,
              -20.4864
            ],
            [
              -40.8372,
              -20.4872
            ],
            [
              -40.8365,
              -20.4882
            ],
            [
              -40.8339,
              -20.4874
            ],
            [
              -40.8327,
              -20.4854
            ],
            [
              -40.8279,
              -20.4849
            ],
            [
              -40.8275,
              -20.486
            ],
            [
              -40.8262,
              -20.4868
            ],
            [
              -40.8259,
              -20.4881
            ],
            [
              -40.8225,
              -20.4887
            ],
            [
              -40.8206,
              -20.4881
            ],
            [
              -40.818,
              -20.486
            ],
            [
              -40.8151,
              -20.4856
            ],
            [
              -40.8164,
              -20.4835
            ],
            [
              -40.8123,
              -20.4828
            ],
            [
              -40.8121,
              -20.4846
            ],
            [
              -40.8084,
              -20.487
            ],
            [
              -40.8097,
              -20.4886
            ],
            [
              -40.8096,
              -20.4898
            ],
            [
              -40.808,
              -20.4907
            ],
            [
              -40.8073,
              -20.4919
            ],
            [
              -40.8084,
              -20.4933
            ],
            [
              -40.8086,
              -20.4958
            ],
            [
              -40.81,
              -20.4977
            ],
            [
              -40.8096,
              -20.4999
            ],
            [
              -40.8109,
              -20.5019
            ],
            [
              -40.8119,
              -20.502
            ],
            [
              -40.813,
              -20.5038
            ],
            [
              -40.8126,
              -20.5048
            ],
            [
              -40.8147,
              -20.5065
            ],
            [
              -40.8153,
              -20.5081
            ],
            [
              -40.8174,
              -20.5088
            ],
            [
              -40.8177,
              -20.5102
            ],
            [
              -40.8189,
              -20.5121
            ],
            [
              -40.8188,
              -20.5131
            ],
            [
              -40.8201,
              -20.5142
            ],
            [
              -40.8203,
              -20.5153
            ],
            [
              -40.8219,
              -20.5168
            ],
            [
              -40.8218,
              -20.5182
            ],
            [
              -40.8199,
              -20.5186
            ],
            [
              -40.8184,
              -20.5199
            ],
            [
              -40.818,
              -20.5221
            ],
            [
              -40.8158,
              -20.5231
            ],
            [
              -40.814,
              -20.521
            ],
            [
              -40.8126,
              -20.5205
            ],
            [
              -40.8116,
              -20.5212
            ],
            [
              -40.8089,
              -20.5213
            ],
            [
              -40.8063,
              -20.52
            ],
            [
              -40.8055,
              -20.52
            ],
            [
              -40.8042,
              -20.5179
            ],
            [
              -40.803,
              -20.5169
            ],
            [
              -40.8008,
              -20.5165
            ],
            [
              -40.8006,
              -20.5156
            ],
            [
              -40.7992,
              -20.5144
            ],
            [
              -40.7981,
              -20.5143
            ],
            [
              -40.7969,
              -20.5118
            ],
            [
              -40.7953,
              -20.5105
            ],
            [
              -40.793,
              -20.5077
            ],
            [
              -40.7918,
              -20.5073
            ],
            [
              -40.788,
              -20.5081
            ],
            [
              -40.7868,
              -20.51
            ],
            [
              -40.7842,
              -20.5089
            ],
            [
              -40.7826,
              -20.5066
            ],
            [
              -40.7829,
              -20.504
            ],
            [
              -40.7814,
              -20.5024
            ],
            [
              -40.7811,
              -20.5007
            ],
            [
              -40.7795,
              -20.5001
            ],
            [
              -40.7789,
              -20.4977
            ],
            [
              -40.7639,
              -20.4979
            ],
            [
              -40.7644,
              -20.5012
            ],
            [
              -40.7623,
              -20.5046
            ],
            [
              -40.7607,
              -20.5045
            ],
            [
              -40.7597,
              -20.5033
            ],
            [
              -40.7597,
              -20.5022
            ],
            [
              -40.7572,
              -20.5003
            ],
            [
              -40.7554,
              -20.4998
            ],
            [
              -40.7538,
              -20.4985
            ],
            [
              -40.7548,
              -20.4964
            ],
            [
              -40.7528,
              -20.4958
            ],
            [
              -40.7521,
              -20.4945
            ],
            [
              -40.7492,
              -20.4945
            ],
            [
              -40.748,
              -20.4935
            ],
            [
              -40.749,
              -20.492
            ],
            [
              -40.7519,
              -20.49
            ],
            [
              -40.7511,
              -20.4884
            ],
            [
              -40.7482,
              -20.4881
            ],
            [
              -40.7462,
              -20.4865
            ],
            [
              -40.7433,
              -20.4848
            ],
            [
              -40.7437,
              -20.4826
            ],
            [
              -40.7419,
              -20.4822
            ],
            [
              -40.7407,
              -20.4805
            ],
            [
              -40.7423,
              -20.4783
            ],
            [
              -40.7432,
              -20.4777
            ],
            [
              -40.7429,
              -20.4752
            ],
            [
              -40.7382,
              -20.4754
            ],
            [
              -40.7365,
              -20.474
            ],
            [
              -40.7371,
              -20.4726
            ],
            [
              -40.7355,
              -20.4704
            ],
            [
              -40.7362,
              -20.4688
            ],
            [
              -40.7364,
              -20.4669
            ],
            [
              -40.733,
              -20.4659
            ],
            [
              -40.7313,
              -20.4662
            ],
            [
              -40.7296,
              -20.4653
            ],
            [
              -40.7283,
              -20.4625
            ],
            [
              -40.727,
              -20.4616
            ],
            [
              -40.7257,
              -20.4614
            ],
            [
              -40.7239,
              -20.4583
            ],
            [
              -40.7231,
              -20.4582
            ],
            [
              -40.7197,
              -20.4609
            ],
            [
              -40.7172,
              -20.4603
            ],
            [
              -40.716,
              -20.461
            ],
            [
              -40.7114,
              -20.46
            ],
            [
              -40.7098,
              -20.4589
            ],
            [
              -40.7108,
              -20.4566
            ],
            [
              -40.7107,
              -20.4519
            ],
            [
              -40.7112,
              -20.4507
            ],
            [
              -40.709,
              -20.45
            ],
            [
              -40.7085,
              -20.4471
            ],
            [
              -40.7121,
              -20.4432
            ],
            [
              -40.7145,
              -20.4423
            ],
            [
              -40.7144,
              -20.4411
            ],
            [
              -40.71,
              -20.4388
            ],
            [
              -40.7086,
              -20.4373
            ],
            [
              -40.7047,
              -20.4349
            ],
            [
              -40.7026,
              -20.4321
            ],
            [
              -40.7007,
              -20.4325
            ],
            [
              -40.6995,
              -20.4343
            ],
            [
              -40.698,
              -20.4344
            ],
            [
              -40.6943,
              -20.4332
            ],
            [
              -40.6924,
              -20.4332
            ],
            [
              -40.6884,
              -20.4344
            ],
            [
              -40.6878,
              -20.4363
            ],
            [
              -40.6862,
              -20.4371
            ],
            [
              -40.685,
              -20.4406
            ],
            [
              -40.6833,
              -20.442
            ],
            [
              -40.6812,
              -20.4422
            ],
            [
              -40.6797,
              -20.4433
            ],
            [
              -40.6782,
              -20.447
            ],
            [
              -40.676,
              -20.4491
            ],
            [
              -40.6736,
              -20.4501
            ],
            [
              -40.6695,
              -20.4501
            ],
            [
              -40.6682,
              -20.4497
            ],
            [
              -40.6632,
              -20.4497
            ],
            [
              -40.6622,
              -20.449
            ],
            [
              -40.6608,
              -20.4492
            ],
            [
              -40.6603,
              -20.4501
            ],
            [
              -40.6609,
              -20.453
            ],
            [
              -40.6604,
              -20.4557
            ],
            [
              -40.6591,
              -20.4572
            ],
            [
              -40.6592,
              -20.4587
            ],
            [
              -40.6586,
              -20.4598
            ],
            [
              -40.6561,
              -20.4602
            ],
            [
              -40.651,
              -20.4593
            ],
            [
              -40.6492,
              -20.4619
            ],
            [
              -40.6452,
              -20.4658
            ],
            [
              -40.6422,
              -20.4671
            ],
            [
              -40.6397,
              -20.4665
            ],
            [
              -40.6377,
              -20.4665
            ],
            [
              -40.6357,
              -20.4673
            ],
            [
              -40.6336,
              -20.4691
            ],
            [
              -40.6328,
              -20.4714
            ],
            [
              -40.6315,
              -20.4701
            ],
            [
              -40.6296,
              -20.4692
            ],
            [
              -40.6268,
              -20.4687
            ],
            [
              -40.6262,
              -20.4679
            ],
            [
              -40.6324,
              -20.4623
            ],
            [
              -40.6323,
              -20.4591
            ],
            [
              -40.6294,
              -20.4564
            ],
            [
              -40.6288,
              -20.4529
            ],
            [
              -40.6268,
              -20.4508
            ],
            [
              -40.6272,
              -20.4464
            ],
            [
              -40.6248,
              -20.443
            ],
            [
              -40.6248,
              -20.4391
            ],
            [
              -40.6233,
              -20.4389
            ],
            [
              -40.6221,
              -20.4354
            ],
            [
              -40.6237,
              -20.4347
            ],
            [
              -40.6251,
              -20.433
            ],
            [
              -40.6256,
              -20.4307
            ],
            [
              -40.625,
              -20.4265
            ],
            [
              -40.6253,
              -20.4242
            ]
          ]
        ]
      },
      "properties": {
        "codarea": "3203346",
        "nome_municipio": "Marechal Floriano",
        "codigo_ibge": 3203346
      }
    },
    {
      "type": "Feature",
      "geometry": {
        "type": "Polygon",
        "coordinates": [
          [
            [
              -40.9796,
              -20.8694
            ],
            [
              -40.9795,
              -20.8711
            ],
            [
              -40.9775,
              -20.8709
            ],
            [
              -40.9754,
              -20.8715
            ],
            [
              -40.9745,
              -20.8726
            ],
            [
              -40.9733,
              -20.8731
            ],
            [
              -40.9699,
              -20.8727
            ],
            [
              -40.969,
              -20.8741
            ],
            [
              -40.9678,
              -20.8735
            ],
            [
              -40.9651,
              -20.8739
            ],
            [
              -40.9647,
              -20.8756
            ],
            [
              -40.9636,
              -20.8756
            ],
            [
              -40.9517,
              -20.8806
            ],
            [
              -40.9484,
              -20.8848
            ],
            [
              -40.9448,
              -20.8863
            ],
            [
              -40.9268,
              -20.8912
            ],
            [
              -40.9261,
              -20.8912
            ],
            [
              -40.901,
              -20.8901
            ],
            [
              -40.8908,
              -20.8897
            ],
            [
              -40.8704,
              -20.8925
            ],
            [
              -40.866,
              -20.893
            ],
            [
              -40.8635,
              -20.8924
            ],
            [
              -40.8518,
              -20.8862
            ],
            [
              -40.8497,
              -20.8861
            ],
            [
              -40.8464,
              -20.8876
            ],
            [
              -40.8376,
              -20.8899
            ],
            [
              -40.828,
              -20.8908
            ],
            [
              -40.828,
              -20.856
            ],
            [
              -40.828,
              -20.8085
            ],
            [
              -40.8316,
              -20.8071
            ],
            [
              -40.8329,
              -20.8075
            ],
            [
              -40.8363,
              -20.8131
            ],
            [
              -40.8371,
              -20.8135
            ],
            [
              -40.8408,
              -20.8137
            ],
            [
              -40.8411,
              -20.8124
            ],
            [
              -40.8407,
              -20.8096
            ],
            [
              -40.8415,
              -20.8087
            ],
            [
              -40.8503,
              -20.8105
            ],
            [
              -40.8528,
              -20.8103
            ],
            [
              -40.8554,
              -20.8127
            ],
            [
              -40.8561,
              -20.8145
            ],
            [
              -40.8585,
              -20.8125
            ],
            [
              -40.8591,
              -20.8101
            ],
            [
              -40.8602,
              -20.8098
            ],
            [
              -40.8611,
              -20.8076
            ],
            [
              -40.8628,
              -20.8057
            ],
            [
              -40.867,
              -20.806
            ],
            [
              -40.8697,
              -20.8082
            ],
            [
              -40.8714,
              -20.8087
            ],
            [
              -40.8717,
              -20.8105
            ],
            [
              -40.8745,
              -20.8128
            ],
            [
              -40.8767,
              -20.8134
            ],
            [
              -40.8771,
              -20.8147
            ],
            [
              -40.8829,
              -20.8157
            ],
            [
              -40.8851,
              -20.817
            ],
            [
              -40.8879,
              -20.8166
            ],
            [
              -40.8883,
              -20.8181
            ],
            [
              -40.8896,
              -20.8184
            ],
            [
              -40.8922,
              -20.8175
            ],
            [
              -40.8931,
              -20.816
            ],
            [
              -40.8972,
              -20.8151
            ],
            [
              -40.8973,
              -20.8141
            ],
            [
              -40.896,
              -20.8118
            ],
            [
              -40.8964,
              -20.8112
            ],
            [
              -40.9019,
              -20.8107
            ],
            [
              -40.9027,
              -20.8079
            ],
            [
              -40.9053,
              -20.8079
            ],
            [
              -40.9071,
              -20.8061
            ],
            [
              -40.9075,
              -20.8046
            ],
            [
              -40.9098,
              -20.8014
            ],
            [
              -40.9125,
              -20.7996
            ],
            [
              -40.9131,
              -20.7975
            ],
            [
              -40.9152,
              -20.7952
            ],
            [
              -40.9165,
              -20.7933
            ],
            [
              -40.918,
              -20.7919
            ],
            [
              -40.9196,
              -20.7917
            ],
            [
              -40.9226,
              -20.7876
            ],
            [
              -40.9256,
              -20.7851
            ],
            [
              -40.928,
              -20.784
            ],
            [
              -40.9313,
              -20.7816
            ],
            [
              -40.9321,
              -20.7797
            ],
            [
              -40.9331,
              -20.7789
            ],
            [
              -40.9342,
              -20.7769
            ],
            [
              -40.9367,
              -20.7753
            ],
            [
              -40.9379,
              -20.7771
            ],
            [
              -40.9393,
              -20.7772
            ],
            [
              -40.9426,
              -20.7741
            ],
            [
              -40.946,
              -20.7732
            ],
            [
              -40.9473,
              -20.7721
            ],
            [
              -40.9469,
              -20.7701
            ],
            [
              -40.946,
              -20.7686
            ],
            [
              -40.9445,
              -20.7676
            ],
            [
              -40.9442,
              -20.7645
            ],
            [
              -40.9417,
              -20.7642
            ],
            [
              -40.9405,
              -20.7618
            ],
            [
              -40.9393,
              -20.7607
            ],
            [
              -40.939,
              -20.759
            ],
            [
              -40.9382,
              -20.7581
            ],
            [
              -40.9363,
              -20.7587
            ],
            [
              -40.9348,
              -20.7559
            ],
            [
              -40.9331,
              -20.7547
            ],
            [
              -40.9314,
              -20.7527
            ],
            [
              -40.9323,
              -20.7505
            ],
            [
              -40.9316,
              -20.7497
            ],
            [
              -40.9314,
              -20.7472
            ],
            [
              -40.9275,
              -20.7454
            ],
            [
              -40.925,
              -20.7453
            ],
            [
              -40.9241,
              -20.747
            ],
            [
              -40.9244,
              -20.7483
            ],
            [
              -40.9232,
              -20.7493
            ],
            [
              -40.9205,
              -20.7481
            ],
            [
              -40.9206,
              -20.7472
            ],
            [
              -40.9227,
              -20.7478
            ],
            [
              -40.9231,
              -20.7459
            ],
            [
              -40.9241,
              -20.7447
            ],
            [
              -40.9236,
              -20.7422
            ],
            [
              -40.9241,
              -20.7408
            ],
            [
              -40.9262,
              -20.738
            ],
            [
              -40.9281,
              -20.7367
            ],
            [
              -40.9303,
              -20.7335
            ],
            [
              -40.9326,
              -20.7328
            ],
            [
              -40.9324,
              -20.73
            ],
            [
              -40.9313,
              -20.7279
            ],
            [
              -40.9309,
              -20.7262
            ],
            [
              -40.929,
              -20.7254
            ],
            [
              -40.9286,
              -20.7246
            ],
            [
              -40.9289,
              -20.7227
            ],
            [
              -40.9286,
              -20.7209
            ],
            [
              -40.927,
              -20.7192
            ],
            [
              -40.9261,
              -20.717
            ],
            [
              -40.9263,
              -20.7153
            ],
            [
              -40.925,
              -20.7133
            ],
            [
              -40.9219,
              -20.7116
            ],
            [
              -40.9207,
              -20.7117
            ],
            [
              -40.9169,
              -20.7071
            ],
            [
              -40.9162,
              -20.7036
            ],
            [
              -40.9148,
              -20.6997
            ],
            [
              -40.9165,
              -20.6959
            ],
            [
              -40.9161,
              -20.6933
            ],
            [
              -40.9145,
              -20.6922
            ],
            [
              -40.9104,
              -20.6905
            ],
            [
              -40.9109,
              -20.6891
            ],
            [
              -40.9096,
              -20.687
            ],
            [
              -40.9099,
              -20.6859
            ],
            [
              -40.9108,
              -20.6833
            ],
            [
              -40.9115,
              -20.683
            ],
            [
              -40.9148,
              -20.6831
            ],
            [
              -40.9166,
              -20.6837
            ],
            [
              -40.9206,
              -20.6835
            ],
            [
              -40.9223,
              -20.6825
            ],
            [
              -40.923,
              -20.6812
            ],
            [
              -40.9223,
              -20.6765
            ],
            [
              -40.9235,
              -20.6754
            ],
            [
              -40.9254,
              -20.6775
            ],
            [
              -40.928,
              -20.6785
            ],
            [
              -40.9297,
              -20.6782
            ],
            [
              -40.9299,
              -20.6804
            ],
            [
              -40.9313,
              -20.6816
            ],
            [
              -40.9326,
              -20.6836
            ],
            [
              -40.9326,
              -20.685
            ],
            [
              -40.9356,
              -20.6853
            ],
            [
              -40.9371,
              -20.6875
            ],
            [
              -40.9384,
              -20.6869
            ],
            [
              -40.9406,
              -20.6867
            ],
            [
              -40.9438,
              -20.6879
            ],
            [
              -40.9458,
              -20.6896
            ],
            [
              -40.947,
              -20.6939
            ],
            [
              -40.9504,
              -20.6957
            ],
            [
              -40.9523,
              -20.6956
            ],
            [
              -40.9551,
              -20.6925
            ],
            [
              -40.9562,
              -20.6928
            ],
            [
              -40.958,
              -20.6951
            ],
            [
              -40.9593,
              -20.6963
            ],
            [
              -40.961,
              -20.7006
            ],
            [
              -40.9618,
              -20.7055
            ],
            [
              -40.9615,
              -20.7065
            ],
            [
              -40.9626,
              -20.708
            ],
            [
              -40.9633,
              -20.7104
            ],
            [
              -40.9629,
              -20.7118
            ],
            [
              -40.9601,
              -20.7132
            ],
            [
              -40.9574,
              -20.714
            ],
            [
              -40.9562,
              -20.7152
            ],
            [
              -40.958,
              -20.7177
            ],
            [
              -40.9569,
              -20.7184
            ],
            [
              -40.9578,
              -20.7217
            ],
            [
              -40.9595,
              -20.7236
            ],
            [
              -40.9624,
              -20.7253
            ],
            [
              -40.9636,
              -20.7269
            ],
            [
              -40.964,
              -20.7288
            ],
            [
              -40.965,
              -20.7301
            ],
            [
              -40.9654,
              -20.7342
            ],
            [
              -40.9663,
              -20.736
            ],
            [
              -40.9656,
              -20.7387
            ],
            [
              -40.9659,
              -20.741
            ],
            [
              -40.9651,
              -20.7418
            ],
            [
              -40.9653,
              -20.744
            ],
            [
              -40.9658,
              -20.7459
            ],
            [
              -40.9674,
              -20.7484
            ],
            [
              -40.9677,
              -20.7509
            ],
            [
              -40.9691,
              -20.7517
            ],
            [
              -40.9696,
              -20.7554
            ],
            [
              -40.9711,
              -20.7562
            ],
            [
              -40.9735,
              -20.759
            ],
            [
              -40.9734,
              -20.7606
            ],
            [
              -40.9749,
              -20.7614
            ],
            [
              -40.9758,
              -20.7636
            ],
            [
              -40.9794,
              -20.7642
            ],
            [
              -40.9815,
              -20.7656
            ],
            [
              -40.9792,
              -20.767
            ],
            [
              -40.9806,
              -20.7679
            ],
            [
              -40.9813,
              -20.7693
            ],
            [
              -40.9837,
              -20.7712
            ],
            [
              -40.9847,
              -20.7713
            ],
            [
              -40.9879,
              -20.7737
            ],
            [
              -40.9887,
              -20.7747
            ],
            [
              -40.9902,
              -20.7748
            ],
            [
              -40.9905,
              -20.7766
            ],
            [
              -40.9938,
              -20.7782
            ],
            [
              -40.9944,
              -20.7814
            ],
            [
              -40.992,
              -20.7836
            ],
            [
              -40.9909,
              -20.7878
            ],
            [
              -40.9931,
              -20.7906
            ],
            [
              -40.9944,
              -20.7908
            ],
            [
              -40.9959,
              -20.7919
            ],
            [
              -40.9954,
              -20.7929
            ],
            [
              -40.9914,
              -20.7948
            ],
            [
              -40.9915,
              -20.7963
            ],
            [
              -40.9883,
              -20.7974
            ],
            [
              -40.9874,
              -20.7992
            ],
            [
              -40.9864,
              -20.7997
            ],
            [
              -40.9844,
              -20.8021
            ],
            [
              -40.9858,
              -20.8057
            ],
            [
              -40.9871,
              -20.8071
            ],
            [
              -40.987,
              -20.8088
            ],
            [
              -40.9857,
              -20.8087
            ],
            [
              -40.9847,
              -20.8098
            ],
            [
              -40.9841,
              -20.8136
            ],
            [
              -40.9823,
              -20.814
            ],
            [
              -40.9829,
              -20.8166
            ],
            [
              -40.9823,
              -20.8182
            ],
            [
              -40.9791,
              -20.8208
            ],
            [
              -40.9786,
              -20.823
            ],
            [
              -40.98,
              -20.8244
            ],
            [
              -40.9797,
              -20.8255
            ],
            [
              -40.98,
              -20.8283
            ],
            [
              -40.9814,
              -20.8297
            ],
            [
              -40.9838,
              -20.8293
            ],
            [
              -40.9846,
              -20.8306
            ],
            [
              -40.9862,
              -20.8305
            ],
            [
              -40.9884,
              -20.8315
            ],
            [
              -40.9897,
              -20.8326
            ],
            [
              -40.9904,
              -20.835
            ],
            [
              -40.9912,
              -20.8363
            ],
            [
              -40.9905,
              -20.8377
            ],
            [
              -40.9895,
              -20.838
            ],
            [
              -40.9899,
              -20.8406
            ],
            [
              -40.9872,
              -20.842
            ],
            [
              -40.9872,
              -20.8438
            ],
            [
              -40.9858,
              -20.8454
            ],
            [
              -40.986,
              -20.8465
            ],
            [
              -40.9877,
              -20.8467
            ],
            [
              -40.9877,
              -20.8484
            ],
            [
              -40.9865,
              -20.8497
            ],
            [
              -40.9867,
              -20.8508
            ],
            [
              -40.9858,
              -20.8524
            ],
            [
              -40.9866,
              -20.8532
            ],
            [
              -40.9868,
              -20.8555
            ],
            [
              -40.985,
              -20.8554
            ],
            [
              -40.9845,
              -20.857
            ],
            [
              -40.9861,
              -20.8589
            ],
            [
              -40.9868,
              -20.861
            ],
            [
              -40.9858,
              -20.8629
            ],
            [
              -40.984,
              -20.8631
            ],
            [
              -40.984,
              -20.8641
            ],
            [
              -40.9821,
              -20.8649
            ],
            [
              -40.9789,
              -20.865
            ],
            [
              -40.9783,
              -20.8659
            ],
            [
              -40.9796,
              -20.8672
            ],
            [
              -40.9796,
              -20.8694
            ]
          ]
        ]
      },
      "properties": {
        "codarea": "3204401",
        "nome_municipio": "Rio Novo do Sul",
        "codigo_ibge": 3204401
      }
    },
    {
      "type": "Feature",
      "geometry": {
        "type": "Polygon",
        "coordinates": [
          [
            [
              -40.7521,
              -20.1762
            ],
            [
              -40.7504,
              -20.1771
            ],
            [
              -40.7499,
              -20.1783
            ],
            [
              -40.7482,
              -20.1792
            ],
            [
              -40.7455,
              -20.1785
            ],
            [
              -40.7435,
              -20.1762
            ],
            [
              -40.7433,
              -20.1751
            ],
            [
              -40.7415,
              -20.1738
            ],
            [
              -40.7402,
              -20.1717
            ],
            [
              -40.7376,
              -20.1697
            ],
            [
              -40.7341,
              -20.1694
            ],
            [
              -40.7328,
              -20.1676
            ],
            [
              -40.7333,
              -20.1666
            ],
            [
              -40.7306,
              -20.1646
            ],
            [
              -40.7305,
              -20.1636
            ],
            [
              -40.7293,
              -20.163
            ],
            [
              -40.7278,
              -20.1606
            ],
            [
              -40.7267,
              -20.1604
            ],
            [
              -40.7243,
              -20.1588
            ],
            [
              -40.7223,
              -20.1566
            ],
            [
              -40.7212,
              -20.157
            ],
            [
              -40.7175,
              -20.1567
            ],
            [
              -40.7156,
              -20.154
            ],
            [
              -40.7144,
              -20.1531
            ],
            [
              -40.7148,
              -20.1513
            ],
            [
              -40.7145,
              -20.1497
            ],
            [
              -40.7118,
              -20.1461
            ],
            [
              -40.7108,
              -20.1459
            ],
            [
              -40.7092,
              -20.1467
            ],
            [
              -40.708,
              -20.1453
            ],
            [
              -40.7072,
              -20.143
            ],
            [
              -40.7041,
              -20.1448
            ],
            [
              -40.7024,
              -20.1445
            ],
            [
              -40.7015,
              -20.1434
            ],
            [
              -40.699,
              -20.1427
            ],
            [
              -40.6957,
              -20.1451
            ],
            [
              -40.6942,
              -20.1443
            ],
            [
              -40.6929,
              -20.1426
            ],
            [
              -40.6906,
              -20.1414
            ],
            [
              -40.689,
              -20.141
            ],
            [
              -40.6836,
              -20.1388
            ],
            [
              -40.6832,
              -20.1382
            ],
            [
              -40.6831,
              -20.1355
            ],
            [
              -40.6834,
              -20.1347
            ],
            [
              -40.6826,
              -20.1325
            ],
            [
              -40.6834,
              -20.131
            ],
            [
              -40.6822,
              -20.1301
            ],
            [
              -40.6812,
              -20.1276
            ],
            [
              -40.6803,
              -20.1275
            ],
            [
              -40.6785,
              -20.126
            ],
            [
              -40.6787,
              -20.1249
            ],
            [
              -40.68,
              -20.1239
            ],
            [
              -40.6804,
              -20.1201
            ],
            [
              -40.6797,
              -20.1192
            ],
            [
              -40.6779,
              -20.1192
            ],
            [
              -40.6758,
              -20.1186
            ],
            [
              -40.6749,
              -20.1168
            ],
            [
              -40.6755,
              -20.1158
            ],
            [
              -40.6763,
              -20.1128
            ],
            [
              -40.6782,
              -20.107
            ],
            [
              -40.6779,
              -20.1059
            ],
            [
              -40.6762,
              -20.104
            ],
            [
              -40.6747,
              -20.1034
            ],
            [
              -40.6732,
              -20.1013
            ],
            [
              -40.6749,
              -20.0984
            ],
            [
              -40.6751,
              -20.0936
            ],
            [
              -40.6715,
              -20.0909
            ],
            [
              -40.6668,
              -20.0906
            ],
            [
              -40.6658,
              -20.0899
            ],
            [
              -40.663,
              -20.0867
            ],
            [
              -40.662,
              -20.0862
            ],
            [
              -40.6602,
              -20.0867
            ],
            [
              -40.6601,
              -20.0897
            ],
            [
              -40.6566,
              -20.0911
            ],
            [
              -40.6528,
              -20.0915
            ],
            [
              -40.65,
              -20.0897
            ],
            [
              -40.6488,
              -20.0897
            ],
            [
              -40.6461,
              -20.0905
            ],
            [
              -40.6438,
              -20.0919
            ],
            [
              -40.6422,
              -20.0962
            ],
            [
              -40.6436,
              -20.097
            ],
            [
              -40.6414,
              -20.0982
            ],
            [
              -40.6408,
              -20.0994
            ],
            [
              -40.6381,
              -20.1025
            ],
            [
              -40.6376,
              -20.1059
            ],
            [
              -40.6384,
              -20.107
            ],
            [
              -40.6379,
              -20.11
            ],
            [
              -40.6368,
              -20.1096
            ],
            [
              -40.6325,
              -20.1098
            ],
            [
              -40.631,
              -20.1075
            ],
            [
              -40.6314,
              -20.1017
            ],
            [
              -40.6305,
              -20.1014
            ],
            [
              -40.6274,
              -20.1038
            ],
            [
              -40.6253,
              -20.1065
            ],
            [
              -40.6245,
              -20.107
            ],
            [
              -40.6224,
              -20.1057
            ],
            [
              -40.6205,
              -20.1026
            ],
            [
              -40.6182,
              -20.1007
            ],
            [
              -40.617,
              -20.1019
            ],
            [
              -40.6157,
              -20.1016
            ],
            [
              -40.6149,
              -20.0998
            ],
            [
              -40.6152,
              -20.0981
            ],
            [
              -40.6142,
              -20.096
            ],
            [
              -40.6125,
              -20.095
            ],
            [
              -40.6093,
              -20.0915
            ],
            [
              -40.606,
              -20.0941
            ],
            [
              -40.6042,
              -20.0928
            ],
            [
              -40.6034,
              -20.0915
            ],
            [
              -40.6014,
              -20.0908
            ],
            [
              -40.598,
              -20.0869
            ],
            [
              -40.5963,
              -20.0856
            ],
            [
              -40.5953,
              -20.084
            ],
            [
              -40.5956,
              -20.083
            ],
            [
              -40.5972,
              -20.0822
            ],
            [
              -40.6008,
              -20.0826
            ],
            [
              -40.6027,
              -20.0822
            ],
            [
              -40.6024,
              -20.0784
            ],
            [
              -40.6014,
              -20.0757
            ],
            [
              -40.6026,
              -20.0752
            ],
            [
              -40.6036,
              -20.0705
            ],
            [
              -40.6046,
              -20.0708
            ],
            [
              -40.6058,
              -20.0688
            ],
            [
              -40.6075,
              -20.0686
            ],
            [
              -40.61,
              -20.0697
            ],
            [
              -40.6123,
              -20.0701
            ],
            [
              -40.6145,
              -20.0678
            ],
            [
              -40.6155,
              -20.0652
            ],
            [
              -40.6153,
              -20.0642
            ],
            [
              -40.6162,
              -20.0629
            ],
            [
              -40.616,
              -20.0602
            ],
            [
              -40.617,
              -20.0592
            ],
            [
              -40.6171,
              -20.0571
            ],
            [
              -40.6183,
              -20.0558
            ],
            [
              -40.6191,
              -20.0532
            ],
            [
              -40.6202,
              -20.0512
            ],
            [
              -40.6198,
              -20.0506
            ],
            [
              -40.6222,
              -20.0486
            ],
            [
              -40.6227,
              -20.0476
            ],
            [
              -40.625,
              -20.0487
            ],
            [
              -40.6252,
              -20.0473
            ],
            [
              -40.6241,
              -20.0459
            ],
            [
              -40.6224,
              -20.0461
            ],
            [
              -40.6215,
              -20.0443
            ],
            [
              -40.6214,
              -20.0426
            ],
            [
              -40.6201,
              -20.0412
            ],
            [
              -40.6204,
              -20.0398
            ],
            [
              -40.6193,
              -20.0382
            ],
            [
              -40.619,
              -20.0367
            ],
            [
              -40.6177,
              -20.0354
            ],
            [
              -40.6181,
              -20.0345
            ],
            [
              -40.6156,
              -20.0334
            ],
            [
              -40.6144,
              -20.034
            ],
            [
              -40.6128,
              -20.0317
            ],
            [
              -40.6118,
              -20.0316
            ],
            [
              -40.6113,
              -20.03
            ],
            [
              -40.6097,
              -20.0279
            ],
            [
              -40.6086,
              -20.0246
            ],
            [
              -40.6074,
              -20.0228
            ],
            [
              -40.6052,
              -20.0186
            ],
            [
              -40.6036,
              -20.0166
            ],
            [
              -40.6014,
              -20.0126
            ],
            [
              -40.6,
              -20.0076
            ],
            [
              -40.6016,
              -20.0071
            ],
            [
              -40.6026,
              -20.0057
            ],
            [
              -40.6046,
              -20.0055
            ],
            [
              -40.6052,
              -20.0047
            ],
            [
              -40.6052,
              -20.0022
            ],
            [
              -40.6083,
              -19.9999
            ],
            [
              -40.6099,
              -19.9981
            ],
            [
              -40.6124,
              -19.9973
            ],
            [
              -40.6151,
              -19.9973
            ],
            [
              -40.6164,
              -19.9978
            ],
            [
              -40.6189,
              -19.9955
            ],
            [
              -40.618,
              -19.9943
            ],
            [
              -40.6183,
              -19.9924
            ],
            [
              -40.6196,
              -19.9907
            ],
            [
              -40.6208,
              -19.9913
            ],
            [
              -40.6227,
              -19.9912
            ],
            [
              -40.6233,
              -19.9888
            ],
            [
              -40.6216,
              -19.9865
            ],
            [
              -40.6218,
              -19.9853
            ],
            [
              -40.6241,
              -19.9834
            ],
            [
              -40.6232,
              -19.9807
            ],
            [
              -40.6219,
              -19.9807
            ],
            [
              -40.6205,
              -19.9783
            ],
            [
              -40.621,
              -19.9763
            ],
            [
              -40.6207,
              -19.9737
            ],
            [
              -40.6229,
              -19.9734
            ],
            [
              -40.6236,
              -19.971
            ],
            [
              -40.6217,
              -19.9691
            ],
            [
              -40.6248,
              -19.9694
            ],
            [
              -40.6258,
              -19.9691
            ],
            [
              -40.6253,
              -19.967
            ],
            [
              -40.6257,
              -19.9649
            ],
            [
              -40.6266,
              -19.9643
            ],
            [
              -40.6302,
              -19.9646
            ],
            [
              -40.6324,
              -19.9661
            ],
            [
              -40.633,
              -19.9677
            ],
            [
              -40.6341,
              -19.9685
            ],
            [
              -40.6334,
              -19.9703
            ],
            [
              -40.6333,
              -19.9719
            ],
            [
              -40.6351,
              -19.9725
            ],
            [
              -40.6368,
              -19.9726
            ],
            [
              -40.6379,
              -19.9757
            ],
            [
              -40.6396,
              -19.9771
            ],
            [
              -40.6408,
              -19.9772
            ],
            [
              -40.6437,
              -19.9758
            ],
            [
              -40.6449,
              -19.9764
            ],
            [
              -40.6455,
              -19.9781
            ],
            [
              -40.6472,
              -19.9768
            ],
            [
              -40.6489,
              -19.9773
            ],
            [
              -40.6503,
              -19.9783
            ],
            [
              -40.6522,
              -19.9785
            ],
            [
              -40.6537,
              -19.978
            ],
            [
              -40.6551,
              -19.9786
            ],
            [
              -40.6565,
              -19.981
            ],
            [
              -40.6568,
              -19.982
            ],
            [
              -40.6596,
              -19.9819
            ],
            [
              -40.662,
              -19.981
            ],
            [
              -40.6623,
              -19.9779
            ],
            [
              -40.663,
              -19.9757
            ],
            [
              -40.6627,
              -19.9736
            ],
            [
              -40.6667,
              -19.9719
            ],
            [
              -40.6672,
              -19.9704
            ],
            [
              -40.6684,
              -19.9702
            ],
            [
              -40.6695,
              -19.9685
            ],
            [
              -40.6695,
              -19.9675
            ],
            [
              -40.6708,
              -19.9667
            ],
            [
              -40.672,
              -19.9637
            ],
            [
              -40.6756,
              -19.9627
            ],
            [
              -40.6767,
              -19.9637
            ],
            [
              -40.6771,
              -19.9659
            ],
            [
              -40.6792,
              -19.9661
            ],
            [
              -40.6826,
              -19.9671
            ],
            [
              -40.6854,
              -19.97
            ],
            [
              -40.6857,
              -19.9718
            ],
            [
              -40.684,
              -19.9728
            ],
            [
              -40.6848,
              -19.9755
            ],
            [
              -40.6865,
              -19.9763
            ],
            [
              -40.6901,
              -19.9773
            ],
            [
              -40.6929,
              -19.981
            ],
            [
              -40.6952,
              -19.9811
            ],
            [
              -40.6967,
              -19.9807
            ],
            [
              -40.6992,
              -19.9792
            ],
            [
              -40.6999,
              -19.9784
            ],
            [
              -40.7003,
              -19.9756
            ],
            [
              -40.7015,
              -19.975
            ],
            [
              -40.7029,
              -19.9752
            ],
            [
              -40.7055,
              -19.9743
            ],
            [
              -40.7074,
              -19.9771
            ],
            [
              -40.7094,
              -19.9779
            ],
            [
              -40.7107,
              -19.98
            ],
            [
              -40.7134,
              -19.9805
            ],
            [
              -40.7136,
              -19.9814
            ],
            [
              -40.7152,
              -19.982
            ],
            [
              -40.7182,
              -19.982
            ],
            [
              -40.7202,
              -19.9786
            ],
            [
              -40.7234,
              -19.9779
            ],
            [
              -40.7265,
              -19.9781
            ],
            [
              -40.7306,
              -19.98
            ],
            [
              -40.7312,
              -19.9816
            ],
            [
              -40.734,
              -19.9817
            ],
            [
              -40.7373,
              -19.9831
            ],
            [
              -40.7383,
              -19.985
            ],
            [
              -40.7417,
              -19.9845
            ],
            [
              -40.7426,
              -19.9823
            ],
            [
              -40.7416,
              -19.9811
            ],
            [
              -40.7427,
              -19.9778
            ],
            [
              -40.7417,
              -19.9762
            ],
            [
              -40.7426,
              -19.9736
            ],
            [
              -40.7448,
              -19.9736
            ],
            [
              -40.7457,
              -19.9748
            ],
            [
              -40.748,
              -19.9759
            ],
            [
              -40.7505,
              -19.976
            ],
            [
              -40.751,
              -19.9752
            ],
            [
              -40.7567,
              -19.9745
            ],
            [
              -40.7559,
              -19.973
            ],
            [
              -40.7558,
              -19.9642
            ],
            [
              -40.757,
              -19.9617
            ],
            [
              -40.7548,
              -19.9592
            ],
            [
              -40.7553,
              -19.9572
            ],
            [
              -40.7534,
              -19.9552
            ],
            [
              -40.7538,
              -19.9531
            ],
            [
              -40.7528,
              -19.9519
            ],
            [
              -40.7516,
              -19.9489
            ],
            [
              -40.7501,
              -19.9482
            ],
            [
              -40.7492,
              -19.9468
            ],
            [
              -40.7516,
              -19.9463
            ],
            [
              -40.7527,
              -19.9488
            ],
            [
              -40.7549,
              -19.9484
            ],
            [
              -40.7579,
              -19.9467
            ],
            [
              -40.758,
              -19.9454
            ],
            [
              -40.7588,
              -19.9448
            ],
            [
              -40.7609,
              -19.945
            ],
            [
              -40.7627,
              -19.9461
            ],
            [
              -40.7648,
              -19.9448
            ],
            [
              -40.7676,
              -19.9458
            ],
            [
              -40.7681,
              -19.9448
            ],
            [
              -40.7656,
              -19.9421
            ],
            [
              -40.7667,
              -19.9416
            ],
            [
              -40.768,
              -19.9425
            ],
            [
              -40.7719,
              -19.942
            ],
            [
              -40.774,
              -19.9431
            ],
            [
              -40.7754,
              -19.9422
            ],
            [
              -40.7742,
              -19.9444
            ],
            [
              -40.7754,
              -19.9461
            ],
            [
              -40.7763,
              -19.9466
            ],
            [
              -40.7777,
              -19.9492
            ],
            [
              -40.7806,
              -19.9505
            ],
            [
              -40.7824,
              -19.9528
            ],
            [
              -40.7824,
              -19.954
            ],
            [
              -40.7859,
              -19.9617
            ],
            [
              -40.7891,
              -19.9634
            ],
            [
              -40.7899,
              -19.9649
            ],
            [
              -40.792,
              -19.9644
            ],
            [
              -40.794,
              -19.9645
            ],
            [
              -40.7959,
              -19.9653
            ],
            [
              -40.7977,
              -19.9667
            ],
            [
              -40.7974,
              -19.9684
            ],
            [
              -40.7984,
              -19.9693
            ],
            [
              -40.7987,
              -19.9707
            ],
            [
              -40.8001,
              -19.9713
            ],
            [
              -40.8001,
              -19.9722
            ],
            [
              -40.802,
              -19.9732
            ],
            [
              -40.8018,
              -19.9748
            ],
            [
              -40.8039,
              -19.9773
            ],
            [
              -40.806,
              -19.9775
            ],
            [
              -40.8078,
              -19.976
            ],
            [
              -40.81,
              -19.9775
            ],
            [
              -40.8104,
              -19.9797
            ],
            [
              -40.8136,
              -19.9796
            ],
            [
              -40.815,
              -19.9812
            ],
            [
              -40.8175,
              -19.9823
            ],
            [
              -40.8187,
              -19.9836
            ],
            [
              -40.8234,
              -19.9842
            ],
            [
              -40.8245,
              -19.9861
            ],
            [
              -40.826,
              -19.9874
            ],
            [
              -40.8273,
              -19.9867
            ],
            [
              -40.8301,
              -19.9867
            ],
            [
              -40.8336,
              -19.9844
            ],
            [
              -40.8354,
              -19.9841
            ],
            [
              -40.8373,
              -19.9814
            ],
            [
              -40.8385,
              -19.9807
            ],
            [
              -40.8415,
              -19.9827
            ],
            [
              -40.8437,
              -19.9829
            ],
            [
              -40.8484,
              -19.9841
            ],
            [
              -40.8489,
              -19.9859
            ],
            [
              -40.8534,
              -19.9864
            ],
            [
              -40.8536,
              -19.988
            ],
            [
              -40.8557,
              -19.9898
            ],
            [
              -40.8554,
              -19.992
            ],
            [
              -40.8563,
              -19.9926
            ],
            [
              -40.8581,
              -19.9923
            ],
            [
              -40.8617,
              -19.9931
            ],
            [
              -40.8627,
              -19.9942
            ],
            [
              -40.862,
              -19.9961
            ],
            [
              -40.8575,
              -19.9983
            ],
            [
              -40.8573,
              -20.0002
            ],
            [
              -40.862,
              -20.0018
            ],
            [
              -40.8626,
              -20.0042
            ],
            [
              -40.8627,
              -20.0077
            ],
            [
              -40.8656,
              -20.0089
            ],
            [
              -40.8673,
              -20.0102
            ],
            [
              -40.8682,
              -20.0142
            ],
            [
              -40.8675,
              -20.0165
            ],
            [
              -40.8685,
              -20.0187
            ],
            [
              -40.8681,
              -20.0211
            ],
            [
              -40.8672,
              -20.022
            ],
            [
              -40.8671,
              -20.0235
            ],
            [
              -40.8697,
              -20.0235
            ],
            [
              -40.871,
              -20.0258
            ],
            [
              -40.8722,
              -20.0258
            ],
            [
              -40.8743,
              -20.0273
            ],
            [
              -40.8756,
              -20.0308
            ],
            [
              -40.8771,
              -20.0322
            ],
            [
              -40.8793,
              -20.0315
            ],
            [
              -40.8815,
              -20.0321
            ],
            [
              -40.8835,
              -20.0295
            ],
            [
              -40.8844,
              -20.0293
            ],
            [
              -40.8862,
              -20.0301
            ],
            [
              -40.8879,
              -20.03
            ],
            [
              -40.8883,
              -20.032
            ],
            [
              -40.89,
              -20.0335
            ],
            [
              -40.889,
              -20.0354
            ],
            [
              -40.8895,
              -20.0364
            ],
            [
              -40.8936,
              -20.0372
            ],
            [
              -40.8926,
              -20.0403
            ],
            [
              -40.894,
              -20.0423
            ],
            [
              -40.8969,
              -20.0423
            ],
            [
              -40.8997,
              -20.0437
            ],
            [
              -40.9016,
              -20.0435
            ],
            [
              -40.9042,
              -20.0443
            ],
            [
              -40.9052,
              -20.0477
            ],
            [
              -40.9045,
              -20.0506
            ],
            [
              -40.9066,
              -20.0519
            ],
            [
              -40.9068,
              -20.0531
            ],
            [
              -40.9092,
              -20.0542
            ],
            [
              -40.9113,
              -20.0563
            ],
            [
              -40.9137,
              -20.056
            ],
            [
              -40.9167,
              -20.0566
            ],
            [
              -40.9184,
              -20.0559
            ],
            [
              -40.9198,
              -20.056
            ],
            [
              -40.922,
              -20.0556
            ],
            [
              -40.9231,
              -20.057
            ],
            [
              -40.9242,
              -20.0575
            ],
            [
              -40.9278,
              -20.0577
            ],
            [
              -40.9285,
              -20.0588
            ],
            [
              -40.9309,
              -20.0595
            ],
            [
              -40.9339,
              -20.061
            ],
            [
              -40.9345,
              -20.0623
            ],
            [
              -40.9362,
              -20.063
            ],
            [
              -40.9377,
              -20.0626
            ],
            [
              -40.9421,
              -20.0627
            ],
            [
              -40.9441,
              -20.062
            ],
            [
              -40.9448,
              -20.0631
            ],
            [
              -40.9448,
              -20.0653
            ],
            [
              -40.9465,
              -20.0665
            ],
            [
              -40.9451,
              -20.0683
            ],
            [
              -40.945,
              -20.0698
            ],
            [
              -40.9457,
              -20.0731
            ],
            [
              -40.9476,
              -20.0742
            ],
            [
              -40.9469,
              -20.0752
            ],
            [
              -40.9475,
              -20.0771
            ],
            [
              -40.9461,
              -20.0779
            ],
            [
              -40.9464,
              -20.0807
            ],
            [
              -40.9459,
              -20.0832
            ],
            [
              -40.9464,
              -20.085
            ],
            [
              -40.9477,
              -20.0869
            ],
            [
              -40.9493,
              -20.0859
            ],
            [
              -40.9527,
              -20.0866
            ],
            [
              -40.9544,
              -20.0876
            ],
            [
              -40.9543,
              -20.0895
            ],
            [
              -40.9558,
              -20.0914
            ],
            [
              -40.96,
              -20.0907
            ],
            [
              -40.963,
              -20.0915
            ],
            [
              -40.963,
              -20.0934
            ],
            [
              -40.9623,
              -20.0952
            ],
            [
              -40.9644,
              -20.0967
            ],
            [
              -40.9662,
              -20.0996
            ],
            [
              -40.9661,
              -20.1021
            ],
            [
              -40.9684,
              -20.1036
            ],
            [
              -40.9705,
              -20.1035
            ],
            [
              -40.973,
              -20.1039
            ],
            [
              -40.974,
              -20.1045
            ],
            [
              -40.974,
              -20.1059
            ],
            [
              -40.9731,
              -20.1084
            ],
            [
              -40.9728,
              -20.1107
            ],
            [
              -40.9739,
              -20.1118
            ],
            [
              -40.9755,
              -20.1115
            ],
            [
              -40.9772,
              -20.1105
            ],
            [
              -40.9807,
              -20.1104
            ],
            [
              -40.9821,
              -20.1116
            ],
            [
              -40.9815,
              -20.113
            ],
            [
              -40.9834,
              -20.1154
            ],
            [
              -40.9847,
              -20.1163
            ],
            [
              -40.9855,
              -20.1185
            ],
            [
              -40.9862,
              -20.1192
            ],
            [
              -40.9861,
              -20.1206
            ],
            [
              -40.9873,
              -20.121
            ],
            [
              -40.9898,
              -20.1209
            ],
            [
              -40.9917,
              -20.1242
            ],
            [
              -40.9942,
              -20.1236
            ],
            [
              -40.997,
              -20.1246
            ],
            [
              -40.9991,
              -20.1245
            ],
            [
              -40.9997,
              -20.1239
            ],
            [
              -41.0001,
              -20.1208
            ],
            [
              -40.9999,
              -20.1189
            ],
            [
              -40.9988,
              -20.1178
            ],
            [
              -40.999,
              -20.1146
            ],
            [
              -40.9987,
              -20.1134
            ],
            [
              -40.9994,
              -20.1122
            ],
            [
              -40.9993,
              -20.1105
            ],
            [
              -41.0035,
              -20.1103
            ],
            [
              -41.0071,
              -20.1123
            ],
            [
              -41.0091,
              -20.1121
            ],
            [
              -41.0098,
              -20.1106
            ],
            [
              -41.0114,
              -20.1096
            ],
            [
              -41.0118,
              -20.113
            ],
            [
              -41.0134,
              -20.1141
            ],
            [
              -41.0153,
              -20.1141
            ],
            [
              -41.0163,
              -20.1153
            ],
            [
              -41.0152,
              -20.1161
            ],
            [
              -41.0152,
              -20.1176
            ],
            [
              -41.0178,
              -20.1197
            ],
            [
              -41.0205,
              -20.1184
            ],
            [
              -41.0231,
              -20.1186
            ],
            [
              -41.0248,
              -20.1182
            ],
            [
              -41.0256,
              -20.1187
            ],
            [
              -41.0254,
              -20.1206
            ],
            [
              -41.0265,
              -20.1216
            ],
            [
              -41.0284,
              -20.1223
            ],
            [
              -41.0288,
              -20.1238
            ],
            [
              -41.0302,
              -20.1248
            ],
            [
              -41.0321,
              -20.1248
            ],
            [
              -41.0329,
              -20.1257
            ],
            [
              -41.0332,
              -20.1283
            ],
            [
              -41.0352,
              -20.13
            ],
            [
              -41.0363,
              -20.1324
            ],
            [
              -41.035,
              -20.1338
            ],
            [
              -41.036,
              -20.137
            ],
            [
              -41.0329,
              -20.1372
            ],
            [
              -41.0303,
              -20.1405
            ],
            [
              -41.0299,
              -20.1416
            ],
            [
              -41.0285,
              -20.1426
            ],
            [
              -41.0259,
              -20.1419
            ],
            [
              -41.0237,
              -20.1419
            ],
            [
              -41.0221,
              -20.144
            ],
            [
              -41.0206,
              -20.1469
            ],
            [
              -41.0217,
              -20.1489
            ],
            [
              -41.0177,
              -20.1497
            ],
            [
              -41.0167,
              -20.1511
            ],
            [
              -41.0172,
              -20.1532
            ],
            [
              -41.0163,
              -20.154
            ],
            [
              -41.0177,
              -20.1563
            ],
            [
              -41.0169,
              -20.1591
            ],
            [
              -41.0162,
              -20.1599
            ],
            [
              -41.0163,
              -20.1614
            ],
            [
              -41.0186,
              -20.1646
            ],
            [
              -41.0191,
              -20.1667
            ],
            [
              -41.0197,
              -20.1669
            ],
            [
              -41.0204,
              -20.1689
            ],
            [
              -41.0214,
              -20.1702
            ],
            [
              -41.0215,
              -20.1718
            ],
            [
              -41.0188,
              -20.1719
            ],
            [
              -41.0174,
              -20.1733
            ],
            [
              -41.0153,
              -20.1737
            ],
            [
              -41.014,
              -20.1747
            ],
            [
              -41.0136,
              -20.1766
            ],
            [
              -41.015,
              -20.1789
            ],
            [
              -41.0149,
              -20.1826
            ],
            [
              -41.016,
              -20.1858
            ],
            [
              -41.016,
              -20.1879
            ],
            [
              -41.0168,
              -20.1881
            ],
            [
              -41.0182,
              -20.1901
            ],
            [
              -41.0194,
              -20.1907
            ],
            [
              -41.0182,
              -20.1933
            ],
            [
              -41.0168,
              -20.1941
            ],
            [
              -41.0123,
              -20.1945
            ],
            [
              -41.0112,
              -20.1941
            ],
            [
              -41.0094,
              -20.1946
            ],
            [
              -41.0081,
              -20.1958
            ],
            [
              -41.0081,
              -20.197
            ],
            [
              -41.0062,
              -20.199
            ],
            [
              -41.0065,
              -20.1999
            ],
            [
              -41.008,
              -20.2012
            ],
            [
              -41.0075,
              -20.2032
            ],
            [
              -41.006,
              -20.2031
            ],
            [
              -41.0027,
              -20.2043
            ],
            [
              -41.0021,
              -20.2064
            ],
            [
              -40.9996,
              -20.2068
            ],
            [
              -40.9988,
              -20.2099
            ],
            [
              -41.0027,
              -20.2144
            ],
            [
              -40.9991,
              -20.2153
            ],
            [
              -40.9972,
              -20.2169
            ],
            [
              -40.9965,
              -20.218
            ],
            [
              -40.9943,
              -20.2187
            ],
            [
              -40.9922,
              -20.2199
            ],
            [
              -40.9906,
              -20.2179
            ],
            [
              -40.9901,
              -20.2166
            ],
            [
              -40.9873,
              -20.2173
            ],
            [
              -40.9876,
              -20.219
            ],
            [
              -40.9872,
              -20.2209
            ],
            [
              -40.9858,
              -20.2227
            ],
            [
              -40.9846,
              -20.223
            ],
            [
              -40.9842,
              -20.2245
            ],
            [
              -40.9845,
              -20.2263
            ],
            [
              -40.9823,
              -20.2273
            ],
            [
              -40.9807,
              -20.2274
            ],
            [
              -40.9806,
              -20.2262
            ],
            [
              -40.9783,
              -20.2217
            ],
            [
              -40.9773,
              -20.2209
            ],
            [
              -40.9734,
              -20.2205
            ],
            [
              -40.9724,
              -20.2193
            ],
            [
              -40.9718,
              -20.2168
            ],
            [
              -40.9696,
              -20.2143
            ],
            [
              -40.9686,
              -20.212
            ],
            [
              -40.9697,
              -20.2108
            ],
            [
              -40.9694,
              -20.2078
            ],
            [
              -40.9701,
              -20.2035
            ],
            [
              -40.9719,
              -20.203
            ],
            [
              -40.9735,
              -20.2004
            ],
            [
              -40.9729,
              -20.1985
            ],
            [
              -40.9719,
              -20.1972
            ],
            [
              -40.9708,
              -20.194
            ],
            [
              -40.9695,
              -20.1937
            ],
            [
              -40.9678,
              -20.191
            ],
            [
              -40.967,
              -20.1903
            ],
            [
              -40.9622,
              -20.1904
            ],
            [
              -40.9607,
              -20.1893
            ],
            [
              -40.9579,
              -20.1884
            ],
            [
              -40.9557,
              -20.1904
            ],
            [
              -40.9548,
              -20.1926
            ],
            [
              -40.953,
              -20.1938
            ],
            [
              -40.9503,
              -20.1943
            ],
            [
              -40.9479,
              -20.1958
            ],
            [
              -40.9466,
              -20.1962
            ],
            [
              -40.9422,
              -20.1991
            ],
            [
              -40.9402,
              -20.1995
            ],
            [
              -40.9339,
              -20.1988
            ],
            [
              -40.9327,
              -20.1985
            ],
            [
              -40.9318,
              -20.1971
            ],
            [
              -40.9286,
              -20.1966
            ],
            [
              -40.9265,
              -20.1971
            ],
            [
              -40.9246,
              -20.1998
            ],
            [
              -40.9238,
              -20.2026
            ],
            [
              -40.9218,
              -20.2031
            ],
            [
              -40.9205,
              -20.2039
            ],
            [
              -40.9172,
              -20.2013
            ],
            [
              -40.9156,
              -20.201
            ],
            [
              -40.9137,
              -20.2023
            ],
            [
              -40.9126,
              -20.2021
            ],
            [
              -40.9106,
              -20.2005
            ],
            [
              -40.9086,
              -20.2007
            ],
            [
              -40.9061,
              -20.2002
            ],
            [
              -40.9039,
              -20.1985
            ],
            [
              -40.9006,
              -20.2013
            ],
            [
              -40.8998,
              -20.2033
            ],
            [
              -40.8992,
              -20.2036
            ],
            [
              -40.8958,
              -20.2033
            ],
            [
              -40.8952,
              -20.2026
            ],
            [
              -40.8962,
              -20.1998
            ],
            [
              -40.895,
              -20.1985
            ],
            [
              -40.8925,
              -20.1967
            ],
            [
              -40.89,
              -20.1964
            ],
            [
              -40.8874,
              -20.1971
            ],
            [
              -40.887,
              -20.1957
            ],
            [
              -40.8854,
              -20.1961
            ],
            [
              -40.8848,
              -20.1941
            ],
            [
              -40.884,
              -20.1932
            ],
            [
              -40.882,
              -20.1941
            ],
            [
              -40.8802,
              -20.1937
            ],
            [
              -40.8789,
              -20.1927
            ],
            [
              -40.876,
              -20.1919
            ],
            [
              -40.8751,
              -20.1931
            ],
            [
              -40.8724,
              -20.1928
            ],
            [
              -40.8721,
              -20.1914
            ],
            [
              -40.8726,
              -20.1888
            ],
            [
              -40.8722,
              -20.1883
            ],
            [
              -40.8698,
              -20.1885
            ],
            [
              -40.8667,
              -20.1921
            ],
            [
              -40.8645,
              -20.1928
            ],
            [
              -40.8629,
              -20.1925
            ],
            [
              -40.8613,
              -20.1913
            ],
            [
              -40.8603,
              -20.1881
            ],
            [
              -40.8571,
              -20.1891
            ],
            [
              -40.8575,
              -20.1918
            ],
            [
              -40.8559,
              -20.1921
            ],
            [
              -40.8555,
              -20.1904
            ],
            [
              -40.8539,
              -20.1889
            ],
            [
              -40.8542,
              -20.1864
            ],
            [
              -40.8527,
              -20.1843
            ],
            [
              -40.8482,
              -20.1837
            ],
            [
              -40.8447,
              -20.1827
            ],
            [
              -40.843,
              -20.1808
            ],
            [
              -40.8387,
              -20.1783
            ],
            [
              -40.8373,
              -20.1781
            ],
            [
              -40.8363,
              -20.1771
            ],
            [
              -40.8349,
              -20.1775
            ],
            [
              -40.8341,
              -20.1768
            ],
            [
              -40.8341,
              -20.1729
            ],
            [
              -40.8345,
              -20.1716
            ],
            [
              -40.8332,
              -20.1696
            ],
            [
              -40.8314,
              -20.1693
            ],
            [
              -40.8271,
              -20.1671
            ],
            [
              -40.8261,
              -20.1677
            ],
            [
              -40.8245,
              -20.1672
            ],
            [
              -40.8232,
              -20.1653
            ],
            [
              -40.8203,
              -20.1638
            ],
            [
              -40.8197,
              -20.1651
            ],
            [
              -40.8179,
              -20.1659
            ],
            [
              -40.8169,
              -20.167
            ],
            [
              -40.8168,
              -20.1684
            ],
            [
              -40.8155,
              -20.1685
            ],
            [
              -40.8176,
              -20.1727
            ],
            [
              -40.8155,
              -20.1729
            ],
            [
              -40.8144,
              -20.174
            ],
            [
              -40.8125,
              -20.1741
            ],
            [
              -40.8107,
              -20.1747
            ],
            [
              -40.809,
              -20.1748
            ],
            [
              -40.8072,
              -20.1736
            ],
            [
              -40.8052,
              -20.1734
            ],
            [
              -40.8026,
              -20.1697
            ],
            [
              -40.8034,
              -20.1681
            ],
            [
              -40.8031,
              -20.1657
            ],
            [
              -40.8011,
              -20.1649
            ],
            [
              -40.7988,
              -20.1643
            ],
            [
              -40.7973,
              -20.1648
            ],
            [
              -40.7931,
              -20.1628
            ],
            [
              -40.7913,
              -20.1642
            ],
            [
              -40.7885,
              -20.1643
            ],
            [
              -40.7878,
              -20.1616
            ],
            [
              -40.7879,
              -20.1599
            ],
            [
              -40.7856,
              -20.1592
            ],
            [
              -40.7832,
              -20.1608
            ],
            [
              -40.7818,
              -20.1625
            ],
            [
              -40.7794,
              -20.1618
            ],
            [
              -40.778,
              -20.1626
            ],
            [
              -40.7755,
              -20.1623
            ],
            [
              -40.7758,
              -20.1606
            ],
            [
              -40.7742,
              -20.16
            ],
            [
              -40.7723,
              -20.1608
            ],
            [
              -40.7711,
              -20.1608
            ],
            [
              -40.7696,
              -20.1574
            ],
            [
              -40.7676,
              -20.1569
            ],
            [
              -40.7669,
              -20.1535
            ],
            [
              -40.766,
              -20.1525
            ],
            [
              -40.765,
              -20.1544
            ],
            [
              -40.763,
              -20.1557
            ],
            [
              -40.7626,
              -20.1575
            ],
            [
              -40.7639,
              -20.161
            ],
            [
              -40.7657,
              -20.1613
            ],
            [
              -40.7657,
              -20.1632
            ],
            [
              -40.7667,
              -20.164
            ],
            [
              -40.767,
              -20.1661
            ],
            [
              -40.7658,
              -20.1679
            ],
            [
              -40.7611,
              -20.1683
            ],
            [
              -40.7594,
              -20.1681
            ],
            [
              -40.7592,
              -20.1696
            ],
            [
              -40.7569,
              -20.1735
            ],
            [
              -40.7555,
              -20.1742
            ],
            [
              -40.7533,
              -20.1733
            ],
            [
              -40.7506,
              -20.1736
            ],
            [
              -40.7521,
              -20.1762
            ]
          ]
        ]
      },
      "properties": {
        "codarea": "3204559",
        "nome_municipio": "Santa Maria de Jetibá",
        "codigo_ibge": 3204559
      }
    },
    {
      "type": "Feature",
      "geometry": {
        "type": "Polygon",
        "coordinates": [
          [
            [
              -40.6052,
              -20.0022
            ],
            [
              -40.6048,
              -20.0013
            ],
            [
              -40.6032,
              -20.0003
            ],
            [
              -40.6027,
              -19.9989
            ],
            [
              -40.5994,
              -19.9969
            ],
            [
              -40.5998,
              -19.9952
            ],
            [
              -40.599,
              -19.9946
            ],
            [
              -40.5983,
              -19.9922
            ],
            [
              -40.5992,
              -19.9903
            ],
            [
              -40.5991,
              -19.9884
            ],
            [
              -40.601,
              -19.988
            ],
            [
              -40.6021,
              -19.9873
            ],
            [
              -40.6018,
              -19.9853
            ],
            [
              -40.6007,
              -19.984
            ],
            [
              -40.6018,
              -19.9827
            ],
            [
              -40.6009,
              -19.9808
            ],
            [
              -40.5992,
              -19.9801
            ],
            [
              -40.5974,
              -19.9813
            ],
            [
              -40.5956,
              -19.9799
            ],
            [
              -40.5941,
              -19.9794
            ],
            [
              -40.5917,
              -19.9793
            ],
            [
              -40.5919,
              -19.9811
            ],
            [
              -40.5908,
              -19.9845
            ],
            [
              -40.5883,
              -19.9848
            ],
            [
              -40.5863,
              -19.988
            ],
            [
              -40.5848,
              -19.9874
            ],
            [
              -40.5834,
              -19.9847
            ],
            [
              -40.5822,
              -19.9843
            ],
            [
              -40.5805,
              -19.9851
            ],
            [
              -40.5796,
              -19.9878
            ],
            [
              -40.5786,
              -19.989
            ],
            [
              -40.5734,
              -19.9901
            ],
            [
              -40.572,
              -19.9865
            ],
            [
              -40.5677,
              -19.9863
            ],
            [
              -40.5667,
              -19.9867
            ],
            [
              -40.566,
              -19.9885
            ],
            [
              -40.5626,
              -19.9909
            ],
            [
              -40.5588,
              -19.9912
            ],
            [
              -40.5569,
              -19.9889
            ],
            [
              -40.5553,
              -19.9898
            ],
            [
              -40.5532,
              -19.9903
            ],
            [
              -40.5517,
              -19.9902
            ],
            [
              -40.5508,
              -19.9892
            ],
            [
              -40.5482,
              -19.9903
            ],
            [
              -40.5447,
              -19.9899
            ],
            [
              -40.544,
              -19.9929
            ],
            [
              -40.5424,
              -19.9964
            ],
            [
              -40.5413,
              -19.997
            ],
            [
              -40.5369,
              -19.9976
            ],
            [
              -40.5349,
              -19.9973
            ],
            [
              -40.535,
              -19.996
            ],
            [
              -40.5369,
              -19.9948
            ],
            [
              -40.538,
              -19.9932
            ],
            [
              -40.5376,
              -19.9908
            ],
            [
              -40.5364,
              -19.9887
            ],
            [
              -40.5321,
              -19.9862
            ],
            [
              -40.5324,
              -19.9832
            ],
            [
              -40.5336,
              -19.9804
            ],
            [
              -40.537,
              -19.9789
            ],
            [
              -40.5403,
              -19.9767
            ],
            [
              -40.5404,
              -19.9751
            ],
            [
              -40.5258,
              -19.9752
            ],
            [
              -40.5249,
              -19.9764
            ],
            [
              -40.5208,
              -19.9797
            ],
            [
              -40.5192,
              -19.9816
            ],
            [
              -40.518,
              -19.9819
            ],
            [
              -40.5152,
              -19.9834
            ],
            [
              -40.5139,
              -19.9826
            ],
            [
              -40.5133,
              -19.9813
            ],
            [
              -40.5136,
              -19.9792
            ],
            [
              -40.5129,
              -19.9775
            ],
            [
              -40.5133,
              -19.9761
            ],
            [
              -40.5128,
              -19.975
            ],
            [
              -40.5134,
              -19.9736
            ],
            [
              -40.5125,
              -19.9725
            ],
            [
              -40.5128,
              -19.9711
            ],
            [
              -40.5115,
              -19.9687
            ],
            [
              -40.5109,
              -19.966
            ],
            [
              -40.5115,
              -19.9633
            ],
            [
              -40.5112,
              -19.9611
            ],
            [
              -40.5114,
              -19.9583
            ],
            [
              -40.511,
              -19.9549
            ],
            [
              -40.4901,
              -19.9549
            ],
            [
              -40.4897,
              -19.9569
            ],
            [
              -40.4874,
              -19.9614
            ],
            [
              -40.485,
              -19.9635
            ],
            [
              -40.4833,
              -19.9622
            ],
            [
              -40.4821,
              -19.9623
            ],
            [
              -40.4803,
              -19.9611
            ],
            [
              -40.4798,
              -19.9602
            ],
            [
              -40.4782,
              -19.9605
            ],
            [
              -40.4751,
              -19.9585
            ],
            [
              -40.4736,
              -19.9583
            ],
            [
              -40.4729,
              -19.9574
            ],
            [
              -40.4708,
              -19.9567
            ],
            [
              -40.4687,
              -19.9549
            ],
            [
              -40.4648,
              -19.9529
            ],
            [
              -40.4645,
              -19.9522
            ],
            [
              -40.4659,
              -19.9498
            ],
            [
              -40.4648,
              -19.9482
            ],
            [
              -40.4651,
              -19.9449
            ],
            [
              -40.4621,
              -19.9454
            ],
            [
              -40.4602,
              -19.9463
            ],
            [
              -40.4566,
              -19.9466
            ],
            [
              -40.4545,
              -19.9465
            ],
            [
              -40.4525,
              -19.9465
            ],
            [
              -40.4532,
              -19.9406
            ],
            [
              -40.4528,
              -19.9372
            ],
            [
              -40.4559,
              -19.9366
            ],
            [
              -40.4565,
              -19.9361
            ],
            [
              -40.4592,
              -19.9356
            ],
            [
              -40.4609,
              -19.9357
            ],
            [
              -40.4619,
              -19.9348
            ],
            [
              -40.4642,
              -19.9344
            ],
            [
              -40.4681,
              -19.9345
            ],
            [
              -40.4696,
              -19.9359
            ],
            [
              -40.4711,
              -19.936
            ],
            [
              -40.4725,
              -19.9369
            ],
            [
              -40.4745,
              -19.937
            ],
            [
              -40.4744,
              -19.9171
            ],
            [
              -40.4765,
              -19.9147
            ],
            [
              -40.4774,
              -19.9131
            ],
            [
              -40.4757,
              -19.9116
            ],
            [
              -40.4774,
              -19.9061
            ],
            [
              -40.4775,
              -19.9046
            ],
            [
              -40.4797,
              -19.9044
            ],
            [
              -40.4817,
              -19.9032
            ],
            [
              -40.4832,
              -19.8997
            ],
            [
              -40.4866,
              -19.8977
            ],
            [
              -40.4867,
              -19.8968
            ],
            [
              -40.4885,
              -19.8955
            ],
            [
              -40.4906,
              -19.889
            ],
            [
              -40.4946,
              -19.8876
            ],
            [
              -40.4963,
              -19.8861
            ],
            [
              -40.4978,
              -19.8823
            ],
            [
              -40.499,
              -19.8807
            ],
            [
              -40.5006,
              -19.8802
            ],
            [
              -40.5032,
              -19.8762
            ],
            [
              -40.5032,
              -19.8744
            ],
            [
              -40.5022,
              -19.8729
            ],
            [
              -40.5025,
              -19.8715
            ],
            [
              -40.5045,
              -19.8693
            ],
            [
              -40.504,
              -19.8656
            ],
            [
              -40.504,
              -19.8639
            ],
            [
              -40.5035,
              -19.8618
            ],
            [
              -40.5024,
              -19.861
            ],
            [
              -40.5021,
              -19.858
            ],
            [
              -40.5026,
              -19.856
            ],
            [
              -40.5051,
              -19.8537
            ],
            [
              -40.5142,
              -19.8313
            ],
            [
              -40.5212,
              -19.8157
            ],
            [
              -40.5224,
              -19.8145
            ],
            [
              -40.5235,
              -19.8146
            ],
            [
              -40.5267,
              -19.81
            ],
            [
              -40.5286,
              -19.8094
            ],
            [
              -40.5289,
              -19.8082
            ],
            [
              -40.5303,
              -19.8064
            ],
            [
              -40.5299,
              -19.8043
            ],
            [
              -40.531,
              -19.8014
            ],
            [
              -40.532,
              -19.8001
            ],
            [
              -40.5327,
              -19.7977
            ],
            [
              -40.5317,
              -19.7956
            ],
            [
              -40.5323,
              -19.7946
            ],
            [
              -40.5323,
              -19.7905
            ],
            [
              -40.5329,
              -19.7883
            ],
            [
              -40.532,
              -19.7873
            ],
            [
              -40.5308,
              -19.7878
            ],
            [
              -40.5277,
              -19.7874
            ],
            [
              -40.5266,
              -19.7861
            ],
            [
              -40.5265,
              -19.7827
            ],
            [
              -40.5261,
              -19.7791
            ],
            [
              -40.5266,
              -19.7785
            ],
            [
              -40.5253,
              -19.7762
            ],
            [
              -40.5249,
              -19.7733
            ],
            [
              -40.5252,
              -19.7723
            ],
            [
              -40.5247,
              -19.7665
            ],
            [
              -40.5236,
              -19.7643
            ],
            [
              -40.524,
              -19.7632
            ],
            [
              -40.5229,
              -19.7573
            ],
            [
              -40.522,
              -19.7562
            ],
            [
              -40.5214,
              -19.7519
            ],
            [
              -40.5207,
              -19.7513
            ],
            [
              -40.5201,
              -19.7469
            ],
            [
              -40.518,
              -19.7459
            ],
            [
              -40.5186,
              -19.7446
            ],
            [
              -40.527,
              -19.7446
            ],
            [
              -40.5286,
              -19.7447
            ],
            [
              -40.5295,
              -19.7437
            ],
            [
              -40.5327,
              -19.7426
            ],
            [
              -40.5339,
              -19.7393
            ],
            [
              -40.5361,
              -19.7402
            ],
            [
              -40.541,
              -19.7403
            ],
            [
              -40.5422,
              -19.7398
            ],
            [
              -40.5452,
              -19.741
            ],
            [
              -40.5454,
              -19.74
            ],
            [
              -40.5467,
              -19.7392
            ],
            [
              -40.5475,
              -19.7374
            ],
            [
              -40.5523,
              -19.734
            ],
            [
              -40.5546,
              -19.734
            ],
            [
              -40.5562,
              -19.7348
            ],
            [
              -40.5588,
              -19.7383
            ],
            [
              -40.5584,
              -19.7397
            ],
            [
              -40.5609,
              -19.7416
            ],
            [
              -40.5648,
              -19.7408
            ],
            [
              -40.567,
              -19.7416
            ],
            [
              -40.5695,
              -19.7414
            ],
            [
              -40.57,
              -19.7424
            ],
            [
              -40.5719,
              -19.7423
            ],
            [
              -40.5744,
              -19.7438
            ],
            [
              -40.576,
              -19.7434
            ],
            [
              -40.577,
              -19.7463
            ],
            [
              -40.5802,
              -19.748
            ],
            [
              -40.5811,
              -19.7491
            ],
            [
              -40.5811,
              -19.7502
            ],
            [
              -40.5869,
              -19.752
            ],
            [
              -40.5884,
              -19.7518
            ],
            [
              -40.5917,
              -19.7546
            ],
            [
              -40.5938,
              -19.7542
            ],
            [
              -40.5964,
              -19.7555
            ],
            [
              -40.6022,
              -19.7559
            ],
            [
              -40.6049,
              -19.7568
            ],
            [
              -40.6077,
              -19.7563
            ],
            [
              -40.6099,
              -19.7567
            ],
            [
              -40.6109,
              -19.7595
            ],
            [
              -40.613,
              -19.7606
            ],
            [
              -40.6135,
              -19.762
            ],
            [
              -40.6146,
              -19.7626
            ],
            [
              -40.6149,
              -19.7639
            ],
            [
              -40.6183,
              -19.7643
            ],
            [
              -40.6202,
              -19.7653
            ],
            [
              -40.6256,
              -19.7656
            ],
            [
              -40.6269,
              -19.7669
            ],
            [
              -40.6271,
              -19.7693
            ],
            [
              -40.6265,
              -19.7708
            ],
            [
              -40.6292,
              -19.7721
            ],
            [
              -40.6312,
              -19.7735
            ],
            [
              -40.6377,
              -19.7742
            ],
            [
              -40.6408,
              -19.7747
            ],
            [
              -40.6411,
              -19.7741
            ],
            [
              -40.6456,
              -19.7732
            ],
            [
              -40.6471,
              -19.7718
            ],
            [
              -40.6523,
              -19.7725
            ],
            [
              -40.6536,
              -19.7735
            ],
            [
              -40.6564,
              -19.7743
            ],
            [
              -40.6581,
              -19.7726
            ],
            [
              -40.6597,
              -19.7737
            ],
            [
              -40.6627,
              -19.7724
            ],
            [
              -40.6645,
              -19.7724
            ],
            [
              -40.6658,
              -19.7739
            ],
            [
              -40.6673,
              -19.7737
            ],
            [
              -40.6666,
              -19.7764
            ],
            [
              -40.668,
              -19.7771
            ],
            [
              -40.6702,
              -19.7774
            ],
            [
              -40.6728,
              -19.7796
            ],
            [
              -40.6769,
              -19.7792
            ],
            [
              -40.6812,
              -19.7761
            ],
            [
              -40.6825,
              -19.7734
            ],
            [
              -40.6856,
              -19.7733
            ],
            [
              -40.6903,
              -19.7724
            ],
            [
              -40.6934,
              -19.7731
            ],
            [
              -40.6948,
              -19.774
            ],
            [
              -40.6956,
              -19.7759
            ],
            [
              -40.6956,
              -19.7774
            ],
            [
              -40.6945,
              -19.7785
            ],
            [
              -40.6957,
              -19.7792
            ],
            [
              -40.6971,
              -19.7824
            ],
            [
              -40.6969,
              -19.7845
            ],
            [
              -40.6986,
              -19.7848
            ],
            [
              -40.7006,
              -19.7867
            ],
            [
              -40.7021,
              -19.7872
            ],
            [
              -40.705,
              -19.786
            ],
            [
              -40.706,
              -19.7877
            ],
            [
              -40.7095,
              -19.7916
            ],
            [
              -40.7105,
              -19.7932
            ],
            [
              -40.7106,
              -19.7951
            ],
            [
              -40.7074,
              -19.7968
            ],
            [
              -40.7071,
              -19.7976
            ],
            [
              -40.7079,
              -19.7996
            ],
            [
              -40.7081,
              -19.802
            ],
            [
              -40.7073,
              -19.8054
            ],
            [
              -40.7086,
              -19.8086
            ],
            [
              -40.7088,
              -19.8125
            ],
            [
              -40.7072,
              -19.8148
            ],
            [
              -40.708,
              -19.8162
            ],
            [
              -40.71,
              -19.8176
            ],
            [
              -40.7123,
              -19.8188
            ],
            [
              -40.7131,
              -19.8197
            ],
            [
              -40.7151,
              -19.8203
            ],
            [
              -40.7165,
              -19.8199
            ],
            [
              -40.7194,
              -19.8204
            ],
            [
              -40.7215,
              -19.8215
            ],
            [
              -40.7232,
              -19.8217
            ],
            [
              -40.7253,
              -19.8236
            ],
            [
              -40.7267,
              -19.8244
            ],
            [
              -40.727,
              -19.8262
            ],
            [
              -40.7279,
              -19.828
            ],
            [
              -40.73,
              -19.8291
            ],
            [
              -40.7324,
              -19.8292
            ],
            [
              -40.7359,
              -19.828
            ],
            [
              -40.7396,
              -19.8271
            ],
            [
              -40.741,
              -19.8272
            ],
            [
              -40.7423,
              -19.8281
            ],
            [
              -40.7437,
              -19.8298
            ],
            [
              -40.7467,
              -19.8311
            ],
            [
              -40.7495,
              -19.8304
            ],
            [
              -40.7516,
              -19.829
            ],
            [
              -40.7521,
              -19.828
            ],
            [
              -40.7538,
              -19.8267
            ],
            [
              -40.7568,
              -19.8254
            ],
            [
              -40.759,
              -19.8261
            ],
            [
              -40.761,
              -19.8272
            ],
            [
              -40.7629,
              -19.8259
            ],
            [
              -40.7645,
              -19.8235
            ],
            [
              -40.7642,
              -19.8213
            ],
            [
              -40.7665,
              -19.8207
            ],
            [
              -40.7691,
              -19.8185
            ],
            [
              -40.7693,
              -19.8167
            ],
            [
              -40.7704,
              -19.8156
            ],
            [
              -40.7748,
              -19.8139
            ],
            [
              -40.7765,
              -19.8134
            ],
            [
              -40.778,
              -19.8141
            ],
            [
              -40.7801,
              -19.8142
            ],
            [
              -40.781,
              -19.8151
            ],
            [
              -40.7819,
              -19.819
            ],
            [
              -40.7813,
              -19.8215
            ],
            [
              -40.7824,
              -19.8225
            ],
            [
              -40.7816,
              -19.8249
            ],
            [
              -40.7816,
              -19.8274
            ],
            [
              -40.7806,
              -19.8296
            ],
            [
              -40.7814,
              -19.8311
            ],
            [
              -40.7826,
              -19.8312
            ],
            [
              -40.7825,
              -19.8325
            ],
            [
              -40.7853,
              -19.8341
            ],
            [
              -40.789,
              -19.8339
            ],
            [
              -40.791,
              -19.8345
            ],
            [
              -40.7933,
              -19.8346
            ],
            [
              -40.796,
              -19.8381
            ],
            [
              -40.7967,
              -19.8385
            ],
            [
              -40.7989,
              -19.8382
            ],
            [
              -40.8003,
              -19.8385
            ],
            [
              -40.803,
              -19.8375
            ],
            [
              -40.8044,
              -19.8385
            ],
            [
              -40.8066,
              -19.841
            ],
            [
              -40.8102,
              -19.8421
            ],
            [
              -40.8114,
              -19.8428
            ],
            [
              -40.8165,
              -19.8482
            ],
            [
              -40.8162,
              -19.8492
            ],
            [
              -40.8191,
              -19.8535
            ],
            [
              -40.8209,
              -19.8571
            ],
            [
              -40.823,
              -19.8573
            ],
            [
              -40.8246,
              -19.8585
            ],
            [
              -40.8239,
              -19.8607
            ],
            [
              -40.8246,
              -19.8618
            ],
            [
              -40.8266,
              -19.8635
            ],
            [
              -40.8281,
              -19.8663
            ],
            [
              -40.8283,
              -19.8686
            ],
            [
              -40.8279,
              -19.8699
            ],
            [
              -40.8278,
              -19.8728
            ],
            [
              -40.8263,
              -19.8753
            ],
            [
              -40.8259,
              -19.877
            ],
            [
              -40.8248,
              -19.878
            ],
            [
              -40.8249,
              -19.8807
            ],
            [
              -40.8236,
              -19.8821
            ],
            [
              -40.8214,
              -19.8832
            ],
            [
              -40.8207,
              -19.8827
            ],
            [
              -40.8168,
              -19.885
            ],
            [
              -40.8141,
              -19.8882
            ],
            [
              -40.8124,
              -19.8903
            ],
            [
              -40.8134,
              -19.8927
            ],
            [
              -40.8143,
              -19.8971
            ],
            [
              -40.8155,
              -19.8987
            ],
            [
              -40.8168,
              -19.904
            ],
            [
              -40.8168,
              -19.9069
            ],
            [
              -40.8153,
              -19.9097
            ],
            [
              -40.8124,
              -19.9105
            ],
            [
              -40.8107,
              -19.9104
            ],
            [
              -40.8083,
              -19.911
            ],
            [
              -40.8045,
              -19.9114
            ],
            [
              -40.7994,
              -19.91
            ],
            [
              -40.7971,
              -19.9103
            ],
            [
              -40.796,
              -19.9118
            ],
            [
              -40.7941,
              -19.9133
            ],
            [
              -40.7951,
              -19.9148
            ],
            [
              -40.792,
              -19.9162
            ],
            [
              -40.7899,
              -19.9167
            ],
            [
              -40.7884,
              -19.9197
            ],
            [
              -40.7901,
              -19.9206
            ],
            [
              -40.7902,
              -19.9222
            ],
            [
              -40.7887,
              -19.9257
            ],
            [
              -40.7855,
              -19.9269
            ],
            [
              -40.7846,
              -19.928
            ],
            [
              -40.7829,
              -19.9288
            ],
            [
              -40.7833,
              -19.9316
            ],
            [
              -40.7812,
              -19.9316
            ],
            [
              -40.78,
              -19.9325
            ],
            [
              -40.7762,
              -19.9321
            ],
            [
              -40.7747,
              -19.9332
            ],
            [
              -40.775,
              -19.9362
            ],
            [
              -40.776,
              -19.9381
            ],
            [
              -40.7764,
              -19.941
            ],
            [
              -40.7754,
              -19.9422
            ],
            [
              -40.774,
              -19.9431
            ],
            [
              -40.7719,
              -19.942
            ],
            [
              -40.768,
              -19.9425
            ],
            [
              -40.7667,
              -19.9416
            ],
            [
              -40.7656,
              -19.9421
            ],
            [
              -40.7681,
              -19.9448
            ],
            [
              -40.7676,
              -19.9458
            ],
            [
              -40.7648,
              -19.9448
            ],
            [
              -40.7627,
              -19.9461
            ],
            [
              -40.7609,
              -19.945
            ],
            [
              -40.7588,
              -19.9448
            ],
            [
              -40.758,
              -19.9454
            ],
            [
              -40.7579,
              -19.9467
            ],
            [
              -40.7549,
              -19.9484
            ],
            [
              -40.7527,
              -19.9488
            ],
            [
              -40.7516,
              -19.9463
            ],
            [
              -40.7492,
              -19.9468
            ],
            [
              -40.7501,
              -19.9482
            ],
            [
              -40.7516,
              -19.9489
            ],
            [
              -40.7528,
              -19.9519
            ],
            [
              -40.7538,
              -19.9531
            ],
            [
              -40.7534,
              -19.9552
            ],
            [
              -40.7553,
              -19.9572
            ],
            [
              -40.7548,
              -19.9592
            ],
            [
              -40.757,
              -19.9617
            ],
            [
              -40.7558,
              -19.9642
            ],
            [
              -40.7559,
              -19.973
            ],
            [
              -40.7567,
              -19.9745
            ],
            [
              -40.751,
              -19.9752
            ],
            [
              -40.7505,
              -19.976
            ],
            [
              -40.748,
              -19.9759
            ],
            [
              -40.7457,
              -19.9748
            ],
            [
              -40.7448,
              -19.9736
            ],
            [
              -40.7426,
              -19.9736
            ],
            [
              -40.7417,
              -19.9762
            ],
            [
              -40.7427,
              -19.9778
            ],
            [
              -40.7416,
              -19.9811
            ],
            [
              -40.7426,
              -19.9823
            ],
            [
              -40.7417,
              -19.9845
            ],
            [
              -40.7383,
              -19.985
            ],
            [
              -40.7373,
              -19.9831
            ],
            [
              -40.734,
              -19.9817
            ],
            [
              -40.7312,
              -19.9816
            ],
            [
              -40.7306,
              -19.98
            ],
            [
              -40.7265,
              -19.9781
            ],
            [
              -40.7234,
              -19.9779
            ],
            [
              -40.7202,
              -19.9786
            ],
            [
              -40.7182,
              -19.982
            ],
            [
              -40.7152,
              -19.982
            ],
            [
              -40.7136,
              -19.9814
            ],
            [
              -40.7134,
              -19.9805
            ],
            [
              -40.7107,
              -19.98
            ],
            [
              -40.7094,
              -19.9779
            ],
            [
              -40.7074,
              -19.9771
            ],
            [
              -40.7055,
              -19.9743
            ],
            [
              -40.7029,
              -19.9752
            ],
            [
              -40.7015,
              -19.975
            ],
            [
              -40.7003,
              -19.9756
            ],
            [
              -40.6999,
              -19.9784
            ],
            [
              -40.6992,
              -19.9792
            ],
            [
              -40.6967,
              -19.9807
            ],
            [
              -40.6952,
              -19.9811
            ],
            [
              -40.6929,
              -19.981
            ],
            [
              -40.6901,
              -19.9773
            ],
            [
              -40.6865,
              -19.9763
            ],
            [
              -40.6848,
              -19.9755
            ],
            [
              -40.684,
              -19.9728
            ],
            [
              -40.6857,
              -19.9718
            ],
            [
              -40.6854,
              -19.97
            ],
            [
              -40.6826,
              -19.9671
            ],
            [
              -40.6792,
              -19.9661
            ],
            [
              -40.6771,
              -19.9659
            ],
            [
              -40.6767,
              -19.9637
            ],
            [
              -40.6756,
              -19.9627
            ],
            [
              -40.672,
              -19.9637
            ],
            [
              -40.6708,
              -19.9667
            ],
            [
              -40.6695,
              -19.9675
            ],
            [
              -40.6695,
              -19.9685
            ],
            [
              -40.6684,
              -19.9702
            ],
            [
              -40.6672,
              -19.9704
            ],
            [
              -40.6667,
              -19.9719
            ],
            [
              -40.6627,
              -19.9736
            ],
            [
              -40.663,
              -19.9757
            ],
            [
              -40.6623,
              -19.9779
            ],
            [
              -40.662,
              -19.981
            ],
            [
              -40.6596,
              -19.9819
            ],
            [
              -40.6568,
              -19.982
            ],
            [
              -40.6565,
              -19.981
            ],
            [
              -40.6551,
              -19.9786
            ],
            [
              -40.6537,
              -19.978
            ],
            [
              -40.6522,
              -19.9785
            ],
            [
              -40.6503,
              -19.9783
            ],
            [
              -40.6489,
              -19.9773
            ],
            [
              -40.6472,
              -19.9768
            ],
            [
              -40.6455,
              -19.9781
            ],
            [
              -40.6449,
              -19.9764
            ],
            [
              -40.6437,
              -19.9758
            ],
            [
              -40.6408,
              -19.9772
            ],
            [
              -40.6396,
              -19.9771
            ],
            [
              -40.6379,
              -19.9757
            ],
            [
              -40.6368,
              -19.9726
            ],
            [
              -40.6351,
              -19.9725
            ],
            [
              -40.6333,
              -19.9719
            ],
            [
              -40.6334,
              -19.9703
            ],
            [
              -40.6341,
              -19.9685
            ],
            [
              -40.633,
              -19.9677
            ],
            [
              -40.6324,
              -19.9661
            ],
            [
              -40.6302,
              -19.9646
            ],
            [
              -40.6266,
              -19.9643
            ],
            [
              -40.6257,
              -19.9649
            ],
            [
              -40.6253,
              -19.967
            ],
            [
              -40.6258,
              -19.9691
            ],
            [
              -40.6248,
              -19.9694
            ],
            [
              -40.6217,
              -19.9691
            ],
            [
              -40.6236,
              -19.971
            ],
            [
              -40.6229,
              -19.9734
            ],
            [
              -40.6207,
              -19.9737
            ],
            [
              -40.621,
              -19.9763
            ],
            [
              -40.6205,
              -19.9783
            ],
            [
              -40.6219,
              -19.9807
            ],
            [
              -40.6232,
              -19.9807
            ],
            [
              -40.6241,
              -19.9834
            ],
            [
              -40.6218,
              -19.9853
            ],
            [
              -40.6216,
              -19.9865
            ],
            [
              -40.6233,
              -19.9888
            ],
            [
              -40.6227,
              -19.9912
            ],
            [
              -40.6208,
              -19.9913
            ],
            [
              -40.6196,
              -19.9907
            ],
            [
              -40.6183,
              -19.9924
            ],
            [
              -40.618,
              -19.9943
            ],
            [
              -40.6189,
              -19.9955
            ],
            [
              -40.6164,
              -19.9978
            ],
            [
              -40.6151,
              -19.9973
            ],
            [
              -40.6124,
              -19.9973
            ],
            [
              -40.6099,
              -19.9981
            ],
            [
              -40.6083,
              -19.9999
            ],
            [
              -40.6052,
              -20.0022
            ]
          ]
        ]
      },
      "properties": {
        "codarea": "3204609",
        "nome_municipio": "Santa Teresa",
        "codigo_ibge": 3204609
      }
    },
    {
      "type": "Feature",
      "geometry": {
        "type": "Polygon",
        "coordinates": [
          [
            [
              -40.3733,
              -20.2149
            ],
            [
              -40.3763,
              -20.2133
            ],
            [
              -40.378,
              -20.2113
            ],
            [
              -40.379,
              -20.2089
            ],
            [
              -40.3834,
              -20.1993
            ],
            [
              -40.3835,
              -20.1982
            ],
            [
              -40.3819,
              -20.1916
            ],
            [
              -40.3841,
              -20.189
            ],
            [
              -40.3847,
              -20.187
            ],
            [
              -40.3859,
              -20.1854
            ],
            [
              -40.3885,
              -20.1848
            ],
            [
              -40.3901,
              -20.178
            ],
            [
              -40.3916,
              -20.1775
            ],
            [
              -40.392,
              -20.1756
            ],
            [
              -40.3932,
              -20.1745
            ],
            [
              -40.3928,
              -20.1723
            ],
            [
              -40.395,
              -20.1711
            ],
            [
              -40.3963,
              -20.1726
            ],
            [
              -40.3991,
              -20.1718
            ],
            [
              -40.4003,
              -20.171
            ],
            [
              -40.4024,
              -20.1672
            ],
            [
              -40.4042,
              -20.1683
            ],
            [
              -40.4051,
              -20.1675
            ],
            [
              -40.4079,
              -20.169
            ],
            [
              -40.4115,
              -20.1699
            ],
            [
              -40.4113,
              -20.1674
            ],
            [
              -40.4142,
              -20.1673
            ],
            [
              -40.4148,
              -20.1662
            ],
            [
              -40.4144,
              -20.1647
            ],
            [
              -40.4153,
              -20.1641
            ],
            [
              -40.415,
              -20.1624
            ],
            [
              -40.4202,
              -20.1625
            ],
            [
              -40.4216,
              -20.1622
            ],
            [
              -40.4225,
              -20.1606
            ],
            [
              -40.4241,
              -20.1597
            ],
            [
              -40.4247,
              -20.1585
            ],
            [
              -40.4237,
              -20.1567
            ],
            [
              -40.4239,
              -20.1552
            ],
            [
              -40.4256,
              -20.1559
            ],
            [
              -40.4271,
              -20.1548
            ],
            [
              -40.4255,
              -20.1527
            ],
            [
              -40.4286,
              -20.1522
            ],
            [
              -40.4302,
              -20.1504
            ],
            [
              -40.4309,
              -20.148
            ],
            [
              -40.4303,
              -20.1465
            ],
            [
              -40.4318,
              -20.1456
            ],
            [
              -40.4322,
              -20.1435
            ],
            [
              -40.433,
              -20.142
            ],
            [
              -40.4344,
              -20.1406
            ],
            [
              -40.4353,
              -20.1376
            ],
            [
              -40.4362,
              -20.1365
            ],
            [
              -40.4358,
              -20.1353
            ],
            [
              -40.4334,
              -20.0949
            ],
            [
              -40.4228,
              -20.0467
            ],
            [
              -40.4162,
              -20.0166
            ],
            [
              -40.4175,
              -20.0156
            ],
            [
              -40.4172,
              -20.013
            ],
            [
              -40.4181,
              -20.0122
            ],
            [
              -40.4206,
              -20.0128
            ],
            [
              -40.4223,
              -20.0107
            ],
            [
              -40.4246,
              -20.0107
            ],
            [
              -40.4251,
              -20.0091
            ],
            [
              -40.4271,
              -20.0087
            ],
            [
              -40.4288,
              -20.0067
            ],
            [
              -40.4306,
              -20.0066
            ],
            [
              -40.4316,
              -20.0052
            ],
            [
              -40.4331,
              -20.0048
            ],
            [
              -40.4334,
              -20.0034
            ],
            [
              -40.4376,
              -20.0009
            ],
            [
              -40.4402,
              -19.9999
            ],
            [
              -40.4412,
              -19.9989
            ],
            [
              -40.4437,
              -19.998
            ],
            [
              -40.4443,
              -19.9968
            ],
            [
              -40.4473,
              -19.9949
            ],
            [
              -40.4484,
              -19.9878
            ],
            [
              -40.4476,
              -19.9855
            ],
            [
              -40.4486,
              -19.9854
            ],
            [
              -40.4489,
              -19.9825
            ],
            [
              -40.4497,
              -19.9805
            ],
            [
              -40.4507,
              -19.9763
            ],
            [
              -40.4512,
              -19.972
            ],
            [
              -40.4506,
              -19.9709
            ],
            [
              -40.4513,
              -19.9686
            ],
            [
              -40.4511,
              -19.9661
            ],
            [
              -40.4516,
              -19.9595
            ],
            [
              -40.4504,
              -19.9584
            ],
            [
              -40.4491,
              -19.9558
            ],
            [
              -40.4491,
              -19.9541
            ],
            [
              -40.4502,
              -19.9514
            ],
            [
              -40.4493,
              -19.9497
            ],
            [
              -40.4497,
              -19.9492
            ],
            [
              -40.4545,
              -19.9465
            ],
            [
              -40.4566,
              -19.9466
            ],
            [
              -40.4602,
              -19.9463
            ],
            [
              -40.4621,
              -19.9454
            ],
            [
              -40.4651,
              -19.9449
            ],
            [
              -40.4648,
              -19.9482
            ],
            [
              -40.4659,
              -19.9498
            ],
            [
              -40.4645,
              -19.9522
            ],
            [
              -40.4648,
              -19.9529
            ],
            [
              -40.4687,
              -19.9549
            ],
            [
              -40.4708,
              -19.9567
            ],
            [
              -40.4729,
              -19.9574
            ],
            [
              -40.4736,
              -19.9583
            ],
            [
              -40.4751,
              -19.9585
            ],
            [
              -40.4782,
              -19.9605
            ],
            [
              -40.4798,
              -19.9602
            ],
            [
              -40.4803,
              -19.9611
            ],
            [
              -40.4821,
              -19.9623
            ],
            [
              -40.4833,
              -19.9622
            ],
            [
              -40.485,
              -19.9635
            ],
            [
              -40.4874,
              -19.9614
            ],
            [
              -40.4897,
              -19.9569
            ],
            [
              -40.4901,
              -19.9549
            ],
            [
              -40.511,
              -19.9549
            ],
            [
              -40.5114,
              -19.9583
            ],
            [
              -40.5112,
              -19.9611
            ],
            [
              -40.5115,
              -19.9633
            ],
            [
              -40.5109,
              -19.966
            ],
            [
              -40.5115,
              -19.9687
            ],
            [
              -40.5128,
              -19.9711
            ],
            [
              -40.5125,
              -19.9725
            ],
            [
              -40.5134,
              -19.9736
            ],
            [
              -40.5128,
              -19.975
            ],
            [
              -40.5133,
              -19.9761
            ],
            [
              -40.5129,
              -19.9775
            ],
            [
              -40.5136,
              -19.9792
            ],
            [
              -40.5133,
              -19.9813
            ],
            [
              -40.5139,
              -19.9826
            ],
            [
              -40.5152,
              -19.9834
            ],
            [
              -40.518,
              -19.9819
            ],
            [
              -40.5192,
              -19.9816
            ],
            [
              -40.5208,
              -19.9797
            ],
            [
              -40.5249,
              -19.9764
            ],
            [
              -40.5258,
              -19.9752
            ],
            [
              -40.5404,
              -19.9751
            ],
            [
              -40.5403,
              -19.9767
            ],
            [
              -40.537,
              -19.9789
            ],
            [
              -40.5336,
              -19.9804
            ],
            [
              -40.5324,
              -19.9832
            ],
            [
              -40.5321,
              -19.9862
            ],
            [
              -40.5364,
              -19.9887
            ],
            [
              -40.5376,
              -19.9908
            ],
            [
              -40.538,
              -19.9932
            ],
            [
              -40.5369,
              -19.9948
            ],
            [
              -40.535,
              -19.996
            ],
            [
              -40.5349,
              -19.9973
            ],
            [
              -40.5369,
              -19.9976
            ],
            [
              -40.5413,
              -19.997
            ],
            [
              -40.5424,
              -19.9964
            ],
            [
              -40.544,
              -19.9929
            ],
            [
              -40.5447,
              -19.9899
            ],
            [
              -40.5482,
              -19.9903
            ],
            [
              -40.5508,
              -19.9892
            ],
            [
              -40.5517,
              -19.9902
            ],
            [
              -40.5532,
              -19.9903
            ],
            [
              -40.5553,
              -19.9898
            ],
            [
              -40.5569,
              -19.9889
            ],
            [
              -40.5588,
              -19.9912
            ],
            [
              -40.5626,
              -19.9909
            ],
            [
              -40.566,
              -19.9885
            ],
            [
              -40.5667,
              -19.9867
            ],
            [
              -40.5677,
              -19.9863
            ],
            [
              -40.572,
              -19.9865
            ],
            [
              -40.5734,
              -19.9901
            ],
            [
              -40.5786,
              -19.989
            ],
            [
              -40.5796,
              -19.9878
            ],
            [
              -40.5805,
              -19.9851
            ],
            [
              -40.5822,
              -19.9843
            ],
            [
              -40.5834,
              -19.9847
            ],
            [
              -40.5848,
              -19.9874
            ],
            [
              -40.5863,
              -19.988
            ],
            [
              -40.5883,
              -19.9848
            ],
            [
              -40.5908,
              -19.9845
            ],
            [
              -40.5919,
              -19.9811
            ],
            [
              -40.5917,
              -19.9793
            ],
            [
              -40.5941,
              -19.9794
            ],
            [
              -40.5956,
              -19.9799
            ],
            [
              -40.5974,
              -19.9813
            ],
            [
              -40.5992,
              -19.9801
            ],
            [
              -40.6009,
              -19.9808
            ],
            [
              -40.6018,
              -19.9827
            ],
            [
              -40.6007,
              -19.984
            ],
            [
              -40.6018,
              -19.9853
            ],
            [
              -40.6021,
              -19.9873
            ],
            [
              -40.601,
              -19.988
            ],
            [
              -40.5991,
              -19.9884
            ],
            [
              -40.5992,
              -19.9903
            ],
            [
              -40.5983,
              -19.9922
            ],
            [
              -40.599,
              -19.9946
            ],
            [
              -40.5998,
              -19.9952
            ],
            [
              -40.5994,
              -19.9969
            ],
            [
              -40.6027,
              -19.9989
            ],
            [
              -40.6032,
              -20.0003
            ],
            [
              -40.6048,
              -20.0013
            ],
            [
              -40.6052,
              -20.0022
            ],
            [
              -40.6052,
              -20.0047
            ],
            [
              -40.6046,
              -20.0055
            ],
            [
              -40.6026,
              -20.0057
            ],
            [
              -40.6016,
              -20.0071
            ],
            [
              -40.6,
              -20.0076
            ],
            [
              -40.6014,
              -20.0126
            ],
            [
              -40.6036,
              -20.0166
            ],
            [
              -40.6052,
              -20.0186
            ],
            [
              -40.6074,
              -20.0228
            ],
            [
              -40.6086,
              -20.0246
            ],
            [
              -40.6097,
              -20.0279
            ],
            [
              -40.6113,
              -20.03
            ],
            [
              -40.6118,
              -20.0316
            ],
            [
              -40.6128,
              -20.0317
            ],
            [
              -40.6144,
              -20.034
            ],
            [
              -40.6156,
              -20.0334
            ],
            [
              -40.6181,
              -20.0345
            ],
            [
              -40.6177,
              -20.0354
            ],
            [
              -40.619,
              -20.0367
            ],
            [
              -40.6193,
              -20.0382
            ],
            [
              -40.6204,
              -20.0398
            ],
            [
              -40.6201,
              -20.0412
            ],
            [
              -40.6214,
              -20.0426
            ],
            [
              -40.6215,
              -20.0443
            ],
            [
              -40.6224,
              -20.0461
            ],
            [
              -40.6241,
              -20.0459
            ],
            [
              -40.6252,
              -20.0473
            ],
            [
              -40.625,
              -20.0487
            ],
            [
              -40.6227,
              -20.0476
            ],
            [
              -40.6222,
              -20.0486
            ],
            [
              -40.6198,
              -20.0506
            ],
            [
              -40.6202,
              -20.0512
            ],
            [
              -40.6191,
              -20.0532
            ],
            [
              -40.6183,
              -20.0558
            ],
            [
              -40.6171,
              -20.0571
            ],
            [
              -40.617,
              -20.0592
            ],
            [
              -40.616,
              -20.0602
            ],
            [
              -40.6162,
              -20.0629
            ],
            [
              -40.6153,
              -20.0642
            ],
            [
              -40.6155,
              -20.0652
            ],
            [
              -40.6145,
              -20.0678
            ],
            [
              -40.6123,
              -20.0701
            ],
            [
              -40.61,
              -20.0697
            ],
            [
              -40.6075,
              -20.0686
            ],
            [
              -40.6058,
              -20.0688
            ],
            [
              -40.6046,
              -20.0708
            ],
            [
              -40.6036,
              -20.0705
            ],
            [
              -40.6026,
              -20.0752
            ],
            [
              -40.6014,
              -20.0757
            ],
            [
              -40.6024,
              -20.0784
            ],
            [
              -40.6027,
              -20.0822
            ],
            [
              -40.6008,
              -20.0826
            ],
            [
              -40.5972,
              -20.0822
            ],
            [
              -40.5956,
              -20.083
            ],
            [
              -40.5953,
              -20.084
            ],
            [
              -40.5963,
              -20.0856
            ],
            [
              -40.598,
              -20.0869
            ],
            [
              -40.6014,
              -20.0908
            ],
            [
              -40.6034,
              -20.0915
            ],
            [
              -40.6042,
              -20.0928
            ],
            [
              -40.606,
              -20.0941
            ],
            [
              -40.6093,
              -20.0915
            ],
            [
              -40.6125,
              -20.095
            ],
            [
              -40.6142,
              -20.096
            ],
            [
              -40.6152,
              -20.0981
            ],
            [
              -40.6149,
              -20.0998
            ],
            [
              -40.6157,
              -20.1016
            ],
            [
              -40.617,
              -20.1019
            ],
            [
              -40.6182,
              -20.1007
            ],
            [
              -40.6205,
              -20.1026
            ],
            [
              -40.6224,
              -20.1057
            ],
            [
              -40.6245,
              -20.107
            ],
            [
              -40.6253,
              -20.1065
            ],
            [
              -40.6274,
              -20.1038
            ],
            [
              -40.6305,
              -20.1014
            ],
            [
              -40.6314,
              -20.1017
            ],
            [
              -40.631,
              -20.1075
            ],
            [
              -40.6325,
              -20.1098
            ],
            [
              -40.6368,
              -20.1096
            ],
            [
              -40.6379,
              -20.11
            ],
            [
              -40.6384,
              -20.107
            ],
            [
              -40.6376,
              -20.1059
            ],
            [
              -40.6381,
              -20.1025
            ],
            [
              -40.6408,
              -20.0994
            ],
            [
              -40.6414,
              -20.0982
            ],
            [
              -40.6436,
              -20.097
            ],
            [
              -40.6422,
              -20.0962
            ],
            [
              -40.6438,
              -20.0919
            ],
            [
              -40.6461,
              -20.0905
            ],
            [
              -40.6488,
              -20.0897
            ],
            [
              -40.65,
              -20.0897
            ],
            [
              -40.6528,
              -20.0915
            ],
            [
              -40.6566,
              -20.0911
            ],
            [
              -40.6601,
              -20.0897
            ],
            [
              -40.6602,
              -20.0867
            ],
            [
              -40.662,
              -20.0862
            ],
            [
              -40.663,
              -20.0867
            ],
            [
              -40.6658,
              -20.0899
            ],
            [
              -40.6668,
              -20.0906
            ],
            [
              -40.6715,
              -20.0909
            ],
            [
              -40.6751,
              -20.0936
            ],
            [
              -40.6749,
              -20.0984
            ],
            [
              -40.6732,
              -20.1013
            ],
            [
              -40.6747,
              -20.1034
            ],
            [
              -40.6762,
              -20.104
            ],
            [
              -40.6779,
              -20.1059
            ],
            [
              -40.6782,
              -20.107
            ],
            [
              -40.6763,
              -20.1128
            ],
            [
              -40.6755,
              -20.1158
            ],
            [
              -40.6749,
              -20.1168
            ],
            [
              -40.6758,
              -20.1186
            ],
            [
              -40.6779,
              -20.1192
            ],
            [
              -40.6797,
              -20.1192
            ],
            [
              -40.6804,
              -20.1201
            ],
            [
              -40.68,
              -20.1239
            ],
            [
              -40.6787,
              -20.1249
            ],
            [
              -40.6785,
              -20.126
            ],
            [
              -40.6803,
              -20.1275
            ],
            [
              -40.6812,
              -20.1276
            ],
            [
              -40.6822,
              -20.1301
            ],
            [
              -40.6834,
              -20.131
            ],
            [
              -40.6826,
              -20.1325
            ],
            [
              -40.6834,
              -20.1347
            ],
            [
              -40.6831,
              -20.1355
            ],
            [
              -40.6832,
              -20.1382
            ],
            [
              -40.6836,
              -20.1388
            ],
            [
              -40.689,
              -20.141
            ],
            [
              -40.6906,
              -20.1414
            ],
            [
              -40.6929,
              -20.1426
            ],
            [
              -40.6942,
              -20.1443
            ],
            [
              -40.6957,
              -20.1451
            ],
            [
              -40.699,
              -20.1427
            ],
            [
              -40.7015,
              -20.1434
            ],
            [
              -40.7024,
              -20.1445
            ],
            [
              -40.7041,
              -20.1448
            ],
            [
              -40.7072,
              -20.143
            ],
            [
              -40.708,
              -20.1453
            ],
            [
              -40.7092,
              -20.1467
            ],
            [
              -40.7108,
              -20.1459
            ],
            [
              -40.7118,
              -20.1461
            ],
            [
              -40.7145,
              -20.1497
            ],
            [
              -40.7148,
              -20.1513
            ],
            [
              -40.7144,
              -20.1531
            ],
            [
              -40.7156,
              -20.154
            ],
            [
              -40.7175,
              -20.1567
            ],
            [
              -40.7212,
              -20.157
            ],
            [
              -40.7223,
              -20.1566
            ],
            [
              -40.7243,
              -20.1588
            ],
            [
              -40.7267,
              -20.1604
            ],
            [
              -40.7278,
              -20.1606
            ],
            [
              -40.7293,
              -20.163
            ],
            [
              -40.7305,
              -20.1636
            ],
            [
              -40.7306,
              -20.1646
            ],
            [
              -40.7333,
              -20.1666
            ],
            [
              -40.7328,
              -20.1676
            ],
            [
              -40.7341,
              -20.1694
            ],
            [
              -40.7376,
              -20.1697
            ],
            [
              -40.7402,
              -20.1717
            ],
            [
              -40.7415,
              -20.1738
            ],
            [
              -40.7433,
              -20.1751
            ],
            [
              -40.7435,
              -20.1762
            ],
            [
              -40.7455,
              -20.1785
            ],
            [
              -40.7482,
              -20.1792
            ],
            [
              -40.7499,
              -20.1783
            ],
            [
              -40.7504,
              -20.1771
            ],
            [
              -40.7521,
              -20.1762
            ],
            [
              -40.7519,
              -20.1787
            ],
            [
              -40.7491,
              -20.183
            ],
            [
              -40.748,
              -20.1839
            ],
            [
              -40.7476,
              -20.1866
            ],
            [
              -40.7463,
              -20.1873
            ],
            [
              -40.7453,
              -20.1888
            ],
            [
              -40.7437,
              -20.1888
            ],
            [
              -40.7412,
              -20.1896
            ],
            [
              -40.7396,
              -20.1882
            ],
            [
              -40.7382,
              -20.1881
            ],
            [
              -40.7377,
              -20.1871
            ],
            [
              -40.736,
              -20.186
            ],
            [
              -40.7317,
              -20.1841
            ],
            [
              -40.7273,
              -20.1833
            ],
            [
              -40.7264,
              -20.1842
            ],
            [
              -40.7238,
              -20.184
            ],
            [
              -40.7221,
              -20.1834
            ],
            [
              -40.7196,
              -20.1839
            ],
            [
              -40.7182,
              -20.1833
            ],
            [
              -40.7164,
              -20.1848
            ],
            [
              -40.7137,
              -20.1862
            ],
            [
              -40.71,
              -20.1855
            ],
            [
              -40.7068,
              -20.1882
            ],
            [
              -40.7045,
              -20.1873
            ],
            [
              -40.7024,
              -20.1894
            ],
            [
              -40.7009,
              -20.1896
            ],
            [
              -40.6994,
              -20.1888
            ],
            [
              -40.6992,
              -20.1875
            ],
            [
              -40.6979,
              -20.1872
            ],
            [
              -40.6969,
              -20.1902
            ],
            [
              -40.6936,
              -20.1894
            ],
            [
              -40.6923,
              -20.1882
            ],
            [
              -40.689,
              -20.1877
            ],
            [
              -40.6857,
              -20.188
            ],
            [
              -40.6842,
              -20.1889
            ],
            [
              -40.6814,
              -20.1887
            ],
            [
              -40.6806,
              -20.1916
            ],
            [
              -40.6792,
              -20.1937
            ],
            [
              -40.6784,
              -20.1936
            ],
            [
              -40.6755,
              -20.1945
            ],
            [
              -40.6746,
              -20.1956
            ],
            [
              -40.673,
              -20.1989
            ],
            [
              -40.6717,
              -20.1991
            ],
            [
              -40.6716,
              -20.2014
            ],
            [
              -40.6707,
              -20.2022
            ],
            [
              -40.6679,
              -20.2025
            ],
            [
              -40.6659,
              -20.2032
            ],
            [
              -40.6645,
              -20.205
            ],
            [
              -40.6622,
              -20.2053
            ],
            [
              -40.6602,
              -20.2067
            ],
            [
              -40.6603,
              -20.2074
            ],
            [
              -40.6637,
              -20.2102
            ],
            [
              -40.6632,
              -20.2122
            ],
            [
              -40.6642,
              -20.2141
            ],
            [
              -40.6635,
              -20.2158
            ],
            [
              -40.6645,
              -20.2176
            ],
            [
              -40.6621,
              -20.2186
            ],
            [
              -40.661,
              -20.2184
            ],
            [
              -40.6592,
              -20.2168
            ],
            [
              -40.6566,
              -20.2167
            ],
            [
              -40.6557,
              -20.218
            ],
            [
              -40.6544,
              -20.2181
            ],
            [
              -40.652,
              -20.2158
            ],
            [
              -40.6493,
              -20.2165
            ],
            [
              -40.6485,
              -20.216
            ],
            [
              -40.646,
              -20.2166
            ],
            [
              -40.6402,
              -20.2158
            ],
            [
              -40.6378,
              -20.2191
            ],
            [
              -40.6369,
              -20.2192
            ],
            [
              -40.6344,
              -20.2159
            ],
            [
              -40.6339,
              -20.2159
            ],
            [
              -40.6329,
              -20.2187
            ],
            [
              -40.634,
              -20.2216
            ],
            [
              -40.6337,
              -20.2238
            ],
            [
              -40.6316,
              -20.2246
            ],
            [
              -40.63,
              -20.2259
            ],
            [
              -40.6276,
              -20.2258
            ],
            [
              -40.6262,
              -20.2279
            ],
            [
              -40.6248,
              -20.2288
            ],
            [
              -40.6249,
              -20.2304
            ],
            [
              -40.6258,
              -20.2319
            ],
            [
              -40.6255,
              -20.2338
            ],
            [
              -40.6264,
              -20.2367
            ],
            [
              -40.6236,
              -20.238
            ],
            [
              -40.622,
              -20.2397
            ],
            [
              -40.6198,
              -20.2408
            ],
            [
              -40.6156,
              -20.2418
            ],
            [
              -40.6159,
              -20.2442
            ],
            [
              -40.617,
              -20.2449
            ],
            [
              -40.6158,
              -20.2469
            ],
            [
              -40.614,
              -20.248
            ],
            [
              -40.6117,
              -20.2483
            ],
            [
              -40.6107,
              -20.2491
            ],
            [
              -40.6103,
              -20.2517
            ],
            [
              -40.6084,
              -20.252
            ],
            [
              -40.6079,
              -20.2509
            ],
            [
              -40.6059,
              -20.2504
            ],
            [
              -40.6045,
              -20.2484
            ],
            [
              -40.6027,
              -20.2481
            ],
            [
              -40.597,
              -20.2434
            ],
            [
              -40.5961,
              -20.2435
            ],
            [
              -40.5946,
              -20.2453
            ],
            [
              -40.592,
              -20.2493
            ],
            [
              -40.5914,
              -20.2517
            ],
            [
              -40.5924,
              -20.2542
            ],
            [
              -40.5921,
              -20.2564
            ],
            [
              -40.5938,
              -20.2591
            ],
            [
              -40.5948,
              -20.2593
            ],
            [
              -40.5948,
              -20.2607
            ],
            [
              -40.5962,
              -20.2616
            ],
            [
              -40.5956,
              -20.2645
            ],
            [
              -40.596,
              -20.2665
            ],
            [
              -40.5955,
              -20.2685
            ],
            [
              -40.5937,
              -20.2711
            ],
            [
              -40.5925,
              -20.2713
            ],
            [
              -40.5913,
              -20.2696
            ],
            [
              -40.5873,
              -20.2704
            ],
            [
              -40.5839,
              -20.2685
            ],
            [
              -40.5801,
              -20.2686
            ],
            [
              -40.5786,
              -20.2691
            ],
            [
              -40.5731,
              -20.2696
            ],
            [
              -40.5578,
              -20.2703
            ],
            [
              -40.5306,
              -20.2564
            ],
            [
              -40.531,
              -20.2543
            ],
            [
              -40.5301,
              -20.2524
            ],
            [
              -40.5284,
              -20.2514
            ],
            [
              -40.5284,
              -20.25
            ],
            [
              -40.5268,
              -20.2461
            ],
            [
              -40.5253,
              -20.2444
            ],
            [
              -40.5218,
              -20.2426
            ],
            [
              -40.5202,
              -20.2408
            ],
            [
              -40.5179,
              -20.2399
            ],
            [
              -40.5168,
              -20.2384
            ],
            [
              -40.5147,
              -20.2385
            ],
            [
              -40.5147,
              -20.2367
            ],
            [
              -40.5126,
              -20.2369
            ],
            [
              -40.5117,
              -20.2354
            ],
            [
              -40.5091,
              -20.2345
            ],
            [
              -40.5072,
              -20.2325
            ],
            [
              -40.506,
              -20.232
            ],
            [
              -40.5025,
              -20.229
            ],
            [
              -40.5,
              -20.2291
            ],
            [
              -40.4995,
              -20.2322
            ],
            [
              -40.4982,
              -20.2332
            ],
            [
              -40.4972,
              -20.2348
            ],
            [
              -40.4961,
              -20.2354
            ],
            [
              -40.4875,
              -20.2379
            ],
            [
              -40.4865,
              -20.2362
            ],
            [
              -40.4841,
              -20.2361
            ],
            [
              -40.4828,
              -20.2354
            ],
            [
              -40.4822,
              -20.2343
            ],
            [
              -40.4807,
              -20.2337
            ],
            [
              -40.48,
              -20.2323
            ],
            [
              -40.4786,
              -20.2312
            ],
            [
              -40.477,
              -20.2286
            ],
            [
              -40.4759,
              -20.2282
            ],
            [
              -40.4736,
              -20.2254
            ],
            [
              -40.4723,
              -20.2245
            ],
            [
              -40.4717,
              -20.2234
            ],
            [
              -40.4684,
              -20.221
            ],
            [
              -40.4655,
              -20.2197
            ],
            [
              -40.4638,
              -20.2196
            ],
            [
              -40.4625,
              -20.2213
            ],
            [
              -40.4565,
              -20.2226
            ],
            [
              -40.4546,
              -20.2236
            ],
            [
              -40.4518,
              -20.2227
            ],
            [
              -40.4487,
              -20.2233
            ],
            [
              -40.4454,
              -20.2255
            ],
            [
              -40.4435,
              -20.2256
            ],
            [
              -40.4409,
              -20.2252
            ],
            [
              -40.4362,
              -20.228
            ],
            [
              -40.4355,
              -20.2292
            ],
            [
              -40.4328,
              -20.2298
            ],
            [
              -40.4316,
              -20.2293
            ],
            [
              -40.4309,
              -20.2274
            ],
            [
              -40.4272,
              -20.2276
            ],
            [
              -40.4257,
              -20.2273
            ],
            [
              -40.421,
              -20.2271
            ],
            [
              -40.4202,
              -20.2284
            ],
            [
              -40.4178,
              -20.2296
            ],
            [
              -40.4147,
              -20.2288
            ],
            [
              -40.4114,
              -20.2288
            ],
            [
              -40.4097,
              -20.231
            ],
            [
              -40.4079,
              -20.2313
            ],
            [
              -40.3977,
              -20.2267
            ],
            [
              -40.3856,
              -20.2233
            ],
            [
              -40.3849,
              -20.223
            ],
            [
              -40.3786,
              -20.2176
            ],
            [
              -40.3764,
              -20.2154
            ],
            [
              -40.3733,
              -20.2149
            ]
          ]
        ]
      },
      "properties": {
        "codarea": "3204500",
        "nome_municipio": "Santa Leopoldina",
        "codigo_ibge": 3204500
      }
    },
    {
      "type": "Feature",
      "geometry": {
        "type": "Polygon",
        "coordinates": [
          [
            [
              -41.0775,
              -20.6141
            ],
            [
              -41.0779,
              -20.6157
            ],
            [
              -41.0763,
              -20.6199
            ],
            [
              -41.0752,
              -20.6207
            ],
            [
              -41.0727,
              -20.621
            ],
            [
              -41.0711,
              -20.6222
            ],
            [
              -41.0709,
              -20.6232
            ],
            [
              -41.0695,
              -20.6242
            ],
            [
              -41.0662,
              -20.6256
            ],
            [
              -41.064,
              -20.6252
            ],
            [
              -41.0614,
              -20.624
            ],
            [
              -41.0606,
              -20.6241
            ],
            [
              -41.0601,
              -20.626
            ],
            [
              -41.0577,
              -20.6266
            ],
            [
              -41.0547,
              -20.6278
            ],
            [
              -41.0553,
              -20.6322
            ],
            [
              -41.0571,
              -20.6342
            ],
            [
              -41.0604,
              -20.6364
            ],
            [
              -41.0601,
              -20.639
            ],
            [
              -41.0655,
              -20.6405
            ],
            [
              -41.0665,
              -20.6421
            ],
            [
              -41.0655,
              -20.644
            ],
            [
              -41.0673,
              -20.6452
            ],
            [
              -41.0685,
              -20.6471
            ],
            [
              -41.0677,
              -20.6507
            ],
            [
              -41.0668,
              -20.651
            ],
            [
              -41.0669,
              -20.6526
            ],
            [
              -41.0661,
              -20.6549
            ],
            [
              -41.067,
              -20.6563
            ],
            [
              -41.0697,
              -20.6593
            ],
            [
              -41.0704,
              -20.6609
            ],
            [
              -41.0716,
              -20.662
            ],
            [
              -41.0725,
              -20.6644
            ],
            [
              -41.0743,
              -20.666
            ],
            [
              -41.0749,
              -20.6696
            ],
            [
              -41.0767,
              -20.6707
            ],
            [
              -41.0779,
              -20.6737
            ],
            [
              -41.0805,
              -20.6754
            ],
            [
              -41.0798,
              -20.6776
            ],
            [
              -41.0825,
              -20.6797
            ],
            [
              -41.0849,
              -20.6828
            ],
            [
              -41.085,
              -20.6853
            ],
            [
              -41.0854,
              -20.6888
            ],
            [
              -41.0861,
              -20.6908
            ],
            [
              -41.0853,
              -20.6922
            ],
            [
              -41.0873,
              -20.6942
            ],
            [
              -41.0882,
              -20.6961
            ],
            [
              -41.086,
              -20.6986
            ],
            [
              -41.0849,
              -20.6988
            ],
            [
              -41.0868,
              -20.7024
            ],
            [
              -41.0868,
              -20.7041
            ],
            [
              -41.1018,
              -20.7039
            ],
            [
              -41.1016,
              -20.7081
            ],
            [
              -41.1034,
              -20.709
            ],
            [
              -41.1032,
              -20.711
            ],
            [
              -41.1009,
              -20.7124
            ],
            [
              -41.1011,
              -20.7145
            ],
            [
              -41.1067,
              -20.7178
            ],
            [
              -41.1035,
              -20.7198
            ],
            [
              -41.1018,
              -20.7199
            ],
            [
              -41.1004,
              -20.7186
            ],
            [
              -41.099,
              -20.7195
            ],
            [
              -41.099,
              -20.7226
            ],
            [
              -41.0971,
              -20.7246
            ],
            [
              -41.0831,
              -20.7165
            ],
            [
              -41.0792,
              -20.7143
            ],
            [
              -41.0767,
              -20.7137
            ],
            [
              -41.0745,
              -20.7111
            ],
            [
              -41.0668,
              -20.7118
            ],
            [
              -41.0618,
              -20.7154
            ],
            [
              -41.0627,
              -20.7184
            ],
            [
              -41.065,
              -20.7191
            ],
            [
              -41.0667,
              -20.7206
            ],
            [
              -41.0665,
              -20.7232
            ],
            [
              -41.0688,
              -20.7239
            ],
            [
              -41.0708,
              -20.7255
            ],
            [
              -41.0698,
              -20.7266
            ],
            [
              -41.0697,
              -20.7304
            ],
            [
              -41.0674,
              -20.7312
            ],
            [
              -41.0652,
              -20.7306
            ],
            [
              -41.0625,
              -20.7326
            ],
            [
              -41.0625,
              -20.7354
            ],
            [
              -41.0629,
              -20.7369
            ],
            [
              -41.0608,
              -20.7387
            ],
            [
              -41.0595,
              -20.7388
            ],
            [
              -41.0579,
              -20.7399
            ],
            [
              -41.0551,
              -20.7408
            ],
            [
              -41.0555,
              -20.743
            ],
            [
              -41.0566,
              -20.745
            ],
            [
              -41.0546,
              -20.7478
            ],
            [
              -41.0537,
              -20.7485
            ],
            [
              -41.0527,
              -20.7503
            ],
            [
              -41.0504,
              -20.7516
            ],
            [
              -41.0498,
              -20.7528
            ],
            [
              -41.0472,
              -20.7525
            ],
            [
              -41.0461,
              -20.7532
            ],
            [
              -41.0439,
              -20.7535
            ],
            [
              -41.0417,
              -20.753
            ],
            [
              -41.0394,
              -20.7544
            ],
            [
              -41.0368,
              -20.7542
            ],
            [
              -41.0348,
              -20.755
            ],
            [
              -41.0322,
              -20.7569
            ],
            [
              -41.0323,
              -20.7599
            ],
            [
              -41.0346,
              -20.7615
            ],
            [
              -41.0348,
              -20.7648
            ],
            [
              -41.037,
              -20.7689
            ],
            [
              -41.0393,
              -20.77
            ],
            [
              -41.0406,
              -20.7727
            ],
            [
              -41.041,
              -20.7748
            ],
            [
              -41.0441,
              -20.7763
            ],
            [
              -41.0443,
              -20.7771
            ],
            [
              -41.0428,
              -20.7786
            ],
            [
              -41.0424,
              -20.7798
            ],
            [
              -41.0427,
              -20.7824
            ],
            [
              -41.0436,
              -20.7838
            ],
            [
              -41.0452,
              -20.7847
            ],
            [
              -41.0445,
              -20.7865
            ],
            [
              -41.0463,
              -20.7876
            ],
            [
              -41.0445,
              -20.7918
            ],
            [
              -41.0461,
              -20.7955
            ],
            [
              -41.0451,
              -20.7966
            ],
            [
              -41.0435,
              -20.7967
            ],
            [
              -41.0408,
              -20.7937
            ],
            [
              -41.0409,
              -20.7916
            ],
            [
              -41.037,
              -20.7879
            ],
            [
              -41.0346,
              -20.7886
            ],
            [
              -41.0315,
              -20.7882
            ],
            [
              -41.0293,
              -20.787
            ],
            [
              -41.0274,
              -20.7889
            ],
            [
              -41.0265,
              -20.7888
            ],
            [
              -41.0241,
              -20.7873
            ],
            [
              -41.022,
              -20.7874
            ],
            [
              -41.0199,
              -20.7887
            ],
            [
              -41.0184,
              -20.7905
            ],
            [
              -41.0181,
              -20.7929
            ],
            [
              -41.017,
              -20.7952
            ],
            [
              -41.0182,
              -20.7976
            ],
            [
              -41.0182,
              -20.7994
            ],
            [
              -41.0192,
              -20.8017
            ],
            [
              -41.0203,
              -20.8074
            ],
            [
              -41.0222,
              -20.8097
            ],
            [
              -41.0231,
              -20.8146
            ],
            [
              -41.0226,
              -20.8164
            ],
            [
              -41.021,
              -20.8157
            ],
            [
              -41.0193,
              -20.8181
            ],
            [
              -41.0158,
              -20.8209
            ],
            [
              -41.0154,
              -20.8229
            ],
            [
              -41.0181,
              -20.8281
            ],
            [
              -41.0176,
              -20.83
            ],
            [
              -41.0188,
              -20.8305
            ],
            [
              -41.0214,
              -20.8328
            ],
            [
              -41.024,
              -20.8341
            ],
            [
              -41.0247,
              -20.8355
            ],
            [
              -41.0238,
              -20.8397
            ],
            [
              -41.0254,
              -20.8401
            ],
            [
              -41.028,
              -20.8442
            ],
            [
              -41.0279,
              -20.8474
            ],
            [
              -41.0294,
              -20.8489
            ],
            [
              -41.0288,
              -20.8505
            ],
            [
              -41.0296,
              -20.8521
            ],
            [
              -41.0313,
              -20.8535
            ],
            [
              -41.0307,
              -20.8545
            ],
            [
              -41.0273,
              -20.8559
            ],
            [
              -41.0261,
              -20.8574
            ],
            [
              -41.0248,
              -20.8581
            ],
            [
              -41.0217,
              -20.8584
            ],
            [
              -41.0177,
              -20.8583
            ],
            [
              -41.0165,
              -20.8594
            ],
            [
              -41.0158,
              -20.861
            ],
            [
              -41.0164,
              -20.8629
            ],
            [
              -41.0089,
              -20.8674
            ],
            [
              -41.0062,
              -20.8694
            ],
            [
              -40.9927,
              -20.8695
            ],
            [
              -40.9796,
              -20.8694
            ],
            [
              -40.9796,
              -20.8672
            ],
            [
              -40.9783,
              -20.8659
            ],
            [
              -40.9789,
              -20.865
            ],
            [
              -40.9821,
              -20.8649
            ],
            [
              -40.984,
              -20.8641
            ],
            [
              -40.984,
              -20.8631
            ],
            [
              -40.9858,
              -20.8629
            ],
            [
              -40.9868,
              -20.861
            ],
            [
              -40.9861,
              -20.8589
            ],
            [
              -40.9845,
              -20.857
            ],
            [
              -40.985,
              -20.8554
            ],
            [
              -40.9868,
              -20.8555
            ],
            [
              -40.9866,
              -20.8532
            ],
            [
              -40.9858,
              -20.8524
            ],
            [
              -40.9867,
              -20.8508
            ],
            [
              -40.9865,
              -20.8497
            ],
            [
              -40.9877,
              -20.8484
            ],
            [
              -40.9877,
              -20.8467
            ],
            [
              -40.986,
              -20.8465
            ],
            [
              -40.9858,
              -20.8454
            ],
            [
              -40.9872,
              -20.8438
            ],
            [
              -40.9872,
              -20.842
            ],
            [
              -40.9899,
              -20.8406
            ],
            [
              -40.9895,
              -20.838
            ],
            [
              -40.9905,
              -20.8377
            ],
            [
              -40.9912,
              -20.8363
            ],
            [
              -40.9904,
              -20.835
            ],
            [
              -40.9897,
              -20.8326
            ],
            [
              -40.9884,
              -20.8315
            ],
            [
              -40.9862,
              -20.8305
            ],
            [
              -40.9846,
              -20.8306
            ],
            [
              -40.9838,
              -20.8293
            ],
            [
              -40.9814,
              -20.8297
            ],
            [
              -40.98,
              -20.8283
            ],
            [
              -40.9797,
              -20.8255
            ],
            [
              -40.98,
              -20.8244
            ],
            [
              -40.9786,
              -20.823
            ],
            [
              -40.9791,
              -20.8208
            ],
            [
              -40.9823,
              -20.8182
            ],
            [
              -40.9829,
              -20.8166
            ],
            [
              -40.9823,
              -20.814
            ],
            [
              -40.9841,
              -20.8136
            ],
            [
              -40.9847,
              -20.8098
            ],
            [
              -40.9857,
              -20.8087
            ],
            [
              -40.987,
              -20.8088
            ],
            [
              -40.9871,
              -20.8071
            ],
            [
              -40.9858,
              -20.8057
            ],
            [
              -40.9844,
              -20.8021
            ],
            [
              -40.9864,
              -20.7997
            ],
            [
              -40.9874,
              -20.7992
            ],
            [
              -40.9883,
              -20.7974
            ],
            [
              -40.9915,
              -20.7963
            ],
            [
              -40.9914,
              -20.7948
            ],
            [
              -40.9954,
              -20.7929
            ],
            [
              -40.9959,
              -20.7919
            ],
            [
              -40.9944,
              -20.7908
            ],
            [
              -40.9931,
              -20.7906
            ],
            [
              -40.9909,
              -20.7878
            ],
            [
              -40.992,
              -20.7836
            ],
            [
              -40.9944,
              -20.7814
            ],
            [
              -40.9938,
              -20.7782
            ],
            [
              -40.9905,
              -20.7766
            ],
            [
              -40.9902,
              -20.7748
            ],
            [
              -40.9887,
              -20.7747
            ],
            [
              -40.9879,
              -20.7737
            ],
            [
              -40.9847,
              -20.7713
            ],
            [
              -40.9837,
              -20.7712
            ],
            [
              -40.9813,
              -20.7693
            ],
            [
              -40.9806,
              -20.7679
            ],
            [
              -40.9792,
              -20.767
            ],
            [
              -40.9815,
              -20.7656
            ],
            [
              -40.9794,
              -20.7642
            ],
            [
              -40.9758,
              -20.7636
            ],
            [
              -40.9749,
              -20.7614
            ],
            [
              -40.9734,
              -20.7606
            ],
            [
              -40.9735,
              -20.759
            ],
            [
              -40.9711,
              -20.7562
            ],
            [
              -40.9696,
              -20.7554
            ],
            [
              -40.9691,
              -20.7517
            ],
            [
              -40.9677,
              -20.7509
            ],
            [
              -40.9674,
              -20.7484
            ],
            [
              -40.9658,
              -20.7459
            ],
            [
              -40.9653,
              -20.744
            ],
            [
              -40.9651,
              -20.7418
            ],
            [
              -40.9659,
              -20.741
            ],
            [
              -40.9656,
              -20.7387
            ],
            [
              -40.9663,
              -20.736
            ],
            [
              -40.9654,
              -20.7342
            ],
            [
              -40.965,
              -20.7301
            ],
            [
              -40.964,
              -20.7288
            ],
            [
              -40.9636,
              -20.7269
            ],
            [
              -40.9624,
              -20.7253
            ],
            [
              -40.9595,
              -20.7236
            ],
            [
              -40.9578,
              -20.7217
            ],
            [
              -40.9569,
              -20.7184
            ],
            [
              -40.958,
              -20.7177
            ],
            [
              -40.9562,
              -20.7152
            ],
            [
              -40.9574,
              -20.714
            ],
            [
              -40.9601,
              -20.7132
            ],
            [
              -40.9629,
              -20.7118
            ],
            [
              -40.9633,
              -20.7104
            ],
            [
              -40.9626,
              -20.708
            ],
            [
              -40.9615,
              -20.7065
            ],
            [
              -40.9618,
              -20.7055
            ],
            [
              -40.961,
              -20.7006
            ],
            [
              -40.9593,
              -20.6963
            ],
            [
              -40.958,
              -20.6951
            ],
            [
              -40.9562,
              -20.6928
            ],
            [
              -40.9551,
              -20.6925
            ],
            [
              -40.9523,
              -20.6956
            ],
            [
              -40.9504,
              -20.6957
            ],
            [
              -40.947,
              -20.6939
            ],
            [
              -40.9458,
              -20.6896
            ],
            [
              -40.9438,
              -20.6879
            ],
            [
              -40.9406,
              -20.6867
            ],
            [
              -40.9384,
              -20.6869
            ],
            [
              -40.9371,
              -20.6875
            ],
            [
              -40.9356,
              -20.6853
            ],
            [
              -40.9326,
              -20.685
            ],
            [
              -40.9326,
              -20.6836
            ],
            [
              -40.9313,
              -20.6816
            ],
            [
              -40.9299,
              -20.6804
            ],
            [
              -40.9297,
              -20.6782
            ],
            [
              -40.9317,
              -20.6764
            ],
            [
              -40.9321,
              -20.6747
            ],
            [
              -40.9336,
              -20.6734
            ],
            [
              -40.9326,
              -20.6719
            ],
            [
              -40.9325,
              -20.6706
            ],
            [
              -40.9308,
              -20.6695
            ],
            [
              -40.9331,
              -20.6674
            ],
            [
              -40.933,
              -20.6663
            ],
            [
              -40.9339,
              -20.6652
            ],
            [
              -40.9342,
              -20.6628
            ],
            [
              -40.9318,
              -20.6602
            ],
            [
              -40.9314,
              -20.6575
            ],
            [
              -40.9298,
              -20.6565
            ],
            [
              -40.9291,
              -20.6551
            ],
            [
              -40.9264,
              -20.6533
            ],
            [
              -40.9256,
              -20.6518
            ],
            [
              -40.9264,
              -20.6504
            ],
            [
              -40.9256,
              -20.6477
            ],
            [
              -40.9239,
              -20.6466
            ],
            [
              -40.9212,
              -20.646
            ],
            [
              -40.9186,
              -20.6446
            ],
            [
              -40.9158,
              -20.6439
            ],
            [
              -40.9162,
              -20.6413
            ],
            [
              -40.9133,
              -20.6359
            ],
            [
              -40.9116,
              -20.6358
            ],
            [
              -40.9108,
              -20.6335
            ],
            [
              -40.9107,
              -20.6302
            ],
            [
              -40.9115,
              -20.6295
            ],
            [
              -40.9104,
              -20.6278
            ],
            [
              -40.9093,
              -20.6242
            ],
            [
              -40.9101,
              -20.6215
            ],
            [
              -40.9102,
              -20.6185
            ],
            [
              -40.9112,
              -20.6183
            ],
            [
              -40.9119,
              -20.6156
            ],
            [
              -40.913,
              -20.6153
            ],
            [
              -40.9142,
              -20.6135
            ],
            [
              -40.9174,
              -20.6123
            ],
            [
              -40.9197,
              -20.6103
            ],
            [
              -40.921,
              -20.61
            ],
            [
              -40.9226,
              -20.6083
            ],
            [
              -40.9261,
              -20.6078
            ],
            [
              -40.9292,
              -20.6068
            ],
            [
              -40.9303,
              -20.6047
            ],
            [
              -40.9323,
              -20.6035
            ],
            [
              -40.9322,
              -20.6022
            ],
            [
              -40.9348,
              -20.6009
            ],
            [
              -40.9363,
              -20.5996
            ],
            [
              -40.9385,
              -20.602
            ],
            [
              -40.9427,
              -20.6053
            ],
            [
              -40.9427,
              -20.6064
            ],
            [
              -40.945,
              -20.6063
            ],
            [
              -40.9481,
              -20.6043
            ],
            [
              -40.9491,
              -20.6027
            ],
            [
              -40.9513,
              -20.6024
            ],
            [
              -40.9525,
              -20.6017
            ],
            [
              -40.9541,
              -20.6019
            ],
            [
              -40.9565,
              -20.6013
            ],
            [
              -40.9578,
              -20.6039
            ],
            [
              -40.9597,
              -20.6033
            ],
            [
              -40.9626,
              -20.6017
            ],
            [
              -40.9589,
              -20.5985
            ],
            [
              -40.958,
              -20.5962
            ],
            [
              -40.9584,
              -20.5953
            ],
            [
              -40.958,
              -20.5934
            ],
            [
              -40.9569,
              -20.5931
            ],
            [
              -40.9561,
              -20.5918
            ],
            [
              -40.9576,
              -20.5905
            ],
            [
              -40.96,
              -20.5854
            ],
            [
              -40.9616,
              -20.5849
            ],
            [
              -40.9633,
              -20.5836
            ],
            [
              -40.9633,
              -20.5819
            ],
            [
              -40.9655,
              -20.5807
            ],
            [
              -40.9669,
              -20.5776
            ],
            [
              -40.9683,
              -20.5764
            ],
            [
              -40.968,
              -20.5745
            ],
            [
              -40.9665,
              -20.5714
            ],
            [
              -40.9668,
              -20.5681
            ],
            [
              -40.9664,
              -20.566
            ],
            [
              -40.9671,
              -20.5645
            ],
            [
              -40.964,
              -20.5624
            ],
            [
              -40.9624,
              -20.5628
            ],
            [
              -40.9608,
              -20.5618
            ],
            [
              -40.9587,
              -20.5626
            ],
            [
              -40.9566,
              -20.5617
            ],
            [
              -40.9562,
              -20.5596
            ],
            [
              -40.9567,
              -20.5574
            ],
            [
              -40.9591,
              -20.5558
            ],
            [
              -40.9591,
              -20.5549
            ],
            [
              -40.9568,
              -20.5528
            ],
            [
              -40.957,
              -20.5518
            ],
            [
              -40.9582,
              -20.5508
            ],
            [
              -40.9596,
              -20.5503
            ],
            [
              -40.9613,
              -20.5472
            ],
            [
              -40.9641,
              -20.5454
            ],
            [
              -40.9662,
              -20.5425
            ],
            [
              -40.9648,
              -20.5415
            ],
            [
              -40.9644,
              -20.5397
            ],
            [
              -40.9621,
              -20.5381
            ],
            [
              -40.9618,
              -20.536
            ],
            [
              -40.9607,
              -20.5336
            ],
            [
              -40.9613,
              -20.5319
            ],
            [
              -40.9596,
              -20.5283
            ],
            [
              -40.9611,
              -20.5247
            ],
            [
              -40.9593,
              -20.5213
            ],
            [
              -40.9606,
              -20.5188
            ],
            [
              -40.9617,
              -20.5183
            ],
            [
              -40.9606,
              -20.5141
            ],
            [
              -40.9623,
              -20.5123
            ],
            [
              -40.9611,
              -20.5112
            ],
            [
              -40.9599,
              -20.5111
            ],
            [
              -40.9585,
              -20.5089
            ],
            [
              -40.9598,
              -20.5068
            ],
            [
              -40.9611,
              -20.5056
            ],
            [
              -40.9612,
              -20.5034
            ],
            [
              -40.96,
              -20.5022
            ],
            [
              -40.9602,
              -20.5004
            ],
            [
              -40.9598,
              -20.4975
            ],
            [
              -40.9616,
              -20.496
            ],
            [
              -40.9649,
              -20.4956
            ],
            [
              -40.9674,
              -20.4971
            ],
            [
              -40.9689,
              -20.4963
            ],
            [
              -40.9678,
              -20.4933
            ],
            [
              -40.9656,
              -20.4894
            ],
            [
              -40.9667,
              -20.486
            ],
            [
              -40.9659,
              -20.4836
            ],
            [
              -40.9673,
              -20.4828
            ],
            [
              -40.969,
              -20.483
            ],
            [
              -40.9697,
              -20.4821
            ],
            [
              -40.9724,
              -20.4807
            ],
            [
              -40.9727,
              -20.4764
            ],
            [
              -40.9737,
              -20.4745
            ],
            [
              -40.9698,
              -20.4739
            ],
            [
              -40.9697,
              -20.4724
            ],
            [
              -40.9703,
              -20.4704
            ],
            [
              -40.969,
              -20.469
            ],
            [
              -40.9687,
              -20.4678
            ],
            [
              -40.9696,
              -20.464
            ],
            [
              -40.9689,
              -20.4626
            ],
            [
              -40.9703,
              -20.4623
            ],
            [
              -40.9711,
              -20.4613
            ],
            [
              -40.9731,
              -20.4602
            ],
            [
              -40.9742,
              -20.4588
            ],
            [
              -40.9763,
              -20.4579
            ],
            [
              -40.9776,
              -20.456
            ],
            [
              -40.9792,
              -20.4563
            ],
            [
              -40.98,
              -20.4577
            ],
            [
              -40.985,
              -20.4605
            ],
            [
              -40.9867,
              -20.4602
            ],
            [
              -40.9871,
              -20.4582
            ],
            [
              -40.9864,
              -20.4576
            ],
            [
              -40.9858,
              -20.4553
            ],
            [
              -40.986,
              -20.4522
            ],
            [
              -40.9852,
              -20.4509
            ],
            [
              -40.9848,
              -20.4483
            ],
            [
              -40.986,
              -20.4466
            ],
            [
              -40.988,
              -20.4459
            ],
            [
              -40.9891,
              -20.4437
            ],
            [
              -40.9906,
              -20.4428
            ],
            [
              -40.9938,
              -20.4428
            ],
            [
              -40.9951,
              -20.4416
            ],
            [
              -40.9929,
              -20.4384
            ],
            [
              -40.9914,
              -20.4377
            ],
            [
              -40.99,
              -20.4383
            ],
            [
              -40.9881,
              -20.4368
            ],
            [
              -40.9882,
              -20.4332
            ],
            [
              -40.9896,
              -20.4309
            ],
            [
              -40.992,
              -20.4307
            ],
            [
              -40.9951,
              -20.4279
            ],
            [
              -40.9987,
              -20.4263
            ],
            [
              -41.0003,
              -20.4259
            ],
            [
              -41.0018,
              -20.4262
            ],
            [
              -41.0045,
              -20.4296
            ],
            [
              -41.0063,
              -20.431
            ],
            [
              -41.0082,
              -20.433
            ],
            [
              -41.0104,
              -20.4338
            ],
            [
              -41.0101,
              -20.4356
            ],
            [
              -41.0093,
              -20.4375
            ],
            [
              -41.0084,
              -20.4407
            ],
            [
              -41.0086,
              -20.4424
            ],
            [
              -41.0078,
              -20.444
            ],
            [
              -41.0079,
              -20.447
            ],
            [
              -41.0074,
              -20.4505
            ],
            [
              -41.0086,
              -20.4529
            ],
            [
              -41.0089,
              -20.455
            ],
            [
              -41.0105,
              -20.4565
            ],
            [
              -41.0106,
              -20.458
            ],
            [
              -41.0092,
              -20.4605
            ],
            [
              -41.0065,
              -20.4633
            ],
            [
              -41.0058,
              -20.4672
            ],
            [
              -41.0042,
              -20.4682
            ],
            [
              -41.005,
              -20.4705
            ],
            [
              -41.012,
              -20.4745
            ],
            [
              -41.0147,
              -20.475
            ],
            [
              -41.0165,
              -20.4771
            ],
            [
              -41.0194,
              -20.478
            ],
            [
              -41.0195,
              -20.4796
            ],
            [
              -41.0183,
              -20.4816
            ],
            [
              -41.0186,
              -20.4835
            ],
            [
              -41.0201,
              -20.4837
            ],
            [
              -41.0217,
              -20.4833
            ],
            [
              -41.0228,
              -20.4837
            ],
            [
              -41.0256,
              -20.4837
            ],
            [
              -41.0284,
              -20.4844
            ],
            [
              -41.0292,
              -20.4828
            ],
            [
              -41.0368,
              -20.4831
            ],
            [
              -41.0386,
              -20.484
            ],
            [
              -41.0395,
              -20.4838
            ],
            [
              -41.0411,
              -20.4864
            ],
            [
              -41.0406,
              -20.4876
            ],
            [
              -41.0378,
              -20.489
            ],
            [
              -41.0349,
              -20.4909
            ],
            [
              -41.0341,
              -20.4919
            ],
            [
              -41.0344,
              -20.4959
            ],
            [
              -41.0315,
              -20.4951
            ],
            [
              -41.0289,
              -20.4955
            ],
            [
              -41.0289,
              -20.4973
            ],
            [
              -41.0301,
              -20.4993
            ],
            [
              -41.0301,
              -20.5016
            ],
            [
              -41.0291,
              -20.5058
            ],
            [
              -41.0271,
              -20.5061
            ],
            [
              -41.0261,
              -20.5069
            ],
            [
              -41.0264,
              -20.5137
            ],
            [
              -41.0255,
              -20.5151
            ],
            [
              -41.0264,
              -20.5164
            ],
            [
              -41.0303,
              -20.5176
            ],
            [
              -41.0342,
              -20.518
            ],
            [
              -41.0357,
              -20.517
            ],
            [
              -41.0367,
              -20.5152
            ],
            [
              -41.0385,
              -20.5151
            ],
            [
              -41.0399,
              -20.5206
            ],
            [
              -41.0417,
              -20.521
            ],
            [
              -41.0423,
              -20.5225
            ],
            [
              -41.0447,
              -20.5236
            ],
            [
              -41.046,
              -20.5232
            ],
            [
              -41.046,
              -20.5209
            ],
            [
              -41.0476,
              -20.52
            ],
            [
              -41.0476,
              -20.5173
            ],
            [
              -41.0492,
              -20.5162
            ],
            [
              -41.0539,
              -20.5181
            ],
            [
              -41.0561,
              -20.5182
            ],
            [
              -41.0567,
              -20.5192
            ],
            [
              -41.0567,
              -20.5208
            ],
            [
              -41.0553,
              -20.5219
            ],
            [
              -41.0563,
              -20.5243
            ],
            [
              -41.055,
              -20.5259
            ],
            [
              -41.0545,
              -20.5293
            ],
            [
              -41.0531,
              -20.5306
            ],
            [
              -41.0521,
              -20.53
            ],
            [
              -41.0494,
              -20.533
            ],
            [
              -41.0491,
              -20.5344
            ],
            [
              -41.0476,
              -20.5346
            ],
            [
              -41.0458,
              -20.5362
            ],
            [
              -41.0442,
              -20.536
            ],
            [
              -41.043,
              -20.5368
            ],
            [
              -41.0407,
              -20.5361
            ],
            [
              -41.0383,
              -20.537
            ],
            [
              -41.0357,
              -20.5369
            ],
            [
              -41.0346,
              -20.5363
            ],
            [
              -41.0321,
              -20.5369
            ],
            [
              -41.0294,
              -20.535
            ],
            [
              -41.0275,
              -20.5347
            ],
            [
              -41.0269,
              -20.5352
            ],
            [
              -41.0244,
              -20.5352
            ],
            [
              -41.0227,
              -20.5343
            ],
            [
              -41.022,
              -20.5326
            ],
            [
              -41.0198,
              -20.5333
            ],
            [
              -41.0189,
              -20.5329
            ],
            [
              -41.0179,
              -20.5351
            ],
            [
              -41.0182,
              -20.5375
            ],
            [
              -41.0181,
              -20.5398
            ],
            [
              -41.0193,
              -20.5403
            ],
            [
              -41.0185,
              -20.5432
            ],
            [
              -41.0176,
              -20.5447
            ],
            [
              -41.0203,
              -20.5488
            ],
            [
              -41.0229,
              -20.5503
            ],
            [
              -41.0238,
              -20.5501
            ],
            [
              -41.0267,
              -20.5518
            ],
            [
              -41.0279,
              -20.5536
            ],
            [
              -41.0303,
              -20.5544
            ],
            [
              -41.0302,
              -20.5556
            ],
            [
              -41.0318,
              -20.5589
            ],
            [
              -41.0337,
              -20.5598
            ],
            [
              -41.0333,
              -20.5615
            ],
            [
              -41.0339,
              -20.5637
            ],
            [
              -41.0329,
              -20.565
            ],
            [
              -41.0344,
              -20.5683
            ],
            [
              -41.0375,
              -20.5693
            ],
            [
              -41.0386,
              -20.5713
            ],
            [
              -41.0402,
              -20.5717
            ],
            [
              -41.0427,
              -20.5681
            ],
            [
              -41.0452,
              -20.5676
            ],
            [
              -41.0477,
              -20.566
            ],
            [
              -41.0527,
              -20.5661
            ],
            [
              -41.0553,
              -20.568
            ],
            [
              -41.0576,
              -20.5681
            ],
            [
              -41.0588,
              -20.5698
            ],
            [
              -41.0587,
              -20.5707
            ],
            [
              -41.0598,
              -20.5735
            ],
            [
              -41.0626,
              -20.5762
            ],
            [
              -41.0638,
              -20.5786
            ],
            [
              -41.0631,
              -20.5811
            ],
            [
              -41.0663,
              -20.5806
            ],
            [
              -41.0677,
              -20.5812
            ],
            [
              -41.0709,
              -20.5819
            ],
            [
              -41.0737,
              -20.5807
            ],
            [
              -41.0755,
              -20.5806
            ],
            [
              -41.0757,
              -20.5821
            ],
            [
              -41.0771,
              -20.5861
            ],
            [
              -41.0767,
              -20.5888
            ],
            [
              -41.078,
              -20.5904
            ],
            [
              -41.0808,
              -20.5927
            ],
            [
              -41.081,
              -20.5945
            ],
            [
              -41.0791,
              -20.5959
            ],
            [
              -41.0775,
              -20.5957
            ],
            [
              -41.0763,
              -20.5942
            ],
            [
              -41.0736,
              -20.5936
            ],
            [
              -41.0701,
              -20.5947
            ],
            [
              -41.0663,
              -20.5952
            ],
            [
              -41.0663,
              -20.597
            ],
            [
              -41.0668,
              -20.5991
            ],
            [
              -41.0656,
              -20.6004
            ],
            [
              -41.0665,
              -20.6027
            ],
            [
              -41.0667,
              -20.6043
            ],
            [
              -41.0688,
              -20.6047
            ],
            [
              -41.0698,
              -20.6078
            ],
            [
              -41.0684,
              -20.6092
            ],
            [
              -41.0683,
              -20.6105
            ],
            [
              -41.0693,
              -20.6122
            ],
            [
              -41.0708,
              -20.6129
            ],
            [
              -41.0723,
              -20.6127
            ],
            [
              -41.0753,
              -20.613
            ],
            [
              -41.0758,
              -20.614
            ],
            [
              -41.0775,
              -20.6141
            ]
          ]
        ]
      },
      "properties": {
        "codarea": "3205036",
        "nome_municipio": "Vargem Alta",
        "codigo_ibge": 3205036
      }
    },
    {
      "type": "Feature",
      "geometry": {
        "type": "Polygon",
        "coordinates": [
          [
            [
              -41.1912,
              -20.4456
            ],
            [
              -41.1894,
              -20.4459
            ],
            [
              -41.1857,
              -20.4459
            ],
            [
              -41.1833,
              -20.4467
            ],
            [
              -41.1818,
              -20.446
            ],
            [
              -41.177,
              -20.4463
            ],
            [
              -41.1745,
              -20.4472
            ],
            [
              -41.1701,
              -20.4466
            ],
            [
              -41.1658,
              -20.4453
            ],
            [
              -41.1653,
              -20.4415
            ],
            [
              -41.1655,
              -20.4402
            ],
            [
              -41.1667,
              -20.4384
            ],
            [
              -41.1646,
              -20.4362
            ],
            [
              -41.1652,
              -20.4333
            ],
            [
              -41.1646,
              -20.4313
            ],
            [
              -41.1666,
              -20.4296
            ],
            [
              -41.1669,
              -20.4285
            ],
            [
              -41.1659,
              -20.4261
            ],
            [
              -41.1639,
              -20.4249
            ],
            [
              -41.1625,
              -20.4235
            ],
            [
              -41.1591,
              -20.4221
            ],
            [
              -41.1583,
              -20.4239
            ],
            [
              -41.1556,
              -20.4251
            ],
            [
              -41.1546,
              -20.4259
            ],
            [
              -41.1517,
              -20.4252
            ],
            [
              -41.1496,
              -20.4264
            ],
            [
              -41.149,
              -20.429
            ],
            [
              -41.1466,
              -20.4296
            ],
            [
              -41.1425,
              -20.4316
            ],
            [
              -41.1411,
              -20.4307
            ],
            [
              -41.1391,
              -20.4304
            ],
            [
              -41.1372,
              -20.4287
            ],
            [
              -41.136,
              -20.4271
            ],
            [
              -41.1339,
              -20.4278
            ],
            [
              -41.1296,
              -20.4266
            ],
            [
              -41.1282,
              -20.4257
            ],
            [
              -41.1256,
              -20.4249
            ],
            [
              -41.1233,
              -20.4245
            ],
            [
              -41.1203,
              -20.4252
            ],
            [
              -41.1207,
              -20.4239
            ],
            [
              -41.1205,
              -20.4212
            ],
            [
              -41.1191,
              -20.4203
            ],
            [
              -41.1174,
              -20.4208
            ],
            [
              -41.1144,
              -20.4197
            ],
            [
              -41.115,
              -20.417
            ],
            [
              -41.1149,
              -20.4138
            ],
            [
              -41.11,
              -20.4132
            ],
            [
              -41.1097,
              -20.4107
            ],
            [
              -41.1106,
              -20.4083
            ],
            [
              -41.1113,
              -20.4053
            ],
            [
              -41.1096,
              -20.4036
            ],
            [
              -41.1048,
              -20.4028
            ],
            [
              -41.1026,
              -20.4059
            ],
            [
              -41.099,
              -20.4071
            ],
            [
              -41.0978,
              -20.4089
            ],
            [
              -41.0973,
              -20.413
            ],
            [
              -41.0976,
              -20.4144
            ],
            [
              -41.0997,
              -20.4171
            ],
            [
              -41.1012,
              -20.4196
            ],
            [
              -41.1034,
              -20.4202
            ],
            [
              -41.1034,
              -20.423
            ],
            [
              -41.1026,
              -20.4253
            ],
            [
              -41.1003,
              -20.4269
            ],
            [
              -41.1004,
              -20.4284
            ],
            [
              -41.1017,
              -20.4306
            ],
            [
              -41.1018,
              -20.4326
            ],
            [
              -41.1011,
              -20.4338
            ],
            [
              -41.0989,
              -20.4345
            ],
            [
              -41.0972,
              -20.436
            ],
            [
              -41.0957,
              -20.4354
            ],
            [
              -41.0942,
              -20.4363
            ],
            [
              -41.0943,
              -20.4374
            ],
            [
              -41.093,
              -20.439
            ],
            [
              -41.0916,
              -20.4395
            ],
            [
              -41.0892,
              -20.4418
            ],
            [
              -41.087,
              -20.442
            ],
            [
              -41.0857,
              -20.4406
            ],
            [
              -41.0845,
              -20.4413
            ],
            [
              -41.0824,
              -20.4406
            ],
            [
              -41.0808,
              -20.4416
            ],
            [
              -41.0808,
              -20.4439
            ],
            [
              -41.0795,
              -20.4439
            ],
            [
              -41.0782,
              -20.445
            ],
            [
              -41.0757,
              -20.4452
            ],
            [
              -41.0755,
              -20.4467
            ],
            [
              -41.0761,
              -20.4485
            ],
            [
              -41.0769,
              -20.4487
            ],
            [
              -41.0767,
              -20.4509
            ],
            [
              -41.0731,
              -20.4517
            ],
            [
              -41.0719,
              -20.4513
            ],
            [
              -41.0704,
              -20.4519
            ],
            [
              -41.0699,
              -20.4549
            ],
            [
              -41.0689,
              -20.456
            ],
            [
              -41.0689,
              -20.4582
            ],
            [
              -41.0678,
              -20.4603
            ],
            [
              -41.0657,
              -20.4592
            ],
            [
              -41.0636,
              -20.4595
            ],
            [
              -41.0621,
              -20.4617
            ],
            [
              -41.0608,
              -20.4618
            ],
            [
              -41.0572,
              -20.4604
            ],
            [
              -41.0557,
              -20.4596
            ],
            [
              -41.0528,
              -20.4599
            ],
            [
              -41.0516,
              -20.4596
            ],
            [
              -41.0507,
              -20.4605
            ],
            [
              -41.0472,
              -20.4608
            ],
            [
              -41.0466,
              -20.459
            ],
            [
              -41.0458,
              -20.4586
            ],
            [
              -41.0456,
              -20.4571
            ],
            [
              -41.047,
              -20.4558
            ],
            [
              -41.0486,
              -20.4551
            ],
            [
              -41.0497,
              -20.4539
            ],
            [
              -41.0514,
              -20.4529
            ],
            [
              -41.0502,
              -20.4517
            ],
            [
              -41.0498,
              -20.4505
            ],
            [
              -41.0509,
              -20.4486
            ],
            [
              -41.0527,
              -20.4478
            ],
            [
              -41.052,
              -20.445
            ],
            [
              -41.0524,
              -20.441
            ],
            [
              -41.0523,
              -20.4393
            ],
            [
              -41.0531,
              -20.438
            ],
            [
              -41.0536,
              -20.4358
            ],
            [
              -41.0559,
              -20.4328
            ],
            [
              -41.0575,
              -20.432
            ],
            [
              -41.0583,
              -20.4306
            ],
            [
              -41.0576,
              -20.428
            ],
            [
              -41.0592,
              -20.4258
            ],
            [
              -41.0604,
              -20.4255
            ],
            [
              -41.06,
              -20.4239
            ],
            [
              -41.062,
              -20.4219
            ],
            [
              -41.0638,
              -20.4222
            ],
            [
              -41.0667,
              -20.4219
            ],
            [
              -41.0639,
              -20.4154
            ],
            [
              -41.0644,
              -20.4131
            ],
            [
              -41.0635,
              -20.4106
            ],
            [
              -41.0638,
              -20.41
            ],
            [
              -41.0676,
              -20.4084
            ],
            [
              -41.0676,
              -20.4078
            ],
            [
              -41.0705,
              -20.4061
            ],
            [
              -41.0744,
              -20.4051
            ],
            [
              -41.0749,
              -20.4026
            ],
            [
              -41.0743,
              -20.4
            ],
            [
              -41.0726,
              -20.3993
            ],
            [
              -41.0708,
              -20.3973
            ],
            [
              -41.0704,
              -20.3955
            ],
            [
              -41.0726,
              -20.3919
            ],
            [
              -41.0714,
              -20.3899
            ],
            [
              -41.073,
              -20.3879
            ],
            [
              -41.0757,
              -20.387
            ],
            [
              -41.0775,
              -20.3855
            ],
            [
              -41.0784,
              -20.3836
            ],
            [
              -41.0845,
              -20.3836
            ],
            [
              -41.0867,
              -20.3828
            ],
            [
              -41.0878,
              -20.3809
            ],
            [
              -41.091,
              -20.3812
            ],
            [
              -41.0925,
              -20.3803
            ],
            [
              -41.0905,
              -20.3756
            ],
            [
              -41.0915,
              -20.3741
            ],
            [
              -41.091,
              -20.3721
            ],
            [
              -41.0899,
              -20.3708
            ],
            [
              -41.0911,
              -20.3688
            ],
            [
              -41.09,
              -20.3651
            ],
            [
              -41.0899,
              -20.3621
            ],
            [
              -41.0902,
              -20.3604
            ],
            [
              -41.0891,
              -20.359
            ],
            [
              -41.0898,
              -20.3572
            ],
            [
              -41.0889,
              -20.3553
            ],
            [
              -41.0878,
              -20.3548
            ],
            [
              -41.0872,
              -20.353
            ],
            [
              -41.0879,
              -20.3516
            ],
            [
              -41.0908,
              -20.3498
            ],
            [
              -41.0949,
              -20.3464
            ],
            [
              -41.0984,
              -20.344
            ],
            [
              -41.0993,
              -20.342
            ],
            [
              -41.0984,
              -20.3405
            ],
            [
              -41.0969,
              -20.34
            ],
            [
              -41.0968,
              -20.3385
            ],
            [
              -41.0959,
              -20.3377
            ],
            [
              -41.0935,
              -20.3369
            ],
            [
              -41.093,
              -20.3362
            ],
            [
              -41.093,
              -20.3341
            ],
            [
              -41.0938,
              -20.3336
            ],
            [
              -41.095,
              -20.3303
            ],
            [
              -41.0974,
              -20.3287
            ],
            [
              -41.0982,
              -20.3265
            ],
            [
              -41.1006,
              -20.3249
            ],
            [
              -41.1049,
              -20.3225
            ],
            [
              -41.1037,
              -20.3197
            ],
            [
              -41.1032,
              -20.3174
            ],
            [
              -41.1036,
              -20.3153
            ],
            [
              -41.1054,
              -20.3134
            ],
            [
              -41.1042,
              -20.3081
            ],
            [
              -41.1049,
              -20.3042
            ],
            [
              -41.1057,
              -20.303
            ],
            [
              -41.1088,
              -20.3016
            ],
            [
              -41.1096,
              -20.2991
            ],
            [
              -41.1112,
              -20.2987
            ],
            [
              -41.1119,
              -20.2975
            ],
            [
              -41.1145,
              -20.2972
            ],
            [
              -41.117,
              -20.2963
            ],
            [
              -41.1187,
              -20.2967
            ],
            [
              -41.1228,
              -20.2948
            ],
            [
              -41.129,
              -20.2952
            ],
            [
              -41.1308,
              -20.2944
            ],
            [
              -41.1317,
              -20.2928
            ],
            [
              -41.1345,
              -20.2926
            ],
            [
              -41.1368,
              -20.2894
            ],
            [
              -41.1367,
              -20.2877
            ],
            [
              -41.1376,
              -20.2866
            ],
            [
              -41.1403,
              -20.2859
            ],
            [
              -41.1441,
              -20.2834
            ],
            [
              -41.1472,
              -20.2825
            ],
            [
              -41.1475,
              -20.2816
            ],
            [
              -41.1522,
              -20.2819
            ],
            [
              -41.1546,
              -20.2813
            ],
            [
              -41.156,
              -20.2813
            ],
            [
              -41.1566,
              -20.2824
            ],
            [
              -41.1581,
              -20.2825
            ],
            [
              -41.16,
              -20.2839
            ],
            [
              -41.1606,
              -20.2859
            ],
            [
              -41.1624,
              -20.287
            ],
            [
              -41.1634,
              -20.2907
            ],
            [
              -41.1652,
              -20.294
            ],
            [
              -41.166,
              -20.2966
            ],
            [
              -41.1663,
              -20.2994
            ],
            [
              -41.1661,
              -20.3013
            ],
            [
              -41.1689,
              -20.3023
            ],
            [
              -41.1719,
              -20.3047
            ],
            [
              -41.1718,
              -20.3088
            ],
            [
              -41.1738,
              -20.31
            ],
            [
              -41.1764,
              -20.3106
            ],
            [
              -41.1776,
              -20.3106
            ],
            [
              -41.1797,
              -20.3125
            ],
            [
              -41.1812,
              -20.3123
            ],
            [
              -41.1831,
              -20.3101
            ],
            [
              -41.1883,
              -20.3086
            ],
            [
              -41.1897,
              -20.3073
            ],
            [
              -41.1941,
              -20.3106
            ],
            [
              -41.1968,
              -20.311
            ],
            [
              -41.199,
              -20.3119
            ],
            [
              -41.199,
              -20.3145
            ],
            [
              -41.2005,
              -20.3173
            ],
            [
              -41.2029,
              -20.3172
            ],
            [
              -41.2047,
              -20.3165
            ],
            [
              -41.2066,
              -20.3152
            ],
            [
              -41.2086,
              -20.3191
            ],
            [
              -41.2101,
              -20.3193
            ],
            [
              -41.2128,
              -20.3213
            ],
            [
              -41.2123,
              -20.3225
            ],
            [
              -41.2142,
              -20.325
            ],
            [
              -41.2161,
              -20.3261
            ],
            [
              -41.2172,
              -20.3278
            ],
            [
              -41.2161,
              -20.3298
            ],
            [
              -41.2145,
              -20.3307
            ],
            [
              -41.2131,
              -20.3339
            ],
            [
              -41.2098,
              -20.3361
            ],
            [
              -41.2116,
              -20.337
            ],
            [
              -41.2126,
              -20.3387
            ],
            [
              -41.2129,
              -20.3408
            ],
            [
              -41.2111,
              -20.3421
            ],
            [
              -41.2133,
              -20.3442
            ],
            [
              -41.2131,
              -20.3457
            ],
            [
              -41.2136,
              -20.3472
            ],
            [
              -41.2147,
              -20.347
            ],
            [
              -41.2171,
              -20.3481
            ],
            [
              -41.2186,
              -20.3503
            ],
            [
              -41.218,
              -20.3526
            ],
            [
              -41.2195,
              -20.3544
            ],
            [
              -41.2186,
              -20.3563
            ],
            [
              -41.217,
              -20.357
            ],
            [
              -41.2143,
              -20.3575
            ],
            [
              -41.2128,
              -20.3569
            ],
            [
              -41.21,
              -20.3582
            ],
            [
              -41.21,
              -20.3621
            ],
            [
              -41.2048,
              -20.3637
            ],
            [
              -41.2032,
              -20.365
            ],
            [
              -41.204,
              -20.3663
            ],
            [
              -41.2027,
              -20.3687
            ],
            [
              -41.2029,
              -20.3695
            ],
            [
              -41.2017,
              -20.3715
            ],
            [
              -41.2013,
              -20.3747
            ],
            [
              -41.2011,
              -20.3779
            ],
            [
              -41.203,
              -20.3811
            ],
            [
              -41.2018,
              -20.3835
            ],
            [
              -41.1987,
              -20.3843
            ],
            [
              -41.1939,
              -20.3876
            ],
            [
              -41.1937,
              -20.3906
            ],
            [
              -41.1912,
              -20.3901
            ],
            [
              -41.1888,
              -20.391
            ],
            [
              -41.1857,
              -20.3901
            ],
            [
              -41.1831,
              -20.3902
            ],
            [
              -41.1801,
              -20.3917
            ],
            [
              -41.1785,
              -20.3918
            ],
            [
              -41.177,
              -20.3947
            ],
            [
              -41.1764,
              -20.3975
            ],
            [
              -41.1777,
              -20.4019
            ],
            [
              -41.1786,
              -20.4021
            ],
            [
              -41.1798,
              -20.4042
            ],
            [
              -41.1802,
              -20.406
            ],
            [
              -41.1813,
              -20.4084
            ],
            [
              -41.1846,
              -20.4094
            ],
            [
              -41.1887,
              -20.4133
            ],
            [
              -41.1914,
              -20.4138
            ],
            [
              -41.1918,
              -20.4154
            ],
            [
              -41.1939,
              -20.4166
            ],
            [
              -41.1962,
              -20.4162
            ],
            [
              -41.1983,
              -20.4166
            ],
            [
              -41.1992,
              -20.4173
            ],
            [
              -41.1996,
              -20.4231
            ],
            [
              -41.1988,
              -20.4247
            ],
            [
              -41.197,
              -20.4265
            ],
            [
              -41.1963,
              -20.4267
            ],
            [
              -41.194,
              -20.4296
            ],
            [
              -41.1943,
              -20.4331
            ],
            [
              -41.1948,
              -20.4351
            ],
            [
              -41.196,
              -20.4376
            ],
            [
              -41.196,
              -20.4386
            ],
            [
              -41.1985,
              -20.4402
            ],
            [
              -41.1955,
              -20.4415
            ],
            [
              -41.1929,
              -20.4444
            ],
            [
              -41.1912,
              -20.4456
            ]
          ]
        ]
      },
      "properties": {
        "codarea": "3205069",
        "nome_municipio": "Venda Nova do Imigrante",
        "codigo_ibge": 3205069
      }
    }
  ]
}