{
  "type": "FeatureCollection",
  "nome_ig": "Pelotas",
  "municipios_lista": "arroio do padre;capao do leao;morro redondo;pelotas;sao lourenco do sul;turucu",
  "features": [
    {
      "type": "Feature",
      "geometry": {
        "type": "Polygon",
        "coordinates": [
          [
            [
              -52.4058,
              -31.495
            ],
            [
              -52.4052,
              -31.4946
            ],
            [
              -52.4014,
              -31.4948
            ],
            [
              -52.3998,
              -31.4961
            ],
            [
              -52.3976,
              -31.4963
            ],
            [
              -52.3922,
              -31.4992
            ],
            [
              -52.3916,
              -31.5005
            ],
            [
              -52.3894,
              -31.5013
            ],
            [
              -52.3845,
              -31.5043
            ],
            [
              -52.381,
              -31.5054
            ],
            [
              -52.3804,
              -31.5063
            ],
            [
              -52.3788,
              -31.5064
            ],
            [
              -52.3763,
              -31.5076
            ],
            [
              -52.3713,
              -31.5063
            ],
            [
              -52.3691,
              -31.5063
            ],
            [
              -52.3648,
              -31.5078
            ],
            [
              -52.3612,
              -31.5064
            ],
            [
              -52.3575,
              -31.5068
            ],
            [
              -52.3563,
              -31.5059
            ],
            [
              -52.355,
              -31.5063
            ],
            [
              -52.3537,
              -31.5057
            ],
            [
              -52.3497,
              -31.5058
            ],
            [
              -52.3504,
              -31.504
            ],
            [
              -52.3502,
              -31.5021
            ],
            [
              -52.3489,
              -31.5002
            ],
            [
              -52.3496,
              -31.4945
            ],
            [
              -52.3506,
              -31.4926
            ],
            [
              -52.3509,
              -31.4909
            ],
            [
              -52.3494,
              -31.4883
            ],
            [
              -52.3474,
              -31.4881
            ],
            [
              -52.3458,
              -31.4869
            ],
            [
              -52.3449,
              -31.4846
            ],
            [
              -52.3447,
              -31.482
            ],
            [
              -52.3471,
              -31.4791
            ],
            [
              -52.3472,
              -31.4779
            ],
            [
              -52.3466,
              -31.4761
            ],
            [
              -52.3465,
              -31.4742
            ],
            [
              -52.3474,
              -31.4726
            ],
            [
              -52.3466,
              -31.47
            ],
            [
              -52.3476,
              -31.469
            ],
            [
              -52.3469,
              -31.4676
            ],
            [
              -52.3445,
              -31.465
            ],
            [
              -52.3432,
              -31.4631
            ],
            [
              -52.3441,
              -31.4598
            ],
            [
              -52.344,
              -31.458
            ],
            [
              -52.3457,
              -31.4555
            ],
            [
              -52.3466,
              -31.4556
            ],
            [
              -52.3491,
              -31.4541
            ],
            [
              -52.3499,
              -31.4523
            ],
            [
              -52.3516,
              -31.4525
            ],
            [
              -52.3544,
              -31.4501
            ],
            [
              -52.3547,
              -31.4481
            ],
            [
              -52.3484,
              -31.4463
            ],
            [
              -52.3466,
              -31.445
            ],
            [
              -52.3426,
              -31.444
            ],
            [
              -52.3416,
              -31.4431
            ],
            [
              -52.3364,
              -31.4418
            ],
            [
              -52.335,
              -31.4409
            ],
            [
              -52.3349,
              -31.4378
            ],
            [
              -52.3393,
              -31.4348
            ],
            [
              -52.3453,
              -31.4349
            ],
            [
              -52.3478,
              -31.4339
            ],
            [
              -52.3508,
              -31.4331
            ],
            [
              -52.3532,
              -31.433
            ],
            [
              -52.3532,
              -31.4294
            ],
            [
              -52.3526,
              -31.4274
            ],
            [
              -52.3536,
              -31.4258
            ],
            [
              -52.353,
              -31.424
            ],
            [
              -52.3512,
              -31.422
            ],
            [
              -52.3505,
              -31.4204
            ],
            [
              -52.3512,
              -31.4184
            ],
            [
              -52.3512,
              -31.4154
            ],
            [
              -52.3506,
              -31.4148
            ],
            [
              -52.3481,
              -31.4143
            ],
            [
              -52.3456,
              -31.4119
            ],
            [
              -52.3433,
              -31.4107
            ],
            [
              -52.3417,
              -31.4114
            ],
            [
              -52.3412,
              -31.4104
            ],
            [
              -52.3382,
              -31.4099
            ],
            [
              -52.3364,
              -31.4084
            ],
            [
              -52.334,
              -31.4073
            ],
            [
              -52.3346,
              -31.4067
            ],
            [
              -52.337,
              -31.4066
            ],
            [
              -52.3394,
              -31.4049
            ],
            [
              -52.3394,
              -31.4038
            ],
            [
              -52.3381,
              -31.4018
            ],
            [
              -52.3398,
              -31.4003
            ],
            [
              -52.3411,
              -31.4005
            ],
            [
              -52.3429,
              -31.3995
            ],
            [
              -52.3428,
              -31.3978
            ],
            [
              -52.3422,
              -31.3939
            ],
            [
              -52.34,
              -31.391
            ],
            [
              -52.3407,
              -31.389
            ],
            [
              -52.3403,
              -31.3865
            ],
            [
              -52.3418,
              -31.3846
            ],
            [
              -52.3435,
              -31.3838
            ],
            [
              -52.3441,
              -31.3821
            ],
            [
              -52.3441,
              -31.3788
            ],
            [
              -52.3459,
              -31.3774
            ],
            [
              -52.3456,
              -31.3764
            ],
            [
              -52.3461,
              -31.3726
            ],
            [
              -52.3484,
              -31.3723
            ],
            [
              -52.3529,
              -31.3692
            ],
            [
              -52.3544,
              -31.3674
            ],
            [
              -52.3553,
              -31.3677
            ],
            [
              -52.3554,
              -31.3703
            ],
            [
              -52.3544,
              -31.3732
            ],
            [
              -52.3549,
              -31.3752
            ],
            [
              -52.3565,
              -31.3757
            ],
            [
              -52.3595,
              -31.3748
            ],
            [
              -52.3606,
              -31.3757
            ],
            [
              -52.3626,
              -31.3762
            ],
            [
              -52.3637,
              -31.3773
            ],
            [
              -52.3644,
              -31.3797
            ],
            [
              -52.3674,
              -31.3821
            ],
            [
              -52.3684,
              -31.3842
            ],
            [
              -52.3716,
              -31.3864
            ],
            [
              -52.3724,
              -31.3878
            ],
            [
              -52.3745,
              -31.3885
            ],
            [
              -52.3775,
              -31.3912
            ],
            [
              -52.3828,
              -31.3909
            ],
            [
              -52.3835,
              -31.3914
            ],
            [
              -52.3873,
              -31.3912
            ],
            [
              -52.3894,
              -31.3902
            ],
            [
              -52.392,
              -31.3906
            ],
            [
              -52.3942,
              -31.3899
            ],
            [
              -52.3975,
              -31.3902
            ],
            [
              -52.4002,
              -31.39
            ],
            [
              -52.4024,
              -31.3916
            ],
            [
              -52.4043,
              -31.3913
            ],
            [
              -52.4054,
              -31.3918
            ],
            [
              -52.4087,
              -31.3883
            ],
            [
              -52.4094,
              -31.3861
            ],
            [
              -52.4124,
              -31.3861
            ],
            [
              -52.4114,
              -31.3848
            ],
            [
              -52.4113,
              -31.3832
            ],
            [
              -52.415,
              -31.3776
            ],
            [
              -52.4198,
              -31.3767
            ],
            [
              -52.4216,
              -31.3785
            ],
            [
              -52.4215,
              -31.3833
            ],
            [
              -52.422,
              -31.3838
            ],
            [
              -52.4209,
              -31.3862
            ],
            [
              -52.423,
              -31.3912
            ],
            [
              -52.4248,
              -31.3931
            ],
            [
              -52.4282,
              -31.3937
            ],
            [
              -52.4319,
              -31.3938
            ],
            [
              -52.4358,
              -31.3955
            ],
            [
              -52.4368,
              -31.3976
            ],
            [
              -52.4386,
              -31.4004
            ],
            [
              -52.4394,
              -31.4024
            ],
            [
              -52.439,
              -31.4036
            ],
            [
              -52.441,
              -31.4069
            ],
            [
              -52.4412,
              -31.4089
            ],
            [
              -52.4422,
              -31.411
            ],
            [
              -52.4454,
              -31.4114
            ],
            [
              -52.4459,
              -31.4126
            ],
            [
              -52.4455,
              -31.4146
            ],
            [
              -52.4459,
              -31.4169
            ],
            [
              -52.4488,
              -31.4173
            ],
            [
              -52.4496,
              -31.4169
            ],
            [
              -52.4522,
              -31.4177
            ],
            [
              -52.4524,
              -31.4187
            ],
            [
              -52.4545,
              -31.4205
            ],
            [
              -52.4586,
              -31.4227
            ],
            [
              -52.4601,
              -31.4247
            ],
            [
              -52.4622,
              -31.4249
            ],
            [
              -52.4646,
              -31.4276
            ],
            [
              -52.4666,
              -31.4259
            ],
            [
              -52.4683,
              -31.4257
            ],
            [
              -52.4722,
              -31.4274
            ],
            [
              -52.4731,
              -31.4281
            ],
            [
              -52.4744,
              -31.4273
            ],
            [
              -52.477,
              -31.4267
            ],
            [
              -52.4817,
              -31.4264
            ],
            [
              -52.4822,
              -31.4267
            ],
            [
              -52.4828,
              -31.4303
            ],
            [
              -52.4829,
              -31.4333
            ],
            [
              -52.4833,
              -31.4348
            ],
            [
              -52.483,
              -31.4371
            ],
            [
              -52.4836,
              -31.4382
            ],
            [
              -52.4864,
              -31.4394
            ],
            [
              -52.4883,
              -31.4416
            ],
            [
              -52.4883,
              -31.4429
            ],
            [
              -52.4858,
              -31.4439
            ],
            [
              -52.4855,
              -31.4456
            ],
            [
              -52.4891,
              -31.4472
            ],
            [
              -52.4901,
              -31.4493
            ],
            [
              -52.4911,
              -31.4503
            ],
            [
              -52.4914,
              -31.4521
            ],
            [
              -52.4906,
              -31.4538
            ],
            [
              -52.4908,
              -31.4559
            ],
            [
              -52.4916,
              -31.4578
            ],
            [
              -52.4881,
              -31.4569
            ],
            [
              -52.4834,
              -31.4563
            ],
            [
              -52.4826,
              -31.4566
            ],
            [
              -52.4799,
              -31.4549
            ],
            [
              -52.4773,
              -31.4542
            ],
            [
              -52.4735,
              -31.4547
            ],
            [
              -52.4697,
              -31.4541
            ],
            [
              -52.469,
              -31.4532
            ],
            [
              -52.4649,
              -31.4528
            ],
            [
              -52.4636,
              -31.4524
            ],
            [
              -52.4624,
              -31.451
            ],
            [
              -52.4605,
              -31.4525
            ],
            [
              -52.4591,
              -31.4516
            ],
            [
              -52.4571,
              -31.4511
            ],
            [
              -52.4493,
              -31.4512
            ],
            [
              -52.4489,
              -31.4505
            ],
            [
              -52.446,
              -31.4498
            ],
            [
              -52.4443,
              -31.4507
            ],
            [
              -52.4426,
              -31.4504
            ],
            [
              -52.4411,
              -31.4513
            ],
            [
              -52.44,
              -31.4535
            ],
            [
              -52.438,
              -31.4537
            ],
            [
              -52.4373,
              -31.4553
            ],
            [
              -52.4367,
              -31.4583
            ],
            [
              -52.4382,
              -31.4621
            ],
            [
              -52.4355,
              -31.4668
            ],
            [
              -52.4334,
              -31.4666
            ],
            [
              -52.4324,
              -31.4685
            ],
            [
              -52.4332,
              -31.4703
            ],
            [
              -52.4323,
              -31.4713
            ],
            [
              -52.4329,
              -31.4725
            ],
            [
              -52.4326,
              -31.4753
            ],
            [
              -52.4328,
              -31.4784
            ],
            [
              -52.4321,
              -31.479
            ],
            [
              -52.4287,
              -31.48
            ],
            [
              -52.4261,
              -31.4802
            ],
            [
              -52.4252,
              -31.4809
            ],
            [
              -52.4244,
              -31.4871
            ],
            [
              -52.4228,
              -31.4878
            ],
            [
              -52.42,
              -31.4877
            ],
            [
              -52.4203,
              -31.4897
            ],
            [
              -52.4176,
              -31.491
            ],
            [
              -52.4151,
              -31.4894
            ],
            [
              -52.4143,
              -31.4902
            ],
            [
              -52.4141,
              -31.4922
            ],
            [
              -52.415,
              -31.4938
            ],
            [
              -52.4133,
              -31.4958
            ],
            [
              -52.4161,
              -31.4968
            ],
            [
              -52.4157,
              -31.4988
            ],
            [
              -52.4136,
              -31.4992
            ],
            [
              -52.4103,
              -31.5009
            ],
            [
              -52.4112,
              -31.5033
            ],
            [
              -52.4104,
              -31.5039
            ],
            [
              -52.4088,
              -31.4996
            ],
            [
              -52.4071,
              -31.4985
            ],
            [
              -52.4052,
              -31.498
            ],
            [
              -52.4051,
              -31.4963
            ],
            [
              -52.4058,
              -31.495
            ]
          ]
        ]
      },
      "properties": {
        "codarea": "4301073",
        "nome_municipio": "Arroio do Padre",
        "codigo_ibge": 4301073
      }
    },
    {
      "type": "Feature",
      "geometry": {
        "type": "Polygon",
        "coordinates": [
          [
            [
              -52.3729,
              -31.8001
            ],
            [
              -52.3711,
              -31.7985
            ],
            [
              -52.3661,
              -31.7925
            ],
            [
              -52.3663,
              -31.7905
            ],
            [
              -52.3679,
              -31.7876
            ],
            [
              -52.3771,
              -31.7821
            ],
            [
              -52.3799,
              -31.7846
            ],
            [
              -52.3811,
              -31.783
            ],
            [
              -52.3811,
              -31.7806
            ],
            [
              -52.3838,
              -31.7796
            ],
            [
              -52.388,
              -31.7812
            ],
            [
              -52.3883,
              -31.7827
            ],
            [
              -52.3897,
              -31.7826
            ],
            [
              -52.3969,
              -31.7675
            ],
            [
              -52.4006,
              -31.7618
            ],
            [
              -52.4036,
              -31.7599
            ],
            [
              -52.4044,
              -31.7569
            ],
            [
              -52.4128,
              -31.7513
            ],
            [
              -52.4156,
              -31.7479
            ],
            [
              -52.4161,
              -31.7442
            ],
            [
              -52.4209,
              -31.7417
            ],
            [
              -52.4224,
              -31.7401
            ],
            [
              -52.4231,
              -31.7372
            ],
            [
              -52.4259,
              -31.7361
            ],
            [
              -52.426,
              -31.734
            ],
            [
              -52.4273,
              -31.7327
            ],
            [
              -52.4268,
              -31.7275
            ],
            [
              -52.4291,
              -31.7262
            ],
            [
              -52.4297,
              -31.7234
            ],
            [
              -52.4345,
              -31.7241
            ],
            [
              -52.4376,
              -31.7268
            ],
            [
              -52.4389,
              -31.727
            ],
            [
              -52.4445,
              -31.7252
            ],
            [
              -52.4471,
              -31.7223
            ],
            [
              -52.4526,
              -31.721
            ],
            [
              -52.4542,
              -31.7222
            ],
            [
              -52.4556,
              -31.7221
            ],
            [
              -52.4598,
              -31.7193
            ],
            [
              -52.466,
              -31.7177
            ],
            [
              -52.4674,
              -31.719
            ],
            [
              -52.4705,
              -31.7189
            ],
            [
              -52.4712,
              -31.7179
            ],
            [
              -52.4701,
              -31.7163
            ],
            [
              -52.4766,
              -31.7145
            ],
            [
              -52.4765,
              -31.7124
            ],
            [
              -52.4728,
              -31.7103
            ],
            [
              -52.4761,
              -31.7085
            ],
            [
              -52.4798,
              -31.7103
            ],
            [
              -52.4828,
              -31.7081
            ],
            [
              -52.4886,
              -31.7095
            ],
            [
              -52.4957,
              -31.7072
            ],
            [
              -52.4981,
              -31.7052
            ],
            [
              -52.5034,
              -31.7071
            ],
            [
              -52.5097,
              -31.7024
            ],
            [
              -52.5159,
              -31.7012
            ],
            [
              -52.5188,
              -31.702
            ],
            [
              -52.5227,
              -31.7049
            ],
            [
              -52.5243,
              -31.7047
            ],
            [
              -52.5259,
              -31.703
            ],
            [
              -52.5263,
              -31.6996
            ],
            [
              -52.5278,
              -31.6979
            ],
            [
              -52.5271,
              -31.6953
            ],
            [
              -52.5284,
              -31.6936
            ],
            [
              -52.5319,
              -31.6918
            ],
            [
              -52.5335,
              -31.6921
            ],
            [
              -52.5331,
              -31.6895
            ],
            [
              -52.5345,
              -31.6888
            ],
            [
              -52.5378,
              -31.6888
            ],
            [
              -52.5399,
              -31.6876
            ],
            [
              -52.5425,
              -31.69
            ],
            [
              -52.5491,
              -31.6911
            ],
            [
              -52.5576,
              -31.6885
            ],
            [
              -52.5635,
              -31.6888
            ],
            [
              -52.5686,
              -31.6874
            ],
            [
              -52.5705,
              -31.6865
            ],
            [
              -52.5715,
              -31.6845
            ],
            [
              -52.5764,
              -31.6829
            ],
            [
              -52.5779,
              -31.6837
            ],
            [
              -52.5793,
              -31.6819
            ],
            [
              -52.5836,
              -31.6838
            ],
            [
              -52.5874,
              -31.688
            ],
            [
              -52.5934,
              -31.6922
            ],
            [
              -52.5944,
              -31.6932
            ],
            [
              -52.5945,
              -31.6951
            ],
            [
              -52.5975,
              -31.695
            ],
            [
              -52.6019,
              -31.6971
            ],
            [
              -52.6045,
              -31.6964
            ],
            [
              -52.6078,
              -31.6933
            ],
            [
              -52.6101,
              -31.6951
            ],
            [
              -52.6114,
              -31.7023
            ],
            [
              -52.6056,
              -31.7108
            ],
            [
              -52.6049,
              -31.7146
            ],
            [
              -52.6077,
              -31.7185
            ],
            [
              -52.6123,
              -31.7208
            ],
            [
              -52.6125,
              -31.7233
            ],
            [
              -52.6157,
              -31.7286
            ],
            [
              -52.6203,
              -31.7276
            ],
            [
              -52.6323,
              -31.7297
            ],
            [
              -52.6462,
              -31.7307
            ],
            [
              -52.651,
              -31.7316
            ],
            [
              -52.669,
              -31.7384
            ],
            [
              -52.7366,
              -31.7406
            ],
            [
              -52.7358,
              -31.7439
            ],
            [
              -52.7334,
              -31.7473
            ],
            [
              -52.7315,
              -31.7575
            ],
            [
              -52.7346,
              -31.761
            ],
            [
              -52.738,
              -31.7687
            ],
            [
              -52.7453,
              -31.7744
            ],
            [
              -52.746,
              -31.7759
            ],
            [
              -52.7426,
              -31.78
            ],
            [
              -52.7424,
              -31.782
            ],
            [
              -52.7441,
              -31.7894
            ],
            [
              -52.7388,
              -31.794
            ],
            [
              -52.7353,
              -31.7942
            ],
            [
              -52.7323,
              -31.7965
            ],
            [
              -52.7324,
              -31.7977
            ],
            [
              -52.7348,
              -31.7999
            ],
            [
              -52.7358,
              -31.8043
            ],
            [
              -52.7384,
              -31.8043
            ],
            [
              -52.7406,
              -31.8057
            ],
            [
              -52.7409,
              -31.8071
            ],
            [
              -52.7396,
              -31.81
            ],
            [
              -52.7411,
              -31.8133
            ],
            [
              -52.7379,
              -31.8144
            ],
            [
              -52.7366,
              -31.8158
            ],
            [
              -52.7346,
              -31.8133
            ],
            [
              -52.7316,
              -31.8158
            ],
            [
              -52.7286,
              -31.8166
            ],
            [
              -52.7274,
              -31.8177
            ],
            [
              -52.725,
              -31.8174
            ],
            [
              -52.7235,
              -31.8183
            ],
            [
              -52.7233,
              -31.8194
            ],
            [
              -52.7246,
              -31.8219
            ],
            [
              -52.7237,
              -31.8244
            ],
            [
              -52.719,
              -31.8243
            ],
            [
              -52.7144,
              -31.8275
            ],
            [
              -52.7138,
              -31.8295
            ],
            [
              -52.7159,
              -31.8316
            ],
            [
              -52.7152,
              -31.8339
            ],
            [
              -52.7125,
              -31.8357
            ],
            [
              -52.7096,
              -31.8359
            ],
            [
              -52.7043,
              -31.8408
            ],
            [
              -52.6999,
              -31.8423
            ],
            [
              -52.6996,
              -31.8455
            ],
            [
              -52.6964,
              -31.8471
            ],
            [
              -52.6957,
              -31.8498
            ],
            [
              -52.6931,
              -31.8523
            ],
            [
              -52.6921,
              -31.8564
            ],
            [
              -52.6906,
              -31.8568
            ],
            [
              -52.69,
              -31.8579
            ],
            [
              -52.6852,
              -31.8595
            ],
            [
              -52.6779,
              -31.8664
            ],
            [
              -52.6725,
              -31.8681
            ],
            [
              -52.6673,
              -31.8744
            ],
            [
              -52.6633,
              -31.8773
            ],
            [
              -52.662,
              -31.8792
            ],
            [
              -52.6629,
              -31.881
            ],
            [
              -52.6622,
              -31.8829
            ],
            [
              -52.6637,
              -31.888
            ],
            [
              -52.6626,
              -31.8919
            ],
            [
              -52.6638,
              -31.8949
            ],
            [
              -52.6621,
              -31.8975
            ],
            [
              -52.6647,
              -31.8983
            ],
            [
              -52.6653,
              -31.9
            ],
            [
              -52.6628,
              -31.9007
            ],
            [
              -52.6573,
              -31.9008
            ],
            [
              -52.6517,
              -31.9003
            ],
            [
              -52.6485,
              -31.8993
            ],
            [
              -52.6469,
              -31.9002
            ],
            [
              -52.6467,
              -31.9013
            ],
            [
              -52.6494,
              -31.9023
            ],
            [
              -52.6501,
              -31.9032
            ],
            [
              -52.6495,
              -31.9043
            ],
            [
              -52.6448,
              -31.9043
            ],
            [
              -52.6427,
              -31.9053
            ],
            [
              -52.6412,
              -31.9068
            ],
            [
              -52.6406,
              -31.9084
            ],
            [
              -52.6385,
              -31.9103
            ],
            [
              -52.6349,
              -31.9103
            ],
            [
              -52.632,
              -31.9115
            ],
            [
              -52.63,
              -31.9137
            ],
            [
              -52.6263,
              -31.9142
            ],
            [
              -52.6255,
              -31.9151
            ],
            [
              -52.6255,
              -31.9172
            ],
            [
              -52.6203,
              -31.9182
            ],
            [
              -52.6177,
              -31.919
            ],
            [
              -52.6163,
              -31.9189
            ],
            [
              -52.615,
              -31.9177
            ],
            [
              -52.6138,
              -31.9176
            ],
            [
              -52.6117,
              -31.9193
            ],
            [
              -52.6071,
              -31.9257
            ],
            [
              -52.607,
              -31.9265
            ],
            [
              -52.6082,
              -31.9284
            ],
            [
              -52.6101,
              -31.9283
            ],
            [
              -52.6106,
              -31.9313
            ],
            [
              -52.6119,
              -31.9325
            ],
            [
              -52.6121,
              -31.9337
            ],
            [
              -52.6114,
              -31.9355
            ],
            [
              -52.6051,
              -31.9382
            ],
            [
              -52.6021,
              -31.9374
            ],
            [
              -52.5988,
              -31.9375
            ],
            [
              -52.5972,
              -31.9368
            ],
            [
              -52.5961,
              -31.9389
            ],
            [
              -52.5938,
              -31.9384
            ],
            [
              -52.5916,
              -31.9394
            ],
            [
              -52.5884,
              -31.9387
            ],
            [
              -52.5874,
              -31.9377
            ],
            [
              -52.5834,
              -31.938
            ],
            [
              -52.5819,
              -31.9404
            ],
            [
              -52.58,
              -31.9423
            ],
            [
              -52.5799,
              -31.9441
            ],
            [
              -52.5791,
              -31.9454
            ],
            [
              -52.5758,
              -31.9483
            ],
            [
              -52.5742,
              -31.9485
            ],
            [
              -52.5699,
              -31.9467
            ],
            [
              -52.5675,
              -31.9468
            ],
            [
              -52.5664,
              -31.9483
            ],
            [
              -52.5634,
              -31.9467
            ],
            [
              -52.5627,
              -31.9455
            ],
            [
              -52.5611,
              -31.9453
            ],
            [
              -52.5611,
              -31.9434
            ],
            [
              -52.5578,
              -31.9435
            ],
            [
              -52.5565,
              -31.9448
            ],
            [
              -52.5573,
              -31.9461
            ],
            [
              -52.556,
              -31.9484
            ],
            [
              -52.5541,
              -31.9473
            ],
            [
              -52.5528,
              -31.9484
            ],
            [
              -52.5509,
              -31.9478
            ],
            [
              -52.5505,
              -31.9491
            ],
            [
              -52.5526,
              -31.9522
            ],
            [
              -52.5517,
              -31.9529
            ],
            [
              -52.5501,
              -31.9512
            ],
            [
              -52.5488,
              -31.951
            ],
            [
              -52.5478,
              -31.9528
            ],
            [
              -52.5456,
              -31.9539
            ],
            [
              -52.5449,
              -31.9557
            ],
            [
              -52.5438,
              -31.9558
            ],
            [
              -52.5412,
              -31.9541
            ],
            [
              -52.5412,
              -31.9518
            ],
            [
              -52.5391,
              -31.9517
            ],
            [
              -52.5393,
              -31.9532
            ],
            [
              -52.5385,
              -31.9542
            ],
            [
              -52.5369,
              -31.9539
            ],
            [
              -52.5345,
              -31.9542
            ],
            [
              -52.535,
              -31.9525
            ],
            [
              -52.5325,
              -31.9524
            ],
            [
              -52.5316,
              -31.9536
            ],
            [
              -52.5321,
              -31.9552
            ],
            [
              -52.5307,
              -31.9558
            ],
            [
              -52.5285,
              -31.9546
            ],
            [
              -52.5278,
              -31.9558
            ],
            [
              -52.5287,
              -31.9573
            ],
            [
              -52.5264,
              -31.9578
            ],
            [
              -52.525,
              -31.9575
            ],
            [
              -52.5215,
              -31.9556
            ],
            [
              -52.5224,
              -31.9536
            ],
            [
              -52.5184,
              -31.9534
            ],
            [
              -52.5167,
              -31.9527
            ],
            [
              -52.5135,
              -31.954
            ],
            [
              -52.5097,
              -31.9609
            ],
            [
              -52.5074,
              -31.9634
            ],
            [
              -52.5063,
              -31.9665
            ],
            [
              -52.5072,
              -31.9686
            ],
            [
              -52.5087,
              -31.9692
            ],
            [
              -52.5105,
              -31.9686
            ],
            [
              -52.5115,
              -31.9678
            ],
            [
              -52.5138,
              -31.9677
            ],
            [
              -52.5151,
              -31.9691
            ],
            [
              -52.5154,
              -31.9707
            ],
            [
              -52.515,
              -31.9728
            ],
            [
              -52.5134,
              -31.975
            ],
            [
              -52.5094,
              -31.9774
            ],
            [
              -52.5067,
              -31.9784
            ],
            [
              -52.503,
              -31.9808
            ],
            [
              -52.5023,
              -31.9826
            ],
            [
              -52.5016,
              -31.9899
            ],
            [
              -52.5007,
              -31.9913
            ],
            [
              -52.4973,
              -31.9942
            ],
            [
              -52.4958,
              -31.9946
            ],
            [
              -52.4917,
              -31.9934
            ],
            [
              -52.4889,
              -31.9893
            ],
            [
              -52.4876,
              -31.9886
            ],
            [
              -52.4838,
              -31.989
            ],
            [
              -52.4805,
              -31.9903
            ],
            [
              -52.4784,
              -31.9915
            ],
            [
              -52.4729,
              -31.9975
            ],
            [
              -52.4708,
              -31.9993
            ],
            [
              -52.4684,
              -32.0002
            ],
            [
              -52.4668,
              -31.9997
            ],
            [
              -52.4665,
              -31.9972
            ],
            [
              -52.4646,
              -31.9958
            ],
            [
              -52.4626,
              -31.9955
            ],
            [
              -52.4605,
              -31.9961
            ],
            [
              -52.4575,
              -31.9975
            ],
            [
              -52.4552,
              -31.9995
            ],
            [
              -52.4512,
              -32.0041
            ],
            [
              -52.444,
              -32.0077
            ],
            [
              -52.4329,
              -32.0112
            ],
            [
              -52.4283,
              -32.0138
            ],
            [
              -52.4233,
              -32.0161
            ],
            [
              -52.4183,
              -32.0155
            ],
            [
              -52.4184,
              -32.0116
            ],
            [
              -52.4205,
              -32.0058
            ],
            [
              -52.4213,
              -32.0026
            ],
            [
              -52.4214,
              -31.9974
            ],
            [
              -52.421,
              -31.9947
            ],
            [
              -52.4197,
              -31.9893
            ],
            [
              -52.4175,
              -31.9837
            ],
            [
              -52.4175,
              -31.9806
            ],
            [
              -52.419,
              -31.9706
            ],
            [
              -52.4188,
              -31.9689
            ],
            [
              -52.417,
              -31.9671
            ],
            [
              -52.4127,
              -31.9647
            ],
            [
              -52.4058,
              -31.9618
            ],
            [
              -52.4029,
              -31.9601
            ],
            [
              -52.3975,
              -31.9551
            ],
            [
              -52.3951,
              -31.9524
            ],
            [
              -52.3921,
              -31.9484
            ],
            [
              -52.389,
              -31.9434
            ],
            [
              -52.3881,
              -31.9397
            ],
            [
              -52.3871,
              -31.9333
            ],
            [
              -52.3862,
              -31.9295
            ],
            [
              -52.3827,
              -31.9196
            ],
            [
              -52.3807,
              -31.9126
            ],
            [
              -52.3803,
              -31.9103
            ],
            [
              -52.3806,
              -31.9059
            ],
            [
              -52.3818,
              -31.9012
            ],
            [
              -52.3831,
              -31.8981
            ],
            [
              -52.3849,
              -31.8952
            ],
            [
              -52.3879,
              -31.8919
            ],
            [
              -52.3916,
              -31.8888
            ],
            [
              -52.3954,
              -31.8858
            ],
            [
              -52.3987,
              -31.8825
            ],
            [
              -52.4012,
              -31.8793
            ],
            [
              -52.4055,
              -31.8725
            ],
            [
              -52.407,
              -31.8691
            ],
            [
              -52.4078,
              -31.8663
            ],
            [
              -52.408,
              -31.8633
            ],
            [
              -52.4067,
              -31.8601
            ],
            [
              -52.4048,
              -31.8588
            ],
            [
              -52.4033,
              -31.8584
            ],
            [
              -52.3991,
              -31.8581
            ],
            [
              -52.396,
              -31.8575
            ],
            [
              -52.393,
              -31.8563
            ],
            [
              -52.3902,
              -31.8539
            ],
            [
              -52.3893,
              -31.8517
            ],
            [
              -52.3892,
              -31.8489
            ],
            [
              -52.3907,
              -31.8377
            ],
            [
              -52.3914,
              -31.8346
            ],
            [
              -52.3926,
              -31.8314
            ],
            [
              -52.3933,
              -31.8281
            ],
            [
              -52.3934,
              -31.8256
            ],
            [
              -52.3928,
              -31.8227
            ],
            [
              -52.3912,
              -31.8182
            ],
            [
              -52.3895,
              -31.8147
            ],
            [
              -52.3854,
              -31.8086
            ],
            [
              -52.383,
              -31.8059
            ],
            [
              -52.3803,
              -31.8035
            ],
            [
              -52.3771,
              -31.8015
            ],
            [
              -52.3729,
              -31.8001
            ]
          ]
        ]
      },
      "properties": {
        "codarea": "4304663",
        "nome_municipio": "Capão do Leão",
        "codigo_ibge": 4304663
      }
    },
    {
      "type": "Feature",
      "geometry": {
        "type": "Polygon",
        "coordinates": [
          [
            [
              -52.5793,
              -31.6819
            ],
            [
              -52.5782,
              -31.6815
            ],
            [
              -52.577,
              -31.6794
            ],
            [
              -52.566,
              -31.6842
            ],
            [
              -52.5604,
              -31.6803
            ],
            [
              -52.5563,
              -31.6803
            ],
            [
              -52.5544,
              -31.678
            ],
            [
              -52.554,
              -31.6746
            ],
            [
              -52.5523,
              -31.6737
            ],
            [
              -52.5537,
              -31.671
            ],
            [
              -52.5583,
              -31.6717
            ],
            [
              -52.5629,
              -31.669
            ],
            [
              -52.5663,
              -31.6683
            ],
            [
              -52.5698,
              -31.6658
            ],
            [
              -52.5691,
              -31.6607
            ],
            [
              -52.5696,
              -31.6591
            ],
            [
              -52.5711,
              -31.6584
            ],
            [
              -52.5753,
              -31.6519
            ],
            [
              -52.5766,
              -31.6458
            ],
            [
              -52.5763,
              -31.6431
            ],
            [
              -52.5775,
              -31.6416
            ],
            [
              -52.5778,
              -31.638
            ],
            [
              -52.5818,
              -31.6353
            ],
            [
              -52.5828,
              -31.6296
            ],
            [
              -52.5791,
              -31.6255
            ],
            [
              -52.578,
              -31.6229
            ],
            [
              -52.5722,
              -31.6201
            ],
            [
              -52.5734,
              -31.6189
            ],
            [
              -52.5765,
              -31.6184
            ],
            [
              -52.5855,
              -31.614
            ],
            [
              -52.5892,
              -31.6084
            ],
            [
              -52.5872,
              -31.6025
            ],
            [
              -52.5853,
              -31.6006
            ],
            [
              -52.5833,
              -31.6
            ],
            [
              -52.5823,
              -31.5984
            ],
            [
              -52.5831,
              -31.5911
            ],
            [
              -52.5821,
              -31.589
            ],
            [
              -52.5766,
              -31.5866
            ],
            [
              -52.5712,
              -31.5824
            ],
            [
              -52.5708,
              -31.5807
            ],
            [
              -52.5729,
              -31.5785
            ],
            [
              -52.5717,
              -31.576
            ],
            [
              -52.5669,
              -31.5757
            ],
            [
              -52.5648,
              -31.574
            ],
            [
              -52.564,
              -31.5757
            ],
            [
              -52.5629,
              -31.5757
            ],
            [
              -52.5614,
              -31.5703
            ],
            [
              -52.5525,
              -31.5624
            ],
            [
              -52.549,
              -31.561
            ],
            [
              -52.5484,
              -31.5593
            ],
            [
              -52.5511,
              -31.5567
            ],
            [
              -52.5565,
              -31.5544
            ],
            [
              -52.5596,
              -31.5498
            ],
            [
              -52.5693,
              -31.5403
            ],
            [
              -52.5801,
              -31.5324
            ],
            [
              -52.5886,
              -31.5276
            ],
            [
              -52.5941,
              -31.5203
            ],
            [
              -52.602,
              -31.512
            ],
            [
              -52.6045,
              -31.5096
            ],
            [
              -52.6114,
              -31.5057
            ],
            [
              -52.6122,
              -31.504
            ],
            [
              -52.6373,
              -31.5438
            ],
            [
              -52.6602,
              -31.5799
            ],
            [
              -52.6613,
              -31.5829
            ],
            [
              -52.6665,
              -31.5834
            ],
            [
              -52.6706,
              -31.582
            ],
            [
              -52.6726,
              -31.5836
            ],
            [
              -52.6756,
              -31.5823
            ],
            [
              -52.6776,
              -31.5849
            ],
            [
              -52.6811,
              -31.5861
            ],
            [
              -52.6831,
              -31.5896
            ],
            [
              -52.6855,
              -31.5913
            ],
            [
              -52.6868,
              -31.5932
            ],
            [
              -52.6917,
              -31.5958
            ],
            [
              -52.6974,
              -31.5974
            ],
            [
              -52.6989,
              -31.5996
            ],
            [
              -52.6979,
              -31.6025
            ],
            [
              -52.6983,
              -31.6034
            ],
            [
              -52.702,
              -31.6064
            ],
            [
              -52.6988,
              -31.6086
            ],
            [
              -52.7022,
              -31.6107
            ],
            [
              -52.7021,
              -31.612
            ],
            [
              -52.7033,
              -31.6123
            ],
            [
              -52.7063,
              -31.6094
            ],
            [
              -52.7097,
              -31.6114
            ],
            [
              -52.7088,
              -31.615
            ],
            [
              -52.7092,
              -31.6159
            ],
            [
              -52.7129,
              -31.6156
            ],
            [
              -52.7146,
              -31.617
            ],
            [
              -52.7111,
              -31.6193
            ],
            [
              -52.71,
              -31.6247
            ],
            [
              -52.708,
              -31.6255
            ],
            [
              -52.704,
              -31.6249
            ],
            [
              -52.7034,
              -31.6265
            ],
            [
              -52.705,
              -31.6307
            ],
            [
              -52.7009,
              -31.6323
            ],
            [
              -52.6988,
              -31.6367
            ],
            [
              -52.6992,
              -31.64
            ],
            [
              -52.7019,
              -31.6428
            ],
            [
              -52.7024,
              -31.6449
            ],
            [
              -52.7037,
              -31.6633
            ],
            [
              -52.7051,
              -31.6635
            ],
            [
              -52.7081,
              -31.6621
            ],
            [
              -52.7091,
              -31.6625
            ],
            [
              -52.7094,
              -31.6645
            ],
            [
              -52.7008,
              -31.6709
            ],
            [
              -52.7003,
              -31.6728
            ],
            [
              -52.7053,
              -31.6822
            ],
            [
              -52.7039,
              -31.6889
            ],
            [
              -52.7037,
              -31.6942
            ],
            [
              -52.7051,
              -31.6955
            ],
            [
              -52.7139,
              -31.6986
            ],
            [
              -52.7148,
              -31.6998
            ],
            [
              -52.7132,
              -31.7022
            ],
            [
              -52.7118,
              -31.7112
            ],
            [
              -52.7186,
              -31.7154
            ],
            [
              -52.721,
              -31.7184
            ],
            [
              -52.7253,
              -31.7197
            ],
            [
              -52.7246,
              -31.7242
            ],
            [
              -52.7251,
              -31.7263
            ],
            [
              -52.7291,
              -31.7292
            ],
            [
              -52.7301,
              -31.7325
            ],
            [
              -52.7324,
              -31.7334
            ],
            [
              -52.7358,
              -31.7331
            ],
            [
              -52.737,
              -31.7359
            ],
            [
              -52.7366,
              -31.7406
            ],
            [
              -52.669,
              -31.7384
            ],
            [
              -52.651,
              -31.7316
            ],
            [
              -52.6462,
              -31.7307
            ],
            [
              -52.6323,
              -31.7297
            ],
            [
              -52.6203,
              -31.7276
            ],
            [
              -52.6157,
              -31.7286
            ],
            [
              -52.6125,
              -31.7233
            ],
            [
              -52.6123,
              -31.7208
            ],
            [
              -52.6077,
              -31.7185
            ],
            [
              -52.6049,
              -31.7146
            ],
            [
              -52.6056,
              -31.7108
            ],
            [
              -52.6114,
              -31.7023
            ],
            [
              -52.6101,
              -31.6951
            ],
            [
              -52.6078,
              -31.6933
            ],
            [
              -52.6045,
              -31.6964
            ],
            [
              -52.6019,
              -31.6971
            ],
            [
              -52.5975,
              -31.695
            ],
            [
              -52.5945,
              -31.6951
            ],
            [
              -52.5944,
              -31.6932
            ],
            [
              -52.5934,
              -31.6922
            ],
            [
              -52.5874,
              -31.688
            ],
            [
              -52.5836,
              -31.6838
            ],
            [
              -52.5793,
              -31.6819
            ]
          ]
        ]
      },
      "properties": {
        "codarea": "4312450",
        "nome_municipio": "Morro Redondo",
        "codigo_ibge": 4312450
      }
    },
    {
      "type": "Feature",
      "geometry": {
        "type": "Polygon",
        "coordinates": [
          [
            [
              -52.2236,
              -31.7889
            ],
            [
              -52.2221,
              -31.786
            ],
            [
              -52.219,
              -31.7835
            ],
            [
              -52.2231,
              -31.7775
            ],
            [
              -52.2267,
              -31.7679
            ],
            [
              -52.2278,
              -31.7603
            ],
            [
              -52.2258,
              -31.7519
            ],
            [
              -52.2204,
              -31.746
            ],
            [
              -52.2129,
              -31.74
            ],
            [
              -52.2092,
              -31.7355
            ],
            [
              -52.2057,
              -31.7334
            ],
            [
              -52.1985,
              -31.7264
            ],
            [
              -52.1929,
              -31.7226
            ],
            [
              -52.1653,
              -31.7085
            ],
            [
              -52.1635,
              -31.7076
            ],
            [
              -52.1524,
              -31.6993
            ],
            [
              -52.1431,
              -31.6956
            ],
            [
              -52.1341,
              -31.6933
            ],
            [
              -52.1274,
              -31.6901
            ],
            [
              -52.1205,
              -31.6893
            ],
            [
              -52.1041,
              -31.6847
            ],
            [
              -52.101,
              -31.685
            ],
            [
              -52.0869,
              -31.6835
            ],
            [
              -52.0851,
              -31.682
            ],
            [
              -52.0769,
              -31.682
            ],
            [
              -52.0704,
              -31.6784
            ],
            [
              -52.0696,
              -31.6771
            ],
            [
              -52.0679,
              -31.6772
            ],
            [
              -52.0677,
              -31.6801
            ],
            [
              -52.0665,
              -31.6817
            ],
            [
              -52.0637,
              -31.6813
            ],
            [
              -52.062,
              -31.6791
            ],
            [
              -52.0589,
              -31.679
            ],
            [
              -52.0583,
              -31.682
            ],
            [
              -52.0572,
              -31.6832
            ],
            [
              -52.0523,
              -31.6857
            ],
            [
              -52.0491,
              -31.6872
            ],
            [
              -52.0414,
              -31.6933
            ],
            [
              -52.036,
              -31.6958
            ],
            [
              -52.0327,
              -31.6952
            ],
            [
              -52.0307,
              -31.6923
            ],
            [
              -52.029,
              -31.6843
            ],
            [
              -52.025,
              -31.6744
            ],
            [
              -52.0238,
              -31.6732
            ],
            [
              -52.024,
              -31.6711
            ],
            [
              -52.0212,
              -31.6624
            ],
            [
              -52.02,
              -31.652
            ],
            [
              -52.0134,
              -31.6194
            ],
            [
              -52.01,
              -31.6142
            ],
            [
              -52.0111,
              -31.6068
            ],
            [
              -52.011,
              -31.6028
            ],
            [
              -52.0097,
              -31.6003
            ],
            [
              -52.0099,
              -31.5976
            ],
            [
              -52.0135,
              -31.5972
            ],
            [
              -52.0165,
              -31.5978
            ],
            [
              -52.0218,
              -31.5963
            ],
            [
              -52.0232,
              -31.5943
            ],
            [
              -52.0227,
              -31.5925
            ],
            [
              -52.0234,
              -31.5897
            ],
            [
              -52.0252,
              -31.5884
            ],
            [
              -52.027,
              -31.5878
            ],
            [
              -52.0298,
              -31.5878
            ],
            [
              -52.0318,
              -31.589
            ],
            [
              -52.0326,
              -31.5901
            ],
            [
              -52.0331,
              -31.5933
            ],
            [
              -52.034,
              -31.5941
            ],
            [
              -52.0366,
              -31.5946
            ],
            [
              -52.0393,
              -31.5928
            ],
            [
              -52.0396,
              -31.5915
            ],
            [
              -52.0379,
              -31.5866
            ],
            [
              -52.0383,
              -31.5826
            ],
            [
              -52.038,
              -31.5792
            ],
            [
              -52.0385,
              -31.5771
            ],
            [
              -52.0411,
              -31.5744
            ],
            [
              -52.0448,
              -31.5735
            ],
            [
              -52.0475,
              -31.5732
            ],
            [
              -52.0468,
              -31.5713
            ],
            [
              -52.0469,
              -31.5701
            ],
            [
              -52.0457,
              -31.5684
            ],
            [
              -52.0444,
              -31.5681
            ],
            [
              -52.0429,
              -31.5706
            ],
            [
              -52.0391,
              -31.572
            ],
            [
              -52.0368,
              -31.5697
            ],
            [
              -52.0364,
              -31.5685
            ],
            [
              -52.0385,
              -31.5659
            ],
            [
              -52.0379,
              -31.5628
            ],
            [
              -52.0399,
              -31.56
            ],
            [
              -52.0413,
              -31.5598
            ],
            [
              -52.0435,
              -31.561
            ],
            [
              -52.0434,
              -31.5624
            ],
            [
              -52.0447,
              -31.5631
            ],
            [
              -52.0468,
              -31.5628
            ],
            [
              -52.0481,
              -31.5614
            ],
            [
              -52.0478,
              -31.5604
            ],
            [
              -52.0459,
              -31.5598
            ],
            [
              -52.0546,
              -31.5582
            ],
            [
              -52.065,
              -31.5558
            ],
            [
              -52.0673,
              -31.5547
            ],
            [
              -52.0694,
              -31.5543
            ],
            [
              -52.0752,
              -31.552
            ],
            [
              -52.0797,
              -31.5511
            ],
            [
              -52.0828,
              -31.551
            ],
            [
              -52.0856,
              -31.5513
            ],
            [
              -52.0867,
              -31.55
            ],
            [
              -52.0883,
              -31.5499
            ],
            [
              -52.0917,
              -31.551
            ],
            [
              -52.0929,
              -31.5508
            ],
            [
              -52.0963,
              -31.5514
            ],
            [
              -52.0977,
              -31.5522
            ],
            [
              -52.0997,
              -31.5527
            ],
            [
              -52.1007,
              -31.5536
            ],
            [
              -52.1033,
              -31.5534
            ],
            [
              -52.1054,
              -31.5549
            ],
            [
              -52.1077,
              -31.5558
            ],
            [
              -52.1114,
              -31.555
            ],
            [
              -52.1104,
              -31.5602
            ],
            [
              -52.1071,
              -31.5625
            ],
            [
              -52.1054,
              -31.562
            ],
            [
              -52.105,
              -31.5644
            ],
            [
              -52.107,
              -31.5633
            ],
            [
              -52.1105,
              -31.5628
            ],
            [
              -52.1118,
              -31.5622
            ],
            [
              -52.1122,
              -31.5592
            ],
            [
              -52.1145,
              -31.5586
            ],
            [
              -52.1161,
              -31.5593
            ],
            [
              -52.1177,
              -31.5606
            ],
            [
              -52.1188,
              -31.5637
            ],
            [
              -52.1202,
              -31.565
            ],
            [
              -52.1231,
              -31.5644
            ],
            [
              -52.1241,
              -31.5631
            ],
            [
              -52.1243,
              -31.5602
            ],
            [
              -52.1256,
              -31.5594
            ],
            [
              -52.1281,
              -31.5593
            ],
            [
              -52.129,
              -31.5613
            ],
            [
              -52.1279,
              -31.5625
            ],
            [
              -52.1307,
              -31.5632
            ],
            [
              -52.1308,
              -31.5647
            ],
            [
              -52.1327,
              -31.5637
            ],
            [
              -52.1356,
              -31.5634
            ],
            [
              -52.137,
              -31.5607
            ],
            [
              -52.138,
              -31.5568
            ],
            [
              -52.1367,
              -31.5555
            ],
            [
              -52.1336,
              -31.5559
            ],
            [
              -52.1305,
              -31.5551
            ],
            [
              -52.1309,
              -31.5534
            ],
            [
              -52.1329,
              -31.5523
            ],
            [
              -52.1348,
              -31.5502
            ],
            [
              -52.1344,
              -31.5476
            ],
            [
              -52.1354,
              -31.5459
            ],
            [
              -52.1371,
              -31.546
            ],
            [
              -52.1381,
              -31.5451
            ],
            [
              -52.1377,
              -31.5427
            ],
            [
              -52.1397,
              -31.5435
            ],
            [
              -52.1398,
              -31.5453
            ],
            [
              -52.1411,
              -31.5451
            ],
            [
              -52.1425,
              -31.5438
            ],
            [
              -52.1436,
              -31.5447
            ],
            [
              -52.1467,
              -31.5433
            ],
            [
              -52.1484,
              -31.5411
            ],
            [
              -52.1475,
              -31.5385
            ],
            [
              -52.149,
              -31.5375
            ],
            [
              -52.1488,
              -31.5357
            ],
            [
              -52.1504,
              -31.5359
            ],
            [
              -52.1522,
              -31.5344
            ],
            [
              -52.1539,
              -31.5347
            ],
            [
              -52.1548,
              -31.5356
            ],
            [
              -52.1584,
              -31.5349
            ],
            [
              -52.1595,
              -31.5332
            ],
            [
              -52.1618,
              -31.5319
            ],
            [
              -52.1617,
              -31.5297
            ],
            [
              -52.1645,
              -31.5271
            ],
            [
              -52.1646,
              -31.525
            ],
            [
              -52.1659,
              -31.5231
            ],
            [
              -52.1638,
              -31.5202
            ],
            [
              -52.1648,
              -31.518
            ],
            [
              -52.1669,
              -31.5178
            ],
            [
              -52.1697,
              -31.5197
            ],
            [
              -52.1736,
              -31.5192
            ],
            [
              -52.1748,
              -31.5183
            ],
            [
              -52.1758,
              -31.5161
            ],
            [
              -52.177,
              -31.5148
            ],
            [
              -52.1779,
              -31.5119
            ],
            [
              -52.1768,
              -31.5099
            ],
            [
              -52.1745,
              -31.51
            ],
            [
              -52.1716,
              -31.5057
            ],
            [
              -52.173,
              -31.5041
            ],
            [
              -52.1713,
              -31.5016
            ],
            [
              -52.1691,
              -31.5011
            ],
            [
              -52.169,
              -31.4991
            ],
            [
              -52.1697,
              -31.4987
            ],
            [
              -52.1731,
              -31.4984
            ],
            [
              -52.1749,
              -31.4961
            ],
            [
              -52.1761,
              -31.4929
            ],
            [
              -52.1772,
              -31.4918
            ],
            [
              -52.1813,
              -31.4893
            ],
            [
              -52.1825,
              -31.4873
            ],
            [
              -52.1831,
              -31.4844
            ],
            [
              -52.1852,
              -31.484
            ],
            [
              -52.1881,
              -31.4863
            ],
            [
              -52.1903,
              -31.4861
            ],
            [
              -52.1908,
              -31.4841
            ],
            [
              -52.1916,
              -31.4836
            ],
            [
              -52.1952,
              -31.4846
            ],
            [
              -52.1974,
              -31.4838
            ],
            [
              -52.1997,
              -31.4835
            ],
            [
              -52.2016,
              -31.4827
            ],
            [
              -52.2055,
              -31.4821
            ],
            [
              -52.2089,
              -31.4805
            ],
            [
              -52.2116,
              -31.4801
            ],
            [
              -52.2135,
              -31.4804
            ],
            [
              -52.2123,
              -31.4672
            ],
            [
              -52.2087,
              -31.4594
            ],
            [
              -52.213,
              -31.4585
            ],
            [
              -52.2276,
              -31.4473
            ],
            [
              -52.2311,
              -31.4484
            ],
            [
              -52.2322,
              -31.4494
            ],
            [
              -52.2345,
              -31.4501
            ],
            [
              -52.2376,
              -31.4481
            ],
            [
              -52.238,
              -31.4447
            ],
            [
              -52.2436,
              -31.4466
            ],
            [
              -52.2455,
              -31.448
            ],
            [
              -52.2474,
              -31.4484
            ],
            [
              -52.2487,
              -31.4499
            ],
            [
              -52.2526,
              -31.4511
            ],
            [
              -52.2895,
              -31.4747
            ],
            [
              -52.2902,
              -31.4756
            ],
            [
              -52.2945,
              -31.4755
            ],
            [
              -52.2962,
              -31.4768
            ],
            [
              -52.2961,
              -31.4783
            ],
            [
              -52.2951,
              -31.4802
            ],
            [
              -52.2945,
              -31.484
            ],
            [
              -52.2977,
              -31.4863
            ],
            [
              -52.2972,
              -31.4896
            ],
            [
              -52.2995,
              -31.4905
            ],
            [
              -52.3014,
              -31.4898
            ],
            [
              -52.302,
              -31.4876
            ],
            [
              -52.3046,
              -31.4833
            ],
            [
              -52.3045,
              -31.4811
            ],
            [
              -52.3019,
              -31.4776
            ],
            [
              -52.3024,
              -31.4764
            ],
            [
              -52.305,
              -31.475
            ],
            [
              -52.3054,
              -31.4723
            ],
            [
              -52.3088,
              -31.4678
            ],
            [
              -52.3083,
              -31.4634
            ],
            [
              -52.309,
              -31.461
            ],
            [
              -52.3073,
              -31.4601
            ],
            [
              -52.3052,
              -31.4598
            ],
            [
              -52.3053,
              -31.4585
            ],
            [
              -52.3025,
              -31.4576
            ],
            [
              -52.3025,
              -31.456
            ],
            [
              -52.3034,
              -31.4552
            ],
            [
              -52.3052,
              -31.4518
            ],
            [
              -52.3052,
              -31.4505
            ],
            [
              -52.3066,
              -31.4484
            ],
            [
              -52.3061,
              -31.4461
            ],
            [
              -52.3067,
              -31.4434
            ],
            [
              -52.3087,
              -31.4404
            ],
            [
              -52.3062,
              -31.4379
            ],
            [
              -52.3058,
              -31.4363
            ],
            [
              -52.3006,
              -31.4348
            ],
            [
              -52.2986,
              -31.4321
            ],
            [
              -52.2907,
              -31.4284
            ],
            [
              -52.2872,
              -31.4276
            ],
            [
              -52.2857,
              -31.4275
            ],
            [
              -52.2816,
              -31.4281
            ],
            [
              -52.2791,
              -31.4267
            ],
            [
              -52.2818,
              -31.426
            ],
            [
              -52.2825,
              -31.4254
            ],
            [
              -52.2847,
              -31.4212
            ],
            [
              -52.2846,
              -31.42
            ],
            [
              -52.2821,
              -31.4177
            ],
            [
              -52.2828,
              -31.4147
            ],
            [
              -52.282,
              -31.4141
            ],
            [
              -52.2809,
              -31.4112
            ],
            [
              -52.28,
              -31.4103
            ],
            [
              -52.2799,
              -31.4084
            ],
            [
              -52.2785,
              -31.4057
            ],
            [
              -52.2796,
              -31.4052
            ],
            [
              -52.2826,
              -31.4025
            ],
            [
              -52.2829,
              -31.4019
            ],
            [
              -52.286,
              -31.4003
            ],
            [
              -52.285,
              -31.3989
            ],
            [
              -52.2838,
              -31.3961
            ],
            [
              -52.2815,
              -31.3945
            ],
            [
              -52.2798,
              -31.3921
            ],
            [
              -52.2774,
              -31.3905
            ],
            [
              -52.2807,
              -31.3885
            ],
            [
              -52.2794,
              -31.3873
            ],
            [
              -52.2806,
              -31.3861
            ],
            [
              -52.2889,
              -31.3838
            ],
            [
              -52.2899,
              -31.3828
            ],
            [
              -52.2935,
              -31.3759
            ],
            [
              -52.2923,
              -31.3705
            ],
            [
              -52.293,
              -31.368
            ],
            [
              -52.3012,
              -31.3641
            ],
            [
              -52.3033,
              -31.3638
            ],
            [
              -52.3082,
              -31.3653
            ],
            [
              -52.3143,
              -31.3618
            ],
            [
              -52.3152,
              -31.3605
            ],
            [
              -52.3184,
              -31.3623
            ],
            [
              -52.3234,
              -31.3628
            ],
            [
              -52.33,
              -31.3588
            ],
            [
              -52.3381,
              -31.3598
            ],
            [
              -52.3411,
              -31.3584
            ],
            [
              -52.347,
              -31.3583
            ],
            [
              -52.3564,
              -31.3557
            ],
            [
              -52.3595,
              -31.357
            ],
            [
              -52.3624,
              -31.3543
            ],
            [
              -52.3725,
              -31.3543
            ],
            [
              -52.3772,
              -31.3567
            ],
            [
              -52.3815,
              -31.3524
            ],
            [
              -52.3856,
              -31.3517
            ],
            [
              -52.3875,
              -31.3537
            ],
            [
              -52.3912,
              -31.3554
            ],
            [
              -52.3996,
              -31.3571
            ],
            [
              -52.4106,
              -31.3508
            ],
            [
              -52.4121,
              -31.3487
            ],
            [
              -52.409,
              -31.3475
            ],
            [
              -52.4084,
              -31.3463
            ],
            [
              -52.41,
              -31.3428
            ],
            [
              -52.4143,
              -31.3404
            ],
            [
              -52.4158,
              -31.3412
            ],
            [
              -52.4174,
              -31.3394
            ],
            [
              -52.4186,
              -31.3397
            ],
            [
              -52.4202,
              -31.3376
            ],
            [
              -52.4218,
              -31.3379
            ],
            [
              -52.4227,
              -31.3363
            ],
            [
              -52.4295,
              -31.3359
            ],
            [
              -52.4368,
              -31.333
            ],
            [
              -52.4442,
              -31.3326
            ],
            [
              -52.4475,
              -31.3302
            ],
            [
              -52.4514,
              -31.3299
            ],
            [
              -52.4539,
              -31.3287
            ],
            [
              -52.4567,
              -31.3291
            ],
            [
              -52.46,
              -31.3284
            ],
            [
              -52.4632,
              -31.3265
            ],
            [
              -52.4685,
              -31.3252
            ],
            [
              -52.4719,
              -31.3234
            ],
            [
              -52.4743,
              -31.3241
            ],
            [
              -52.4754,
              -31.3264
            ],
            [
              -52.4777,
              -31.3264
            ],
            [
              -52.4787,
              -31.3249
            ],
            [
              -52.4781,
              -31.3227
            ],
            [
              -52.479,
              -31.3222
            ],
            [
              -52.4837,
              -31.3237
            ],
            [
              -52.4869,
              -31.3267
            ],
            [
              -52.4882,
              -31.3267
            ],
            [
              -52.49,
              -31.3255
            ],
            [
              -52.4962,
              -31.328
            ],
            [
              -52.501,
              -31.3282
            ],
            [
              -52.5253,
              -31.3666
            ],
            [
              -52.5562,
              -31.4157
            ],
            [
              -52.5747,
              -31.4448
            ],
            [
              -52.6122,
              -31.504
            ],
            [
              -52.6114,
              -31.5057
            ],
            [
              -52.6045,
              -31.5096
            ],
            [
              -52.602,
              -31.512
            ],
            [
              -52.5941,
              -31.5203
            ],
            [
              -52.5886,
              -31.5276
            ],
            [
              -52.5801,
              -31.5324
            ],
            [
              -52.5693,
              -31.5403
            ],
            [
              -52.5596,
              -31.5498
            ],
            [
              -52.5565,
              -31.5544
            ],
            [
              -52.5511,
              -31.5567
            ],
            [
              -52.5484,
              -31.5593
            ],
            [
              -52.549,
              -31.561
            ],
            [
              -52.5525,
              -31.5624
            ],
            [
              -52.5614,
              -31.5703
            ],
            [
              -52.5629,
              -31.5757
            ],
            [
              -52.564,
              -31.5757
            ],
            [
              -52.5648,
              -31.574
            ],
            [
              -52.5669,
              -31.5757
            ],
            [
              -52.5717,
              -31.576
            ],
            [
              -52.5729,
              -31.5785
            ],
            [
              -52.5708,
              -31.5807
            ],
            [
              -52.5712,
              -31.5824
            ],
            [
              -52.5766,
              -31.5866
            ],
            [
              -52.5821,
              -31.589
            ],
            [
              -52.5831,
              -31.5911
            ],
            [
              -52.5823,
              -31.5984
            ],
            [
              -52.5833,
              -31.6
            ],
            [
              -52.5853,
              -31.6006
            ],
            [
              -52.5872,
              -31.6025
            ],
            [
              -52.5892,
              -31.6084
            ],
            [
              -52.5855,
              -31.614
            ],
            [
              -52.5765,
              -31.6184
            ],
            [
              -52.5734,
              -31.6189
            ],
            [
              -52.5722,
              -31.6201
            ],
            [
              -52.578,
              -31.6229
            ],
            [
              -52.5791,
              -31.6255
            ],
            [
              -52.5828,
              -31.6296
            ],
            [
              -52.5818,
              -31.6353
            ],
            [
              -52.5778,
              -31.638
            ],
            [
              -52.5775,
              -31.6416
            ],
            [
              -52.5763,
              -31.6431
            ],
            [
              -52.5766,
              -31.6458
            ],
            [
              -52.5753,
              -31.6519
            ],
            [
              -52.5711,
              -31.6584
            ],
            [
              -52.5696,
              -31.6591
            ],
            [
              -52.5691,
              -31.6607
            ],
            [
              -52.5698,
              -31.6658
            ],
            [
              -52.5663,
              -31.6683
            ],
            [
              -52.5629,
              -31.669
            ],
            [
              -52.5583,
              -31.6717
            ],
            [
              -52.5537,
              -31.671
            ],
            [
              -52.5523,
              -31.6737
            ],
            [
              -52.554,
              -31.6746
            ],
            [
              -52.5544,
              -31.678
            ],
            [
              -52.5563,
              -31.6803
            ],
            [
              -52.5604,
              -31.6803
            ],
            [
              -52.566,
              -31.6842
            ],
            [
              -52.577,
              -31.6794
            ],
            [
              -52.5782,
              -31.6815
            ],
            [
              -52.5793,
              -31.6819
            ],
            [
              -52.5779,
              -31.6837
            ],
            [
              -52.5764,
              -31.6829
            ],
            [
              -52.5715,
              -31.6845
            ],
            [
              -52.5705,
              -31.6865
            ],
            [
              -52.5686,
              -31.6874
            ],
            [
              -52.5635,
              -31.6888
            ],
            [
              -52.5576,
              -31.6885
            ],
            [
              -52.5491,
              -31.6911
            ],
            [
              -52.5425,
              -31.69
            ],
            [
              -52.5399,
              -31.6876
            ],
            [
              -52.5378,
              -31.6888
            ],
            [
              -52.5345,
              -31.6888
            ],
            [
              -52.5331,
              -31.6895
            ],
            [
              -52.5335,
              -31.6921
            ],
            [
              -52.5319,
              -31.6918
            ],
            [
              -52.5284,
              -31.6936
            ],
            [
              -52.5271,
              -31.6953
            ],
            [
              -52.5278,
              -31.6979
            ],
            [
              -52.5263,
              -31.6996
            ],
            [
              -52.5259,
              -31.703
            ],
            [
              -52.5243,
              -31.7047
            ],
            [
              -52.5227,
              -31.7049
            ],
            [
              -52.5188,
              -31.702
            ],
            [
              -52.5159,
              -31.7012
            ],
            [
              -52.5097,
              -31.7024
            ],
            [
              -52.5034,
              -31.7071
            ],
            [
              -52.4981,
              -31.7052
            ],
            [
              -52.4957,
              -31.7072
            ],
            [
              -52.4886,
              -31.7095
            ],
            [
              -52.4828,
              -31.7081
            ],
            [
              -52.4798,
              -31.7103
            ],
            [
              -52.4761,
              -31.7085
            ],
            [
              -52.4728,
              -31.7103
            ],
            [
              -52.4765,
              -31.7124
            ],
            [
              -52.4766,
              -31.7145
            ],
            [
              -52.4701,
              -31.7163
            ],
            [
              -52.4712,
              -31.7179
            ],
            [
              -52.4705,
              -31.7189
            ],
            [
              -52.4674,
              -31.719
            ],
            [
              -52.466,
              -31.7177
            ],
            [
              -52.4598,
              -31.7193
            ],
            [
              -52.4556,
              -31.7221
            ],
            [
              -52.4542,
              -31.7222
            ],
            [
              -52.4526,
              -31.721
            ],
            [
              -52.4471,
              -31.7223
            ],
            [
              -52.4445,
              -31.7252
            ],
            [
              -52.4389,
              -31.727
            ],
            [
              -52.4376,
              -31.7268
            ],
            [
              -52.4345,
              -31.7241
            ],
            [
              -52.4297,
              -31.7234
            ],
            [
              -52.4291,
              -31.7262
            ],
            [
              -52.4268,
              -31.7275
            ],
            [
              -52.4273,
              -31.7327
            ],
            [
              -52.426,
              -31.734
            ],
            [
              -52.4259,
              -31.7361
            ],
            [
              -52.4231,
              -31.7372
            ],
            [
              -52.4224,
              -31.7401
            ],
            [
              -52.4209,
              -31.7417
            ],
            [
              -52.4161,
              -31.7442
            ],
            [
              -52.4156,
              -31.7479
            ],
            [
              -52.4128,
              -31.7513
            ],
            [
              -52.4044,
              -31.7569
            ],
            [
              -52.4036,
              -31.7599
            ],
            [
              -52.4006,
              -31.7618
            ],
            [
              -52.3969,
              -31.7675
            ],
            [
              -52.3897,
              -31.7826
            ],
            [
              -52.3883,
              -31.7827
            ],
            [
              -52.388,
              -31.7812
            ],
            [
              -52.3838,
              -31.7796
            ],
            [
              -52.3811,
              -31.7806
            ],
            [
              -52.3811,
              -31.783
            ],
            [
              -52.3799,
              -31.7846
            ],
            [
              -52.3771,
              -31.7821
            ],
            [
              -52.3679,
              -31.7876
            ],
            [
              -52.3663,
              -31.7905
            ],
            [
              -52.3661,
              -31.7925
            ],
            [
              -52.3711,
              -31.7985
            ],
            [
              -52.3729,
              -31.8001
            ],
            [
              -52.3704,
              -31.8001
            ],
            [
              -52.3658,
              -31.8007
            ],
            [
              -52.3625,
              -31.8006
            ],
            [
              -52.3592,
              -31.8002
            ],
            [
              -52.3545,
              -31.7987
            ],
            [
              -52.3512,
              -31.7963
            ],
            [
              -52.3475,
              -31.7903
            ],
            [
              -52.3446,
              -31.7876
            ],
            [
              -52.3403,
              -31.7853
            ],
            [
              -52.3357,
              -31.7838
            ],
            [
              -52.3311,
              -31.7828
            ],
            [
              -52.3288,
              -31.7825
            ],
            [
              -52.3239,
              -31.7832
            ],
            [
              -52.3208,
              -31.7831
            ],
            [
              -52.3179,
              -31.7823
            ],
            [
              -52.3145,
              -31.7804
            ],
            [
              -52.308,
              -31.7756
            ],
            [
              -52.305,
              -31.7741
            ],
            [
              -52.3002,
              -31.7735
            ],
            [
              -52.2919,
              -31.7741
            ],
            [
              -52.2879,
              -31.7746
            ],
            [
              -52.2749,
              -31.7752
            ],
            [
              -52.2686,
              -31.7761
            ],
            [
              -52.2598,
              -31.7783
            ],
            [
              -52.254,
              -31.7803
            ],
            [
              -52.2484,
              -31.783
            ],
            [
              -52.2453,
              -31.7849
            ],
            [
              -52.2421,
              -31.7864
            ],
            [
              -52.2387,
              -31.7873
            ],
            [
              -52.234,
              -31.788
            ],
            [
              -52.2262,
              -31.7883
            ],
            [
              -52.2236,
              -31.7889
            ]
          ],
          [
            [
              -52.4058,
              -31.495
            ],
            [
              -52.4051,
              -31.4963
            ],
            [
              -52.4052,
              -31.498
            ],
            [
              -52.4071,
              -31.4985
            ],
            [
              -52.4088,
              -31.4996
            ],
            [
              -52.4104,
              -31.5039
            ],
            [
              -52.4112,
              -31.5033
            ],
            [
              -52.4103,
              -31.5009
            ],
            [
              -52.4136,
              -31.4992
            ],
            [
              -52.4157,
              -31.4988
            ],
            [
              -52.4161,
              -31.4968
            ],
            [
              -52.4133,
              -31.4958
            ],
            [
              -52.415,
              -31.4938
            ],
            [
              -52.4141,
              -31.4922
            ],
            [
              -52.4143,
              -31.4902
            ],
            [
              -52.4151,
              -31.4894
            ],
            [
              -52.4176,
              -31.491
            ],
            [
              -52.4203,
              -31.4897
            ],
            [
              -52.42,
              -31.4877
            ],
            [
              -52.4228,
              -31.4878
            ],
            [
              -52.4244,
              -31.4871
            ],
            [
              -52.4252,
              -31.4809
            ],
            [
              -52.4261,
              -31.4802
            ],
            [
              -52.4287,
              -31.48
            ],
            [
              -52.4321,
              -31.479
            ],
            [
              -52.4328,
              -31.4784
            ],
            [
              -52.4326,
              -31.4753
            ],
            [
              -52.4329,
              -31.4725
            ],
            [
              -52.4323,
              -31.4713
            ],
            [
              -52.4332,
              -31.4703
            ],
            [
              -52.4324,
              -31.4685
            ],
            [
              -52.4334,
              -31.4666
            ],
            [
              -52.4355,
              -31.4668
            ],
            [
              -52.4382,
              -31.4621
            ],
            [
              -52.4367,
              -31.4583
            ],
            [
              -52.4373,
              -31.4553
            ],
            [
              -52.438,
              -31.4537
            ],
            [
              -52.44,
              -31.4535
            ],
            [
              -52.4411,
              -31.4513
            ],
            [
              -52.4426,
              -31.4504
            ],
            [
              -52.4443,
              -31.4507
            ],
            [
              -52.446,
              -31.4498
            ],
            [
              -52.4489,
              -31.4505
            ],
            [
              -52.4493,
              -31.4512
            ],
            [
              -52.4571,
              -31.4511
            ],
            [
              -52.4591,
              -31.4516
            ],
            [
              -52.4605,
              -31.4525
            ],
            [
              -52.4624,
              -31.451
            ],
            [
              -52.4636,
              -31.4524
            ],
            [
              -52.4649,
              -31.4528
            ],
            [
              -52.469,
              -31.4532
            ],
            [
              -52.4697,
              -31.4541
            ],
            [
              -52.4735,
              -31.4547
            ],
            [
              -52.4773,
              -31.4542
            ],
            [
              -52.4799,
              -31.4549
            ],
            [
              -52.4826,
              -31.4566
            ],
            [
              -52.4834,
              -31.4563
            ],
            [
              -52.4881,
              -31.4569
            ],
            [
              -52.4916,
              -31.4578
            ],
            [
              -52.4908,
              -31.4559
            ],
            [
              -52.4906,
              -31.4538
            ],
            [
              -52.4914,
              -31.4521
            ],
            [
              -52.4911,
              -31.4503
            ],
            [
              -52.4901,
              -31.4493
            ],
            [
              -52.4891,
              -31.4472
            ],
            [
              -52.4855,
              -31.4456
            ],
            [
              -52.4858,
              -31.4439
            ],
            [
              -52.4883,
              -31.4429
            ],
            [
              -52.4883,
              -31.4416
            ],
            [
              -52.4864,
              -31.4394
            ],
            [
              -52.4836,
              -31.4382
            ],
            [
              -52.483,
              -31.4371
            ],
            [
              -52.4833,
              -31.4348
            ],
            [
              -52.4829,
              -31.4333
            ],
            [
              -52.4828,
              -31.4303
            ],
            [
              -52.4822,
              -31.4267
            ],
            [
              -52.4817,
              -31.4264
            ],
            [
              -52.477,
              -31.4267
            ],
            [
              -52.4744,
              -31.4273
            ],
            [
              -52.4731,
              -31.4281
            ],
            [
              -52.4722,
              -31.4274
            ],
            [
              -52.4683,
              -31.4257
            ],
            [
              -52.4666,
              -31.4259
            ],
            [
              -52.4646,
              -31.4276
            ],
            [
              -52.4622,
              -31.4249
            ],
            [
              -52.4601,
              -31.4247
            ],
            [
              -52.4586,
              -31.4227
            ],
            [
              -52.4545,
              -31.4205
            ],
            [
              -52.4524,
              -31.4187
            ],
            [
              -52.4522,
              -31.4177
            ],
            [
              -52.4496,
              -31.4169
            ],
            [
              -52.4488,
              -31.4173
            ],
            [
              -52.4459,
              -31.4169
            ],
            [
              -52.4455,
              -31.4146
            ],
            [
              -52.4459,
              -31.4126
            ],
            [
              -52.4454,
              -31.4114
            ],
            [
              -52.4422,
              -31.411
            ],
            [
              -52.4412,
              -31.4089
            ],
            [
              -52.441,
              -31.4069
            ],
            [
              -52.439,
              -31.4036
            ],
            [
              -52.4394,
              -31.4024
            ],
            [
              -52.4386,
              -31.4004
            ],
            [
              -52.4368,
              -31.3976
            ],
            [
              -52.4358,
              -31.3955
            ],
            [
              -52.4319,
              -31.3938
            ],
            [
              -52.4282,
              -31.3937
            ],
            [
              -52.4248,
              -31.3931
            ],
            [
              -52.423,
              -31.3912
            ],
            [
              -52.4209,
              -31.3862
            ],
            [
              -52.422,
              -31.3838
            ],
            [
              -52.4215,
              -31.3833
            ],
            [
              -52.4216,
              -31.3785
            ],
            [
              -52.4198,
              -31.3767
            ],
            [
              -52.415,
              -31.3776
            ],
            [
              -52.4113,
              -31.3832
            ],
            [
              -52.4114,
              -31.3848
            ],
            [
              -52.4124,
              -31.3861
            ],
            [
              -52.4094,
              -31.3861
            ],
            [
              -52.4087,
              -31.3883
            ],
            [
              -52.4054,
              -31.3918
            ],
            [
              -52.4043,
              -31.3913
            ],
            [
              -52.4024,
              -31.3916
            ],
            [
              -52.4002,
              -31.39
            ],
            [
              -52.3975,
              -31.3902
            ],
            [
              -52.3942,
              -31.3899
            ],
            [
              -52.392,
              -31.3906
            ],
            [
              -52.3894,
              -31.3902
            ],
            [
              -52.3873,
              -31.3912
            ],
            [
              -52.3835,
              -31.3914
            ],
            [
              -52.3828,
              -31.3909
            ],
            [
              -52.3775,
              -31.3912
            ],
            [
              -52.3745,
              -31.3885
            ],
            [
              -52.3724,
              -31.3878
            ],
            [
              -52.3716,
              -31.3864
            ],
            [
              -52.3684,
              -31.3842
            ],
            [
              -52.3674,
              -31.3821
            ],
            [
              -52.3644,
              -31.3797
            ],
            [
              -52.3637,
              -31.3773
            ],
            [
              -52.3626,
              -31.3762
            ],
            [
              -52.3606,
              -31.3757
            ],
            [
              -52.3595,
              -31.3748
            ],
            [
              -52.3565,
              -31.3757
            ],
            [
              -52.3549,
              -31.3752
            ],
            [
              -52.3544,
              -31.3732
            ],
            [
              -52.3554,
              -31.3703
            ],
            [
              -52.3553,
              -31.3677
            ],
            [
              -52.3544,
              -31.3674
            ],
            [
              -52.3529,
              -31.3692
            ],
            [
              -52.3484,
              -31.3723
            ],
            [
              -52.3461,
              -31.3726
            ],
            [
              -52.3456,
              -31.3764
            ],
            [
              -52.3459,
              -31.3774
            ],
            [
              -52.3441,
              -31.3788
            ],
            [
              -52.3441,
              -31.3821
            ],
            [
              -52.3435,
              -31.3838
            ],
            [
              -52.3418,
              -31.3846
            ],
            [
              -52.3403,
              -31.3865
            ],
            [
              -52.3407,
              -31.389
            ],
            [
              -52.34,
              -31.391
            ],
            [
              -52.3422,
              -31.3939
            ],
            [
              -52.3428,
              -31.3978
            ],
            [
              -52.3429,
              -31.3995
            ],
            [
              -52.3411,
              -31.4005
            ],
            [
              -52.3398,
              -31.4003
            ],
            [
              -52.3381,
              -31.4018
            ],
            [
              -52.3394,
              -31.4038
            ],
            [
              -52.3394,
              -31.4049
            ],
            [
              -52.337,
              -31.4066
            ],
            [
              -52.3346,
              -31.4067
            ],
            [
              -52.334,
              -31.4073
            ],
            [
              -52.3364,
              -31.4084
            ],
            [
              -52.3382,
              -31.4099
            ],
            [
              -52.3412,
              -31.4104
            ],
            [
              -52.3417,
              -31.4114
            ],
            [
              -52.3433,
              -31.4107
            ],
            [
              -52.3456,
              -31.4119
            ],
            [
              -52.3481,
              -31.4143
            ],
            [
              -52.3506,
              -31.4148
            ],
            [
              -52.3512,
              -31.4154
            ],
            [
              -52.3512,
              -31.4184
            ],
            [
              -52.3505,
              -31.4204
            ],
            [
              -52.3512,
              -31.422
            ],
            [
              -52.353,
              -31.424
            ],
            [
              -52.3536,
              -31.4258
            ],
            [
              -52.3526,
              -31.4274
            ],
            [
              -52.3532,
              -31.4294
            ],
            [
              -52.3532,
              -31.433
            ],
            [
              -52.3508,
              -31.4331
            ],
            [
              -52.3478,
              -31.4339
            ],
            [
              -52.3453,
              -31.4349
            ],
            [
              -52.3393,
              -31.4348
            ],
            [
              -52.3349,
              -31.4378
            ],
            [
              -52.335,
              -31.4409
            ],
            [
              -52.3364,
              -31.4418
            ],
            [
              -52.3416,
              -31.4431
            ],
            [
              -52.3426,
              -31.444
            ],
            [
              -52.3466,
              -31.445
            ],
            [
              -52.3484,
              -31.4463
            ],
            [
              -52.3547,
              -31.4481
            ],
            [
              -52.3544,
              -31.4501
            ],
            [
              -52.3516,
              -31.4525
            ],
            [
              -52.3499,
              -31.4523
            ],
            [
              -52.3491,
              -31.4541
            ],
            [
              -52.3466,
              -31.4556
            ],
            [
              -52.3457,
              -31.4555
            ],
            [
              -52.344,
              -31.458
            ],
            [
              -52.3441,
              -31.4598
            ],
            [
              -52.3432,
              -31.4631
            ],
            [
              -52.3445,
              -31.465
            ],
            [
              -52.3469,
              -31.4676
            ],
            [
              -52.3476,
              -31.469
            ],
            [
              -52.3466,
              -31.47
            ],
            [
              -52.3474,
              -31.4726
            ],
            [
              -52.3465,
              -31.4742
            ],
            [
              -52.3466,
              -31.4761
            ],
            [
              -52.3472,
              -31.4779
            ],
            [
              -52.3471,
              -31.4791
            ],
            [
              -52.3447,
              -31.482
            ],
            [
              -52.3449,
              -31.4846
            ],
            [
              -52.3458,
              -31.4869
            ],
            [
              -52.3474,
              -31.4881
            ],
            [
              -52.3494,
              -31.4883
            ],
            [
              -52.3509,
              -31.4909
            ],
            [
              -52.3506,
              -31.4926
            ],
            [
              -52.3496,
              -31.4945
            ],
            [
              -52.3489,
              -31.5002
            ],
            [
              -52.3502,
              -31.5021
            ],
            [
              -52.3504,
              -31.504
            ],
            [
              -52.3497,
              -31.5058
            ],
            [
              -52.3537,
              -31.5057
            ],
            [
              -52.355,
              -31.5063
            ],
            [
              -52.3563,
              -31.5059
            ],
            [
              -52.3575,
              -31.5068
            ],
            [
              -52.3612,
              -31.5064
            ],
            [
              -52.3648,
              -31.5078
            ],
            [
              -52.3691,
              -31.5063
            ],
            [
              -52.3713,
              -31.5063
            ],
            [
              -52.3763,
              -31.5076
            ],
            [
              -52.3788,
              -31.5064
            ],
            [
              -52.3804,
              -31.5063
            ],
            [
              -52.381,
              -31.5054
            ],
            [
              -52.3845,
              -31.5043
            ],
            [
              -52.3894,
              -31.5013
            ],
            [
              -52.3916,
              -31.5005
            ],
            [
              -52.3922,
              -31.4992
            ],
            [
              -52.3976,
              -31.4963
            ],
            [
              -52.3998,
              -31.4961
            ],
            [
              -52.4014,
              -31.4948
            ],
            [
              -52.4052,
              -31.4946
            ],
            [
              -52.4058,
              -31.495
            ]
          ]
        ]
      },
      "properties": {
        "codarea": "4314407",
        "nome_municipio": "Pelotas",
        "codigo_ibge": 4314407
      }
    },
    {
      "type": "Feature",
      "geometry": {
        "type": "Polygon",
        "coordinates": [
          [
            [
              -52.0102,
              -31.5009
            ],
            [
              -52.0077,
              -31.5003
            ],
            [
              -52.0083,
              -31.4932
            ],
            [
              -52.0035,
              -31.4529
            ],
            [
              -52.0011,
              -31.4409
            ],
            [
              -51.9997,
              -31.4386
            ],
            [
              -51.9967,
              -31.4254
            ],
            [
              -51.995,
              -31.4234
            ],
            [
              -51.9955,
              -31.4212
            ],
            [
              -51.9937,
              -31.4136
            ],
            [
              -51.9913,
              -31.4084
            ],
            [
              -51.9871,
              -31.3945
            ],
            [
              -51.9825,
              -31.3861
            ],
            [
              -51.9806,
              -31.3837
            ],
            [
              -51.9759,
              -31.3804
            ],
            [
              -51.9709,
              -31.3797
            ],
            [
              -51.9698,
              -31.3786
            ],
            [
              -51.9673,
              -31.3779
            ],
            [
              -51.9657,
              -31.379
            ],
            [
              -51.9623,
              -31.379
            ],
            [
              -51.9563,
              -31.3763
            ],
            [
              -51.9518,
              -31.3755
            ],
            [
              -51.9552,
              -31.3738
            ],
            [
              -51.9607,
              -31.373
            ],
            [
              -51.9624,
              -31.37
            ],
            [
              -51.9633,
              -31.3671
            ],
            [
              -51.9632,
              -31.3627
            ],
            [
              -51.9601,
              -31.3528
            ],
            [
              -51.9581,
              -31.3511
            ],
            [
              -51.9535,
              -31.3437
            ],
            [
              -51.9486,
              -31.3393
            ],
            [
              -51.9446,
              -31.3389
            ],
            [
              -51.939,
              -31.3352
            ],
            [
              -51.9327,
              -31.3351
            ],
            [
              -51.923,
              -31.3319
            ],
            [
              -51.9214,
              -31.3279
            ],
            [
              -51.928,
              -31.3289
            ],
            [
              -51.9304,
              -31.3284
            ],
            [
              -51.9314,
              -31.3271
            ],
            [
              -51.9318,
              -31.3211
            ],
            [
              -51.9306,
              -31.3189
            ],
            [
              -51.9258,
              -31.3153
            ],
            [
              -51.9236,
              -31.3147
            ],
            [
              -51.9195,
              -31.3108
            ],
            [
              -51.913,
              -31.31
            ],
            [
              -51.9063,
              -31.3139
            ],
            [
              -51.9024,
              -31.3135
            ],
            [
              -51.8921,
              -31.3157
            ],
            [
              -51.8853,
              -31.32
            ],
            [
              -51.8843,
              -31.3227
            ],
            [
              -51.8808,
              -31.3246
            ],
            [
              -51.8799,
              -31.3238
            ],
            [
              -51.8831,
              -31.3168
            ],
            [
              -51.8821,
              -31.3161
            ],
            [
              -51.8828,
              -31.3148
            ],
            [
              -51.875,
              -31.309
            ],
            [
              -51.8756,
              -31.3057
            ],
            [
              -51.8741,
              -31.304
            ],
            [
              -51.8764,
              -31.3019
            ],
            [
              -51.8761,
              -31.2985
            ],
            [
              -51.8714,
              -31.2934
            ],
            [
              -51.8711,
              -31.2948
            ],
            [
              -51.8668,
              -31.2951
            ],
            [
              -51.8671,
              -31.2966
            ],
            [
              -51.8702,
              -31.2974
            ],
            [
              -51.8723,
              -31.2991
            ],
            [
              -51.8725,
              -31.3003
            ],
            [
              -51.8701,
              -31.3021
            ],
            [
              -51.8696,
              -31.3043
            ],
            [
              -51.8667,
              -31.3077
            ],
            [
              -51.8601,
              -31.3122
            ],
            [
              -51.8575,
              -31.3161
            ],
            [
              -51.857,
              -31.3177
            ],
            [
              -51.8583,
              -31.3214
            ],
            [
              -51.8581,
              -31.3268
            ],
            [
              -51.8597,
              -31.3261
            ],
            [
              -51.8593,
              -31.3282
            ],
            [
              -51.8602,
              -31.3316
            ],
            [
              -51.8552,
              -31.3364
            ],
            [
              -51.8551,
              -31.3352
            ],
            [
              -51.8577,
              -31.3318
            ],
            [
              -51.8561,
              -31.33
            ],
            [
              -51.8502,
              -31.3277
            ],
            [
              -51.8439,
              -31.3232
            ],
            [
              -51.8423,
              -31.3193
            ],
            [
              -51.8396,
              -31.316
            ],
            [
              -51.8339,
              -31.3064
            ],
            [
              -51.8322,
              -31.3048
            ],
            [
              -51.8268,
              -31.3028
            ],
            [
              -51.8264,
              -31.3009
            ],
            [
              -51.823,
              -31.2958
            ],
            [
              -51.8176,
              -31.2918
            ],
            [
              -51.8117,
              -31.2857
            ],
            [
              -51.8081,
              -31.2778
            ],
            [
              -51.8047,
              -31.2746
            ],
            [
              -51.7995,
              -31.2662
            ],
            [
              -51.7991,
              -31.2599
            ],
            [
              -51.8001,
              -31.2571
            ],
            [
              -51.7997,
              -31.2557
            ],
            [
              -51.7984,
              -31.255
            ],
            [
              -51.797,
              -31.2567
            ],
            [
              -51.7961,
              -31.2567
            ],
            [
              -51.7932,
              -31.2545
            ],
            [
              -51.7899,
              -31.2556
            ],
            [
              -51.7886,
              -31.2548
            ],
            [
              -51.7887,
              -31.2536
            ],
            [
              -51.7913,
              -31.2531
            ],
            [
              -51.7917,
              -31.2522
            ],
            [
              -51.7895,
              -31.2517
            ],
            [
              -51.7896,
              -31.249
            ],
            [
              -51.7925,
              -31.2504
            ],
            [
              -51.7937,
              -31.249
            ],
            [
              -51.7899,
              -31.2451
            ],
            [
              -51.7874,
              -31.2457
            ],
            [
              -51.7894,
              -31.2467
            ],
            [
              -51.7894,
              -31.2474
            ],
            [
              -51.7872,
              -31.2483
            ],
            [
              -51.7855,
              -31.2478
            ],
            [
              -51.7868,
              -31.2447
            ],
            [
              -51.7864,
              -31.2427
            ],
            [
              -51.783,
              -31.2358
            ],
            [
              -51.7803,
              -31.2334
            ],
            [
              -51.7829,
              -31.228
            ],
            [
              -51.7859,
              -31.2265
            ],
            [
              -51.7859,
              -31.2246
            ],
            [
              -51.7841,
              -31.2227
            ],
            [
              -51.785,
              -31.2201
            ],
            [
              -51.78,
              -31.2181
            ],
            [
              -51.7797,
              -31.2165
            ],
            [
              -51.7808,
              -31.2156
            ],
            [
              -51.7863,
              -31.2154
            ],
            [
              -51.7887,
              -31.214
            ],
            [
              -51.7883,
              -31.2119
            ],
            [
              -51.7845,
              -31.2099
            ],
            [
              -51.7838,
              -31.2078
            ],
            [
              -51.7842,
              -31.2055
            ],
            [
              -51.7875,
              -31.2008
            ],
            [
              -51.7887,
              -31.1905
            ],
            [
              -51.7942,
              -31.1868
            ],
            [
              -51.7946,
              -31.1847
            ],
            [
              -51.7902,
              -31.1783
            ],
            [
              -51.7898,
              -31.1764
            ],
            [
              -51.7946,
              -31.171
            ],
            [
              -51.7981,
              -31.1684
            ],
            [
              -51.8023,
              -31.1672
            ],
            [
              -51.8063,
              -31.1671
            ],
            [
              -51.8096,
              -31.1685
            ],
            [
              -51.8107,
              -31.1718
            ],
            [
              -51.813,
              -31.1733
            ],
            [
              -51.818,
              -31.1723
            ],
            [
              -51.8207,
              -31.1675
            ],
            [
              -51.8209,
              -31.1648
            ],
            [
              -51.8204,
              -31.1591
            ],
            [
              -51.8158,
              -31.1523
            ],
            [
              -51.8129,
              -31.1494
            ],
            [
              -51.809,
              -31.1466
            ],
            [
              -51.8011,
              -31.1448
            ],
            [
              -51.7916,
              -31.1402
            ],
            [
              -51.7895,
              -31.1236
            ],
            [
              -51.7948,
              -31.1247
            ],
            [
              -51.7977,
              -31.1235
            ],
            [
              -51.8001,
              -31.1236
            ],
            [
              -51.804,
              -31.1254
            ],
            [
              -51.8069,
              -31.1256
            ],
            [
              -51.8091,
              -31.1247
            ],
            [
              -51.8125,
              -31.1216
            ],
            [
              -51.8182,
              -31.121
            ],
            [
              -51.8198,
              -31.1197
            ],
            [
              -51.8218,
              -31.1099
            ],
            [
              -51.8226,
              -31.1089
            ],
            [
              -51.8244,
              -31.108
            ],
            [
              -51.8258,
              -31.1084
            ],
            [
              -51.8268,
              -31.1123
            ],
            [
              -51.8294,
              -31.1133
            ],
            [
              -51.8309,
              -31.1112
            ],
            [
              -51.827,
              -31.1059
            ],
            [
              -51.829,
              -31.1036
            ],
            [
              -51.8316,
              -31.1042
            ],
            [
              -51.8355,
              -31.108
            ],
            [
              -51.8389,
              -31.1079
            ],
            [
              -51.8402,
              -31.1062
            ],
            [
              -51.8379,
              -31.1019
            ],
            [
              -51.8381,
              -31.0997
            ],
            [
              -51.8395,
              -31.0982
            ],
            [
              -51.842,
              -31.0973
            ],
            [
              -51.8484,
              -31.098
            ],
            [
              -51.8518,
              -31.1035
            ],
            [
              -51.8558,
              -31.1042
            ],
            [
              -51.8569,
              -31.1025
            ],
            [
              -51.857,
              -31.1004
            ],
            [
              -51.8554,
              -31.096
            ],
            [
              -51.8567,
              -31.0922
            ],
            [
              -51.8582,
              -31.091
            ],
            [
              -51.8673,
              -31.094
            ],
            [
              -51.8718,
              -31.0912
            ],
            [
              -51.8719,
              -31.0887
            ],
            [
              -51.8681,
              -31.0869
            ],
            [
              -51.8657,
              -31.0849
            ],
            [
              -51.8654,
              -31.0832
            ],
            [
              -51.8698,
              -31.0811
            ],
            [
              -51.8709,
              -31.0795
            ],
            [
              -51.8708,
              -31.0774
            ],
            [
              -51.8699,
              -31.0765
            ],
            [
              -51.8684,
              -31.0766
            ],
            [
              -51.8662,
              -31.0781
            ],
            [
              -51.8645,
              -31.0781
            ],
            [
              -51.8601,
              -31.0725
            ],
            [
              -51.8603,
              -31.0713
            ],
            [
              -51.8655,
              -31.0672
            ],
            [
              -51.8654,
              -31.0619
            ],
            [
              -51.8666,
              -31.0606
            ],
            [
              -51.87,
              -31.0603
            ],
            [
              -51.8723,
              -31.0615
            ],
            [
              -51.8758,
              -31.0606
            ],
            [
              -51.8762,
              -31.0592
            ],
            [
              -51.8749,
              -31.0568
            ],
            [
              -51.8705,
              -31.0559
            ],
            [
              -51.8698,
              -31.0548
            ],
            [
              -51.8711,
              -31.0519
            ],
            [
              -51.8742,
              -31.0514
            ],
            [
              -51.8769,
              -31.0521
            ],
            [
              -51.8807,
              -31.0506
            ],
            [
              -51.8812,
              -31.0482
            ],
            [
              -51.8779,
              -31.0468
            ],
            [
              -51.8764,
              -31.0458
            ],
            [
              -51.8758,
              -31.0436
            ],
            [
              -51.8782,
              -31.041
            ],
            [
              -51.8813,
              -31.0394
            ],
            [
              -51.8802,
              -31.0371
            ],
            [
              -51.8814,
              -31.0368
            ],
            [
              -51.8849,
              -31.0376
            ],
            [
              -51.8926,
              -31.0358
            ],
            [
              -51.8971,
              -31.0358
            ],
            [
              -51.9015,
              -31.0367
            ],
            [
              -51.902,
              -31.0377
            ],
            [
              -51.9008,
              -31.041
            ],
            [
              -51.9022,
              -31.0432
            ],
            [
              -51.9054,
              -31.0438
            ],
            [
              -51.9118,
              -31.0434
            ],
            [
              -51.9171,
              -31.0466
            ],
            [
              -51.9196,
              -31.0439
            ],
            [
              -51.9235,
              -31.0422
            ],
            [
              -51.9242,
              -31.0427
            ],
            [
              -51.9246,
              -31.0458
            ],
            [
              -51.9276,
              -31.0478
            ],
            [
              -51.9322,
              -31.0528
            ],
            [
              -51.9327,
              -31.0543
            ],
            [
              -51.9317,
              -31.0558
            ],
            [
              -51.9338,
              -31.0587
            ],
            [
              -51.9333,
              -31.0604
            ],
            [
              -51.9347,
              -31.0621
            ],
            [
              -51.9345,
              -31.0659
            ],
            [
              -51.9409,
              -31.07
            ],
            [
              -51.9438,
              -31.0738
            ],
            [
              -51.9479,
              -31.0759
            ],
            [
              -51.9505,
              -31.0805
            ],
            [
              -51.9497,
              -31.081
            ],
            [
              -51.9505,
              -31.0828
            ],
            [
              -51.9563,
              -31.0943
            ],
            [
              -51.9474,
              -31.0965
            ],
            [
              -51.945,
              -31.1022
            ],
            [
              -51.9375,
              -31.1016
            ],
            [
              -51.9323,
              -31.1037
            ],
            [
              -51.9329,
              -31.1102
            ],
            [
              -51.9317,
              -31.1115
            ],
            [
              -51.9381,
              -31.1095
            ],
            [
              -51.9375,
              -31.1074
            ],
            [
              -51.938,
              -31.1065
            ],
            [
              -51.9424,
              -31.107
            ],
            [
              -51.9445,
              -31.1052
            ],
            [
              -51.9495,
              -31.1067
            ],
            [
              -51.9583,
              -31.1067
            ],
            [
              -51.9644,
              -31.1037
            ],
            [
              -51.9792,
              -31.1034
            ],
            [
              -51.9873,
              -31.0999
            ],
            [
              -51.9967,
              -31.1
            ],
            [
              -51.9991,
              -31.1019
            ],
            [
              -52.0055,
              -31.1026
            ],
            [
              -52.0082,
              -31.1038
            ],
            [
              -52.0113,
              -31.1077
            ],
            [
              -52.0162,
              -31.11
            ],
            [
              -52.0174,
              -31.1124
            ],
            [
              -52.015,
              -31.119
            ],
            [
              -52.0183,
              -31.1241
            ],
            [
              -52.0168,
              -31.1297
            ],
            [
              -52.0146,
              -31.132
            ],
            [
              -52.0147,
              -31.1378
            ],
            [
              -52.0173,
              -31.143
            ],
            [
              -52.0221,
              -31.1453
            ],
            [
              -52.0226,
              -31.1472
            ],
            [
              -52.0217,
              -31.15
            ],
            [
              -52.0243,
              -31.1521
            ],
            [
              -52.0249,
              -31.1539
            ],
            [
              -52.0238,
              -31.1552
            ],
            [
              -52.0186,
              -31.1568
            ],
            [
              -52.0186,
              -31.1589
            ],
            [
              -52.0203,
              -31.1597
            ],
            [
              -52.025,
              -31.1603
            ],
            [
              -52.026,
              -31.1651
            ],
            [
              -52.025,
              -31.1694
            ],
            [
              -52.0225,
              -31.1735
            ],
            [
              -52.0223,
              -31.1753
            ],
            [
              -52.0248,
              -31.1803
            ],
            [
              -52.0262,
              -31.1809
            ],
            [
              -52.0295,
              -31.168
            ],
            [
              -52.031,
              -31.1496
            ],
            [
              -52.0382,
              -31.1524
            ],
            [
              -52.0391,
              -31.1541
            ],
            [
              -52.0459,
              -31.1564
            ],
            [
              -52.0492,
              -31.1561
            ],
            [
              -52.0495,
              -31.1579
            ],
            [
              -52.0561,
              -31.1603
            ],
            [
              -52.0556,
              -31.1635
            ],
            [
              -52.0565,
              -31.1641
            ],
            [
              -52.0595,
              -31.163
            ],
            [
              -52.06,
              -31.1595
            ],
            [
              -52.0661,
              -31.1578
            ],
            [
              -52.0723,
              -31.1541
            ],
            [
              -52.08,
              -31.1516
            ],
            [
              -52.0887,
              -31.1468
            ],
            [
              -52.09,
              -31.1451
            ],
            [
              -52.0889,
              -31.1401
            ],
            [
              -52.0922,
              -31.1349
            ],
            [
              -52.0954,
              -31.1319
            ],
            [
              -52.1071,
              -31.1101
            ],
            [
              -52.1184,
              -31.1112
            ],
            [
              -52.1228,
              -31.1084
            ],
            [
              -52.1262,
              -31.1076
            ],
            [
              -52.1274,
              -31.1037
            ],
            [
              -52.126,
              -31.1025
            ],
            [
              -52.1245,
              -31.0963
            ],
            [
              -52.1232,
              -31.0945
            ],
            [
              -52.1138,
              -31.0918
            ],
            [
              -52.1164,
              -31.0861
            ],
            [
              -52.1158,
              -31.0816
            ],
            [
              -52.1136,
              -31.0759
            ],
            [
              -52.1145,
              -31.0725
            ],
            [
              -52.1169,
              -31.072
            ],
            [
              -52.1203,
              -31.0693
            ],
            [
              -52.125,
              -31.059
            ],
            [
              -52.1265,
              -31.0575
            ],
            [
              -52.132,
              -31.0556
            ],
            [
              -52.1365,
              -31.0491
            ],
            [
              -52.1395,
              -31.0487
            ],
            [
              -52.1404,
              -31.0465
            ],
            [
              -52.1417,
              -31.0486
            ],
            [
              -52.1439,
              -31.0497
            ],
            [
              -52.1474,
              -31.0502
            ],
            [
              -52.1525,
              -31.0457
            ],
            [
              -52.1557,
              -31.041
            ],
            [
              -52.1513,
              -31.0359
            ],
            [
              -52.144,
              -31.0344
            ],
            [
              -52.1415,
              -31.0327
            ],
            [
              -52.1404,
              -31.0262
            ],
            [
              -52.1332,
              -31.026
            ],
            [
              -52.1279,
              -31.0228
            ],
            [
              -52.1256,
              -31.0229
            ],
            [
              -52.1167,
              -31.0177
            ],
            [
              -52.1143,
              -31.0107
            ],
            [
              -52.1096,
              -31.0072
            ],
            [
              -52.0984,
              -31.0042
            ],
            [
              -52.0936,
              -31.0041
            ],
            [
              -52.0901,
              -31.0034
            ],
            [
              -52.0935,
              -31.001
            ],
            [
              -52.0981,
              -30.9996
            ],
            [
              -52.1041,
              -31.0002
            ],
            [
              -52.1108,
              -30.998
            ],
            [
              -52.1163,
              -30.9993
            ],
            [
              -52.1212,
              -30.9977
            ],
            [
              -52.1243,
              -31.0006
            ],
            [
              -52.1257,
              -31.0002
            ],
            [
              -52.1318,
              -31.0025
            ],
            [
              -52.1341,
              -31.0018
            ],
            [
              -52.1343,
              -31.0032
            ],
            [
              -52.1361,
              -31.0042
            ],
            [
              -52.1361,
              -31.006
            ],
            [
              -52.142,
              -31.006
            ],
            [
              -52.1472,
              -31.0036
            ],
            [
              -52.1524,
              -31.0048
            ],
            [
              -52.1551,
              -31.0046
            ],
            [
              -52.1589,
              -31.0027
            ],
            [
              -52.162,
              -31.0029
            ],
            [
              -52.1642,
              -31.0039
            ],
            [
              -52.1675,
              -31.0036
            ],
            [
              -52.1685,
              -31.0026
            ],
            [
              -52.1701,
              -31.0028
            ],
            [
              -52.1722,
              -31.0018
            ],
            [
              -52.173,
              -31.0006
            ],
            [
              -52.175,
              -31.0014
            ],
            [
              -52.1763,
              -31.0006
            ],
            [
              -52.1762,
              -30.9995
            ],
            [
              -52.179,
              -30.9988
            ],
            [
              -52.1809,
              -30.9994
            ],
            [
              -52.1847,
              -30.9991
            ],
            [
              -52.1874,
              -30.9972
            ],
            [
              -52.1911,
              -30.9976
            ],
            [
              -52.1991,
              -30.9951
            ],
            [
              -52.2071,
              -30.9941
            ],
            [
              -52.21,
              -30.9927
            ],
            [
              -52.2105,
              -30.991
            ],
            [
              -52.2137,
              -30.9903
            ],
            [
              -52.2163,
              -30.987
            ],
            [
              -52.2228,
              -30.9843
            ],
            [
              -52.2318,
              -30.9834
            ],
            [
              -52.2358,
              -30.9847
            ],
            [
              -52.2449,
              -30.9853
            ],
            [
              -52.2499,
              -30.9865
            ],
            [
              -52.2555,
              -30.9903
            ],
            [
              -52.2563,
              -30.9935
            ],
            [
              -52.2591,
              -30.9944
            ],
            [
              -52.2596,
              -30.997
            ],
            [
              -52.259,
              -30.9999
            ],
            [
              -52.2599,
              -31.0033
            ],
            [
              -52.2599,
              -31.0112
            ],
            [
              -52.2621,
              -31.0128
            ],
            [
              -52.2662,
              -31.0129
            ],
            [
              -52.268,
              -31.0142
            ],
            [
              -52.2679,
              -31.0176
            ],
            [
              -52.2662,
              -31.0202
            ],
            [
              -52.2664,
              -31.0215
            ],
            [
              -52.2713,
              -31.026
            ],
            [
              -52.2737,
              -31.0351
            ],
            [
              -52.2753,
              -31.038
            ],
            [
              -52.2789,
              -31.0413
            ],
            [
              -52.2788,
              -31.0432
            ],
            [
              -52.2768,
              -31.0457
            ],
            [
              -52.2773,
              -31.0508
            ],
            [
              -52.2757,
              -31.0529
            ],
            [
              -52.2737,
              -31.0582
            ],
            [
              -52.2735,
              -31.0642
            ],
            [
              -52.2751,
              -31.0677
            ],
            [
              -52.274,
              -31.0713
            ],
            [
              -52.275,
              -31.0732
            ],
            [
              -52.2784,
              -31.0749
            ],
            [
              -52.2804,
              -31.0812
            ],
            [
              -52.2822,
              -31.0834
            ],
            [
              -52.2891,
              -31.0886
            ],
            [
              -52.2923,
              -31.0869
            ],
            [
              -52.2951,
              -31.0904
            ],
            [
              -52.2966,
              -31.0901
            ],
            [
              -52.2987,
              -31.0878
            ],
            [
              -52.3027,
              -31.0902
            ],
            [
              -52.3057,
              -31.0941
            ],
            [
              -52.3083,
              -31.0944
            ],
            [
              -52.31,
              -31.0965
            ],
            [
              -52.3222,
              -31.1002
            ],
            [
              -52.3248,
              -31.1018
            ],
            [
              -52.3303,
              -31.1005
            ],
            [
              -52.3315,
              -31.1029
            ],
            [
              -52.3355,
              -31.1051
            ],
            [
              -52.3371,
              -31.1072
            ],
            [
              -52.3433,
              -31.1041
            ],
            [
              -52.3503,
              -31.1065
            ],
            [
              -52.3549,
              -31.1092
            ],
            [
              -52.3559,
              -31.1182
            ],
            [
              -52.357,
              -31.1198
            ],
            [
              -52.3629,
              -31.1228
            ],
            [
              -52.3647,
              -31.1222
            ],
            [
              -52.3662,
              -31.1227
            ],
            [
              -52.3669,
              -31.1253
            ],
            [
              -52.3652,
              -31.1282
            ],
            [
              -52.3671,
              -31.1295
            ],
            [
              -52.3708,
              -31.1296
            ],
            [
              -52.3701,
              -31.1322
            ],
            [
              -52.3671,
              -31.1329
            ],
            [
              -52.3646,
              -31.135
            ],
            [
              -52.3649,
              -31.1357
            ],
            [
              -52.3671,
              -31.1362
            ],
            [
              -52.3759,
              -31.1359
            ],
            [
              -52.3789,
              -31.1348
            ],
            [
              -52.3811,
              -31.1349
            ],
            [
              -52.3822,
              -31.1335
            ],
            [
              -52.386,
              -31.134
            ],
            [
              -52.3879,
              -31.1392
            ],
            [
              -52.3888,
              -31.1448
            ],
            [
              -52.3901,
              -31.1476
            ],
            [
              -52.3919,
              -31.1475
            ],
            [
              -52.3928,
              -31.1463
            ],
            [
              -52.3945,
              -31.1461
            ],
            [
              -52.4042,
              -31.1481
            ],
            [
              -52.4054,
              -31.1499
            ],
            [
              -52.409,
              -31.152
            ],
            [
              -52.4059,
              -31.1574
            ],
            [
              -52.4116,
              -31.162
            ],
            [
              -52.4092,
              -31.1643
            ],
            [
              -52.4096,
              -31.1672
            ],
            [
              -52.4158,
              -31.1713
            ],
            [
              -52.4149,
              -31.1744
            ],
            [
              -52.4193,
              -31.1776
            ],
            [
              -52.4184,
              -31.1798
            ],
            [
              -52.4244,
              -31.1794
            ],
            [
              -52.4258,
              -31.1823
            ],
            [
              -52.4222,
              -31.1856
            ],
            [
              -52.4223,
              -31.1886
            ],
            [
              -52.4208,
              -31.1891
            ],
            [
              -52.4231,
              -31.1903
            ],
            [
              -52.4275,
              -31.1894
            ],
            [
              -52.4282,
              -31.1923
            ],
            [
              -52.4331,
              -31.1975
            ],
            [
              -52.4332,
              -31.1994
            ],
            [
              -52.4361,
              -31.2023
            ],
            [
              -52.4436,
              -31.2039
            ],
            [
              -52.4443,
              -31.2048
            ],
            [
              -52.4443,
              -31.2103
            ],
            [
              -52.4477,
              -31.2123
            ],
            [
              -52.4486,
              -31.2141
            ],
            [
              -52.4508,
              -31.2132
            ],
            [
              -52.457,
              -31.2136
            ],
            [
              -52.4584,
              -31.2152
            ],
            [
              -52.4587,
              -31.2174
            ],
            [
              -52.4595,
              -31.2178
            ],
            [
              -52.4607,
              -31.2163
            ],
            [
              -52.4607,
              -31.2146
            ],
            [
              -52.4624,
              -31.2147
            ],
            [
              -52.4635,
              -31.2197
            ],
            [
              -52.4646,
              -31.2211
            ],
            [
              -52.4699,
              -31.2214
            ],
            [
              -52.4693,
              -31.2252
            ],
            [
              -52.4706,
              -31.2262
            ],
            [
              -52.4736,
              -31.2316
            ],
            [
              -52.4721,
              -31.233
            ],
            [
              -52.4724,
              -31.235
            ],
            [
              -52.4706,
              -31.2367
            ],
            [
              -52.4701,
              -31.2392
            ],
            [
              -52.4717,
              -31.24
            ],
            [
              -52.4721,
              -31.2421
            ],
            [
              -52.475,
              -31.2436
            ],
            [
              -52.4753,
              -31.245
            ],
            [
              -52.4672,
              -31.2504
            ],
            [
              -52.4665,
              -31.2538
            ],
            [
              -52.4628,
              -31.2553
            ],
            [
              -52.4619,
              -31.2568
            ],
            [
              -52.4599,
              -31.2577
            ],
            [
              -52.46,
              -31.2597
            ],
            [
              -52.4592,
              -31.2611
            ],
            [
              -52.4602,
              -31.2626
            ],
            [
              -52.4605,
              -31.2702
            ],
            [
              -52.459,
              -31.2719
            ],
            [
              -52.4539,
              -31.2727
            ],
            [
              -52.4498,
              -31.271
            ],
            [
              -52.4485,
              -31.273
            ],
            [
              -52.4453,
              -31.2753
            ],
            [
              -52.4449,
              -31.2763
            ],
            [
              -52.4426,
              -31.2771
            ],
            [
              -52.4428,
              -31.2785
            ],
            [
              -52.4397,
              -31.2814
            ],
            [
              -52.441,
              -31.2837
            ],
            [
              -52.4397,
              -31.2841
            ],
            [
              -52.4386,
              -31.2866
            ],
            [
              -52.4401,
              -31.2884
            ],
            [
              -52.4387,
              -31.2914
            ],
            [
              -52.4367,
              -31.2923
            ],
            [
              -52.4366,
              -31.2936
            ],
            [
              -52.4351,
              -31.294
            ],
            [
              -52.4341,
              -31.2971
            ],
            [
              -52.4319,
              -31.2988
            ],
            [
              -52.4317,
              -31.2998
            ],
            [
              -52.4335,
              -31.3004
            ],
            [
              -52.4335,
              -31.3013
            ],
            [
              -52.43,
              -31.302
            ],
            [
              -52.432,
              -31.3051
            ],
            [
              -52.4293,
              -31.3058
            ],
            [
              -52.4287,
              -31.3048
            ],
            [
              -52.4267,
              -31.3047
            ],
            [
              -52.426,
              -31.3084
            ],
            [
              -52.4241,
              -31.31
            ],
            [
              -52.425,
              -31.3116
            ],
            [
              -52.4261,
              -31.3119
            ],
            [
              -52.4256,
              -31.3138
            ],
            [
              -52.4266,
              -31.3139
            ],
            [
              -52.4279,
              -31.3158
            ],
            [
              -52.4263,
              -31.3164
            ],
            [
              -52.4265,
              -31.3173
            ],
            [
              -52.4246,
              -31.3176
            ],
            [
              -52.4234,
              -31.3196
            ],
            [
              -52.424,
              -31.3212
            ],
            [
              -52.4232,
              -31.3242
            ],
            [
              -52.4258,
              -31.3272
            ],
            [
              -52.4223,
              -31.3294
            ],
            [
              -52.4238,
              -31.3338
            ],
            [
              -52.4227,
              -31.3363
            ],
            [
              -52.4218,
              -31.3379
            ],
            [
              -52.4202,
              -31.3376
            ],
            [
              -52.4186,
              -31.3397
            ],
            [
              -52.4174,
              -31.3394
            ],
            [
              -52.4158,
              -31.3412
            ],
            [
              -52.4143,
              -31.3404
            ],
            [
              -52.41,
              -31.3428
            ],
            [
              -52.4084,
              -31.3463
            ],
            [
              -52.409,
              -31.3475
            ],
            [
              -52.4121,
              -31.3487
            ],
            [
              -52.4106,
              -31.3508
            ],
            [
              -52.3996,
              -31.3571
            ],
            [
              -52.3912,
              -31.3554
            ],
            [
              -52.3875,
              -31.3537
            ],
            [
              -52.3856,
              -31.3517
            ],
            [
              -52.3815,
              -31.3524
            ],
            [
              -52.3772,
              -31.3567
            ],
            [
              -52.3725,
              -31.3543
            ],
            [
              -52.3624,
              -31.3543
            ],
            [
              -52.3595,
              -31.357
            ],
            [
              -52.3564,
              -31.3557
            ],
            [
              -52.347,
              -31.3583
            ],
            [
              -52.3411,
              -31.3584
            ],
            [
              -52.3381,
              -31.3598
            ],
            [
              -52.33,
              -31.3588
            ],
            [
              -52.3234,
              -31.3628
            ],
            [
              -52.3184,
              -31.3623
            ],
            [
              -52.3152,
              -31.3605
            ],
            [
              -52.3143,
              -31.3618
            ],
            [
              -52.3082,
              -31.3653
            ],
            [
              -52.3033,
              -31.3638
            ],
            [
              -52.3012,
              -31.3641
            ],
            [
              -52.293,
              -31.368
            ],
            [
              -52.2923,
              -31.3705
            ],
            [
              -52.2935,
              -31.3759
            ],
            [
              -52.2899,
              -31.3828
            ],
            [
              -52.2889,
              -31.3838
            ],
            [
              -52.2806,
              -31.3861
            ],
            [
              -52.2794,
              -31.3873
            ],
            [
              -52.2807,
              -31.3885
            ],
            [
              -52.2774,
              -31.3905
            ],
            [
              -52.2717,
              -31.3908
            ],
            [
              -52.2651,
              -31.3927
            ],
            [
              -52.2599,
              -31.3913
            ],
            [
              -52.2517,
              -31.3907
            ],
            [
              -52.2472,
              -31.3892
            ],
            [
              -52.2382,
              -31.3887
            ],
            [
              -52.236,
              -31.3889
            ],
            [
              -52.2296,
              -31.3927
            ],
            [
              -52.2294,
              -31.3912
            ],
            [
              -52.2276,
              -31.3892
            ],
            [
              -52.2218,
              -31.3866
            ],
            [
              -52.223,
              -31.3817
            ],
            [
              -52.2214,
              -31.3808
            ],
            [
              -52.2136,
              -31.3802
            ],
            [
              -52.2057,
              -31.3775
            ],
            [
              -52.1975,
              -31.3798
            ],
            [
              -52.1956,
              -31.3793
            ],
            [
              -52.1886,
              -31.383
            ],
            [
              -52.1842,
              -31.3823
            ],
            [
              -52.1814,
              -31.3831
            ],
            [
              -52.1765,
              -31.391
            ],
            [
              -52.1616,
              -31.4031
            ],
            [
              -52.1651,
              -31.4059
            ],
            [
              -52.1683,
              -31.4112
            ],
            [
              -52.1639,
              -31.415
            ],
            [
              -52.1607,
              -31.4138
            ],
            [
              -52.1575,
              -31.4147
            ],
            [
              -52.151,
              -31.4183
            ],
            [
              -52.1391,
              -31.4269
            ],
            [
              -52.1356,
              -31.4277
            ],
            [
              -52.1332,
              -31.4268
            ],
            [
              -52.1309,
              -31.427
            ],
            [
              -52.1236,
              -31.429
            ],
            [
              -52.1228,
              -31.4303
            ],
            [
              -52.1229,
              -31.4323
            ],
            [
              -52.1211,
              -31.4346
            ],
            [
              -52.1208,
              -31.4373
            ],
            [
              -52.1183,
              -31.4409
            ],
            [
              -52.1194,
              -31.4423
            ],
            [
              -52.1188,
              -31.4448
            ],
            [
              -52.1143,
              -31.4494
            ],
            [
              -52.1098,
              -31.4506
            ],
            [
              -52.107,
              -31.4522
            ],
            [
              -52.1065,
              -31.456
            ],
            [
              -52.1076,
              -31.4581
            ],
            [
              -52.105,
              -31.4602
            ],
            [
              -52.1067,
              -31.4612
            ],
            [
              -52.107,
              -31.4632
            ],
            [
              -52.1043,
              -31.466
            ],
            [
              -52.1011,
              -31.4721
            ],
            [
              -52.0944,
              -31.4771
            ],
            [
              -52.0922,
              -31.4779
            ],
            [
              -52.0873,
              -31.4821
            ],
            [
              -52.0814,
              -31.4827
            ],
            [
              -52.0753,
              -31.4849
            ],
            [
              -52.0715,
              -31.4898
            ],
            [
              -52.0679,
              -31.4904
            ],
            [
              -52.067,
              -31.4928
            ],
            [
              -52.0685,
              -31.4936
            ],
            [
              -52.0691,
              -31.4954
            ],
            [
              -52.0665,
              -31.497
            ],
            [
              -52.0661,
              -31.4991
            ],
            [
              -52.0633,
              -31.5007
            ],
            [
              -52.0609,
              -31.5029
            ],
            [
              -52.0583,
              -31.5045
            ],
            [
              -52.059,
              -31.5065
            ],
            [
              -52.0581,
              -31.5085
            ],
            [
              -52.0567,
              -31.5084
            ],
            [
              -52.055,
              -31.5107
            ],
            [
              -52.0511,
              -31.511
            ],
            [
              -52.0537,
              -31.5123
            ],
            [
              -52.054,
              -31.5132
            ],
            [
              -52.0523,
              -31.5143
            ],
            [
              -52.0495,
              -31.5125
            ],
            [
              -52.0477,
              -31.513
            ],
            [
              -52.0493,
              -31.5155
            ],
            [
              -52.0462,
              -31.5167
            ],
            [
              -52.0456,
              -31.5191
            ],
            [
              -52.0484,
              -31.5213
            ],
            [
              -52.0477,
              -31.5223
            ],
            [
              -52.0414,
              -31.519
            ],
            [
              -52.0337,
              -31.5208
            ],
            [
              -52.0326,
              -31.519
            ],
            [
              -52.0339,
              -31.515
            ],
            [
              -52.0326,
              -31.5113
            ],
            [
              -52.0338,
              -31.5072
            ],
            [
              -52.033,
              -31.5056
            ],
            [
              -52.0291,
              -31.5059
            ],
            [
              -52.022,
              -31.5025
            ],
            [
              -52.0164,
              -31.5036
            ],
            [
              -52.0102,
              -31.5009
            ]
          ]
        ]
      },
      "properties": {
        "codarea": "4318804",
        "nome_municipio": "São Lourenço do Sul",
        "codigo_ibge": 4318804
      }
    },
    {
      "type": "Feature",
      "geometry": {
        "type": "Polygon",
        "coordinates": [
          [
            [
              -52.2774,
              -31.3905
            ],
            [
              -52.2798,
              -31.3921
            ],
            [
              -52.2815,
              -31.3945
            ],
            [
              -52.2838,
              -31.3961
            ],
            [
              -52.285,
              -31.3989
            ],
            [
              -52.286,
              -31.4003
            ],
            [
              -52.2829,
              -31.4019
            ],
            [
              -52.2826,
              -31.4025
            ],
            [
              -52.2796,
              -31.4052
            ],
            [
              -52.2785,
              -31.4057
            ],
            [
              -52.2799,
              -31.4084
            ],
            [
              -52.28,
              -31.4103
            ],
            [
              -52.2809,
              -31.4112
            ],
            [
              -52.282,
              -31.4141
            ],
            [
              -52.2828,
              -31.4147
            ],
            [
              -52.2821,
              -31.4177
            ],
            [
              -52.2846,
              -31.42
            ],
            [
              -52.2847,
              -31.4212
            ],
            [
              -52.2825,
              -31.4254
            ],
            [
              -52.2818,
              -31.426
            ],
            [
              -52.2791,
              -31.4267
            ],
            [
              -52.2816,
              -31.4281
            ],
            [
              -52.2857,
              -31.4275
            ],
            [
              -52.2872,
              -31.4276
            ],
            [
              -52.2907,
              -31.4284
            ],
            [
              -52.2986,
              -31.4321
            ],
            [
              -52.3006,
              -31.4348
            ],
            [
              -52.3058,
              -31.4363
            ],
            [
              -52.3062,
              -31.4379
            ],
            [
              -52.3087,
              -31.4404
            ],
            [
              -52.3067,
              -31.4434
            ],
            [
              -52.3061,
              -31.4461
            ],
            [
              -52.3066,
              -31.4484
            ],
            [
              -52.3052,
              -31.4505
            ],
            [
              -52.3052,
              -31.4518
            ],
            [
              -52.3034,
              -31.4552
            ],
            [
              -52.3025,
              -31.456
            ],
            [
              -52.3025,
              -31.4576
            ],
            [
              -52.3053,
              -31.4585
            ],
            [
              -52.3052,
              -31.4598
            ],
            [
              -52.3073,
              -31.4601
            ],
            [
              -52.309,
              -31.461
            ],
            [
              -52.3083,
              -31.4634
            ],
            [
              -52.3088,
              -31.4678
            ],
            [
              -52.3054,
              -31.4723
            ],
            [
              -52.305,
              -31.475
            ],
            [
              -52.3024,
              -31.4764
            ],
            [
              -52.3019,
              -31.4776
            ],
            [
              -52.3045,
              -31.4811
            ],
            [
              -52.3046,
              -31.4833
            ],
            [
              -52.302,
              -31.4876
            ],
            [
              -52.3014,
              -31.4898
            ],
            [
              -52.2995,
              -31.4905
            ],
            [
              -52.2972,
              -31.4896
            ],
            [
              -52.2977,
              -31.4863
            ],
            [
              -52.2945,
              -31.484
            ],
            [
              -52.2951,
              -31.4802
            ],
            [
              -52.2961,
              -31.4783
            ],
            [
              -52.2962,
              -31.4768
            ],
            [
              -52.2945,
              -31.4755
            ],
            [
              -52.2902,
              -31.4756
            ],
            [
              -52.2895,
              -31.4747
            ],
            [
              -52.2526,
              -31.4511
            ],
            [
              -52.2487,
              -31.4499
            ],
            [
              -52.2474,
              -31.4484
            ],
            [
              -52.2455,
              -31.448
            ],
            [
              -52.2436,
              -31.4466
            ],
            [
              -52.238,
              -31.4447
            ],
            [
              -52.2376,
              -31.4481
            ],
            [
              -52.2345,
              -31.4501
            ],
            [
              -52.2322,
              -31.4494
            ],
            [
              -52.2311,
              -31.4484
            ],
            [
              -52.2276,
              -31.4473
            ],
            [
              -52.213,
              -31.4585
            ],
            [
              -52.2087,
              -31.4594
            ],
            [
              -52.2123,
              -31.4672
            ],
            [
              -52.2135,
              -31.4804
            ],
            [
              -52.2116,
              -31.4801
            ],
            [
              -52.2089,
              -31.4805
            ],
            [
              -52.2055,
              -31.4821
            ],
            [
              -52.2016,
              -31.4827
            ],
            [
              -52.1997,
              -31.4835
            ],
            [
              -52.1974,
              -31.4838
            ],
            [
              -52.1952,
              -31.4846
            ],
            [
              -52.1916,
              -31.4836
            ],
            [
              -52.1908,
              -31.4841
            ],
            [
              -52.1903,
              -31.4861
            ],
            [
              -52.1881,
              -31.4863
            ],
            [
              -52.1852,
              -31.484
            ],
            [
              -52.1831,
              -31.4844
            ],
            [
              -52.1825,
              -31.4873
            ],
            [
              -52.1813,
              -31.4893
            ],
            [
              -52.1772,
              -31.4918
            ],
            [
              -52.1761,
              -31.4929
            ],
            [
              -52.1749,
              -31.4961
            ],
            [
              -52.1731,
              -31.4984
            ],
            [
              -52.1697,
              -31.4987
            ],
            [
              -52.169,
              -31.4991
            ],
            [
              -52.1691,
              -31.5011
            ],
            [
              -52.1713,
              -31.5016
            ],
            [
              -52.173,
              -31.5041
            ],
            [
              -52.1716,
              -31.5057
            ],
            [
              -52.1745,
              -31.51
            ],
            [
              -52.1768,
              -31.5099
            ],
            [
              -52.1779,
              -31.5119
            ],
            [
              -52.177,
              -31.5148
            ],
            [
              -52.1758,
              -31.5161
            ],
            [
              -52.1748,
              -31.5183
            ],
            [
              -52.1736,
              -31.5192
            ],
            [
              -52.1697,
              -31.5197
            ],
            [
              -52.1669,
              -31.5178
            ],
            [
              -52.1648,
              -31.518
            ],
            [
              -52.1638,
              -31.5202
            ],
            [
              -52.1659,
              -31.5231
            ],
            [
              -52.1646,
              -31.525
            ],
            [
              -52.1645,
              -31.5271
            ],
            [
              -52.1617,
              -31.5297
            ],
            [
              -52.1618,
              -31.5319
            ],
            [
              -52.1595,
              -31.5332
            ],
            [
              -52.1584,
              -31.5349
            ],
            [
              -52.1548,
              -31.5356
            ],
            [
              -52.1539,
              -31.5347
            ],
            [
              -52.1522,
              -31.5344
            ],
            [
              -52.1504,
              -31.5359
            ],
            [
              -52.1488,
              -31.5357
            ],
            [
              -52.149,
              -31.5375
            ],
            [
              -52.1475,
              -31.5385
            ],
            [
              -52.1484,
              -31.5411
            ],
            [
              -52.1467,
              -31.5433
            ],
            [
              -52.1436,
              -31.5447
            ],
            [
              -52.1425,
              -31.5438
            ],
            [
              -52.1411,
              -31.5451
            ],
            [
              -52.1398,
              -31.5453
            ],
            [
              -52.1397,
              -31.5435
            ],
            [
              -52.1377,
              -31.5427
            ],
            [
              -52.1381,
              -31.5451
            ],
            [
              -52.1371,
              -31.546
            ],
            [
              -52.1354,
              -31.5459
            ],
            [
              -52.1344,
              -31.5476
            ],
            [
              -52.1348,
              -31.5502
            ],
            [
              -52.1329,
              -31.5523
            ],
            [
              -52.1309,
              -31.5534
            ],
            [
              -52.1305,
              -31.5551
            ],
            [
              -52.1336,
              -31.5559
            ],
            [
              -52.1367,
              -31.5555
            ],
            [
              -52.138,
              -31.5568
            ],
            [
              -52.137,
              -31.5607
            ],
            [
              -52.1356,
              -31.5634
            ],
            [
              -52.1327,
              -31.5637
            ],
            [
              -52.1308,
              -31.5647
            ],
            [
              -52.1307,
              -31.5632
            ],
            [
              -52.1279,
              -31.5625
            ],
            [
              -52.129,
              -31.5613
            ],
            [
              -52.1281,
              -31.5593
            ],
            [
              -52.1256,
              -31.5594
            ],
            [
              -52.1243,
              -31.5602
            ],
            [
              -52.1241,
              -31.5631
            ],
            [
              -52.1231,
              -31.5644
            ],
            [
              -52.1202,
              -31.565
            ],
            [
              -52.1188,
              -31.5637
            ],
            [
              -52.1177,
              -31.5606
            ],
            [
              -52.1161,
              -31.5593
            ],
            [
              -52.1145,
              -31.5586
            ],
            [
              -52.1122,
              -31.5592
            ],
            [
              -52.1118,
              -31.5622
            ],
            [
              -52.1105,
              -31.5628
            ],
            [
              -52.107,
              -31.5633
            ],
            [
              -52.105,
              -31.5644
            ],
            [
              -52.1054,
              -31.562
            ],
            [
              -52.1071,
              -31.5625
            ],
            [
              -52.1104,
              -31.5602
            ],
            [
              -52.1114,
              -31.555
            ],
            [
              -52.1077,
              -31.5558
            ],
            [
              -52.1054,
              -31.5549
            ],
            [
              -52.1033,
              -31.5534
            ],
            [
              -52.1007,
              -31.5536
            ],
            [
              -52.0997,
              -31.5527
            ],
            [
              -52.0977,
              -31.5522
            ],
            [
              -52.0963,
              -31.5514
            ],
            [
              -52.0929,
              -31.5508
            ],
            [
              -52.0917,
              -31.551
            ],
            [
              -52.0883,
              -31.5499
            ],
            [
              -52.0867,
              -31.55
            ],
            [
              -52.0856,
              -31.5513
            ],
            [
              -52.0828,
              -31.551
            ],
            [
              -52.0797,
              -31.5511
            ],
            [
              -52.0752,
              -31.552
            ],
            [
              -52.0694,
              -31.5543
            ],
            [
              -52.0673,
              -31.5547
            ],
            [
              -52.065,
              -31.5558
            ],
            [
              -52.0546,
              -31.5582
            ],
            [
              -52.0459,
              -31.5598
            ],
            [
              -52.0478,
              -31.5604
            ],
            [
              -52.0481,
              -31.5614
            ],
            [
              -52.0468,
              -31.5628
            ],
            [
              -52.0447,
              -31.5631
            ],
            [
              -52.0434,
              -31.5624
            ],
            [
              -52.0435,
              -31.561
            ],
            [
              -52.0413,
              -31.5598
            ],
            [
              -52.0399,
              -31.56
            ],
            [
              -52.0379,
              -31.5628
            ],
            [
              -52.0385,
              -31.5659
            ],
            [
              -52.0364,
              -31.5685
            ],
            [
              -52.0368,
              -31.5697
            ],
            [
              -52.0391,
              -31.572
            ],
            [
              -52.0429,
              -31.5706
            ],
            [
              -52.0444,
              -31.5681
            ],
            [
              -52.0457,
              -31.5684
            ],
            [
              -52.0469,
              -31.5701
            ],
            [
              -52.0468,
              -31.5713
            ],
            [
              -52.0475,
              -31.5732
            ],
            [
              -52.0448,
              -31.5735
            ],
            [
              -52.0411,
              -31.5744
            ],
            [
              -52.0385,
              -31.5771
            ],
            [
              -52.038,
              -31.5792
            ],
            [
              -52.0383,
              -31.5826
            ],
            [
              -52.0379,
              -31.5866
            ],
            [
              -52.0396,
              -31.5915
            ],
            [
              -52.0393,
              -31.5928
            ],
            [
              -52.0366,
              -31.5946
            ],
            [
              -52.034,
              -31.5941
            ],
            [
              -52.0331,
              -31.5933
            ],
            [
              -52.0326,
              -31.5901
            ],
            [
              -52.0318,
              -31.589
            ],
            [
              -52.0298,
              -31.5878
            ],
            [
              -52.027,
              -31.5878
            ],
            [
              -52.0252,
              -31.5884
            ],
            [
              -52.0234,
              -31.5897
            ],
            [
              -52.0227,
              -31.5925
            ],
            [
              -52.0232,
              -31.5943
            ],
            [
              -52.0218,
              -31.5963
            ],
            [
              -52.0165,
              -31.5978
            ],
            [
              -52.0135,
              -31.5972
            ],
            [
              -52.0109,
              -31.5941
            ],
            [
              -52.0122,
              -31.5884
            ],
            [
              -52.0114,
              -31.5857
            ],
            [
              -52.0137,
              -31.5818
            ],
            [
              -52.0156,
              -31.57
            ],
            [
              -52.0181,
              -31.5479
            ],
            [
              -52.0179,
              -31.5403
            ],
            [
              -52.0155,
              -31.5258
            ],
            [
              -52.0095,
              -31.503
            ],
            [
              -52.0102,
              -31.5009
            ],
            [
              -52.0164,
              -31.5036
            ],
            [
              -52.022,
              -31.5025
            ],
            [
              -52.0291,
              -31.5059
            ],
            [
              -52.033,
              -31.5056
            ],
            [
              -52.0338,
              -31.5072
            ],
            [
              -52.0326,
              -31.5113
            ],
            [
              -52.0339,
              -31.515
            ],
            [
              -52.0326,
              -31.519
            ],
            [
              -52.0337,
              -31.5208
            ],
            [
              -52.0414,
              -31.519
            ],
            [
              -52.0477,
              -31.5223
            ],
            [
              -52.0484,
              -31.5213
            ],
            [
              -52.0456,
              -31.5191
            ],
            [
              -52.0462,
              -31.5167
            ],
            [
              -52.0493,
              -31.5155
            ],
            [
              -52.0477,
              -31.513
            ],
            [
              -52.0495,
              -31.5125
            ],
            [
              -52.0523,
              -31.5143
            ],
            [
              -52.054,
              -31.5132
            ],
            [
              -52.0537,
              -31.5123
            ],
            [
              -52.0511,
              -31.511
            ],
            [
              -52.055,
              -31.5107
            ],
            [
              -52.0567,
              -31.5084
            ],
            [
              -52.0581,
              -31.5085
            ],
            [
              -52.059,
              -31.5065
            ],
            [
              -52.0583,
              -31.5045
            ],
            [
              -52.0609,
              -31.5029
            ],
            [
              -52.0633,
              -31.5007
            ],
            [
              -52.0661,
              -31.4991
            ],
            [
              -52.0665,
              -31.497
            ],
            [
              -52.0691,
              -31.4954
            ],
            [
              -52.0685,
              -31.4936
            ],
            [
              -52.067,
              -31.4928
            ],
            [
              -52.0679,
              -31.4904
            ],
            [
              -52.0715,
              -31.4898
            ],
            [
              -52.0753,
              -31.4849
            ],
            [
              -52.0814,
              -31.4827
            ],
            [
              -52.0873,
              -31.4821
            ],
            [
              -52.0922,
              -31.4779
            ],
            [
              -52.0944,
              -31.4771
            ],
            [
              -52.1011,
              -31.4721
            ],
            [
              -52.1043,
              -31.466
            ],
            [
              -52.107,
              -31.4632
            ],
            [
              -52.1067,
              -31.4612
            ],
            [
              -52.105,
              -31.4602
            ],
            [
              -52.1076,
              -31.4581
            ],
            [
              -52.1065,
              -31.456
            ],
            [
              -52.107,
              -31.4522
            ],
            [
              -52.1098,
              -31.4506
            ],
            [
              -52.1143,
              -31.4494
            ],
            [
              -52.1188,
              -31.4448
            ],
            [
              -52.1194,
              -31.4423
            ],
            [
              -52.1183,
              -31.4409
            ],
            [
              -52.1208,
              -31.4373
            ],
            [
              -52.1211,
              -31.4346
            ],
            [
              -52.1229,
              -31.4323
            ],
            [
              -52.1228,
              -31.4303
            ],
            [
              -52.1236,
              -31.429
            ],
            [
              -52.1309,
              -31.427
            ],
            [
              -52.1332,
              -31.4268
            ],
            [
              -52.1356,
              -31.4277
            ],
            [
              -52.1391,
              -31.4269
            ],
            [
              -52.151,
              -31.4183
            ],
            [
              -52.1575,
              -31.4147
            ],
            [
              -52.1607,
              -31.4138
            ],
            [
              -52.1639,
              -31.415
            ],
            [
              -52.1683,
              -31.4112
            ],
            [
              -52.1651,
              -31.4059
            ],
            [
              -52.1616,
              -31.4031
            ],
            [
              -52.1765,
              -31.391
            ],
            [
              -52.1814,
              -31.3831
            ],
            [
              -52.1842,
              -31.3823
            ],
            [
              -52.1886,
              -31.383
            ],
            [
              -52.1956,
              -31.3793
            ],
            [
              -52.1975,
              -31.3798
            ],
            [
              -52.2057,
              -31.3775
            ],
            [
              -52.2136,
              -31.3802
            ],
            [
              -52.2214,
              -31.3808
            ],
            [
              -52.223,
              -31.3817
            ],
            [
              -52.2218,
              -31.3866
            ],
            [
              -52.2276,
              -31.3892
            ],
            [
              -52.2294,
              -31.3912
            ],
            [
              -52.2296,
              -31.3927
            ],
            [
              -52.236,
              -31.3889
            ],
            [
              -52.2382,
              -31.3887
            ],
            [
              -52.2472,
              -31.3892
            ],
            [
              -52.2517,
              -31.3907
            ],
            [
              -52.2599,
              -31.3913
            ],
            [
              -52.2651,
              -31.3927
            ],
            [
              -52.2717,
              -31.3908
            ],
            [
              -52.2774,
              -31.3905
            ]
          ]
        ]
      },
      "properties": {
        "codarea": "4322327",
        "nome_municipio": "Turuçu",
        "codigo_ibge": 4322327
      }
    }
  ]
}