{
  "type": "FeatureCollection",
  "nome_ig": "Região de São Joaquim",
  "features": [
    {
      "type": "Feature",
      "geometry": {
        "type": "Polygon",
        "coordinates": [
          [
            [
              -49.8497,
              -28.1025
            ],
            [
              -49.8509,
              -28.1008
            ],
            [
              -49.8529,
              -28.1007
            ],
            [
              -49.8558,
              -28.1026
            ],
            [
              -49.8583,
              -28.1021
            ],
            [
              -49.86,
              -28.1023
            ],
            [
              -49.8638,
              -28.1017
            ],
            [
              -49.8653,
              -28.0984
            ],
            [
              -49.8665,
              -28.0972
            ],
            [
              -49.8696,
              -28.0967
            ],
            [
              -49.8728,
              -28.0999
            ],
            [
              -49.8759,
              -28.1012
            ],
            [
              -49.8781,
              -28.1032
            ],
            [
              -49.878,
              -28.1047
            ],
            [
              -49.8758,
              -28.1067
            ],
            [
              -49.874,
              -28.1089
            ],
            [
              -49.8735,
              -28.1109
            ],
            [
              -49.8745,
              -28.1121
            ],
            [
              -49.8786,
              -28.1117
            ],
            [
              -49.8813,
              -28.1105
            ],
            [
              -49.8831,
              -28.1093
            ],
            [
              -49.8834,
              -28.1082
            ],
            [
              -49.8825,
              -28.1057
            ],
            [
              -49.8837,
              -28.1039
            ],
            [
              -49.8845,
              -28.1015
            ],
            [
              -49.885,
              -28.0979
            ],
            [
              -49.8857,
              -28.097
            ],
            [
              -49.8881,
              -28.0961
            ],
            [
              -49.8919,
              -28.0963
            ],
            [
              -49.8933,
              -28.0956
            ],
            [
              -49.8954,
              -28.0932
            ],
            [
              -49.8982,
              -28.0926
            ],
            [
              -49.8997,
              -28.093
            ],
            [
              -49.9008,
              -28.094
            ],
            [
              -49.9038,
              -28.096
            ],
            [
              -49.905,
              -28.0976
            ],
            [
              -49.9049,
              -28.0995
            ],
            [
              -49.9031,
              -28.1018
            ],
            [
              -49.9031,
              -28.1033
            ],
            [
              -49.9041,
              -28.1038
            ],
            [
              -49.9072,
              -28.103
            ],
            [
              -49.9093,
              -28.1029
            ],
            [
              -49.9083,
              -28.1047
            ],
            [
              -49.9051,
              -28.1062
            ],
            [
              -49.9038,
              -28.1079
            ],
            [
              -49.9042,
              -28.1102
            ],
            [
              -49.9055,
              -28.1111
            ],
            [
              -49.9073,
              -28.1115
            ],
            [
              -49.9091,
              -28.1106
            ],
            [
              -49.9143,
              -28.1093
            ],
            [
              -49.918,
              -28.1066
            ],
            [
              -49.9184,
              -28.1039
            ],
            [
              -49.918,
              -28.1024
            ],
            [
              -49.9185,
              -28.1002
            ],
            [
              -49.9202,
              -28.099
            ],
            [
              -49.9236,
              -28.0985
            ],
            [
              -49.9258,
              -28.0966
            ],
            [
              -49.9276,
              -28.097
            ],
            [
              -49.9285,
              -28.1002
            ],
            [
              -49.9301,
              -28.1029
            ],
            [
              -49.9329,
              -28.1022
            ],
            [
              -49.9358,
              -28.0995
            ],
            [
              -49.9373,
              -28.0988
            ],
            [
              -49.9409,
              -28.0983
            ],
            [
              -49.9416,
              -28.0987
            ],
            [
              -49.9421,
              -28.1022
            ],
            [
              -49.9417,
              -28.1037
            ],
            [
              -49.9404,
              -28.1064
            ],
            [
              -49.9402,
              -28.1084
            ],
            [
              -49.9408,
              -28.1106
            ],
            [
              -49.9424,
              -28.1112
            ],
            [
              -49.944,
              -28.1107
            ],
            [
              -49.9476,
              -28.1085
            ],
            [
              -49.9489,
              -28.107
            ],
            [
              -49.9516,
              -28.1032
            ],
            [
              -49.9543,
              -28.0973
            ],
            [
              -49.9583,
              -28.096
            ],
            [
              -49.9607,
              -28.0966
            ],
            [
              -49.9618,
              -28.098
            ],
            [
              -49.9636,
              -28.0991
            ],
            [
              -49.9656,
              -28.0982
            ],
            [
              -49.9678,
              -28.0977
            ],
            [
              -49.9686,
              -28.099
            ],
            [
              -49.9699,
              -28.1039
            ],
            [
              -49.9735,
              -28.1077
            ],
            [
              -49.9738,
              -28.109
            ],
            [
              -49.975,
              -28.1093
            ],
            [
              -49.9772,
              -28.105
            ],
            [
              -49.9789,
              -28.1036
            ],
            [
              -49.9783,
              -28.1022
            ],
            [
              -49.9761,
              -28.1019
            ],
            [
              -49.9756,
              -28.1001
            ],
            [
              -49.9777,
              -28.0982
            ],
            [
              -49.9794,
              -28.0952
            ],
            [
              -49.9819,
              -28.0942
            ],
            [
              -49.9843,
              -28.0942
            ],
            [
              -49.9857,
              -28.0957
            ],
            [
              -49.9868,
              -28.0981
            ],
            [
              -49.9867,
              -28.0995
            ],
            [
              -49.9858,
              -28.1013
            ],
            [
              -49.9884,
              -28.1037
            ],
            [
              -49.9897,
              -28.104
            ],
            [
              -49.9916,
              -28.1036
            ],
            [
              -49.9928,
              -28.1021
            ],
            [
              -49.9964,
              -28.1001
            ],
            [
              -49.9986,
              -28.0993
            ],
            [
              -49.9992,
              -28.0985
            ],
            [
              -50.002,
              -28.0987
            ],
            [
              -50.0042,
              -28.1
            ],
            [
              -50.0051,
              -28.1023
            ],
            [
              -50.0071,
              -28.1041
            ],
            [
              -50.01,
              -28.1037
            ],
            [
              -50.0113,
              -28.1028
            ],
            [
              -50.0121,
              -28.1007
            ],
            [
              -50.0122,
              -28.099
            ],
            [
              -50.0112,
              -28.0979
            ],
            [
              -50.0059,
              -28.0961
            ],
            [
              -50.004,
              -28.0957
            ],
            [
              -50.0011,
              -28.0923
            ],
            [
              -50.0012,
              -28.0905
            ],
            [
              -50.0031,
              -28.0884
            ],
            [
              -50.0077,
              -28.0874
            ],
            [
              -50.0111,
              -28.0877
            ],
            [
              -50.0123,
              -28.0888
            ],
            [
              -50.0146,
              -28.0897
            ],
            [
              -50.0161,
              -28.0911
            ],
            [
              -50.0177,
              -28.0915
            ],
            [
              -50.0202,
              -28.0944
            ],
            [
              -50.0212,
              -28.0963
            ],
            [
              -50.0215,
              -28.1007
            ],
            [
              -50.0228,
              -28.1026
            ],
            [
              -50.0245,
              -28.1025
            ],
            [
              -50.027,
              -28.1013
            ],
            [
              -50.0278,
              -28.0992
            ],
            [
              -50.0298,
              -28.0979
            ],
            [
              -50.0335,
              -28.0985
            ],
            [
              -50.0339,
              -28.0998
            ],
            [
              -50.0331,
              -28.1009
            ],
            [
              -50.0332,
              -28.1032
            ],
            [
              -50.0353,
              -28.1037
            ],
            [
              -50.0375,
              -28.1025
            ],
            [
              -50.038,
              -28.0999
            ],
            [
              -50.0386,
              -28.0988
            ],
            [
              -50.0452,
              -28.098
            ],
            [
              -50.0469,
              -28.0984
            ],
            [
              -50.049,
              -28.0981
            ],
            [
              -50.0515,
              -28.0973
            ],
            [
              -50.0533,
              -28.0961
            ],
            [
              -50.0545,
              -28.0936
            ],
            [
              -50.0571,
              -28.0896
            ],
            [
              -50.0583,
              -28.089
            ],
            [
              -50.0604,
              -28.0893
            ],
            [
              -50.0621,
              -28.0905
            ],
            [
              -50.0628,
              -28.0921
            ],
            [
              -50.063,
              -28.0952
            ],
            [
              -50.064,
              -28.0978
            ],
            [
              -50.0682,
              -28.0989
            ],
            [
              -50.0714,
              -28.1002
            ],
            [
              -50.0723,
              -28.1009
            ],
            [
              -50.0725,
              -28.1033
            ],
            [
              -50.072,
              -28.105
            ],
            [
              -50.0691,
              -28.1065
            ],
            [
              -50.065,
              -28.1068
            ],
            [
              -50.06,
              -28.1097
            ],
            [
              -50.0584,
              -28.1116
            ],
            [
              -50.0593,
              -28.1131
            ],
            [
              -50.0609,
              -28.1131
            ],
            [
              -50.0635,
              -28.1118
            ],
            [
              -50.0658,
              -28.1112
            ],
            [
              -50.0679,
              -28.1115
            ],
            [
              -50.0722,
              -28.1139
            ],
            [
              -50.0751,
              -28.1144
            ],
            [
              -50.0768,
              -28.1136
            ],
            [
              -50.0793,
              -28.1107
            ],
            [
              -50.0806,
              -28.1098
            ],
            [
              -50.0831,
              -28.1108
            ],
            [
              -50.0808,
              -28.1153
            ],
            [
              -50.0795,
              -28.1169
            ],
            [
              -50.0761,
              -28.1203
            ],
            [
              -50.0756,
              -28.1215
            ],
            [
              -50.0761,
              -28.1229
            ],
            [
              -50.0774,
              -28.123
            ],
            [
              -50.082,
              -28.1209
            ],
            [
              -50.0846,
              -28.1203
            ],
            [
              -50.0875,
              -28.1192
            ],
            [
              -50.0917,
              -28.1167
            ],
            [
              -50.0966,
              -28.1128
            ],
            [
              -50.0991,
              -28.11
            ],
            [
              -50.1008,
              -28.1099
            ],
            [
              -50.1011,
              -28.1121
            ],
            [
              -50.1,
              -28.1142
            ],
            [
              -50.0972,
              -28.1168
            ],
            [
              -50.0961,
              -28.1182
            ],
            [
              -50.0947,
              -28.121
            ],
            [
              -50.096,
              -28.1235
            ],
            [
              -50.0978,
              -28.1241
            ],
            [
              -50.1013,
              -28.1236
            ],
            [
              -50.1039,
              -28.1238
            ],
            [
              -50.1057,
              -28.125
            ],
            [
              -50.106,
              -28.1277
            ],
            [
              -50.1071,
              -28.1296
            ],
            [
              -50.1128,
              -28.1353
            ],
            [
              -50.1147,
              -28.1375
            ],
            [
              -50.1153,
              -28.1393
            ],
            [
              -50.1152,
              -28.1413
            ],
            [
              -50.1124,
              -28.1445
            ],
            [
              -50.1113,
              -28.1499
            ],
            [
              -50.1104,
              -28.1514
            ],
            [
              -50.1076,
              -28.1539
            ],
            [
              -50.1057,
              -28.1576
            ],
            [
              -50.1033,
              -28.1597
            ],
            [
              -50.104,
              -28.1615
            ],
            [
              -50.109,
              -28.1627
            ],
            [
              -50.1112,
              -28.1622
            ],
            [
              -50.1131,
              -28.1584
            ],
            [
              -50.114,
              -28.1576
            ],
            [
              -50.1156,
              -28.1575
            ],
            [
              -50.1194,
              -28.1578
            ],
            [
              -50.123,
              -28.1587
            ],
            [
              -50.1254,
              -28.1586
            ],
            [
              -50.1303,
              -28.1567
            ],
            [
              -50.1326,
              -28.1555
            ],
            [
              -50.1336,
              -28.1544
            ],
            [
              -50.1332,
              -28.1525
            ],
            [
              -50.1313,
              -28.1499
            ],
            [
              -50.131,
              -28.1477
            ],
            [
              -50.1331,
              -28.1464
            ],
            [
              -50.1349,
              -28.1471
            ],
            [
              -50.1363,
              -28.1483
            ],
            [
              -50.1377,
              -28.1503
            ],
            [
              -50.1387,
              -28.1546
            ],
            [
              -50.1397,
              -28.156
            ],
            [
              -50.1424,
              -28.1541
            ],
            [
              -50.1444,
              -28.1498
            ],
            [
              -50.145,
              -28.1452
            ],
            [
              -50.1458,
              -28.1438
            ],
            [
              -50.1482,
              -28.1425
            ],
            [
              -50.1491,
              -28.1424
            ],
            [
              -50.1528,
              -28.1438
            ],
            [
              -50.1546,
              -28.1462
            ],
            [
              -50.1556,
              -28.1497
            ],
            [
              -50.1579,
              -28.1548
            ],
            [
              -50.1604,
              -28.1567
            ],
            [
              -50.1633,
              -28.1568
            ],
            [
              -50.1649,
              -28.1577
            ],
            [
              -50.1669,
              -28.1615
            ],
            [
              -50.1682,
              -28.162
            ],
            [
              -50.1739,
              -28.1612
            ],
            [
              -50.1762,
              -28.1613
            ],
            [
              -50.1778,
              -28.1622
            ],
            [
              -50.179,
              -28.1638
            ],
            [
              -50.1811,
              -28.1644
            ],
            [
              -50.1841,
              -28.1625
            ],
            [
              -50.1861,
              -28.1618
            ],
            [
              -50.1877,
              -28.1629
            ],
            [
              -50.1883,
              -28.165
            ],
            [
              -50.1875,
              -28.1685
            ],
            [
              -50.1868,
              -28.1693
            ],
            [
              -50.1846,
              -28.1702
            ],
            [
              -50.1828,
              -28.1717
            ],
            [
              -50.182,
              -28.1737
            ],
            [
              -50.182,
              -28.1767
            ],
            [
              -50.1805,
              -28.1785
            ],
            [
              -50.1763,
              -28.1803
            ],
            [
              -50.1718,
              -28.184
            ],
            [
              -50.1711,
              -28.1851
            ],
            [
              -50.172,
              -28.1882
            ],
            [
              -50.1743,
              -28.1891
            ],
            [
              -50.1758,
              -28.1883
            ],
            [
              -50.1777,
              -28.1885
            ],
            [
              -50.1816,
              -28.1896
            ],
            [
              -50.1828,
              -28.1903
            ],
            [
              -50.1834,
              -28.1915
            ],
            [
              -50.1825,
              -28.193
            ],
            [
              -50.1801,
              -28.1943
            ],
            [
              -50.1753,
              -28.1958
            ],
            [
              -50.173,
              -28.196
            ],
            [
              -50.1694,
              -28.1968
            ],
            [
              -50.1674,
              -28.1986
            ],
            [
              -50.1659,
              -28.2009
            ],
            [
              -50.1663,
              -28.2018
            ],
            [
              -50.1688,
              -28.2028
            ],
            [
              -50.1734,
              -28.2021
            ],
            [
              -50.1752,
              -28.2028
            ],
            [
              -50.1765,
              -28.2043
            ],
            [
              -50.1765,
              -28.2058
            ],
            [
              -50.1784,
              -28.2079
            ],
            [
              -50.1803,
              -28.2083
            ],
            [
              -50.1824,
              -28.2072
            ],
            [
              -50.1846,
              -28.2046
            ],
            [
              -50.1865,
              -28.2028
            ],
            [
              -50.1897,
              -28.2009
            ],
            [
              -50.1925,
              -28.201
            ],
            [
              -50.1939,
              -28.2028
            ],
            [
              -50.1938,
              -28.2048
            ],
            [
              -50.1932,
              -28.2057
            ],
            [
              -50.1908,
              -28.2069
            ],
            [
              -50.1888,
              -28.2091
            ],
            [
              -50.1871,
              -28.2123
            ],
            [
              -50.1876,
              -28.2157
            ],
            [
              -50.1885,
              -28.2167
            ],
            [
              -50.1916,
              -28.218
            ],
            [
              -50.1944,
              -28.2181
            ],
            [
              -50.1964,
              -28.2175
            ],
            [
              -50.1995,
              -28.2155
            ],
            [
              -50.2012,
              -28.2132
            ],
            [
              -50.2012,
              -28.2077
            ],
            [
              -50.2022,
              -28.2061
            ],
            [
              -50.2057,
              -28.2065
            ],
            [
              -50.2079,
              -28.2072
            ],
            [
              -50.2142,
              -28.2072
            ],
            [
              -50.2168,
              -28.207
            ],
            [
              -50.2182,
              -28.2072
            ],
            [
              -50.2192,
              -28.2089
            ],
            [
              -50.2229,
              -28.2105
            ],
            [
              -50.2259,
              -28.2123
            ],
            [
              -50.2288,
              -28.2154
            ],
            [
              -50.2321,
              -28.2194
            ],
            [
              -50.2327,
              -28.221
            ],
            [
              -50.2313,
              -28.2219
            ],
            [
              -50.2291,
              -28.2221
            ],
            [
              -50.2224,
              -28.22
            ],
            [
              -50.2199,
              -28.2199
            ],
            [
              -50.2178,
              -28.2219
            ],
            [
              -50.2172,
              -28.2249
            ],
            [
              -50.218,
              -28.2285
            ],
            [
              -50.2172,
              -28.2315
            ],
            [
              -50.2182,
              -28.2364
            ],
            [
              -50.2192,
              -28.2371
            ],
            [
              -50.2204,
              -28.2367
            ],
            [
              -50.2225,
              -28.2349
            ],
            [
              -50.2245,
              -28.2338
            ],
            [
              -50.2262,
              -28.2338
            ],
            [
              -50.227,
              -28.2346
            ],
            [
              -50.2282,
              -28.2378
            ],
            [
              -50.2283,
              -28.2401
            ],
            [
              -50.2288,
              -28.2431
            ],
            [
              -50.2279,
              -28.2438
            ],
            [
              -50.2256,
              -28.2433
            ],
            [
              -50.224,
              -28.2435
            ],
            [
              -50.222,
              -28.2452
            ],
            [
              -50.2181,
              -28.247
            ],
            [
              -50.2165,
              -28.2494
            ],
            [
              -50.2169,
              -28.2511
            ],
            [
              -50.2199,
              -28.2524
            ],
            [
              -50.2254,
              -28.2572
            ],
            [
              -50.2299,
              -28.259
            ],
            [
              -50.2349,
              -28.2593
            ],
            [
              -50.2372,
              -28.2592
            ],
            [
              -50.2403,
              -28.2575
            ],
            [
              -50.2423,
              -28.2569
            ],
            [
              -50.2445,
              -28.2568
            ],
            [
              -50.2458,
              -28.2575
            ],
            [
              -50.2483,
              -28.2645
            ],
            [
              -50.2478,
              -28.2672
            ],
            [
              -50.2467,
              -28.2682
            ],
            [
              -50.2446,
              -28.274
            ],
            [
              -50.2447,
              -28.2785
            ],
            [
              -50.2443,
              -28.2818
            ],
            [
              -50.2446,
              -28.2836
            ],
            [
              -50.2444,
              -28.2895
            ],
            [
              -50.244,
              -28.2909
            ],
            [
              -50.2415,
              -28.2927
            ],
            [
              -50.2387,
              -28.2929
            ],
            [
              -50.2344,
              -28.2939
            ],
            [
              -50.2322,
              -28.2949
            ],
            [
              -50.2311,
              -28.298
            ],
            [
              -50.2307,
              -28.3
            ],
            [
              -50.2309,
              -28.3014
            ],
            [
              -50.2319,
              -28.3021
            ],
            [
              -50.2345,
              -28.3026
            ],
            [
              -50.2384,
              -28.3024
            ],
            [
              -50.2409,
              -28.3033
            ],
            [
              -50.2445,
              -28.3053
            ],
            [
              -50.2457,
              -28.3057
            ],
            [
              -50.2486,
              -28.305
            ],
            [
              -50.2525,
              -28.3026
            ],
            [
              -50.2552,
              -28.303
            ],
            [
              -50.2565,
              -28.3046
            ],
            [
              -50.2562,
              -28.3067
            ],
            [
              -50.2508,
              -28.3103
            ],
            [
              -50.2492,
              -28.3116
            ],
            [
              -50.2486,
              -28.3132
            ],
            [
              -50.2493,
              -28.3147
            ],
            [
              -50.2508,
              -28.3152
            ],
            [
              -50.2527,
              -28.3152
            ],
            [
              -50.2552,
              -28.3145
            ],
            [
              -50.2575,
              -28.3131
            ],
            [
              -50.2637,
              -28.3112
            ],
            [
              -50.2665,
              -28.3109
            ],
            [
              -50.2711,
              -28.31
            ],
            [
              -50.2732,
              -28.31
            ],
            [
              -50.2767,
              -28.3108
            ],
            [
              -50.2787,
              -28.3122
            ],
            [
              -50.2794,
              -28.3139
            ],
            [
              -50.2795,
              -28.3165
            ],
            [
              -50.279,
              -28.3221
            ],
            [
              -50.2775,
              -28.3254
            ],
            [
              -50.2763,
              -28.327
            ],
            [
              -50.2746,
              -28.3263
            ],
            [
              -50.2718,
              -28.3262
            ],
            [
              -50.2692,
              -28.3275
            ],
            [
              -50.2663,
              -28.3283
            ],
            [
              -50.2654,
              -28.3305
            ],
            [
              -50.2686,
              -28.335
            ],
            [
              -50.27,
              -28.3404
            ],
            [
              -50.2715,
              -28.343
            ],
            [
              -50.2729,
              -28.3444
            ],
            [
              -50.2752,
              -28.3458
            ],
            [
              -50.2775,
              -28.348
            ],
            [
              -50.2796,
              -28.3493
            ],
            [
              -50.2813,
              -28.3498
            ],
            [
              -50.2827,
              -28.3493
            ],
            [
              -50.284,
              -28.3478
            ],
            [
              -50.2883,
              -28.346
            ],
            [
              -50.2905,
              -28.346
            ],
            [
              -50.2929,
              -28.3484
            ],
            [
              -50.2957,
              -28.3488
            ],
            [
              -50.2988,
              -28.3497
            ],
            [
              -50.3019,
              -28.3512
            ],
            [
              -50.3063,
              -28.3538
            ],
            [
              -50.3085,
              -28.3544
            ],
            [
              -50.3112,
              -28.3544
            ],
            [
              -50.3138,
              -28.3552
            ],
            [
              -50.3158,
              -28.3579
            ],
            [
              -50.3162,
              -28.3597
            ],
            [
              -50.3198,
              -28.3628
            ],
            [
              -50.3233,
              -28.3645
            ],
            [
              -50.3257,
              -28.3652
            ],
            [
              -50.3291,
              -28.3656
            ],
            [
              -50.3334,
              -28.3666
            ],
            [
              -50.3362,
              -28.3679
            ],
            [
              -50.3369,
              -28.3688
            ],
            [
              -50.337,
              -28.3706
            ],
            [
              -50.3356,
              -28.3732
            ],
            [
              -50.3331,
              -28.3761
            ],
            [
              -50.3326,
              -28.3776
            ],
            [
              -50.3334,
              -28.3797
            ],
            [
              -50.3357,
              -28.3815
            ],
            [
              -50.34,
              -28.3825
            ],
            [
              -50.3444,
              -28.3815
            ],
            [
              -50.3484,
              -28.3815
            ],
            [
              -50.3542,
              -28.3809
            ],
            [
              -50.3583,
              -28.3798
            ],
            [
              -50.3624,
              -28.3797
            ],
            [
              -50.3654,
              -28.3808
            ],
            [
              -50.3675,
              -28.38
            ],
            [
              -50.3679,
              -28.3787
            ],
            [
              -50.3679,
              -28.3753
            ],
            [
              -50.3698,
              -28.3724
            ],
            [
              -50.3713,
              -28.3715
            ],
            [
              -50.375,
              -28.3711
            ],
            [
              -50.3763,
              -28.3722
            ],
            [
              -50.3794,
              -28.3739
            ],
            [
              -50.381,
              -28.3752
            ],
            [
              -50.3836,
              -28.3791
            ],
            [
              -50.3855,
              -28.3853
            ],
            [
              -50.3874,
              -28.3879
            ],
            [
              -50.3908,
              -28.3896
            ],
            [
              -50.3994,
              -28.3905
            ],
            [
              -50.4013,
              -28.3909
            ],
            [
              -50.4041,
              -28.3922
            ],
            [
              -50.4057,
              -28.3937
            ],
            [
              -50.407,
              -28.3967
            ],
            [
              -50.4072,
              -28.399
            ],
            [
              -50.4065,
              -28.4003
            ],
            [
              -50.4057,
              -28.4039
            ],
            [
              -50.4045,
              -28.4074
            ],
            [
              -50.4039,
              -28.4108
            ],
            [
              -50.4038,
              -28.4128
            ],
            [
              -50.4054,
              -28.4182
            ],
            [
              -50.4055,
              -28.4217
            ],
            [
              -50.4067,
              -28.4244
            ],
            [
              -50.4089,
              -28.4245
            ],
            [
              -50.4113,
              -28.4231
            ],
            [
              -50.413,
              -28.4228
            ],
            [
              -50.4174,
              -28.4233
            ],
            [
              -50.4179,
              -28.4238
            ],
            [
              -50.4195,
              -28.4282
            ],
            [
              -50.4236,
              -28.432
            ],
            [
              -50.4248,
              -28.4333
            ],
            [
              -50.4225,
              -28.4335
            ],
            [
              -50.4193,
              -28.4332
            ],
            [
              -50.4163,
              -28.4326
            ],
            [
              -50.4122,
              -28.4331
            ],
            [
              -50.4097,
              -28.4341
            ],
            [
              -50.4052,
              -28.4344
            ],
            [
              -50.3991,
              -28.4339
            ],
            [
              -50.3969,
              -28.4327
            ],
            [
              -50.3945,
              -28.4334
            ],
            [
              -50.3925,
              -28.4358
            ],
            [
              -50.392,
              -28.4369
            ],
            [
              -50.3913,
              -28.4413
            ],
            [
              -50.3897,
              -28.4436
            ],
            [
              -50.382,
              -28.447
            ],
            [
              -50.3789,
              -28.4462
            ],
            [
              -50.3778,
              -28.4453
            ],
            [
              -50.3764,
              -28.4426
            ],
            [
              -50.3761,
              -28.4401
            ],
            [
              -50.3766,
              -28.438
            ],
            [
              -50.3769,
              -28.4349
            ],
            [
              -50.3764,
              -28.4331
            ],
            [
              -50.3749,
              -28.4304
            ],
            [
              -50.3713,
              -28.4258
            ],
            [
              -50.3703,
              -28.4228
            ],
            [
              -50.3684,
              -28.4212
            ],
            [
              -50.3644,
              -28.42
            ],
            [
              -50.3611,
              -28.4196
            ],
            [
              -50.3582,
              -28.4204
            ],
            [
              -50.3561,
              -28.4214
            ],
            [
              -50.3531,
              -28.424
            ],
            [
              -50.351,
              -28.4249
            ],
            [
              -50.3491,
              -28.4283
            ],
            [
              -50.3476,
              -28.4318
            ],
            [
              -50.3476,
              -28.4348
            ],
            [
              -50.3488,
              -28.4394
            ],
            [
              -50.3506,
              -28.4444
            ],
            [
              -50.352,
              -28.4492
            ],
            [
              -50.3521,
              -28.4573
            ],
            [
              -50.35,
              -28.4606
            ],
            [
              -50.3458,
              -28.4636
            ],
            [
              -50.3432,
              -28.4631
            ],
            [
              -50.3399,
              -28.4616
            ],
            [
              -50.3375,
              -28.4592
            ],
            [
              -50.3368,
              -28.4558
            ],
            [
              -50.3377,
              -28.4482
            ],
            [
              -50.3384,
              -28.4465
            ],
            [
              -50.3401,
              -28.4435
            ],
            [
              -50.3404,
              -28.441
            ],
            [
              -50.3389,
              -28.4388
            ],
            [
              -50.336,
              -28.4368
            ],
            [
              -50.3286,
              -28.434
            ],
            [
              -50.3251,
              -28.4335
            ],
            [
              -50.3232,
              -28.4339
            ],
            [
              -50.3189,
              -28.4356
            ],
            [
              -50.3146,
              -28.4378
            ],
            [
              -50.313,
              -28.4381
            ],
            [
              -50.3084,
              -28.4375
            ],
            [
              -50.3061,
              -28.4374
            ],
            [
              -50.3039,
              -28.4379
            ],
            [
              -50.3013,
              -28.4393
            ],
            [
              -50.2999,
              -28.4408
            ],
            [
              -50.2966,
              -28.4455
            ],
            [
              -50.2948,
              -28.4492
            ],
            [
              -50.2921,
              -28.4515
            ],
            [
              -50.2863,
              -28.4529
            ],
            [
              -50.2812,
              -28.4548
            ],
            [
              -50.2767,
              -28.4556
            ],
            [
              -50.2729,
              -28.4571
            ],
            [
              -50.2695,
              -28.4558
            ],
            [
              -50.2662,
              -28.4537
            ],
            [
              -50.2623,
              -28.4521
            ],
            [
              -50.2591,
              -28.4505
            ],
            [
              -50.2554,
              -28.4493
            ],
            [
              -50.2511,
              -28.4492
            ],
            [
              -50.2503,
              -28.4471
            ],
            [
              -50.2531,
              -28.4461
            ],
            [
              -50.2575,
              -28.4456
            ],
            [
              -50.2601,
              -28.4461
            ],
            [
              -50.263,
              -28.446
            ],
            [
              -50.2644,
              -28.4442
            ],
            [
              -50.2642,
              -28.4429
            ],
            [
              -50.2605,
              -28.4397
            ],
            [
              -50.2566,
              -28.4377
            ],
            [
              -50.2518,
              -28.4328
            ],
            [
              -50.2498,
              -28.4302
            ],
            [
              -50.2468,
              -28.4283
            ],
            [
              -50.2453,
              -28.4292
            ],
            [
              -50.2424,
              -28.432
            ],
            [
              -50.242,
              -28.4331
            ],
            [
              -50.2413,
              -28.4402
            ],
            [
              -50.2387,
              -28.445
            ],
            [
              -50.2379,
              -28.4491
            ],
            [
              -50.2368,
              -28.4522
            ],
            [
              -50.2364,
              -28.4553
            ],
            [
              -50.2357,
              -28.457
            ],
            [
              -50.234,
              -28.4584
            ],
            [
              -50.2314,
              -28.4593
            ],
            [
              -50.2268,
              -28.4616
            ],
            [
              -50.2226,
              -28.4633
            ],
            [
              -50.2204,
              -28.4631
            ],
            [
              -50.2178,
              -28.4618
            ],
            [
              -50.2158,
              -28.4603
            ],
            [
              -50.2122,
              -28.4561
            ],
            [
              -50.2104,
              -28.4545
            ],
            [
              -50.207,
              -28.4505
            ],
            [
              -50.2063,
              -28.4471
            ],
            [
              -50.2056,
              -28.4455
            ],
            [
              -50.204,
              -28.4438
            ],
            [
              -50.2016,
              -28.4436
            ],
            [
              -50.1991,
              -28.4448
            ],
            [
              -50.1934,
              -28.4493
            ],
            [
              -50.191,
              -28.4515
            ],
            [
              -50.1883,
              -28.4535
            ],
            [
              -50.1867,
              -28.4538
            ],
            [
              -50.1822,
              -28.4531
            ],
            [
              -50.1797,
              -28.4518
            ],
            [
              -50.1785,
              -28.4519
            ],
            [
              -50.1763,
              -28.454
            ],
            [
              -50.1726,
              -28.4586
            ],
            [
              -50.1692,
              -28.4635
            ],
            [
              -50.1684,
              -28.4653
            ],
            [
              -50.1651,
              -28.4709
            ],
            [
              -50.1635,
              -28.4751
            ],
            [
              -50.1622,
              -28.4793
            ],
            [
              -50.162,
              -28.4814
            ],
            [
              -50.1624,
              -28.4858
            ],
            [
              -50.1619,
              -28.491
            ],
            [
              -50.1621,
              -28.4934
            ],
            [
              -50.1626,
              -28.4953
            ],
            [
              -50.1589,
              -28.4974
            ],
            [
              -50.1563,
              -28.4979
            ],
            [
              -50.1544,
              -28.4977
            ],
            [
              -50.1486,
              -28.496
            ],
            [
              -50.1464,
              -28.4955
            ],
            [
              -50.1414,
              -28.4959
            ],
            [
              -50.1397,
              -28.4954
            ],
            [
              -50.1394,
              -28.4933
            ],
            [
              -50.1415,
              -28.4907
            ],
            [
              -50.1429,
              -28.4875
            ],
            [
              -50.1428,
              -28.485
            ],
            [
              -50.1439,
              -28.481
            ],
            [
              -50.1462,
              -28.4765
            ],
            [
              -50.1484,
              -28.4744
            ],
            [
              -50.1534,
              -28.4702
            ],
            [
              -50.1574,
              -28.466
            ],
            [
              -50.1592,
              -28.4647
            ],
            [
              -50.1606,
              -28.4619
            ],
            [
              -50.1605,
              -28.4595
            ],
            [
              -50.1595,
              -28.4586
            ],
            [
              -50.1571,
              -28.458
            ],
            [
              -50.1535,
              -28.4585
            ],
            [
              -50.1512,
              -28.4591
            ],
            [
              -50.1486,
              -28.4612
            ],
            [
              -50.1472,
              -28.4595
            ],
            [
              -50.1466,
              -28.4572
            ],
            [
              -50.1473,
              -28.4495
            ],
            [
              -50.1463,
              -28.448
            ],
            [
              -50.1416,
              -28.4446
            ],
            [
              -50.1392,
              -28.4432
            ],
            [
              -50.1353,
              -28.4419
            ],
            [
              -50.1324,
              -28.4413
            ],
            [
              -50.1294,
              -28.441
            ],
            [
              -50.1269,
              -28.4397
            ],
            [
              -50.1263,
              -28.4381
            ],
            [
              -50.1266,
              -28.4369
            ],
            [
              -50.1293,
              -28.4335
            ],
            [
              -50.1302,
              -28.4317
            ],
            [
              -50.1302,
              -28.4302
            ],
            [
              -50.1283,
              -28.4289
            ],
            [
              -50.1259,
              -28.4292
            ],
            [
              -50.1213,
              -28.4328
            ],
            [
              -50.1191,
              -28.4348
            ],
            [
              -50.1158,
              -28.4371
            ],
            [
              -50.1123,
              -28.441
            ],
            [
              -50.1115,
              -28.443
            ],
            [
              -50.1114,
              -28.4454
            ],
            [
              -50.1124,
              -28.4494
            ],
            [
              -50.1135,
              -28.4518
            ],
            [
              -50.1169,
              -28.4559
            ],
            [
              -50.1207,
              -28.4595
            ],
            [
              -50.1233,
              -28.4614
            ],
            [
              -50.126,
              -28.4624
            ],
            [
              -50.1268,
              -28.4634
            ],
            [
              -50.1271,
              -28.4655
            ],
            [
              -50.1264,
              -28.4685
            ],
            [
              -50.1267,
              -28.4719
            ],
            [
              -50.1264,
              -28.474
            ],
            [
              -50.1246,
              -28.476
            ],
            [
              -50.1222,
              -28.4763
            ],
            [
              -50.1187,
              -28.475
            ],
            [
              -50.1167,
              -28.4746
            ],
            [
              -50.1137,
              -28.4736
            ],
            [
              -50.1105,
              -28.4729
            ],
            [
              -50.1069,
              -28.4734
            ],
            [
              -50.1048,
              -28.4757
            ],
            [
              -50.1035,
              -28.4803
            ],
            [
              -50.1027,
              -28.4841
            ],
            [
              -50.1017,
              -28.486
            ],
            [
              -50.1004,
              -28.4863
            ],
            [
              -50.0972,
              -28.4844
            ],
            [
              -50.0931,
              -28.4791
            ],
            [
              -50.0909,
              -28.4756
            ],
            [
              -50.0891,
              -28.474
            ],
            [
              -50.0863,
              -28.4727
            ],
            [
              -50.0849,
              -28.4726
            ],
            [
              -50.082,
              -28.4734
            ],
            [
              -50.0757,
              -28.4778
            ],
            [
              -50.0739,
              -28.4801
            ],
            [
              -50.0728,
              -28.4808
            ],
            [
              -50.0706,
              -28.4806
            ],
            [
              -50.0687,
              -28.4792
            ],
            [
              -50.0656,
              -28.4769
            ],
            [
              -50.0604,
              -28.4759
            ],
            [
              -50.0555,
              -28.4758
            ],
            [
              -50.0514,
              -28.4761
            ],
            [
              -50.0485,
              -28.4769
            ],
            [
              -50.0446,
              -28.479
            ],
            [
              -50.0414,
              -28.4801
            ],
            [
              -50.0395,
              -28.48
            ],
            [
              -50.0362,
              -28.4785
            ],
            [
              -50.0336,
              -28.4765
            ],
            [
              -50.0272,
              -28.4743
            ],
            [
              -50.0254,
              -28.4723
            ],
            [
              -50.0244,
              -28.4685
            ],
            [
              -50.0244,
              -28.4624
            ],
            [
              -50.0239,
              -28.4594
            ],
            [
              -50.0215,
              -28.4544
            ],
            [
              -50.0197,
              -28.4519
            ],
            [
              -50.0181,
              -28.4509
            ],
            [
              -50.0164,
              -28.4505
            ],
            [
              -50.0139,
              -28.4508
            ],
            [
              -50.0082,
              -28.4538
            ],
            [
              -50.0052,
              -28.4565
            ],
            [
              -50.0025,
              -28.458
            ],
            [
              -49.9987,
              -28.4576
            ],
            [
              -49.9949,
              -28.4566
            ],
            [
              -49.9926,
              -28.4572
            ],
            [
              -49.9894,
              -28.4572
            ],
            [
              -49.9877,
              -28.4566
            ],
            [
              -49.9864,
              -28.4548
            ],
            [
              -49.987,
              -28.4519
            ],
            [
              -49.9889,
              -28.4497
            ],
            [
              -49.9895,
              -28.4482
            ],
            [
              -49.9892,
              -28.446
            ],
            [
              -49.9879,
              -28.4446
            ],
            [
              -49.981,
              -28.4406
            ],
            [
              -49.9764,
              -28.4392
            ],
            [
              -49.9727,
              -28.439
            ],
            [
              -49.9708,
              -28.4402
            ],
            [
              -49.97,
              -28.4434
            ],
            [
              -49.97,
              -28.4464
            ],
            [
              -49.9694,
              -28.4525
            ],
            [
              -49.9689,
              -28.4542
            ],
            [
              -49.9672,
              -28.4559
            ],
            [
              -49.966,
              -28.4559
            ],
            [
              -49.9641,
              -28.4544
            ],
            [
              -49.9628,
              -28.4522
            ],
            [
              -49.9609,
              -28.4508
            ],
            [
              -49.9573,
              -28.4493
            ],
            [
              -49.9557,
              -28.4491
            ],
            [
              -49.9529,
              -28.4498
            ],
            [
              -49.9522,
              -28.4508
            ],
            [
              -49.9522,
              -28.4557
            ],
            [
              -49.9518,
              -28.4609
            ],
            [
              -49.9513,
              -28.4642
            ],
            [
              -49.9514,
              -28.4669
            ],
            [
              -49.9502,
              -28.4698
            ],
            [
              -49.948,
              -28.4729
            ],
            [
              -49.9466,
              -28.477
            ],
            [
              -49.9466,
              -28.48
            ],
            [
              -49.946,
              -28.4817
            ],
            [
              -49.9444,
              -28.4827
            ],
            [
              -49.9423,
              -28.4824
            ],
            [
              -49.9399,
              -28.4803
            ],
            [
              -49.9364,
              -28.4767
            ],
            [
              -49.9304,
              -28.4737
            ],
            [
              -49.9288,
              -28.4721
            ],
            [
              -49.9282,
              -28.4688
            ],
            [
              -49.9289,
              -28.4668
            ],
            [
              -49.9318,
              -28.4633
            ],
            [
              -49.9341,
              -28.4611
            ],
            [
              -49.9356,
              -28.4604
            ],
            [
              -49.9381,
              -28.4599
            ],
            [
              -49.9385,
              -28.4586
            ],
            [
              -49.9374,
              -28.4569
            ],
            [
              -49.9353,
              -28.4556
            ],
            [
              -49.9321,
              -28.4544
            ],
            [
              -49.9305,
              -28.4534
            ],
            [
              -49.9298,
              -28.4521
            ],
            [
              -49.9285,
              -28.4512
            ],
            [
              -49.9268,
              -28.451
            ],
            [
              -49.925,
              -28.4517
            ],
            [
              -49.9232,
              -28.453
            ],
            [
              -49.9186,
              -28.4583
            ],
            [
              -49.9169,
              -28.4592
            ],
            [
              -49.9136,
              -28.4604
            ],
            [
              -49.9084,
              -28.4618
            ],
            [
              -49.9071,
              -28.4625
            ],
            [
              -49.9062,
              -28.4639
            ],
            [
              -49.9028,
              -28.4649
            ],
            [
              -49.9004,
              -28.4647
            ],
            [
              -49.8958,
              -28.4638
            ],
            [
              -49.8929,
              -28.463
            ],
            [
              -49.8902,
              -28.4616
            ],
            [
              -49.8888,
              -28.4594
            ],
            [
              -49.8892,
              -28.4566
            ],
            [
              -49.8934,
              -28.4502
            ],
            [
              -49.898,
              -28.4456
            ],
            [
              -49.8984,
              -28.4444
            ],
            [
              -49.8976,
              -28.4431
            ],
            [
              -49.8929,
              -28.4403
            ],
            [
              -49.8905,
              -28.4404
            ],
            [
              -49.8877,
              -28.4421
            ],
            [
              -49.8858,
              -28.4464
            ],
            [
              -49.8836,
              -28.4476
            ],
            [
              -49.8818,
              -28.4476
            ],
            [
              -49.8802,
              -28.4469
            ],
            [
              -49.8771,
              -28.4438
            ],
            [
              -49.8732,
              -28.442
            ],
            [
              -49.8702,
              -28.4416
            ],
            [
              -49.8645,
              -28.4423
            ],
            [
              -49.8598,
              -28.4423
            ],
            [
              -49.8585,
              -28.4425
            ],
            [
              -49.8571,
              -28.4436
            ],
            [
              -49.855,
              -28.444
            ],
            [
              -49.8542,
              -28.4447
            ],
            [
              -49.8546,
              -28.4461
            ],
            [
              -49.8565,
              -28.4482
            ],
            [
              -49.8582,
              -28.4493
            ],
            [
              -49.8605,
              -28.4502
            ],
            [
              -49.8661,
              -28.4511
            ],
            [
              -49.871,
              -28.4506
            ],
            [
              -49.8727,
              -28.4511
            ],
            [
              -49.8765,
              -28.453
            ],
            [
              -49.8778,
              -28.4545
            ],
            [
              -49.8775,
              -28.4558
            ],
            [
              -49.8757,
              -28.4579
            ],
            [
              -49.8734,
              -28.4593
            ],
            [
              -49.8672,
              -28.4613
            ],
            [
              -49.865,
              -28.4617
            ],
            [
              -49.8636,
              -28.4628
            ],
            [
              -49.8633,
              -28.464
            ],
            [
              -49.8633,
              -28.468
            ],
            [
              -49.8629,
              -28.472
            ],
            [
              -49.8651,
              -28.4761
            ],
            [
              -49.869,
              -28.4806
            ],
            [
              -49.8694,
              -28.4818
            ],
            [
              -49.869,
              -28.4835
            ],
            [
              -49.8675,
              -28.4863
            ],
            [
              -49.8666,
              -28.4886
            ],
            [
              -49.8639,
              -28.4894
            ],
            [
              -49.8576,
              -28.4884
            ],
            [
              -49.8521,
              -28.4881
            ],
            [
              -49.8439,
              -28.4852
            ],
            [
              -49.8405,
              -28.4858
            ],
            [
              -49.8399,
              -28.4873
            ],
            [
              -49.8409,
              -28.4884
            ],
            [
              -49.8434,
              -28.4898
            ],
            [
              -49.8449,
              -28.4912
            ],
            [
              -49.8454,
              -28.4931
            ],
            [
              -49.8448,
              -28.4947
            ],
            [
              -49.8426,
              -28.4962
            ],
            [
              -49.8393,
              -28.4965
            ],
            [
              -49.8362,
              -28.4943
            ],
            [
              -49.8351,
              -28.4927
            ],
            [
              -49.8325,
              -28.4873
            ],
            [
              -49.8287,
              -28.4853
            ],
            [
              -49.8276,
              -28.483
            ],
            [
              -49.8273,
              -28.4798
            ],
            [
              -49.826,
              -28.4784
            ],
            [
              -49.8242,
              -28.4788
            ],
            [
              -49.8204,
              -28.4823
            ],
            [
              -49.8183,
              -28.4837
            ],
            [
              -49.8148,
              -28.4841
            ],
            [
              -49.8124,
              -28.4849
            ],
            [
              -49.811,
              -28.4843
            ],
            [
              -49.8111,
              -28.4831
            ],
            [
              -49.8158,
              -28.4799
            ],
            [
              -49.8165,
              -28.4786
            ],
            [
              -49.8164,
              -28.4762
            ],
            [
              -49.8167,
              -28.4723
            ],
            [
              -49.8173,
              -28.4699
            ],
            [
              -49.8163,
              -28.469
            ],
            [
              -49.8177,
              -28.4697
            ],
            [
              -49.8197,
              -28.4687
            ],
            [
              -49.8183,
              -28.4637
            ],
            [
              -49.8164,
              -28.4633
            ],
            [
              -49.8126,
              -28.4643
            ],
            [
              -49.8106,
              -28.4635
            ],
            [
              -49.8072,
              -28.4602
            ],
            [
              -49.8038,
              -28.4583
            ],
            [
              -49.8035,
              -28.4566
            ],
            [
              -49.8046,
              -28.4556
            ],
            [
              -49.8106,
              -28.4536
            ],
            [
              -49.8117,
              -28.4513
            ],
            [
              -49.813,
              -28.4476
            ],
            [
              -49.8135,
              -28.4453
            ],
            [
              -49.8135,
              -28.442
            ],
            [
              -49.8131,
              -28.4405
            ],
            [
              -49.8109,
              -28.4375
            ],
            [
              -49.8089,
              -28.4358
            ],
            [
              -49.8082,
              -28.4343
            ],
            [
              -49.8077,
              -28.431
            ],
            [
              -49.8086,
              -28.4294
            ],
            [
              -49.8128,
              -28.4283
            ],
            [
              -49.8137,
              -28.4287
            ],
            [
              -49.8142,
              -28.4325
            ],
            [
              -49.8137,
              -28.4377
            ],
            [
              -49.8142,
              -28.4391
            ],
            [
              -49.8159,
              -28.4394
            ],
            [
              -49.818,
              -28.4384
            ],
            [
              -49.8199,
              -28.4366
            ],
            [
              -49.8205,
              -28.4346
            ],
            [
              -49.8217,
              -28.433
            ],
            [
              -49.8263,
              -28.431
            ],
            [
              -49.829,
              -28.4293
            ],
            [
              -49.8313,
              -28.4275
            ],
            [
              -49.831,
              -28.4252
            ],
            [
              -49.8287,
              -28.4237
            ],
            [
              -49.8247,
              -28.4225
            ],
            [
              -49.8221,
              -28.4212
            ],
            [
              -49.816,
              -28.4218
            ],
            [
              -49.8142,
              -28.4217
            ],
            [
              -49.8127,
              -28.4224
            ],
            [
              -49.8112,
              -28.4221
            ],
            [
              -49.8101,
              -28.4209
            ],
            [
              -49.8102,
              -28.4194
            ],
            [
              -49.8096,
              -28.4174
            ],
            [
              -49.8069,
              -28.4156
            ],
            [
              -49.8043,
              -28.4159
            ],
            [
              -49.8035,
              -28.4169
            ],
            [
              -49.8043,
              -28.4189
            ],
            [
              -49.806,
              -28.4214
            ],
            [
              -49.8064,
              -28.4245
            ],
            [
              -49.806,
              -28.4275
            ],
            [
              -49.8046,
              -28.4294
            ],
            [
              -49.8043,
              -28.4313
            ],
            [
              -49.8027,
              -28.4334
            ],
            [
              -49.801,
              -28.4338
            ],
            [
              -49.7999,
              -28.4329
            ],
            [
              -49.7996,
              -28.4316
            ],
            [
              -49.8,
              -28.4291
            ],
            [
              -49.8009,
              -28.4264
            ],
            [
              -49.8003,
              -28.4251
            ],
            [
              -49.7992,
              -28.4248
            ],
            [
              -49.7948,
              -28.4258
            ],
            [
              -49.7902,
              -28.4281
            ],
            [
              -49.7886,
              -28.4277
            ],
            [
              -49.7879,
              -28.4267
            ],
            [
              -49.7872,
              -28.4243
            ],
            [
              -49.7875,
              -28.423
            ],
            [
              -49.785,
              -28.4216
            ],
            [
              -49.7824,
              -28.4218
            ],
            [
              -49.7817,
              -28.4226
            ],
            [
              -49.7818,
              -28.4247
            ],
            [
              -49.7836,
              -28.4283
            ],
            [
              -49.7833,
              -28.4296
            ],
            [
              -49.7813,
              -28.4299
            ],
            [
              -49.7782,
              -28.4281
            ],
            [
              -49.7763,
              -28.4264
            ],
            [
              -49.773,
              -28.4246
            ],
            [
              -49.7668,
              -28.4229
            ],
            [
              -49.7656,
              -28.4223
            ],
            [
              -49.7603,
              -28.4205
            ],
            [
              -49.7572,
              -28.421
            ],
            [
              -49.7544,
              -28.4208
            ],
            [
              -49.7539,
              -28.4193
            ],
            [
              -49.755,
              -28.4176
            ],
            [
              -49.7581,
              -28.4163
            ],
            [
              -49.7632,
              -28.4163
            ],
            [
              -49.7644,
              -28.4159
            ],
            [
              -49.7669,
              -28.4165
            ],
            [
              -49.7694,
              -28.4166
            ],
            [
              -49.7702,
              -28.4152
            ],
            [
              -49.7695,
              -28.4138
            ],
            [
              -49.7671,
              -28.41
            ],
            [
              -49.7664,
              -28.4095
            ],
            [
              -49.7633,
              -28.409
            ],
            [
              -49.7626,
              -28.4079
            ],
            [
              -49.764,
              -28.406
            ],
            [
              -49.7672,
              -28.4056
            ],
            [
              -49.7691,
              -28.406
            ],
            [
              -49.7714,
              -28.4057
            ],
            [
              -49.7726,
              -28.4042
            ],
            [
              -49.7722,
              -28.4009
            ],
            [
              -49.7723,
              -28.3989
            ],
            [
              -49.7711,
              -28.3961
            ],
            [
              -49.7719,
              -28.3939
            ],
            [
              -49.776,
              -28.3919
            ],
            [
              -49.7783,
              -28.3921
            ],
            [
              -49.7818,
              -28.3935
            ],
            [
              -49.7838,
              -28.3928
            ],
            [
              -49.7847,
              -28.3916
            ],
            [
              -49.7851,
              -28.3879
            ],
            [
              -49.7856,
              -28.3868
            ],
            [
              -49.7873,
              -28.3857
            ],
            [
              -49.7899,
              -28.3851
            ],
            [
              -49.7929,
              -28.3851
            ],
            [
              -49.798,
              -28.386
            ],
            [
              -49.8027,
              -28.3855
            ],
            [
              -49.8072,
              -28.3853
            ],
            [
              -49.8093,
              -28.3848
            ],
            [
              -49.8093,
              -28.3821
            ],
            [
              -49.8089,
              -28.3811
            ],
            [
              -49.8092,
              -28.3763
            ],
            [
              -49.8097,
              -28.3736
            ],
            [
              -49.8099,
              -28.3709
            ],
            [
              -49.8094,
              -28.3691
            ],
            [
              -49.8072,
              -28.3663
            ],
            [
              -49.8046,
              -28.3667
            ],
            [
              -49.803,
              -28.3683
            ],
            [
              -49.801,
              -28.3713
            ],
            [
              -49.7989,
              -28.3732
            ],
            [
              -49.7975,
              -28.3736
            ],
            [
              -49.7967,
              -28.3728
            ],
            [
              -49.7966,
              -28.3698
            ],
            [
              -49.7956,
              -28.3684
            ],
            [
              -49.7904,
              -28.368
            ],
            [
              -49.7894,
              -28.3671
            ],
            [
              -49.7855,
              -28.366
            ],
            [
              -49.7838,
              -28.3661
            ],
            [
              -49.7829,
              -28.3669
            ],
            [
              -49.7814,
              -28.37
            ],
            [
              -49.7802,
              -28.3716
            ],
            [
              -49.7764,
              -28.3739
            ],
            [
              -49.7731,
              -28.3762
            ],
            [
              -49.7722,
              -28.3759
            ],
            [
              -49.7722,
              -28.3716
            ],
            [
              -49.7717,
              -28.3686
            ],
            [
              -49.7717,
              -28.3666
            ],
            [
              -49.773,
              -28.3636
            ],
            [
              -49.773,
              -28.3617
            ],
            [
              -49.7744,
              -28.3585
            ],
            [
              -49.7777,
              -28.3571
            ],
            [
              -49.7778,
              -28.3552
            ],
            [
              -49.7764,
              -28.3544
            ],
            [
              -49.7732,
              -28.3548
            ],
            [
              -49.7714,
              -28.3543
            ],
            [
              -49.7703,
              -28.3529
            ],
            [
              -49.7683,
              -28.3514
            ],
            [
              -49.7668,
              -28.3515
            ],
            [
              -49.7649,
              -28.3504
            ],
            [
              -49.7646,
              -28.3489
            ],
            [
              -49.7653,
              -28.3469
            ],
            [
              -49.7645,
              -28.3435
            ],
            [
              -49.7649,
              -28.3419
            ],
            [
              -49.7675,
              -28.3404
            ],
            [
              -49.7663,
              -28.3386
            ],
            [
              -49.7674,
              -28.3377
            ],
            [
              -49.7668,
              -28.3367
            ],
            [
              -49.7651,
              -28.3364
            ],
            [
              -49.7649,
              -28.3351
            ],
            [
              -49.7673,
              -28.3334
            ],
            [
              -49.7666,
              -28.3322
            ],
            [
              -49.7677,
              -28.3315
            ],
            [
              -49.7705,
              -28.3338
            ],
            [
              -49.7717,
              -28.3339
            ],
            [
              -49.7726,
              -28.3317
            ],
            [
              -49.7741,
              -28.3312
            ],
            [
              -49.7743,
              -28.3301
            ],
            [
              -49.7735,
              -28.3272
            ],
            [
              -49.7725,
              -28.3263
            ],
            [
              -49.7703,
              -28.3263
            ],
            [
              -49.77,
              -28.3254
            ],
            [
              -49.7713,
              -28.3217
            ],
            [
              -49.7699,
              -28.3197
            ],
            [
              -49.7732,
              -28.3194
            ],
            [
              -49.7733,
              -28.3186
            ],
            [
              -49.7716,
              -28.3176
            ],
            [
              -49.7718,
              -28.3155
            ],
            [
              -49.7704,
              -28.3141
            ],
            [
              -49.77,
              -28.3128
            ],
            [
              -49.7681,
              -28.3122
            ],
            [
              -49.7681,
              -28.3114
            ],
            [
              -49.7701,
              -28.3091
            ],
            [
              -49.7718,
              -28.3096
            ],
            [
              -49.7722,
              -28.3084
            ],
            [
              -49.7718,
              -28.3064
            ],
            [
              -49.7701,
              -28.3047
            ],
            [
              -49.7698,
              -28.303
            ],
            [
              -49.7706,
              -28.3015
            ],
            [
              -49.7674,
              -28.2999
            ],
            [
              -49.7665,
              -28.2985
            ],
            [
              -49.7675,
              -28.2975
            ],
            [
              -49.7712,
              -28.2975
            ],
            [
              -49.7706,
              -28.2956
            ],
            [
              -49.7718,
              -28.2947
            ],
            [
              -49.7704,
              -28.2938
            ],
            [
              -49.7706,
              -28.2927
            ],
            [
              -49.7722,
              -28.2918
            ],
            [
              -49.7718,
              -28.2901
            ],
            [
              -49.7729,
              -28.2887
            ],
            [
              -49.7729,
              -28.2872
            ],
            [
              -49.7742,
              -28.2845
            ],
            [
              -49.7722,
              -28.2835
            ],
            [
              -49.7719,
              -28.2816
            ],
            [
              -49.7733,
              -28.2805
            ],
            [
              -49.774,
              -28.2786
            ],
            [
              -49.7732,
              -28.2763
            ],
            [
              -49.7703,
              -28.2758
            ],
            [
              -49.7683,
              -28.2743
            ],
            [
              -49.7677,
              -28.2715
            ],
            [
              -49.7659,
              -28.271
            ],
            [
              -49.7641,
              -28.2686
            ],
            [
              -49.7643,
              -28.2667
            ],
            [
              -49.7635,
              -28.2656
            ],
            [
              -49.7631,
              -28.2635
            ],
            [
              -49.7614,
              -28.262
            ],
            [
              -49.7613,
              -28.2593
            ],
            [
              -49.762,
              -28.2581
            ],
            [
              -49.7604,
              -28.2564
            ],
            [
              -49.7582,
              -28.2552
            ],
            [
              -49.7581,
              -28.2525
            ],
            [
              -49.7572,
              -28.2517
            ],
            [
              -49.755,
              -28.2515
            ],
            [
              -49.7561,
              -28.2498
            ],
            [
              -49.7543,
              -28.2473
            ],
            [
              -49.7519,
              -28.2455
            ],
            [
              -49.751,
              -28.2439
            ],
            [
              -49.7492,
              -28.2432
            ],
            [
              -49.7491,
              -28.2423
            ],
            [
              -49.7459,
              -28.2407
            ],
            [
              -49.7443,
              -28.2417
            ],
            [
              -49.7419,
              -28.2418
            ],
            [
              -49.7387,
              -28.2402
            ],
            [
              -49.7371,
              -28.2403
            ],
            [
              -49.7333,
              -28.2396
            ],
            [
              -49.7314,
              -28.2382
            ],
            [
              -49.7299,
              -28.2349
            ],
            [
              -49.73,
              -28.2316
            ],
            [
              -49.7288,
              -28.2303
            ],
            [
              -49.7266,
              -28.2295
            ],
            [
              -49.7259,
              -28.2285
            ],
            [
              -49.726,
              -28.2269
            ],
            [
              -49.7232,
              -28.2253
            ],
            [
              -49.7222,
              -28.2242
            ],
            [
              -49.7216,
              -28.2224
            ],
            [
              -49.7185,
              -28.2227
            ],
            [
              -49.7171,
              -28.2238
            ],
            [
              -49.7149,
              -28.2245
            ],
            [
              -49.7121,
              -28.2217
            ],
            [
              -49.7103,
              -28.222
            ],
            [
              -49.709,
              -28.2209
            ],
            [
              -49.7081,
              -28.2224
            ],
            [
              -49.7049,
              -28.2232
            ],
            [
              -49.7035,
              -28.2247
            ],
            [
              -49.7028,
              -28.2272
            ],
            [
              -49.7014,
              -28.228
            ],
            [
              -49.6978,
              -28.227
            ],
            [
              -49.6963,
              -28.2272
            ],
            [
              -49.6943,
              -28.2262
            ],
            [
              -49.6913,
              -28.2259
            ],
            [
              -49.6896,
              -28.2263
            ],
            [
              -49.6875,
              -28.2282
            ],
            [
              -49.6835,
              -28.23
            ],
            [
              -49.683,
              -28.2316
            ],
            [
              -49.6821,
              -28.2321
            ],
            [
              -49.6804,
              -28.2314
            ],
            [
              -49.677,
              -28.2329
            ],
            [
              -49.6747,
              -28.2311
            ],
            [
              -49.6719,
              -28.2309
            ],
            [
              -49.6722,
              -28.2293
            ],
            [
              -49.6751,
              -28.2268
            ],
            [
              -49.6758,
              -28.2252
            ],
            [
              -49.678,
              -28.2248
            ],
            [
              -49.6785,
              -28.2226
            ],
            [
              -49.6824,
              -28.2201
            ],
            [
              -49.6832,
              -28.2178
            ],
            [
              -49.6832,
              -28.2156
            ],
            [
              -49.6845,
              -28.214
            ],
            [
              -49.6848,
              -28.2124
            ],
            [
              -49.6878,
              -28.2112
            ],
            [
              -49.6926,
              -28.2115
            ],
            [
              -49.6967,
              -28.2107
            ],
            [
              -49.7008,
              -28.2066
            ],
            [
              -49.701,
              -28.2034
            ],
            [
              -49.7023,
              -28.1998
            ],
            [
              -49.7058,
              -28.1999
            ],
            [
              -49.7068,
              -28.1981
            ],
            [
              -49.7081,
              -28.1974
            ],
            [
              -49.7091,
              -28.1947
            ],
            [
              -49.7123,
              -28.194
            ],
            [
              -49.7166,
              -28.1915
            ],
            [
              -49.7185,
              -28.189
            ],
            [
              -49.72,
              -28.1881
            ],
            [
              -49.7216,
              -28.186
            ],
            [
              -49.7217,
              -28.1823
            ],
            [
              -49.7239,
              -28.1832
            ],
            [
              -49.7256,
              -28.1847
            ],
            [
              -49.7271,
              -28.1854
            ],
            [
              -49.7284,
              -28.1849
            ],
            [
              -49.7302,
              -28.1814
            ],
            [
              -49.7337,
              -28.1824
            ],
            [
              -49.7361,
              -28.1808
            ],
            [
              -49.7376,
              -28.1792
            ],
            [
              -49.7381,
              -28.1776
            ],
            [
              -49.7391,
              -28.1767
            ],
            [
              -49.7414,
              -28.1768
            ],
            [
              -49.7433,
              -28.1755
            ],
            [
              -49.7421,
              -28.1738
            ],
            [
              -49.7428,
              -28.1719
            ],
            [
              -49.7453,
              -28.171
            ],
            [
              -49.747,
              -28.169
            ],
            [
              -49.7461,
              -28.1684
            ],
            [
              -49.7465,
              -28.1661
            ],
            [
              -49.7472,
              -28.1657
            ],
            [
              -49.7509,
              -28.1663
            ],
            [
              -49.7512,
              -28.1654
            ],
            [
              -49.7552,
              -28.1618
            ],
            [
              -49.7563,
              -28.1603
            ],
            [
              -49.7571,
              -28.158
            ],
            [
              -49.7586,
              -28.156
            ],
            [
              -49.7595,
              -28.1531
            ],
            [
              -49.7619,
              -28.1514
            ],
            [
              -49.7665,
              -28.1507
            ],
            [
              -49.7773,
              -28.1448
            ],
            [
              -49.7772,
              -28.1419
            ],
            [
              -49.7801,
              -28.1405
            ],
            [
              -49.782,
              -28.1386
            ],
            [
              -49.7819,
              -28.135
            ],
            [
              -49.7826,
              -28.134
            ],
            [
              -49.7846,
              -28.1323
            ],
            [
              -49.7844,
              -28.1309
            ],
            [
              -49.7849,
              -28.1279
            ],
            [
              -49.787,
              -28.1278
            ],
            [
              -49.7891,
              -28.1299
            ],
            [
              -49.7903,
              -28.1294
            ],
            [
              -49.7914,
              -28.1271
            ],
            [
              -49.7946,
              -28.126
            ],
            [
              -49.7941,
              -28.1238
            ],
            [
              -49.7954,
              -28.1214
            ],
            [
              -49.7931,
              -28.1166
            ],
            [
              -49.7929,
              -28.1139
            ],
            [
              -49.7924,
              -28.1123
            ],
            [
              -49.7927,
              -28.1109
            ],
            [
              -49.7937,
              -28.1107
            ],
            [
              -49.7979,
              -28.1088
            ],
            [
              -49.7999,
              -28.1106
            ],
            [
              -49.8017,
              -28.1104
            ],
            [
              -49.8016,
              -28.1151
            ],
            [
              -49.8027,
              -28.1178
            ],
            [
              -49.8038,
              -28.1181
            ],
            [
              -49.8081,
              -28.1174
            ],
            [
              -49.8129,
              -28.1184
            ],
            [
              -49.816,
              -28.1182
            ],
            [
              -49.8193,
              -28.1155
            ],
            [
              -49.821,
              -28.1158
            ],
            [
              -49.8221,
              -28.1171
            ],
            [
              -49.8257,
              -28.1185
            ],
            [
              -49.8288,
              -28.1189
            ],
            [
              -49.8301,
              -28.1169
            ],
            [
              -49.828,
              -28.1146
            ],
            [
              -49.8246,
              -28.1129
            ],
            [
              -49.8243,
              -28.1113
            ],
            [
              -49.8255,
              -28.1098
            ],
            [
              -49.8278,
              -28.1097
            ],
            [
              -49.8297,
              -28.11
            ],
            [
              -49.8331,
              -28.1096
            ],
            [
              -49.8368,
              -28.1105
            ],
            [
              -49.8379,
              -28.1097
            ],
            [
              -49.8407,
              -28.1099
            ],
            [
              -49.8431,
              -28.1089
            ],
            [
              -49.845,
              -28.1086
            ],
            [
              -49.8478,
              -28.1092
            ],
            [
              -49.8488,
              -28.1104
            ],
            [
              -49.8534,
              -28.1098
            ],
            [
              -49.8531,
              -28.107
            ],
            [
              -49.8506,
              -28.1056
            ],
            [
              -49.8497,
              -28.1025
            ]
          ]
        ]
      },
      "properties": {
        "codarea": "4216503",
        "nome_municipio": "São Joaquim",
        "codigo_ibge": 4216503
      }
    },
    {
      "type": "Feature",
      "geometry": {
        "type": "Polygon",
        "coordinates": [
          [
            [
              -49.8163,
              -28.469
            ],
            [
              -49.8126,
              -28.4679
            ],
            [
              -49.811,
              -28.4681
            ],
            [
              -49.8088,
              -28.4692
            ],
            [
              -49.8058,
              -28.4774
            ],
            [
              -49.8039,
              -28.4805
            ],
            [
              -49.8038,
              -28.484
            ],
            [
              -49.802,
              -28.4861
            ],
            [
              -49.7991,
              -28.4864
            ],
            [
              -49.7952,
              -28.4889
            ],
            [
              -49.7941,
              -28.4927
            ],
            [
              -49.7931,
              -28.4944
            ],
            [
              -49.7909,
              -28.4964
            ],
            [
              -49.7871,
              -28.497
            ],
            [
              -49.7823,
              -28.4967
            ],
            [
              -49.7806,
              -28.4951
            ],
            [
              -49.7818,
              -28.4939
            ],
            [
              -49.7838,
              -28.4936
            ],
            [
              -49.7853,
              -28.4923
            ],
            [
              -49.786,
              -28.4877
            ],
            [
              -49.785,
              -28.4858
            ],
            [
              -49.7834,
              -28.4842
            ],
            [
              -49.7811,
              -28.4809
            ],
            [
              -49.7792,
              -28.4791
            ],
            [
              -49.778,
              -28.4773
            ],
            [
              -49.779,
              -28.4753
            ],
            [
              -49.7815,
              -28.4742
            ],
            [
              -49.781,
              -28.4718
            ],
            [
              -49.7791,
              -28.4706
            ],
            [
              -49.7744,
              -28.4689
            ],
            [
              -49.7732,
              -28.4682
            ],
            [
              -49.7723,
              -28.4665
            ],
            [
              -49.7723,
              -28.464
            ],
            [
              -49.7706,
              -28.4617
            ],
            [
              -49.7674,
              -28.4596
            ],
            [
              -49.7653,
              -28.4595
            ],
            [
              -49.7644,
              -28.461
            ],
            [
              -49.7643,
              -28.4627
            ],
            [
              -49.7658,
              -28.4658
            ],
            [
              -49.7658,
              -28.4689
            ],
            [
              -49.767,
              -28.4721
            ],
            [
              -49.7663,
              -28.4744
            ],
            [
              -49.7676,
              -28.4766
            ],
            [
              -49.767,
              -28.4803
            ],
            [
              -49.765,
              -28.4829
            ],
            [
              -49.7652,
              -28.4843
            ],
            [
              -49.7697,
              -28.4876
            ],
            [
              -49.771,
              -28.4923
            ],
            [
              -49.7708,
              -28.4943
            ],
            [
              -49.7691,
              -28.496
            ],
            [
              -49.7672,
              -28.4993
            ],
            [
              -49.7655,
              -28.5012
            ],
            [
              -49.7627,
              -28.5011
            ],
            [
              -49.7589,
              -28.4992
            ],
            [
              -49.7544,
              -28.4983
            ],
            [
              -49.7522,
              -28.4971
            ],
            [
              -49.7483,
              -28.494
            ],
            [
              -49.7457,
              -28.4942
            ],
            [
              -49.743,
              -28.4952
            ],
            [
              -49.7398,
              -28.4984
            ],
            [
              -49.7393,
              -28.5003
            ],
            [
              -49.7401,
              -28.5013
            ],
            [
              -49.7425,
              -28.5025
            ],
            [
              -49.7445,
              -28.5029
            ],
            [
              -49.7458,
              -28.5041
            ],
            [
              -49.7467,
              -28.5059
            ],
            [
              -49.7459,
              -28.5074
            ],
            [
              -49.7444,
              -28.5077
            ],
            [
              -49.741,
              -28.5076
            ],
            [
              -49.7388,
              -28.5085
            ],
            [
              -49.7374,
              -28.5103
            ],
            [
              -49.7373,
              -28.5117
            ],
            [
              -49.7362,
              -28.5133
            ],
            [
              -49.7347,
              -28.5145
            ],
            [
              -49.7329,
              -28.515
            ],
            [
              -49.7301,
              -28.515
            ],
            [
              -49.7276,
              -28.5163
            ],
            [
              -49.7268,
              -28.5173
            ],
            [
              -49.7269,
              -28.5189
            ],
            [
              -49.7295,
              -28.5207
            ],
            [
              -49.7322,
              -28.5215
            ],
            [
              -49.7355,
              -28.5236
            ],
            [
              -49.7376,
              -28.5265
            ],
            [
              -49.7395,
              -28.5276
            ],
            [
              -49.7412,
              -28.5301
            ],
            [
              -49.7438,
              -28.5323
            ],
            [
              -49.7467,
              -28.5354
            ],
            [
              -49.7478,
              -28.539
            ],
            [
              -49.7493,
              -28.5423
            ],
            [
              -49.7494,
              -28.5457
            ],
            [
              -49.7482,
              -28.5484
            ],
            [
              -49.7461,
              -28.5498
            ],
            [
              -49.7417,
              -28.5495
            ],
            [
              -49.7399,
              -28.5475
            ],
            [
              -49.7388,
              -28.5476
            ],
            [
              -49.7383,
              -28.5497
            ],
            [
              -49.7368,
              -28.551
            ],
            [
              -49.7333,
              -28.5507
            ],
            [
              -49.7311,
              -28.551
            ],
            [
              -49.7303,
              -28.5522
            ],
            [
              -49.7283,
              -28.5592
            ],
            [
              -49.7281,
              -28.5614
            ],
            [
              -49.727,
              -28.5633
            ],
            [
              -49.7261,
              -28.5668
            ],
            [
              -49.726,
              -28.5695
            ],
            [
              -49.725,
              -28.5709
            ],
            [
              -49.7206,
              -28.5748
            ],
            [
              -49.7212,
              -28.576
            ],
            [
              -49.7196,
              -28.5773
            ],
            [
              -49.7177,
              -28.5772
            ],
            [
              -49.7152,
              -28.575
            ],
            [
              -49.7138,
              -28.5745
            ],
            [
              -49.7137,
              -28.5724
            ],
            [
              -49.7123,
              -28.5723
            ],
            [
              -49.7116,
              -28.5752
            ],
            [
              -49.7125,
              -28.5768
            ],
            [
              -49.7091,
              -28.5785
            ],
            [
              -49.709,
              -28.5803
            ],
            [
              -49.708,
              -28.5822
            ],
            [
              -49.71,
              -28.5862
            ],
            [
              -49.7111,
              -28.5872
            ],
            [
              -49.7102,
              -28.5895
            ],
            [
              -49.7121,
              -28.5909
            ],
            [
              -49.7126,
              -28.5918
            ],
            [
              -49.7118,
              -28.5931
            ],
            [
              -49.7117,
              -28.5953
            ],
            [
              -49.7095,
              -28.5978
            ],
            [
              -49.7106,
              -28.6028
            ],
            [
              -49.7102,
              -28.6043
            ],
            [
              -49.7065,
              -28.6056
            ],
            [
              -49.7043,
              -28.6057
            ],
            [
              -49.7022,
              -28.6047
            ],
            [
              -49.7013,
              -28.6057
            ],
            [
              -49.6992,
              -28.606
            ],
            [
              -49.6977,
              -28.6081
            ],
            [
              -49.6971,
              -28.6108
            ],
            [
              -49.6976,
              -28.612
            ],
            [
              -49.6966,
              -28.6147
            ],
            [
              -49.6931,
              -28.6167
            ],
            [
              -49.6937,
              -28.6174
            ],
            [
              -49.6922,
              -28.6186
            ],
            [
              -49.6914,
              -28.6214
            ],
            [
              -49.6921,
              -28.6232
            ],
            [
              -49.6936,
              -28.6246
            ],
            [
              -49.6937,
              -28.6256
            ],
            [
              -49.696,
              -28.6268
            ],
            [
              -49.6996,
              -28.6273
            ],
            [
              -49.701,
              -28.6283
            ],
            [
              -49.7031,
              -28.6289
            ],
            [
              -49.7047,
              -28.6316
            ],
            [
              -49.7023,
              -28.6303
            ],
            [
              -49.7008,
              -28.6285
            ],
            [
              -49.6988,
              -28.6284
            ],
            [
              -49.6956,
              -28.6272
            ],
            [
              -49.6944,
              -28.6263
            ],
            [
              -49.6912,
              -28.6261
            ],
            [
              -49.69,
              -28.6238
            ],
            [
              -49.6869,
              -28.6238
            ],
            [
              -49.6853,
              -28.6234
            ],
            [
              -49.6846,
              -28.622
            ],
            [
              -49.6854,
              -28.6209
            ],
            [
              -49.6838,
              -28.6193
            ],
            [
              -49.6828,
              -28.619
            ],
            [
              -49.6787,
              -28.6195
            ],
            [
              -49.6772,
              -28.6184
            ],
            [
              -49.6746,
              -28.6177
            ],
            [
              -49.6728,
              -28.6162
            ],
            [
              -49.6708,
              -28.6155
            ],
            [
              -49.6668,
              -28.6108
            ],
            [
              -49.6699,
              -28.6091
            ],
            [
              -49.6712,
              -28.6074
            ],
            [
              -49.6699,
              -28.6061
            ],
            [
              -49.667,
              -28.6054
            ],
            [
              -49.6673,
              -28.6033
            ],
            [
              -49.666,
              -28.6028
            ],
            [
              -49.6622,
              -28.6032
            ],
            [
              -49.6578,
              -28.6022
            ],
            [
              -49.6537,
              -28.6031
            ],
            [
              -49.6534,
              -28.601
            ],
            [
              -49.6524,
              -28.5997
            ],
            [
              -49.6488,
              -28.5996
            ],
            [
              -49.647,
              -28.5986
            ],
            [
              -49.6496,
              -28.5976
            ],
            [
              -49.6524,
              -28.5971
            ],
            [
              -49.6517,
              -28.5963
            ],
            [
              -49.6529,
              -28.5939
            ],
            [
              -49.6513,
              -28.5939
            ],
            [
              -49.649,
              -28.5932
            ],
            [
              -49.6468,
              -28.5897
            ],
            [
              -49.6477,
              -28.5885
            ],
            [
              -49.649,
              -28.5879
            ],
            [
              -49.6484,
              -28.5861
            ],
            [
              -49.6473,
              -28.5861
            ],
            [
              -49.6454,
              -28.585
            ],
            [
              -49.6476,
              -28.5829
            ],
            [
              -49.6474,
              -28.5815
            ],
            [
              -49.6464,
              -28.581
            ],
            [
              -49.6477,
              -28.5794
            ],
            [
              -49.6469,
              -28.5782
            ],
            [
              -49.648,
              -28.5758
            ],
            [
              -49.6483,
              -28.5729
            ],
            [
              -49.6477,
              -28.5717
            ],
            [
              -49.6485,
              -28.5706
            ],
            [
              -49.6486,
              -28.5688
            ],
            [
              -49.6501,
              -28.5688
            ],
            [
              -49.6527,
              -28.5702
            ],
            [
              -49.6539,
              -28.5673
            ],
            [
              -49.6561,
              -28.5655
            ],
            [
              -49.6543,
              -28.5642
            ],
            [
              -49.6537,
              -28.5627
            ],
            [
              -49.6516,
              -28.5616
            ],
            [
              -49.6515,
              -28.5602
            ],
            [
              -49.6505,
              -28.5582
            ],
            [
              -49.6492,
              -28.5584
            ],
            [
              -49.6485,
              -28.557
            ],
            [
              -49.6488,
              -28.5555
            ],
            [
              -49.6517,
              -28.5545
            ],
            [
              -49.6494,
              -28.5532
            ],
            [
              -49.6497,
              -28.549
            ],
            [
              -49.649,
              -28.5483
            ],
            [
              -49.6495,
              -28.5469
            ],
            [
              -49.6469,
              -28.546
            ],
            [
              -49.6473,
              -28.5446
            ],
            [
              -49.6451,
              -28.5438
            ],
            [
              -49.6446,
              -28.5419
            ],
            [
              -49.6402,
              -28.5424
            ],
            [
              -49.6385,
              -28.5437
            ],
            [
              -49.6386,
              -28.5409
            ],
            [
              -49.6368,
              -28.5389
            ],
            [
              -49.635,
              -28.5389
            ],
            [
              -49.6343,
              -28.538
            ],
            [
              -49.6322,
              -28.5368
            ],
            [
              -49.63,
              -28.5371
            ],
            [
              -49.6265,
              -28.5368
            ],
            [
              -49.6266,
              -28.5326
            ],
            [
              -49.6248,
              -28.5316
            ],
            [
              -49.6205,
              -28.5325
            ],
            [
              -49.6188,
              -28.5325
            ],
            [
              -49.6183,
              -28.5316
            ],
            [
              -49.6161,
              -28.5303
            ],
            [
              -49.6131,
              -28.5274
            ],
            [
              -49.6138,
              -28.5262
            ],
            [
              -49.6119,
              -28.5251
            ],
            [
              -49.61,
              -28.5253
            ],
            [
              -49.6086,
              -28.523
            ],
            [
              -49.6071,
              -28.5226
            ],
            [
              -49.6055,
              -28.5201
            ],
            [
              -49.6035,
              -28.52
            ],
            [
              -49.6014,
              -28.5171
            ],
            [
              -49.602,
              -28.5156
            ],
            [
              -49.6008,
              -28.5138
            ],
            [
              -49.5986,
              -28.5122
            ],
            [
              -49.5967,
              -28.508
            ],
            [
              -49.5972,
              -28.5062
            ],
            [
              -49.5947,
              -28.5057
            ],
            [
              -49.5931,
              -28.5033
            ],
            [
              -49.5909,
              -28.5021
            ],
            [
              -49.5906,
              -28.5005
            ],
            [
              -49.5891,
              -28.5008
            ],
            [
              -49.5871,
              -28.5
            ],
            [
              -49.5839,
              -28.5005
            ],
            [
              -49.5826,
              -28.5013
            ],
            [
              -49.581,
              -28.5005
            ],
            [
              -49.58,
              -28.5017
            ],
            [
              -49.5804,
              -28.5032
            ],
            [
              -49.5792,
              -28.5034
            ],
            [
              -49.5785,
              -28.5011
            ],
            [
              -49.5774,
              -28.5001
            ],
            [
              -49.5763,
              -28.5004
            ],
            [
              -49.5743,
              -28.5022
            ],
            [
              -49.5725,
              -28.5011
            ],
            [
              -49.5695,
              -28.5026
            ],
            [
              -49.5672,
              -28.5004
            ],
            [
              -49.5661,
              -28.4979
            ],
            [
              -49.5649,
              -28.4974
            ],
            [
              -49.5644,
              -28.4962
            ],
            [
              -49.5625,
              -28.4951
            ],
            [
              -49.5604,
              -28.4946
            ],
            [
              -49.5597,
              -28.4955
            ],
            [
              -49.5571,
              -28.4956
            ],
            [
              -49.5542,
              -28.4949
            ],
            [
              -49.5553,
              -28.4935
            ],
            [
              -49.5552,
              -28.4903
            ],
            [
              -49.5541,
              -28.4898
            ],
            [
              -49.5531,
              -28.4876
            ],
            [
              -49.5502,
              -28.4867
            ],
            [
              -49.5518,
              -28.4838
            ],
            [
              -49.5544,
              -28.4813
            ],
            [
              -49.5541,
              -28.4798
            ],
            [
              -49.5554,
              -28.4776
            ],
            [
              -49.555,
              -28.4754
            ],
            [
              -49.557,
              -28.4746
            ],
            [
              -49.558,
              -28.4748
            ],
            [
              -49.5588,
              -28.473
            ],
            [
              -49.5613,
              -28.4707
            ],
            [
              -49.5625,
              -28.4675
            ],
            [
              -49.5583,
              -28.4665
            ],
            [
              -49.5586,
              -28.465
            ],
            [
              -49.5601,
              -28.4633
            ],
            [
              -49.5591,
              -28.4615
            ],
            [
              -49.5575,
              -28.4622
            ],
            [
              -49.5558,
              -28.4617
            ],
            [
              -49.5546,
              -28.4604
            ],
            [
              -49.5554,
              -28.4578
            ],
            [
              -49.5541,
              -28.4572
            ],
            [
              -49.5536,
              -28.4556
            ],
            [
              -49.5526,
              -28.4548
            ],
            [
              -49.5517,
              -28.4529
            ],
            [
              -49.5503,
              -28.452
            ],
            [
              -49.5491,
              -28.4544
            ],
            [
              -49.5482,
              -28.4547
            ],
            [
              -49.5452,
              -28.4546
            ],
            [
              -49.5475,
              -28.4526
            ],
            [
              -49.5462,
              -28.4512
            ],
            [
              -49.5488,
              -28.4494
            ],
            [
              -49.548,
              -28.4469
            ],
            [
              -49.5471,
              -28.4455
            ],
            [
              -49.5466,
              -28.4427
            ],
            [
              -49.5454,
              -28.4424
            ],
            [
              -49.5433,
              -28.4428
            ],
            [
              -49.5437,
              -28.4415
            ],
            [
              -49.5423,
              -28.4405
            ],
            [
              -49.5425,
              -28.4376
            ],
            [
              -49.5414,
              -28.4369
            ],
            [
              -49.5357,
              -28.4367
            ],
            [
              -49.5353,
              -28.4361
            ],
            [
              -49.5338,
              -28.4347
            ],
            [
              -49.5339,
              -28.4329
            ],
            [
              -49.5361,
              -28.4317
            ],
            [
              -49.5383,
              -28.4331
            ],
            [
              -49.5379,
              -28.4351
            ],
            [
              -49.5403,
              -28.4353
            ],
            [
              -49.5418,
              -28.4361
            ],
            [
              -49.5422,
              -28.4372
            ],
            [
              -49.5452,
              -28.4367
            ],
            [
              -49.5468,
              -28.4373
            ],
            [
              -49.5505,
              -28.4413
            ],
            [
              -49.5503,
              -28.437
            ],
            [
              -49.5514,
              -28.4355
            ],
            [
              -49.5526,
              -28.436
            ],
            [
              -49.5556,
              -28.4348
            ],
            [
              -49.5608,
              -28.435
            ],
            [
              -49.5579,
              -28.4311
            ],
            [
              -49.558,
              -28.4292
            ],
            [
              -49.559,
              -28.4283
            ],
            [
              -49.5586,
              -28.4267
            ],
            [
              -49.5575,
              -28.4262
            ],
            [
              -49.5587,
              -28.4229
            ],
            [
              -49.5607,
              -28.4222
            ],
            [
              -49.5621,
              -28.4212
            ],
            [
              -49.5634,
              -28.4179
            ],
            [
              -49.5649,
              -28.4169
            ],
            [
              -49.5668,
              -28.4163
            ],
            [
              -49.5642,
              -28.4142
            ],
            [
              -49.564,
              -28.4127
            ],
            [
              -49.5629,
              -28.4117
            ],
            [
              -49.5606,
              -28.4119
            ],
            [
              -49.5582,
              -28.4112
            ],
            [
              -49.5583,
              -28.41
            ],
            [
              -49.5559,
              -28.4074
            ],
            [
              -49.5517,
              -28.4044
            ],
            [
              -49.5495,
              -28.4036
            ],
            [
              -49.5484,
              -28.4039
            ],
            [
              -49.5447,
              -28.4027
            ],
            [
              -49.5441,
              -28.4
            ],
            [
              -49.5445,
              -28.399
            ],
            [
              -49.5463,
              -28.3992
            ],
            [
              -49.5483,
              -28.4005
            ],
            [
              -49.5498,
              -28.4005
            ],
            [
              -49.5524,
              -28.3997
            ],
            [
              -49.5505,
              -28.3971
            ],
            [
              -49.5505,
              -28.3962
            ],
            [
              -49.5488,
              -28.3942
            ],
            [
              -49.549,
              -28.3899
            ],
            [
              -49.5459,
              -28.3908
            ],
            [
              -49.5448,
              -28.3899
            ],
            [
              -49.5437,
              -28.3879
            ],
            [
              -49.5453,
              -28.3879
            ],
            [
              -49.5466,
              -28.3872
            ],
            [
              -49.5441,
              -28.3854
            ],
            [
              -49.5438,
              -28.384
            ],
            [
              -49.5421,
              -28.3822
            ],
            [
              -49.5429,
              -28.3818
            ],
            [
              -49.5479,
              -28.3844
            ],
            [
              -49.5489,
              -28.3839
            ],
            [
              -49.5509,
              -28.3847
            ],
            [
              -49.5513,
              -28.3835
            ],
            [
              -49.5512,
              -28.3805
            ],
            [
              -49.5532,
              -28.3789
            ],
            [
              -49.5518,
              -28.3774
            ],
            [
              -49.554,
              -28.3763
            ],
            [
              -49.5558,
              -28.3764
            ],
            [
              -49.5563,
              -28.3739
            ],
            [
              -49.5588,
              -28.3726
            ],
            [
              -49.5583,
              -28.3719
            ],
            [
              -49.5549,
              -28.3702
            ],
            [
              -49.5534,
              -28.3688
            ],
            [
              -49.5521,
              -28.3683
            ],
            [
              -49.5502,
              -28.3664
            ],
            [
              -49.5504,
              -28.3639
            ],
            [
              -49.5523,
              -28.3626
            ],
            [
              -49.5522,
              -28.3608
            ],
            [
              -49.5513,
              -28.36
            ],
            [
              -49.5514,
              -28.358
            ],
            [
              -49.5505,
              -28.3566
            ],
            [
              -49.5531,
              -28.3554
            ],
            [
              -49.5497,
              -28.3523
            ],
            [
              -49.5454,
              -28.3517
            ],
            [
              -49.5433,
              -28.3517
            ],
            [
              -49.5432,
              -28.3505
            ],
            [
              -49.54,
              -28.35
            ],
            [
              -49.5354,
              -28.3508
            ],
            [
              -49.5334,
              -28.3497
            ],
            [
              -49.531,
              -28.3468
            ],
            [
              -49.5302,
              -28.3443
            ],
            [
              -49.5325,
              -28.3442
            ],
            [
              -49.5342,
              -28.3425
            ],
            [
              -49.5367,
              -28.3436
            ],
            [
              -49.5384,
              -28.3431
            ],
            [
              -49.5438,
              -28.3436
            ],
            [
              -49.5419,
              -28.3423
            ],
            [
              -49.541,
              -28.3399
            ],
            [
              -49.5388,
              -28.3388
            ],
            [
              -49.5389,
              -28.3372
            ],
            [
              -49.5398,
              -28.3354
            ],
            [
              -49.5365,
              -28.3361
            ],
            [
              -49.5373,
              -28.3343
            ],
            [
              -49.535,
              -28.3316
            ],
            [
              -49.535,
              -28.3297
            ],
            [
              -49.5361,
              -28.3279
            ],
            [
              -49.5349,
              -28.3265
            ],
            [
              -49.5329,
              -28.3256
            ],
            [
              -49.534,
              -28.3247
            ],
            [
              -49.5343,
              -28.3229
            ],
            [
              -49.5336,
              -28.322
            ],
            [
              -49.5352,
              -28.3195
            ],
            [
              -49.5335,
              -28.3191
            ],
            [
              -49.5338,
              -28.3174
            ],
            [
              -49.5322,
              -28.3149
            ],
            [
              -49.5352,
              -28.314
            ],
            [
              -49.5339,
              -28.311
            ],
            [
              -49.5324,
              -28.3102
            ],
            [
              -49.5339,
              -28.3083
            ],
            [
              -49.5325,
              -28.3081
            ],
            [
              -49.5324,
              -28.3069
            ],
            [
              -49.5309,
              -28.3062
            ],
            [
              -49.5282,
              -28.3076
            ],
            [
              -49.5269,
              -28.3072
            ],
            [
              -49.5256,
              -28.3086
            ],
            [
              -49.5237,
              -28.3086
            ],
            [
              -49.523,
              -28.307
            ],
            [
              -49.5253,
              -28.3069
            ],
            [
              -49.5252,
              -28.3054
            ],
            [
              -49.5238,
              -28.3031
            ],
            [
              -49.5241,
              -28.3021
            ],
            [
              -49.5229,
              -28.3011
            ],
            [
              -49.5217,
              -28.299
            ],
            [
              -49.5222,
              -28.2969
            ],
            [
              -49.5242,
              -28.2966
            ],
            [
              -49.5255,
              -28.293
            ],
            [
              -49.5264,
              -28.2922
            ],
            [
              -49.5259,
              -28.291
            ],
            [
              -49.5273,
              -28.2873
            ],
            [
              -49.5269,
              -28.2846
            ],
            [
              -49.5254,
              -28.281
            ],
            [
              -49.5238,
              -28.2794
            ],
            [
              -49.5242,
              -28.2778
            ],
            [
              -49.523,
              -28.2755
            ],
            [
              -49.5199,
              -28.2762
            ],
            [
              -49.5202,
              -28.2732
            ],
            [
              -49.5196,
              -28.2717
            ],
            [
              -49.5182,
              -28.2709
            ],
            [
              -49.5173,
              -28.2674
            ],
            [
              -49.5157,
              -28.266
            ],
            [
              -49.5152,
              -28.2648
            ],
            [
              -49.5158,
              -28.2616
            ],
            [
              -49.5171,
              -28.2627
            ],
            [
              -49.5189,
              -28.2629
            ],
            [
              -49.5182,
              -28.2659
            ],
            [
              -49.5195,
              -28.2664
            ],
            [
              -49.5192,
              -28.2685
            ],
            [
              -49.521,
              -28.2684
            ],
            [
              -49.5227,
              -28.2699
            ],
            [
              -49.5237,
              -28.2696
            ],
            [
              -49.5262,
              -28.2717
            ],
            [
              -49.5264,
              -28.2687
            ],
            [
              -49.5269,
              -28.2675
            ],
            [
              -49.5295,
              -28.2666
            ],
            [
              -49.5339,
              -28.2683
            ],
            [
              -49.5361,
              -28.2667
            ],
            [
              -49.5366,
              -28.2685
            ],
            [
              -49.536,
              -28.2694
            ],
            [
              -49.5391,
              -28.2716
            ],
            [
              -49.541,
              -28.2723
            ],
            [
              -49.5422,
              -28.2699
            ],
            [
              -49.5451,
              -28.2714
            ],
            [
              -49.5475,
              -28.2714
            ],
            [
              -49.5449,
              -28.2687
            ],
            [
              -49.5449,
              -28.2676
            ],
            [
              -49.5435,
              -28.2661
            ],
            [
              -49.5427,
              -28.2639
            ],
            [
              -49.5441,
              -28.2638
            ],
            [
              -49.5434,
              -28.2618
            ],
            [
              -49.5421,
              -28.2605
            ],
            [
              -49.5422,
              -28.2582
            ],
            [
              -49.5384,
              -28.2588
            ],
            [
              -49.5375,
              -28.2573
            ],
            [
              -49.5344,
              -28.2558
            ],
            [
              -49.5318,
              -28.253
            ],
            [
              -49.533,
              -28.2518
            ],
            [
              -49.5356,
              -28.2508
            ],
            [
              -49.5361,
              -28.25
            ],
            [
              -49.5345,
              -28.249
            ],
            [
              -49.535,
              -28.2476
            ],
            [
              -49.5414,
              -28.2473
            ],
            [
              -49.5394,
              -28.246
            ],
            [
              -49.5382,
              -28.2445
            ],
            [
              -49.5367,
              -28.2442
            ],
            [
              -49.5354,
              -28.2431
            ],
            [
              -49.5347,
              -28.2415
            ],
            [
              -49.538,
              -28.2417
            ],
            [
              -49.5396,
              -28.2414
            ],
            [
              -49.5429,
              -28.2415
            ],
            [
              -49.5454,
              -28.241
            ],
            [
              -49.5454,
              -28.2403
            ],
            [
              -49.5479,
              -28.2402
            ],
            [
              -49.55,
              -28.2397
            ],
            [
              -49.5478,
              -28.2379
            ],
            [
              -49.5413,
              -28.2351
            ],
            [
              -49.5388,
              -28.2329
            ],
            [
              -49.5393,
              -28.2313
            ],
            [
              -49.5374,
              -28.2305
            ],
            [
              -49.5367,
              -28.2291
            ],
            [
              -49.5342,
              -28.2277
            ],
            [
              -49.5325,
              -28.2255
            ],
            [
              -49.5301,
              -28.2251
            ],
            [
              -49.5331,
              -28.2233
            ],
            [
              -49.5349,
              -28.2229
            ],
            [
              -49.5339,
              -28.2216
            ],
            [
              -49.5341,
              -28.2195
            ],
            [
              -49.5352,
              -28.2189
            ],
            [
              -49.5329,
              -28.2161
            ],
            [
              -49.5312,
              -28.215
            ],
            [
              -49.5296,
              -28.2135
            ],
            [
              -49.5279,
              -28.213
            ],
            [
              -49.5281,
              -28.2115
            ],
            [
              -49.5268,
              -28.2093
            ],
            [
              -49.5297,
              -28.2093
            ],
            [
              -49.5307,
              -28.2079
            ],
            [
              -49.5325,
              -28.2074
            ],
            [
              -49.5311,
              -28.2038
            ],
            [
              -49.5304,
              -28.2009
            ],
            [
              -49.532,
              -28.1991
            ],
            [
              -49.5323,
              -28.198
            ],
            [
              -49.531,
              -28.1969
            ],
            [
              -49.5276,
              -28.1921
            ],
            [
              -49.5294,
              -28.192
            ],
            [
              -49.529,
              -28.1887
            ],
            [
              -49.5297,
              -28.1873
            ],
            [
              -49.5284,
              -28.1862
            ],
            [
              -49.5271,
              -28.1842
            ],
            [
              -49.5259,
              -28.1833
            ],
            [
              -49.5239,
              -28.1828
            ],
            [
              -49.5214,
              -28.1798
            ],
            [
              -49.5182,
              -28.178
            ],
            [
              -49.5163,
              -28.1778
            ],
            [
              -49.5146,
              -28.1736
            ],
            [
              -49.5113,
              -28.1728
            ],
            [
              -49.5142,
              -28.1714
            ],
            [
              -49.5158,
              -28.1715
            ],
            [
              -49.517,
              -28.1705
            ],
            [
              -49.514,
              -28.1698
            ],
            [
              -49.5098,
              -28.1679
            ],
            [
              -49.5104,
              -28.1647
            ],
            [
              -49.5122,
              -28.1631
            ],
            [
              -49.5102,
              -28.1624
            ],
            [
              -49.5068,
              -28.1602
            ],
            [
              -49.5102,
              -28.1596
            ],
            [
              -49.5094,
              -28.156
            ],
            [
              -49.5102,
              -28.1547
            ],
            [
              -49.5087,
              -28.1544
            ],
            [
              -49.5074,
              -28.1528
            ],
            [
              -49.5048,
              -28.1529
            ],
            [
              -49.5023,
              -28.1521
            ],
            [
              -49.5004,
              -28.1496
            ],
            [
              -49.5015,
              -28.1483
            ],
            [
              -49.4974,
              -28.1468
            ],
            [
              -49.494,
              -28.1485
            ],
            [
              -49.4929,
              -28.1467
            ],
            [
              -49.4905,
              -28.1457
            ],
            [
              -49.4927,
              -28.1416
            ],
            [
              -49.4904,
              -28.1407
            ],
            [
              -49.4903,
              -28.1392
            ],
            [
              -49.4911,
              -28.1367
            ],
            [
              -49.4901,
              -28.1348
            ],
            [
              -49.4919,
              -28.1346
            ],
            [
              -49.4901,
              -28.1327
            ],
            [
              -49.487,
              -28.1312
            ],
            [
              -49.4877,
              -28.1296
            ],
            [
              -49.4872,
              -28.1279
            ],
            [
              -49.4859,
              -28.1277
            ],
            [
              -49.4821,
              -28.1285
            ],
            [
              -49.4787,
              -28.127
            ],
            [
              -49.4752,
              -28.1263
            ],
            [
              -49.4746,
              -28.1258
            ],
            [
              -49.4773,
              -28.1239
            ],
            [
              -49.4779,
              -28.1201
            ],
            [
              -49.4811,
              -28.1188
            ],
            [
              -49.4849,
              -28.1214
            ],
            [
              -49.4865,
              -28.1217
            ],
            [
              -49.4895,
              -28.1208
            ],
            [
              -49.494,
              -28.1204
            ],
            [
              -49.4952,
              -28.121
            ],
            [
              -49.4949,
              -28.1239
            ],
            [
              -49.4942,
              -28.1254
            ],
            [
              -49.4954,
              -28.1257
            ],
            [
              -49.4976,
              -28.124
            ],
            [
              -49.4995,
              -28.1242
            ],
            [
              -49.5018,
              -28.1261
            ],
            [
              -49.5045,
              -28.127
            ],
            [
              -49.5104,
              -28.128
            ],
            [
              -49.5115,
              -28.1276
            ],
            [
              -49.5139,
              -28.1256
            ],
            [
              -49.5177,
              -28.1244
            ],
            [
              -49.5198,
              -28.1242
            ],
            [
              -49.5223,
              -28.1247
            ],
            [
              -49.5258,
              -28.1265
            ],
            [
              -49.529,
              -28.1256
            ],
            [
              -49.5324,
              -28.1239
            ],
            [
              -49.5371,
              -28.1254
            ],
            [
              -49.5421,
              -28.126
            ],
            [
              -49.5438,
              -28.1256
            ],
            [
              -49.5482,
              -28.1223
            ],
            [
              -49.5494,
              -28.1191
            ],
            [
              -49.5493,
              -28.1179
            ],
            [
              -49.551,
              -28.1173
            ],
            [
              -49.5549,
              -28.1168
            ],
            [
              -49.5581,
              -28.116
            ],
            [
              -49.5625,
              -28.1162
            ],
            [
              -49.5626,
              -28.1177
            ],
            [
              -49.5649,
              -28.1221
            ],
            [
              -49.5648,
              -28.1252
            ],
            [
              -49.5679,
              -28.1288
            ],
            [
              -49.571,
              -28.1301
            ],
            [
              -49.5762,
              -28.1313
            ],
            [
              -49.5771,
              -28.1332
            ],
            [
              -49.5755,
              -28.1336
            ],
            [
              -49.5725,
              -28.1356
            ],
            [
              -49.576,
              -28.1415
            ],
            [
              -49.577,
              -28.1455
            ],
            [
              -49.5761,
              -28.1476
            ],
            [
              -49.5771,
              -28.1497
            ],
            [
              -49.5789,
              -28.1504
            ],
            [
              -49.5816,
              -28.1497
            ],
            [
              -49.583,
              -28.1489
            ],
            [
              -49.5852,
              -28.1494
            ],
            [
              -49.5867,
              -28.1502
            ],
            [
              -49.5883,
              -28.1524
            ],
            [
              -49.5896,
              -28.1523
            ],
            [
              -49.5893,
              -28.1559
            ],
            [
              -49.5901,
              -28.1568
            ],
            [
              -49.5928,
              -28.1576
            ],
            [
              -49.5945,
              -28.1589
            ],
            [
              -49.598,
              -28.1604
            ],
            [
              -49.5999,
              -28.1604
            ],
            [
              -49.603,
              -28.1595
            ],
            [
              -49.6053,
              -28.1598
            ],
            [
              -49.6076,
              -28.163
            ],
            [
              -49.6104,
              -28.1638
            ],
            [
              -49.6129,
              -28.1623
            ],
            [
              -49.6144,
              -28.16
            ],
            [
              -49.6169,
              -28.1598
            ],
            [
              -49.62,
              -28.1609
            ],
            [
              -49.6216,
              -28.16
            ],
            [
              -49.625,
              -28.1595
            ],
            [
              -49.629,
              -28.1598
            ],
            [
              -49.6313,
              -28.1604
            ],
            [
              -49.6342,
              -28.1595
            ],
            [
              -49.6351,
              -28.1616
            ],
            [
              -49.6367,
              -28.163
            ],
            [
              -49.6434,
              -28.1641
            ],
            [
              -49.6441,
              -28.1661
            ],
            [
              -49.6439,
              -28.1696
            ],
            [
              -49.6468,
              -28.1729
            ],
            [
              -49.6475,
              -28.1748
            ],
            [
              -49.6504,
              -28.1754
            ],
            [
              -49.6521,
              -28.1767
            ],
            [
              -49.654,
              -28.1767
            ],
            [
              -49.6561,
              -28.1759
            ],
            [
              -49.6572,
              -28.1767
            ],
            [
              -49.6572,
              -28.1785
            ],
            [
              -49.6581,
              -28.1823
            ],
            [
              -49.6601,
              -28.1855
            ],
            [
              -49.661,
              -28.1857
            ],
            [
              -49.6656,
              -28.184
            ],
            [
              -49.6691,
              -28.1844
            ],
            [
              -49.6697,
              -28.1853
            ],
            [
              -49.6685,
              -28.1871
            ],
            [
              -49.6681,
              -28.1889
            ],
            [
              -49.6685,
              -28.1933
            ],
            [
              -49.6685,
              -28.1979
            ],
            [
              -49.6693,
              -28.2011
            ],
            [
              -49.666,
              -28.2026
            ],
            [
              -49.666,
              -28.2057
            ],
            [
              -49.6675,
              -28.2105
            ],
            [
              -49.666,
              -28.2138
            ],
            [
              -49.6675,
              -28.2167
            ],
            [
              -49.6693,
              -28.2176
            ],
            [
              -49.6702,
              -28.2191
            ],
            [
              -49.67,
              -28.2209
            ],
            [
              -49.6707,
              -28.2243
            ],
            [
              -49.6719,
              -28.2254
            ],
            [
              -49.6723,
              -28.2273
            ],
            [
              -49.6703,
              -28.2292
            ],
            [
              -49.6719,
              -28.2309
            ],
            [
              -49.6747,
              -28.2311
            ],
            [
              -49.677,
              -28.2329
            ],
            [
              -49.6804,
              -28.2314
            ],
            [
              -49.6821,
              -28.2321
            ],
            [
              -49.683,
              -28.2316
            ],
            [
              -49.6835,
              -28.23
            ],
            [
              -49.6875,
              -28.2282
            ],
            [
              -49.6896,
              -28.2263
            ],
            [
              -49.6913,
              -28.2259
            ],
            [
              -49.6943,
              -28.2262
            ],
            [
              -49.6963,
              -28.2272
            ],
            [
              -49.6978,
              -28.227
            ],
            [
              -49.7014,
              -28.228
            ],
            [
              -49.7028,
              -28.2272
            ],
            [
              -49.7035,
              -28.2247
            ],
            [
              -49.7049,
              -28.2232
            ],
            [
              -49.7081,
              -28.2224
            ],
            [
              -49.709,
              -28.2209
            ],
            [
              -49.7103,
              -28.222
            ],
            [
              -49.7121,
              -28.2217
            ],
            [
              -49.7149,
              -28.2245
            ],
            [
              -49.7171,
              -28.2238
            ],
            [
              -49.7185,
              -28.2227
            ],
            [
              -49.7216,
              -28.2224
            ],
            [
              -49.7222,
              -28.2242
            ],
            [
              -49.7232,
              -28.2253
            ],
            [
              -49.726,
              -28.2269
            ],
            [
              -49.7259,
              -28.2285
            ],
            [
              -49.7266,
              -28.2295
            ],
            [
              -49.7288,
              -28.2303
            ],
            [
              -49.73,
              -28.2316
            ],
            [
              -49.7299,
              -28.2349
            ],
            [
              -49.7314,
              -28.2382
            ],
            [
              -49.7333,
              -28.2396
            ],
            [
              -49.7371,
              -28.2403
            ],
            [
              -49.7387,
              -28.2402
            ],
            [
              -49.7419,
              -28.2418
            ],
            [
              -49.7443,
              -28.2417
            ],
            [
              -49.7459,
              -28.2407
            ],
            [
              -49.7491,
              -28.2423
            ],
            [
              -49.7492,
              -28.2432
            ],
            [
              -49.751,
              -28.2439
            ],
            [
              -49.7519,
              -28.2455
            ],
            [
              -49.7543,
              -28.2473
            ],
            [
              -49.7561,
              -28.2498
            ],
            [
              -49.755,
              -28.2515
            ],
            [
              -49.7572,
              -28.2517
            ],
            [
              -49.7581,
              -28.2525
            ],
            [
              -49.7582,
              -28.2552
            ],
            [
              -49.7604,
              -28.2564
            ],
            [
              -49.762,
              -28.2581
            ],
            [
              -49.7613,
              -28.2593
            ],
            [
              -49.7614,
              -28.262
            ],
            [
              -49.7631,
              -28.2635
            ],
            [
              -49.7635,
              -28.2656
            ],
            [
              -49.7643,
              -28.2667
            ],
            [
              -49.7641,
              -28.2686
            ],
            [
              -49.7659,
              -28.271
            ],
            [
              -49.7677,
              -28.2715
            ],
            [
              -49.7683,
              -28.2743
            ],
            [
              -49.7703,
              -28.2758
            ],
            [
              -49.7732,
              -28.2763
            ],
            [
              -49.774,
              -28.2786
            ],
            [
              -49.7733,
              -28.2805
            ],
            [
              -49.7719,
              -28.2816
            ],
            [
              -49.7722,
              -28.2835
            ],
            [
              -49.7742,
              -28.2845
            ],
            [
              -49.7729,
              -28.2872
            ],
            [
              -49.7729,
              -28.2887
            ],
            [
              -49.7718,
              -28.2901
            ],
            [
              -49.7722,
              -28.2918
            ],
            [
              -49.7706,
              -28.2927
            ],
            [
              -49.7704,
              -28.2938
            ],
            [
              -49.7718,
              -28.2947
            ],
            [
              -49.7706,
              -28.2956
            ],
            [
              -49.7712,
              -28.2975
            ],
            [
              -49.7675,
              -28.2975
            ],
            [
              -49.7665,
              -28.2985
            ],
            [
              -49.7674,
              -28.2999
            ],
            [
              -49.7706,
              -28.3015
            ],
            [
              -49.7698,
              -28.303
            ],
            [
              -49.7701,
              -28.3047
            ],
            [
              -49.7718,
              -28.3064
            ],
            [
              -49.7722,
              -28.3084
            ],
            [
              -49.7718,
              -28.3096
            ],
            [
              -49.7701,
              -28.3091
            ],
            [
              -49.7681,
              -28.3114
            ],
            [
              -49.7681,
              -28.3122
            ],
            [
              -49.77,
              -28.3128
            ],
            [
              -49.7704,
              -28.3141
            ],
            [
              -49.7718,
              -28.3155
            ],
            [
              -49.7716,
              -28.3176
            ],
            [
              -49.7733,
              -28.3186
            ],
            [
              -49.7732,
              -28.3194
            ],
            [
              -49.7699,
              -28.3197
            ],
            [
              -49.7713,
              -28.3217
            ],
            [
              -49.77,
              -28.3254
            ],
            [
              -49.7703,
              -28.3263
            ],
            [
              -49.7725,
              -28.3263
            ],
            [
              -49.7735,
              -28.3272
            ],
            [
              -49.7743,
              -28.3301
            ],
            [
              -49.7741,
              -28.3312
            ],
            [
              -49.7726,
              -28.3317
            ],
            [
              -49.7717,
              -28.3339
            ],
            [
              -49.7705,
              -28.3338
            ],
            [
              -49.7677,
              -28.3315
            ],
            [
              -49.7666,
              -28.3322
            ],
            [
              -49.7673,
              -28.3334
            ],
            [
              -49.7649,
              -28.3351
            ],
            [
              -49.7651,
              -28.3364
            ],
            [
              -49.7668,
              -28.3367
            ],
            [
              -49.7674,
              -28.3377
            ],
            [
              -49.7663,
              -28.3386
            ],
            [
              -49.7675,
              -28.3404
            ],
            [
              -49.7649,
              -28.3419
            ],
            [
              -49.7645,
              -28.3435
            ],
            [
              -49.7653,
              -28.3469
            ],
            [
              -49.7646,
              -28.3489
            ],
            [
              -49.7649,
              -28.3504
            ],
            [
              -49.7668,
              -28.3515
            ],
            [
              -49.7683,
              -28.3514
            ],
            [
              -49.7703,
              -28.3529
            ],
            [
              -49.7714,
              -28.3543
            ],
            [
              -49.7732,
              -28.3548
            ],
            [
              -49.7764,
              -28.3544
            ],
            [
              -49.7778,
              -28.3552
            ],
            [
              -49.7777,
              -28.3571
            ],
            [
              -49.7744,
              -28.3585
            ],
            [
              -49.773,
              -28.3617
            ],
            [
              -49.773,
              -28.3636
            ],
            [
              -49.7717,
              -28.3666
            ],
            [
              -49.7717,
              -28.3686
            ],
            [
              -49.7722,
              -28.3716
            ],
            [
              -49.7722,
              -28.3759
            ],
            [
              -49.7731,
              -28.3762
            ],
            [
              -49.7764,
              -28.3739
            ],
            [
              -49.7802,
              -28.3716
            ],
            [
              -49.7814,
              -28.37
            ],
            [
              -49.7829,
              -28.3669
            ],
            [
              -49.7838,
              -28.3661
            ],
            [
              -49.7855,
              -28.366
            ],
            [
              -49.7894,
              -28.3671
            ],
            [
              -49.7904,
              -28.368
            ],
            [
              -49.7956,
              -28.3684
            ],
            [
              -49.7966,
              -28.3698
            ],
            [
              -49.7967,
              -28.3728
            ],
            [
              -49.7975,
              -28.3736
            ],
            [
              -49.7989,
              -28.3732
            ],
            [
              -49.801,
              -28.3713
            ],
            [
              -49.803,
              -28.3683
            ],
            [
              -49.8046,
              -28.3667
            ],
            [
              -49.8072,
              -28.3663
            ],
            [
              -49.8094,
              -28.3691
            ],
            [
              -49.8099,
              -28.3709
            ],
            [
              -49.8097,
              -28.3736
            ],
            [
              -49.8092,
              -28.3763
            ],
            [
              -49.8089,
              -28.3811
            ],
            [
              -49.8093,
              -28.3821
            ],
            [
              -49.8093,
              -28.3848
            ],
            [
              -49.8072,
              -28.3853
            ],
            [
              -49.8027,
              -28.3855
            ],
            [
              -49.798,
              -28.386
            ],
            [
              -49.7929,
              -28.3851
            ],
            [
              -49.7899,
              -28.3851
            ],
            [
              -49.7873,
              -28.3857
            ],
            [
              -49.7856,
              -28.3868
            ],
            [
              -49.7851,
              -28.3879
            ],
            [
              -49.7847,
              -28.3916
            ],
            [
              -49.7838,
              -28.3928
            ],
            [
              -49.7818,
              -28.3935
            ],
            [
              -49.7783,
              -28.3921
            ],
            [
              -49.776,
              -28.3919
            ],
            [
              -49.7719,
              -28.3939
            ],
            [
              -49.7711,
              -28.3961
            ],
            [
              -49.7723,
              -28.3989
            ],
            [
              -49.7722,
              -28.4009
            ],
            [
              -49.7726,
              -28.4042
            ],
            [
              -49.7714,
              -28.4057
            ],
            [
              -49.7691,
              -28.406
            ],
            [
              -49.7672,
              -28.4056
            ],
            [
              -49.764,
              -28.406
            ],
            [
              -49.7626,
              -28.4079
            ],
            [
              -49.7633,
              -28.409
            ],
            [
              -49.7664,
              -28.4095
            ],
            [
              -49.7671,
              -28.41
            ],
            [
              -49.7695,
              -28.4138
            ],
            [
              -49.7702,
              -28.4152
            ],
            [
              -49.7694,
              -28.4166
            ],
            [
              -49.7669,
              -28.4165
            ],
            [
              -49.7644,
              -28.4159
            ],
            [
              -49.7632,
              -28.4163
            ],
            [
              -49.7581,
              -28.4163
            ],
            [
              -49.755,
              -28.4176
            ],
            [
              -49.7539,
              -28.4193
            ],
            [
              -49.7544,
              -28.4208
            ],
            [
              -49.7572,
              -28.421
            ],
            [
              -49.7603,
              -28.4205
            ],
            [
              -49.7656,
              -28.4223
            ],
            [
              -49.7668,
              -28.4229
            ],
            [
              -49.773,
              -28.4246
            ],
            [
              -49.7763,
              -28.4264
            ],
            [
              -49.7782,
              -28.4281
            ],
            [
              -49.7813,
              -28.4299
            ],
            [
              -49.7833,
              -28.4296
            ],
            [
              -49.7836,
              -28.4283
            ],
            [
              -49.7818,
              -28.4247
            ],
            [
              -49.7817,
              -28.4226
            ],
            [
              -49.7824,
              -28.4218
            ],
            [
              -49.785,
              -28.4216
            ],
            [
              -49.7875,
              -28.423
            ],
            [
              -49.7872,
              -28.4243
            ],
            [
              -49.7879,
              -28.4267
            ],
            [
              -49.7886,
              -28.4277
            ],
            [
              -49.7902,
              -28.4281
            ],
            [
              -49.7948,
              -28.4258
            ],
            [
              -49.7992,
              -28.4248
            ],
            [
              -49.8003,
              -28.4251
            ],
            [
              -49.8009,
              -28.4264
            ],
            [
              -49.8,
              -28.4291
            ],
            [
              -49.7996,
              -28.4316
            ],
            [
              -49.7999,
              -28.4329
            ],
            [
              -49.801,
              -28.4338
            ],
            [
              -49.8027,
              -28.4334
            ],
            [
              -49.8043,
              -28.4313
            ],
            [
              -49.8046,
              -28.4294
            ],
            [
              -49.806,
              -28.4275
            ],
            [
              -49.8064,
              -28.4245
            ],
            [
              -49.806,
              -28.4214
            ],
            [
              -49.8043,
              -28.4189
            ],
            [
              -49.8035,
              -28.4169
            ],
            [
              -49.8043,
              -28.4159
            ],
            [
              -49.8069,
              -28.4156
            ],
            [
              -49.8096,
              -28.4174
            ],
            [
              -49.8102,
              -28.4194
            ],
            [
              -49.8101,
              -28.4209
            ],
            [
              -49.8112,
              -28.4221
            ],
            [
              -49.8127,
              -28.4224
            ],
            [
              -49.8142,
              -28.4217
            ],
            [
              -49.816,
              -28.4218
            ],
            [
              -49.8221,
              -28.4212
            ],
            [
              -49.8247,
              -28.4225
            ],
            [
              -49.8287,
              -28.4237
            ],
            [
              -49.831,
              -28.4252
            ],
            [
              -49.8313,
              -28.4275
            ],
            [
              -49.829,
              -28.4293
            ],
            [
              -49.8263,
              -28.431
            ],
            [
              -49.8217,
              -28.433
            ],
            [
              -49.8205,
              -28.4346
            ],
            [
              -49.8199,
              -28.4366
            ],
            [
              -49.818,
              -28.4384
            ],
            [
              -49.8159,
              -28.4394
            ],
            [
              -49.8142,
              -28.4391
            ],
            [
              -49.8137,
              -28.4377
            ],
            [
              -49.8142,
              -28.4325
            ],
            [
              -49.8137,
              -28.4287
            ],
            [
              -49.8128,
              -28.4283
            ],
            [
              -49.8086,
              -28.4294
            ],
            [
              -49.8077,
              -28.431
            ],
            [
              -49.8082,
              -28.4343
            ],
            [
              -49.8089,
              -28.4358
            ],
            [
              -49.8109,
              -28.4375
            ],
            [
              -49.8131,
              -28.4405
            ],
            [
              -49.8135,
              -28.442
            ],
            [
              -49.8135,
              -28.4453
            ],
            [
              -49.813,
              -28.4476
            ],
            [
              -49.8117,
              -28.4513
            ],
            [
              -49.8106,
              -28.4536
            ],
            [
              -49.8046,
              -28.4556
            ],
            [
              -49.8035,
              -28.4566
            ],
            [
              -49.8038,
              -28.4583
            ],
            [
              -49.8072,
              -28.4602
            ],
            [
              -49.8106,
              -28.4635
            ],
            [
              -49.8126,
              -28.4643
            ],
            [
              -49.8164,
              -28.4633
            ],
            [
              -49.8183,
              -28.4637
            ],
            [
              -49.8197,
              -28.4687
            ],
            [
              -49.8177,
              -28.4697
            ],
            [
              -49.8163,
              -28.469
            ]
          ]
        ]
      },
      "properties": {
        "codarea": "4202503",
        "nome_municipio": "Bom Jardim da Serra",
        "codigo_ibge": 4202503
      }
    },
    {
      "type": "Feature",
      "geometry": {
        "type": "Polygon",
        "coordinates": [
          [
            [
              -50.0545,
              -28.0936
            ],
            [
              -50.0533,
              -28.0961
            ],
            [
              -50.0515,
              -28.0973
            ],
            [
              -50.049,
              -28.0981
            ],
            [
              -50.0469,
              -28.0984
            ],
            [
              -50.0452,
              -28.098
            ],
            [
              -50.0386,
              -28.0988
            ],
            [
              -50.038,
              -28.0999
            ],
            [
              -50.0375,
              -28.1025
            ],
            [
              -50.0353,
              -28.1037
            ],
            [
              -50.0332,
              -28.1032
            ],
            [
              -50.0331,
              -28.1009
            ],
            [
              -50.0339,
              -28.0998
            ],
            [
              -50.0335,
              -28.0985
            ],
            [
              -50.0298,
              -28.0979
            ],
            [
              -50.0278,
              -28.0992
            ],
            [
              -50.027,
              -28.1013
            ],
            [
              -50.0245,
              -28.1025
            ],
            [
              -50.0228,
              -28.1026
            ],
            [
              -50.0215,
              -28.1007
            ],
            [
              -50.0212,
              -28.0963
            ],
            [
              -50.0202,
              -28.0944
            ],
            [
              -50.0177,
              -28.0915
            ],
            [
              -50.0161,
              -28.0911
            ],
            [
              -50.0146,
              -28.0897
            ],
            [
              -50.0123,
              -28.0888
            ],
            [
              -50.0111,
              -28.0877
            ],
            [
              -50.0077,
              -28.0874
            ],
            [
              -50.0031,
              -28.0884
            ],
            [
              -50.0012,
              -28.0905
            ],
            [
              -50.0011,
              -28.0923
            ],
            [
              -50.004,
              -28.0957
            ],
            [
              -50.0059,
              -28.0961
            ],
            [
              -50.0112,
              -28.0979
            ],
            [
              -50.0122,
              -28.099
            ],
            [
              -50.0121,
              -28.1007
            ],
            [
              -50.0113,
              -28.1028
            ],
            [
              -50.01,
              -28.1037
            ],
            [
              -50.0071,
              -28.1041
            ],
            [
              -50.0051,
              -28.1023
            ],
            [
              -50.0042,
              -28.1
            ],
            [
              -50.002,
              -28.0987
            ],
            [
              -49.9992,
              -28.0985
            ],
            [
              -49.9986,
              -28.0993
            ],
            [
              -49.9964,
              -28.1001
            ],
            [
              -49.9928,
              -28.1021
            ],
            [
              -49.9916,
              -28.1036
            ],
            [
              -49.9897,
              -28.104
            ],
            [
              -49.9884,
              -28.1037
            ],
            [
              -49.9858,
              -28.1013
            ],
            [
              -49.9867,
              -28.0995
            ],
            [
              -49.9868,
              -28.0981
            ],
            [
              -49.9857,
              -28.0957
            ],
            [
              -49.9843,
              -28.0942
            ],
            [
              -49.9819,
              -28.0942
            ],
            [
              -49.9794,
              -28.0952
            ],
            [
              -49.9777,
              -28.0982
            ],
            [
              -49.9756,
              -28.1001
            ],
            [
              -49.9761,
              -28.1019
            ],
            [
              -49.9783,
              -28.1022
            ],
            [
              -49.9789,
              -28.1036
            ],
            [
              -49.9772,
              -28.105
            ],
            [
              -49.975,
              -28.1093
            ],
            [
              -49.9738,
              -28.109
            ],
            [
              -49.9735,
              -28.1077
            ],
            [
              -49.9699,
              -28.1039
            ],
            [
              -49.9686,
              -28.099
            ],
            [
              -49.9678,
              -28.0977
            ],
            [
              -49.9656,
              -28.0982
            ],
            [
              -49.9636,
              -28.0991
            ],
            [
              -49.9618,
              -28.098
            ],
            [
              -49.9607,
              -28.0966
            ],
            [
              -49.9583,
              -28.096
            ],
            [
              -49.9543,
              -28.0973
            ],
            [
              -49.9516,
              -28.1032
            ],
            [
              -49.9489,
              -28.107
            ],
            [
              -49.9476,
              -28.1085
            ],
            [
              -49.944,
              -28.1107
            ],
            [
              -49.9424,
              -28.1112
            ],
            [
              -49.9408,
              -28.1106
            ],
            [
              -49.9402,
              -28.1084
            ],
            [
              -49.9404,
              -28.1064
            ],
            [
              -49.9417,
              -28.1037
            ],
            [
              -49.9421,
              -28.1022
            ],
            [
              -49.9416,
              -28.0987
            ],
            [
              -49.9409,
              -28.0983
            ],
            [
              -49.9373,
              -28.0988
            ],
            [
              -49.9358,
              -28.0995
            ],
            [
              -49.9329,
              -28.1022
            ],
            [
              -49.9301,
              -28.1029
            ],
            [
              -49.9285,
              -28.1002
            ],
            [
              -49.9276,
              -28.097
            ],
            [
              -49.9258,
              -28.0966
            ],
            [
              -49.9236,
              -28.0985
            ],
            [
              -49.9202,
              -28.099
            ],
            [
              -49.9185,
              -28.1002
            ],
            [
              -49.918,
              -28.1024
            ],
            [
              -49.9184,
              -28.1039
            ],
            [
              -49.918,
              -28.1066
            ],
            [
              -49.9143,
              -28.1093
            ],
            [
              -49.9091,
              -28.1106
            ],
            [
              -49.9073,
              -28.1115
            ],
            [
              -49.9055,
              -28.1111
            ],
            [
              -49.9042,
              -28.1102
            ],
            [
              -49.9038,
              -28.1079
            ],
            [
              -49.9051,
              -28.1062
            ],
            [
              -49.9083,
              -28.1047
            ],
            [
              -49.9093,
              -28.1029
            ],
            [
              -49.9072,
              -28.103
            ],
            [
              -49.9041,
              -28.1038
            ],
            [
              -49.9031,
              -28.1033
            ],
            [
              -49.9031,
              -28.1018
            ],
            [
              -49.9049,
              -28.0995
            ],
            [
              -49.905,
              -28.0976
            ],
            [
              -49.9038,
              -28.096
            ],
            [
              -49.9008,
              -28.094
            ],
            [
              -49.8997,
              -28.093
            ],
            [
              -49.8982,
              -28.0926
            ],
            [
              -49.8954,
              -28.0932
            ],
            [
              -49.8933,
              -28.0956
            ],
            [
              -49.8919,
              -28.0963
            ],
            [
              -49.8881,
              -28.0961
            ],
            [
              -49.8857,
              -28.097
            ],
            [
              -49.885,
              -28.0979
            ],
            [
              -49.8845,
              -28.1015
            ],
            [
              -49.8837,
              -28.1039
            ],
            [
              -49.8825,
              -28.1057
            ],
            [
              -49.8834,
              -28.1082
            ],
            [
              -49.8831,
              -28.1093
            ],
            [
              -49.8813,
              -28.1105
            ],
            [
              -49.8786,
              -28.1117
            ],
            [
              -49.8745,
              -28.1121
            ],
            [
              -49.8735,
              -28.1109
            ],
            [
              -49.874,
              -28.1089
            ],
            [
              -49.8758,
              -28.1067
            ],
            [
              -49.878,
              -28.1047
            ],
            [
              -49.8781,
              -28.1032
            ],
            [
              -49.8759,
              -28.1012
            ],
            [
              -49.8728,
              -28.0999
            ],
            [
              -49.8696,
              -28.0967
            ],
            [
              -49.8665,
              -28.0972
            ],
            [
              -49.8653,
              -28.0984
            ],
            [
              -49.8638,
              -28.1017
            ],
            [
              -49.86,
              -28.1023
            ],
            [
              -49.8583,
              -28.1021
            ],
            [
              -49.8558,
              -28.1026
            ],
            [
              -49.8529,
              -28.1007
            ],
            [
              -49.8509,
              -28.1008
            ],
            [
              -49.8497,
              -28.1025
            ],
            [
              -49.8491,
              -28.1022
            ],
            [
              -49.8474,
              -28.0974
            ],
            [
              -49.843,
              -28.0977
            ],
            [
              -49.8409,
              -28.0933
            ],
            [
              -49.841,
              -28.0908
            ],
            [
              -49.84,
              -28.0881
            ],
            [
              -49.8375,
              -28.0866
            ],
            [
              -49.8395,
              -28.0857
            ],
            [
              -49.8377,
              -28.0845
            ],
            [
              -49.8347,
              -28.0857
            ],
            [
              -49.8331,
              -28.0867
            ],
            [
              -49.8319,
              -28.0851
            ],
            [
              -49.8298,
              -28.0836
            ],
            [
              -49.8292,
              -28.0825
            ],
            [
              -49.827,
              -28.0816
            ],
            [
              -49.8269,
              -28.0802
            ],
            [
              -49.825,
              -28.0802
            ],
            [
              -49.8226,
              -28.0787
            ],
            [
              -49.8241,
              -28.0768
            ],
            [
              -49.822,
              -28.0762
            ],
            [
              -49.8211,
              -28.075
            ],
            [
              -49.8217,
              -28.0736
            ],
            [
              -49.8199,
              -28.0715
            ],
            [
              -49.8191,
              -28.0685
            ],
            [
              -49.8177,
              -28.0662
            ],
            [
              -49.814,
              -28.0646
            ],
            [
              -49.8134,
              -28.0635
            ],
            [
              -49.8144,
              -28.0619
            ],
            [
              -49.8132,
              -28.0606
            ],
            [
              -49.8141,
              -28.0588
            ],
            [
              -49.8119,
              -28.0575
            ],
            [
              -49.8116,
              -28.0563
            ],
            [
              -49.8103,
              -28.0548
            ],
            [
              -49.8075,
              -28.0548
            ],
            [
              -49.8059,
              -28.0532
            ],
            [
              -49.8017,
              -28.0504
            ],
            [
              -49.7969,
              -28.0498
            ],
            [
              -49.796,
              -28.0487
            ],
            [
              -49.7961,
              -28.047
            ],
            [
              -49.7938,
              -28.0466
            ],
            [
              -49.7909,
              -28.0473
            ],
            [
              -49.7894,
              -28.0448
            ],
            [
              -49.7899,
              -28.0434
            ],
            [
              -49.7894,
              -28.0412
            ],
            [
              -49.7869,
              -28.0395
            ],
            [
              -49.7869,
              -28.0373
            ],
            [
              -49.7854,
              -28.0369
            ],
            [
              -49.7856,
              -28.0357
            ],
            [
              -49.7842,
              -28.0342
            ],
            [
              -49.7807,
              -28.034
            ],
            [
              -49.7788,
              -28.033
            ],
            [
              -49.7768,
              -28.033
            ],
            [
              -49.7765,
              -28.0306
            ],
            [
              -49.774,
              -28.0291
            ],
            [
              -49.7707,
              -28.0242
            ],
            [
              -49.7653,
              -28.0261
            ],
            [
              -49.7629,
              -28.0272
            ],
            [
              -49.763,
              -28.0286
            ],
            [
              -49.7604,
              -28.0307
            ],
            [
              -49.7574,
              -28.0307
            ],
            [
              -49.7536,
              -28.0327
            ],
            [
              -49.753,
              -28.0334
            ],
            [
              -49.7512,
              -28.033
            ],
            [
              -49.7493,
              -28.0319
            ],
            [
              -49.7468,
              -28.0322
            ],
            [
              -49.7448,
              -28.0319
            ],
            [
              -49.7462,
              -28.0309
            ],
            [
              -49.7473,
              -28.029
            ],
            [
              -49.7485,
              -28.0278
            ],
            [
              -49.7516,
              -28.0264
            ],
            [
              -49.7529,
              -28.0249
            ],
            [
              -49.7544,
              -28.0222
            ],
            [
              -49.7557,
              -28.0217
            ],
            [
              -49.7581,
              -28.0224
            ],
            [
              -49.7603,
              -28.0205
            ],
            [
              -49.7615,
              -28.0169
            ],
            [
              -49.7633,
              -28.0138
            ],
            [
              -49.765,
              -28.0128
            ],
            [
              -49.7659,
              -28.0105
            ],
            [
              -49.7658,
              -28.0093
            ],
            [
              -49.7669,
              -28.0077
            ],
            [
              -49.7666,
              -28.0059
            ],
            [
              -49.7672,
              -28.0051
            ],
            [
              -49.7721,
              -28.0025
            ],
            [
              -49.7735,
              -28.0008
            ],
            [
              -49.7738,
              -27.9976
            ],
            [
              -49.7757,
              -27.9971
            ],
            [
              -49.7792,
              -27.9978
            ],
            [
              -49.7809,
              -27.9992
            ],
            [
              -49.782,
              -28.0009
            ],
            [
              -49.7833,
              -28.001
            ],
            [
              -49.7847,
              -27.9981
            ],
            [
              -49.7921,
              -27.9938
            ],
            [
              -49.7935,
              -27.9926
            ],
            [
              -49.7934,
              -27.9909
            ],
            [
              -49.7923,
              -27.9873
            ],
            [
              -49.7925,
              -27.9858
            ],
            [
              -49.7943,
              -27.9824
            ],
            [
              -49.7962,
              -27.9823
            ],
            [
              -49.8009,
              -27.9799
            ],
            [
              -49.8041,
              -27.9769
            ],
            [
              -49.8053,
              -27.9762
            ],
            [
              -49.8052,
              -27.974
            ],
            [
              -49.8044,
              -27.9708
            ],
            [
              -49.8052,
              -27.9698
            ],
            [
              -49.8065,
              -27.9662
            ],
            [
              -49.8093,
              -27.9642
            ],
            [
              -49.8115,
              -27.9633
            ],
            [
              -49.8152,
              -27.9642
            ],
            [
              -49.8179,
              -27.9694
            ],
            [
              -49.8195,
              -27.971
            ],
            [
              -49.8228,
              -27.9712
            ],
            [
              -49.8263,
              -27.9696
            ],
            [
              -49.8277,
              -27.9686
            ],
            [
              -49.8317,
              -27.967
            ],
            [
              -49.8332,
              -27.9656
            ],
            [
              -49.8341,
              -27.9639
            ],
            [
              -49.8393,
              -27.9613
            ],
            [
              -49.8422,
              -27.9609
            ],
            [
              -49.8432,
              -27.9599
            ],
            [
              -49.8468,
              -27.9571
            ],
            [
              -49.8459,
              -27.9559
            ],
            [
              -49.846,
              -27.954
            ],
            [
              -49.8484,
              -27.9525
            ],
            [
              -49.8524,
              -27.9517
            ],
            [
              -49.8535,
              -27.9507
            ],
            [
              -49.8515,
              -27.9456
            ],
            [
              -49.8498,
              -27.945
            ],
            [
              -49.8464,
              -27.9432
            ],
            [
              -49.8451,
              -27.941
            ],
            [
              -49.8431,
              -27.9398
            ],
            [
              -49.8403,
              -27.9367
            ],
            [
              -49.8429,
              -27.9353
            ],
            [
              -49.848,
              -27.9335
            ],
            [
              -49.8507,
              -27.9307
            ],
            [
              -49.8548,
              -27.9236
            ],
            [
              -49.8551,
              -27.918
            ],
            [
              -49.858,
              -27.9158
            ],
            [
              -49.8591,
              -27.9143
            ],
            [
              -49.8623,
              -27.9133
            ],
            [
              -49.8656,
              -27.9115
            ],
            [
              -49.8663,
              -27.9116
            ],
            [
              -49.9132,
              -27.9298
            ],
            [
              -49.916,
              -27.931
            ],
            [
              -49.9186,
              -27.9298
            ],
            [
              -49.9213,
              -27.9314
            ],
            [
              -49.9226,
              -27.9314
            ],
            [
              -49.9248,
              -27.9328
            ],
            [
              -49.9277,
              -27.9337
            ],
            [
              -49.9279,
              -27.9347
            ],
            [
              -49.934,
              -27.9365
            ],
            [
              -49.9369,
              -27.9387
            ],
            [
              -49.9382,
              -27.9402
            ],
            [
              -49.9383,
              -27.9413
            ],
            [
              -49.9403,
              -27.9425
            ],
            [
              -49.9409,
              -27.9439
            ],
            [
              -49.9407,
              -27.9462
            ],
            [
              -49.9425,
              -27.9484
            ],
            [
              -49.9426,
              -27.9497
            ],
            [
              -49.9464,
              -27.9509
            ],
            [
              -49.9477,
              -27.9506
            ],
            [
              -49.9487,
              -27.9516
            ],
            [
              -49.9551,
              -27.953
            ],
            [
              -49.9578,
              -27.9533
            ],
            [
              -49.9593,
              -27.954
            ],
            [
              -49.9624,
              -27.9536
            ],
            [
              -49.964,
              -27.9543
            ],
            [
              -49.9657,
              -27.9564
            ],
            [
              -49.9658,
              -27.9595
            ],
            [
              -49.9639,
              -27.9603
            ],
            [
              -49.9645,
              -27.9615
            ],
            [
              -49.9642,
              -27.9627
            ],
            [
              -49.9661,
              -27.9634
            ],
            [
              -49.9667,
              -27.9647
            ],
            [
              -49.9657,
              -27.966
            ],
            [
              -49.9629,
              -27.9669
            ],
            [
              -49.9608,
              -27.9705
            ],
            [
              -49.9611,
              -27.9721
            ],
            [
              -49.9625,
              -27.9742
            ],
            [
              -49.9638,
              -27.9734
            ],
            [
              -49.9649,
              -27.9742
            ],
            [
              -49.9666,
              -27.9737
            ],
            [
              -49.9677,
              -27.976
            ],
            [
              -49.969,
              -27.9771
            ],
            [
              -49.9681,
              -27.9781
            ],
            [
              -49.9683,
              -27.9798
            ],
            [
              -49.9693,
              -27.9802
            ],
            [
              -49.9696,
              -27.9821
            ],
            [
              -49.9688,
              -27.9827
            ],
            [
              -49.9691,
              -27.9845
            ],
            [
              -49.9671,
              -27.9867
            ],
            [
              -49.9661,
              -27.9869
            ],
            [
              -49.9645,
              -27.9903
            ],
            [
              -49.966,
              -27.9902
            ],
            [
              -49.9661,
              -27.9923
            ],
            [
              -49.9675,
              -27.9933
            ],
            [
              -49.9664,
              -27.9953
            ],
            [
              -49.9668,
              -27.9963
            ],
            [
              -49.9687,
              -27.9966
            ],
            [
              -49.9725,
              -27.996
            ],
            [
              -49.9768,
              -27.9972
            ],
            [
              -49.9784,
              -27.9968
            ],
            [
              -49.9813,
              -27.9973
            ],
            [
              -49.9833,
              -27.9985
            ],
            [
              -49.9845,
              -27.9999
            ],
            [
              -49.9838,
              -28.0014
            ],
            [
              -49.9854,
              -28.002
            ],
            [
              -49.9863,
              -28.0052
            ],
            [
              -49.9883,
              -28.0059
            ],
            [
              -49.9899,
              -28.0052
            ],
            [
              -49.9929,
              -28.0054
            ],
            [
              -49.9935,
              -28.0043
            ],
            [
              -49.9948,
              -28.0045
            ],
            [
              -49.9982,
              -28.002
            ],
            [
              -50.0014,
              -28.0029
            ],
            [
              -50.0016,
              -28.0044
            ],
            [
              -50.0004,
              -28.006
            ],
            [
              -50.0007,
              -28.0091
            ],
            [
              -50.0006,
              -28.0116
            ],
            [
              -50.0018,
              -28.0135
            ],
            [
              -50.0012,
              -28.0152
            ],
            [
              -50.0023,
              -28.0168
            ],
            [
              -50.0023,
              -28.0184
            ],
            [
              -49.9999,
              -28.0191
            ],
            [
              -49.9986,
              -28.0229
            ],
            [
              -49.999,
              -28.0243
            ],
            [
              -49.9986,
              -28.0256
            ],
            [
              -49.9944,
              -28.0271
            ],
            [
              -49.9964,
              -28.0289
            ],
            [
              -49.9976,
              -28.0306
            ],
            [
              -49.9993,
              -28.0321
            ],
            [
              -50.0011,
              -28.0323
            ],
            [
              -50.0057,
              -28.0313
            ],
            [
              -50.0065,
              -28.0328
            ],
            [
              -50.0118,
              -28.0343
            ],
            [
              -50.0127,
              -28.0369
            ],
            [
              -50.0079,
              -28.0394
            ],
            [
              -50.0067,
              -28.0423
            ],
            [
              -50.0072,
              -28.044
            ],
            [
              -50.0092,
              -28.0444
            ],
            [
              -50.0118,
              -28.0444
            ],
            [
              -50.0136,
              -28.0438
            ],
            [
              -50.0141,
              -28.0427
            ],
            [
              -50.0167,
              -28.044
            ],
            [
              -50.0179,
              -28.0457
            ],
            [
              -50.0158,
              -28.0484
            ],
            [
              -50.0138,
              -28.0497
            ],
            [
              -50.0132,
              -28.0517
            ],
            [
              -50.0101,
              -28.0565
            ],
            [
              -50.0108,
              -28.0594
            ],
            [
              -50.0106,
              -28.0612
            ],
            [
              -50.0113,
              -28.062
            ],
            [
              -50.0133,
              -28.0619
            ],
            [
              -50.0164,
              -28.0603
            ],
            [
              -50.0174,
              -28.0605
            ],
            [
              -50.0176,
              -28.0621
            ],
            [
              -50.0172,
              -28.0641
            ],
            [
              -50.0188,
              -28.0655
            ],
            [
              -50.0159,
              -28.0668
            ],
            [
              -50.0146,
              -28.0684
            ],
            [
              -50.0155,
              -28.0707
            ],
            [
              -50.017,
              -28.0714
            ],
            [
              -50.0191,
              -28.0698
            ],
            [
              -50.0228,
              -28.0715
            ],
            [
              -50.0234,
              -28.0711
            ],
            [
              -50.0249,
              -28.0675
            ],
            [
              -50.0257,
              -28.0667
            ],
            [
              -50.0283,
              -28.0657
            ],
            [
              -50.0314,
              -28.066
            ],
            [
              -50.0343,
              -28.0685
            ],
            [
              -50.0362,
              -28.0665
            ],
            [
              -50.0376,
              -28.0676
            ],
            [
              -50.0402,
              -28.0667
            ],
            [
              -50.042,
              -28.0695
            ],
            [
              -50.0431,
              -28.0726
            ],
            [
              -50.0434,
              -28.0751
            ],
            [
              -50.0439,
              -28.0761
            ],
            [
              -50.0471,
              -28.0774
            ],
            [
              -50.0494,
              -28.0779
            ],
            [
              -50.052,
              -28.077
            ],
            [
              -50.0534,
              -28.0778
            ],
            [
              -50.0525,
              -28.0816
            ],
            [
              -50.0496,
              -28.0831
            ],
            [
              -50.0479,
              -28.0848
            ],
            [
              -50.046,
              -28.0853
            ],
            [
              -50.043,
              -28.0877
            ],
            [
              -50.0428,
              -28.089
            ],
            [
              -50.0457,
              -28.0897
            ],
            [
              -50.0495,
              -28.0936
            ],
            [
              -50.0513,
              -28.0938
            ],
            [
              -50.0545,
              -28.0936
            ]
          ]
        ]
      },
      "properties": {
        "codarea": "4218954",
        "nome_municipio": "Urupema",
        "codigo_ibge": 4218954
      }
    },
    {
      "type": "Feature",
      "geometry": {
        "type": "Polygon",
        "coordinates": [
          [
            [
              -49.4404,
              -28.1328
            ],
            [
              -49.4408,
              -28.1306
            ],
            [
              -49.4404,
              -28.129
            ],
            [
              -49.4418,
              -28.1282
            ],
            [
              -49.4407,
              -28.1268
            ],
            [
              -49.4394,
              -28.1238
            ],
            [
              -49.4381,
              -28.1229
            ],
            [
              -49.4373,
              -28.12
            ],
            [
              -49.4359,
              -28.1181
            ],
            [
              -49.4342,
              -28.1172
            ],
            [
              -49.434,
              -28.116
            ],
            [
              -49.4322,
              -28.1138
            ],
            [
              -49.4297,
              -28.1143
            ],
            [
              -49.4298,
              -28.1169
            ],
            [
              -49.4282,
              -28.1159
            ],
            [
              -49.4263,
              -28.1158
            ],
            [
              -49.4249,
              -28.1166
            ],
            [
              -49.4196,
              -28.1163
            ],
            [
              -49.4164,
              -28.1155
            ],
            [
              -49.4138,
              -28.114
            ],
            [
              -49.4121,
              -28.1162
            ],
            [
              -49.41,
              -28.1157
            ],
            [
              -49.4085,
              -28.1147
            ],
            [
              -49.4062,
              -28.1149
            ],
            [
              -49.4047,
              -28.1133
            ],
            [
              -49.3996,
              -28.1122
            ],
            [
              -49.397,
              -28.111
            ],
            [
              -49.3954,
              -28.1108
            ],
            [
              -49.393,
              -28.1119
            ],
            [
              -49.3928,
              -28.1101
            ],
            [
              -49.3951,
              -28.1081
            ],
            [
              -49.3951,
              -28.107
            ],
            [
              -49.3895,
              -28.1043
            ],
            [
              -49.3886,
              -28.1034
            ],
            [
              -49.3886,
              -28.1007
            ],
            [
              -49.3919,
              -28.0989
            ],
            [
              -49.394,
              -28.0993
            ],
            [
              -49.3955,
              -28.0985
            ],
            [
              -49.3967,
              -28.0989
            ],
            [
              -49.4002,
              -28.0988
            ],
            [
              -49.4012,
              -28.0981
            ],
            [
              -49.3993,
              -28.0944
            ],
            [
              -49.4001,
              -28.0918
            ],
            [
              -49.3992,
              -28.0876
            ],
            [
              -49.4022,
              -28.0887
            ],
            [
              -49.4034,
              -28.0872
            ],
            [
              -49.4021,
              -28.0848
            ],
            [
              -49.4042,
              -28.0823
            ],
            [
              -49.4041,
              -28.0803
            ],
            [
              -49.401,
              -28.0816
            ],
            [
              -49.3983,
              -28.0815
            ],
            [
              -49.3965,
              -28.081
            ],
            [
              -49.397,
              -28.0779
            ],
            [
              -49.3966,
              -28.0763
            ],
            [
              -49.3972,
              -28.0749
            ],
            [
              -49.3968,
              -28.0738
            ],
            [
              -49.3942,
              -28.0738
            ],
            [
              -49.3937,
              -28.0707
            ],
            [
              -49.3912,
              -28.0681
            ],
            [
              -49.389,
              -28.0685
            ],
            [
              -49.3883,
              -28.072
            ],
            [
              -49.3866,
              -28.0708
            ],
            [
              -49.3845,
              -28.0709
            ],
            [
              -49.3835,
              -28.0684
            ],
            [
              -49.3805,
              -28.0681
            ],
            [
              -49.3801,
              -28.0671
            ],
            [
              -49.378,
              -28.0663
            ],
            [
              -49.3744,
              -28.0667
            ],
            [
              -49.372,
              -28.066
            ],
            [
              -49.3676,
              -28.0622
            ],
            [
              -49.3673,
              -28.0607
            ],
            [
              -49.3683,
              -28.0603
            ],
            [
              -49.3687,
              -28.0574
            ],
            [
              -49.3678,
              -28.0559
            ],
            [
              -49.3659,
              -28.054
            ],
            [
              -49.366,
              -28.0521
            ],
            [
              -49.3671,
              -28.051
            ],
            [
              -49.3694,
              -28.0494
            ],
            [
              -49.3711,
              -28.0457
            ],
            [
              -49.3708,
              -28.0451
            ],
            [
              -49.3678,
              -28.0444
            ],
            [
              -49.3679,
              -28.0432
            ],
            [
              -49.366,
              -28.042
            ],
            [
              -49.3643,
              -28.042
            ],
            [
              -49.3624,
              -28.0399
            ],
            [
              -49.363,
              -28.037
            ],
            [
              -49.362,
              -28.0351
            ],
            [
              -49.3601,
              -28.0342
            ],
            [
              -49.3584,
              -28.0319
            ],
            [
              -49.3585,
              -28.0305
            ],
            [
              -49.3559,
              -28.0299
            ],
            [
              -49.3547,
              -28.0289
            ],
            [
              -49.3536,
              -28.0264
            ],
            [
              -49.355,
              -28.0233
            ],
            [
              -49.3568,
              -28.0233
            ],
            [
              -49.3567,
              -28.0213
            ],
            [
              -49.3546,
              -28.0196
            ],
            [
              -49.355,
              -28.0165
            ],
            [
              -49.3545,
              -28.0137
            ],
            [
              -49.3526,
              -28.0125
            ],
            [
              -49.3507,
              -28.0108
            ],
            [
              -49.3499,
              -28.0091
            ],
            [
              -49.3479,
              -28.0072
            ],
            [
              -49.3471,
              -28.005
            ],
            [
              -49.3476,
              -28.0021
            ],
            [
              -49.3484,
              -28.0014
            ],
            [
              -49.3504,
              -28.0013
            ],
            [
              -49.3491,
              -27.9978
            ],
            [
              -49.3493,
              -27.9962
            ],
            [
              -49.3475,
              -27.995
            ],
            [
              -49.3448,
              -27.9945
            ],
            [
              -49.3419,
              -27.9928
            ],
            [
              -49.3412,
              -27.9905
            ],
            [
              -49.3388,
              -27.9873
            ],
            [
              -49.3365,
              -27.9874
            ],
            [
              -49.3336,
              -27.9864
            ],
            [
              -49.3307,
              -27.9842
            ],
            [
              -49.3266,
              -27.9834
            ],
            [
              -49.3233,
              -27.9834
            ],
            [
              -49.3224,
              -27.9838
            ],
            [
              -49.3183,
              -27.9837
            ],
            [
              -49.3167,
              -27.9826
            ],
            [
              -49.3143,
              -27.979
            ],
            [
              -49.313,
              -27.976
            ],
            [
              -49.3114,
              -27.9742
            ],
            [
              -49.3114,
              -27.9723
            ],
            [
              -49.3089,
              -27.9713
            ],
            [
              -49.3084,
              -27.9704
            ],
            [
              -49.3077,
              -27.9687
            ],
            [
              -49.3079,
              -27.9673
            ],
            [
              -49.3091,
              -27.9666
            ],
            [
              -49.309,
              -27.9625
            ],
            [
              -49.3104,
              -27.9629
            ],
            [
              -49.3109,
              -27.9597
            ],
            [
              -49.3122,
              -27.959
            ],
            [
              -49.3109,
              -27.9518
            ],
            [
              -49.31,
              -27.9512
            ],
            [
              -49.3078,
              -27.947
            ],
            [
              -49.3075,
              -27.9444
            ],
            [
              -49.3078,
              -27.941
            ],
            [
              -49.3076,
              -27.9378
            ],
            [
              -49.308,
              -27.9364
            ],
            [
              -49.3092,
              -27.9352
            ],
            [
              -49.3096,
              -27.9329
            ],
            [
              -49.3073,
              -27.9301
            ],
            [
              -49.3074,
              -27.9276
            ],
            [
              -49.3055,
              -27.9219
            ],
            [
              -49.3065,
              -27.9203
            ],
            [
              -49.3058,
              -27.9164
            ],
            [
              -49.304,
              -27.9131
            ],
            [
              -49.3013,
              -27.9123
            ],
            [
              -49.3007,
              -27.9114
            ],
            [
              -49.2994,
              -27.9068
            ],
            [
              -49.3,
              -27.9057
            ],
            [
              -49.3003,
              -27.9027
            ],
            [
              -49.2994,
              -27.9017
            ],
            [
              -49.3026,
              -27.9002
            ],
            [
              -49.3038,
              -27.9002
            ],
            [
              -49.3086,
              -27.9024
            ],
            [
              -49.3106,
              -27.9028
            ],
            [
              -49.3161,
              -27.9032
            ],
            [
              -49.3177,
              -27.9037
            ],
            [
              -49.3186,
              -27.9048
            ],
            [
              -49.3201,
              -27.9088
            ],
            [
              -49.3243,
              -27.9108
            ],
            [
              -49.3261,
              -27.9122
            ],
            [
              -49.3264,
              -27.9134
            ],
            [
              -49.325,
              -27.9168
            ],
            [
              -49.3236,
              -27.9174
            ],
            [
              -49.3231,
              -27.9192
            ],
            [
              -49.3241,
              -27.9205
            ],
            [
              -49.3269,
              -27.9222
            ],
            [
              -49.3292,
              -27.9243
            ],
            [
              -49.3306,
              -27.9242
            ],
            [
              -49.3331,
              -27.9232
            ],
            [
              -49.3342,
              -27.924
            ],
            [
              -49.3384,
              -27.9251
            ],
            [
              -49.3423,
              -27.9248
            ],
            [
              -49.3446,
              -27.9264
            ],
            [
              -49.3491,
              -27.9273
            ],
            [
              -49.3512,
              -27.9254
            ],
            [
              -49.3557,
              -27.9239
            ],
            [
              -49.3581,
              -27.9237
            ],
            [
              -49.3603,
              -27.9245
            ],
            [
              -49.3621,
              -27.9259
            ],
            [
              -49.3648,
              -27.9272
            ],
            [
              -49.3665,
              -27.9299
            ],
            [
              -49.3669,
              -27.9332
            ],
            [
              -49.3684,
              -27.9347
            ],
            [
              -49.3708,
              -27.9341
            ],
            [
              -49.3773,
              -27.9342
            ],
            [
              -49.3781,
              -27.9375
            ],
            [
              -49.3794,
              -27.9408
            ],
            [
              -49.3808,
              -27.9429
            ],
            [
              -49.3846,
              -27.9442
            ],
            [
              -49.3877,
              -27.9465
            ],
            [
              -49.3892,
              -27.9469
            ],
            [
              -49.3916,
              -27.946
            ],
            [
              -49.3944,
              -27.9468
            ],
            [
              -49.3971,
              -27.9465
            ],
            [
              -49.3989,
              -27.9467
            ],
            [
              -49.4035,
              -27.9484
            ],
            [
              -49.4058,
              -27.9505
            ],
            [
              -49.4087,
              -27.9514
            ],
            [
              -49.4107,
              -27.9524
            ],
            [
              -49.4141,
              -27.9532
            ],
            [
              -49.4173,
              -27.9529
            ],
            [
              -49.4186,
              -27.9522
            ],
            [
              -49.421,
              -27.9497
            ],
            [
              -49.4231,
              -27.9456
            ],
            [
              -49.421,
              -27.9419
            ],
            [
              -49.4213,
              -27.941
            ],
            [
              -49.4237,
              -27.94
            ],
            [
              -49.4247,
              -27.9386
            ],
            [
              -49.4247,
              -27.9358
            ],
            [
              -49.4263,
              -27.9352
            ],
            [
              -49.4307,
              -27.9368
            ],
            [
              -49.4342,
              -27.9374
            ],
            [
              -49.436,
              -27.9391
            ],
            [
              -49.4358,
              -27.941
            ],
            [
              -49.4369,
              -27.9419
            ],
            [
              -49.4397,
              -27.9409
            ],
            [
              -49.4425,
              -27.9377
            ],
            [
              -49.4447,
              -27.9367
            ],
            [
              -49.4459,
              -27.9344
            ],
            [
              -49.4477,
              -27.9333
            ],
            [
              -49.4506,
              -27.9328
            ],
            [
              -49.4514,
              -27.9318
            ],
            [
              -49.4573,
              -27.9312
            ],
            [
              -49.4588,
              -27.9324
            ],
            [
              -49.4602,
              -27.9325
            ],
            [
              -49.4613,
              -27.9301
            ],
            [
              -49.4658,
              -27.9277
            ],
            [
              -49.4672,
              -27.9275
            ],
            [
              -49.4691,
              -27.9283
            ],
            [
              -49.4747,
              -27.9285
            ],
            [
              -49.4775,
              -27.9307
            ],
            [
              -49.4814,
              -27.9313
            ],
            [
              -49.4871,
              -27.9311
            ],
            [
              -49.4884,
              -27.9301
            ],
            [
              -49.4894,
              -27.9302
            ],
            [
              -49.4919,
              -27.9321
            ],
            [
              -49.4989,
              -27.9302
            ],
            [
              -49.5006,
              -27.9291
            ],
            [
              -49.5017,
              -27.9277
            ],
            [
              -49.5031,
              -27.9271
            ],
            [
              -49.5057,
              -27.9247
            ],
            [
              -49.5066,
              -27.9229
            ],
            [
              -49.5076,
              -27.9222
            ],
            [
              -49.5099,
              -27.9218
            ],
            [
              -49.5115,
              -27.9203
            ],
            [
              -49.5129,
              -27.9199
            ],
            [
              -49.5143,
              -27.9178
            ],
            [
              -49.5155,
              -27.9175
            ],
            [
              -49.5195,
              -27.9148
            ],
            [
              -49.5236,
              -27.9134
            ],
            [
              -49.53,
              -27.9123
            ],
            [
              -49.5338,
              -27.9119
            ],
            [
              -49.5361,
              -27.9128
            ],
            [
              -49.541,
              -27.9132
            ],
            [
              -49.5415,
              -27.9117
            ],
            [
              -49.5459,
              -27.9106
            ],
            [
              -49.5483,
              -27.9103
            ],
            [
              -49.5505,
              -27.9119
            ],
            [
              -49.5529,
              -27.9111
            ],
            [
              -49.5566,
              -27.9117
            ],
            [
              -49.5586,
              -27.9101
            ],
            [
              -49.562,
              -27.9089
            ],
            [
              -49.5661,
              -27.9081
            ],
            [
              -49.5675,
              -27.9068
            ],
            [
              -49.5691,
              -27.9067
            ],
            [
              -49.5734,
              -27.9048
            ],
            [
              -49.5752,
              -27.9033
            ],
            [
              -49.5775,
              -27.9021
            ],
            [
              -49.5774,
              -27.9009
            ],
            [
              -49.5795,
              -27.8988
            ],
            [
              -49.581,
              -27.8988
            ],
            [
              -49.5826,
              -27.9001
            ],
            [
              -49.584,
              -27.9003
            ],
            [
              -49.5858,
              -27.8997
            ],
            [
              -49.5896,
              -27.8993
            ],
            [
              -49.5919,
              -27.9006
            ],
            [
              -49.5915,
              -27.9018
            ],
            [
              -49.5935,
              -27.9046
            ],
            [
              -49.5941,
              -27.9049
            ],
            [
              -49.5967,
              -27.9036
            ],
            [
              -49.5987,
              -27.903
            ],
            [
              -49.601,
              -27.9033
            ],
            [
              -49.6027,
              -27.9029
            ],
            [
              -49.604,
              -27.9037
            ],
            [
              -49.6063,
              -27.9023
            ],
            [
              -49.6074,
              -27.9007
            ],
            [
              -49.6084,
              -27.9013
            ],
            [
              -49.6113,
              -27.9017
            ],
            [
              -49.6133,
              -27.9025
            ],
            [
              -49.6153,
              -27.9048
            ],
            [
              -49.6173,
              -27.905
            ],
            [
              -49.6201,
              -27.9063
            ],
            [
              -49.621,
              -27.9071
            ],
            [
              -49.623,
              -27.9076
            ],
            [
              -49.6239,
              -27.9058
            ],
            [
              -49.6276,
              -27.9053
            ],
            [
              -49.6286,
              -27.9059
            ],
            [
              -49.6336,
              -27.9074
            ],
            [
              -49.6356,
              -27.9076
            ],
            [
              -49.6372,
              -27.9066
            ],
            [
              -49.6395,
              -27.9063
            ],
            [
              -49.6408,
              -27.9075
            ],
            [
              -49.642,
              -27.9071
            ],
            [
              -49.6448,
              -27.9076
            ],
            [
              -49.6495,
              -27.9066
            ],
            [
              -49.6517,
              -27.9064
            ],
            [
              -49.655,
              -27.9081
            ],
            [
              -49.6573,
              -27.9083
            ],
            [
              -49.6592,
              -27.9095
            ],
            [
              -49.6619,
              -27.9096
            ],
            [
              -49.6638,
              -27.9101
            ],
            [
              -49.6668,
              -27.9096
            ],
            [
              -49.6687,
              -27.9109
            ],
            [
              -49.6715,
              -27.9119
            ],
            [
              -49.6748,
              -27.912
            ],
            [
              -49.6766,
              -27.9126
            ],
            [
              -49.6799,
              -27.9146
            ],
            [
              -49.6815,
              -27.9148
            ],
            [
              -49.6859,
              -27.9173
            ],
            [
              -49.6894,
              -27.918
            ],
            [
              -49.6921,
              -27.9183
            ],
            [
              -49.6939,
              -27.9179
            ],
            [
              -49.6956,
              -27.9168
            ],
            [
              -49.6985,
              -27.9174
            ],
            [
              -49.7005,
              -27.9168
            ],
            [
              -49.7029,
              -27.9178
            ],
            [
              -49.7033,
              -27.9206
            ],
            [
              -49.7041,
              -27.9215
            ],
            [
              -49.7049,
              -27.9238
            ],
            [
              -49.7068,
              -27.9255
            ],
            [
              -49.7067,
              -27.9275
            ],
            [
              -49.7088,
              -27.9316
            ],
            [
              -49.7076,
              -27.9335
            ],
            [
              -49.7081,
              -27.9368
            ],
            [
              -49.7109,
              -27.9401
            ],
            [
              -49.7128,
              -27.9418
            ],
            [
              -49.7149,
              -27.9419
            ],
            [
              -49.7148,
              -27.9435
            ],
            [
              -49.7155,
              -27.9454
            ],
            [
              -49.7156,
              -27.949
            ],
            [
              -49.7167,
              -27.9498
            ],
            [
              -49.7164,
              -27.9514
            ],
            [
              -49.7141,
              -27.952
            ],
            [
              -49.7127,
              -27.9541
            ],
            [
              -49.7142,
              -27.9559
            ],
            [
              -49.7145,
              -27.9576
            ],
            [
              -49.714,
              -27.9584
            ],
            [
              -49.7143,
              -27.9613
            ],
            [
              -49.714,
              -27.963
            ],
            [
              -49.7153,
              -27.9674
            ],
            [
              -49.7145,
              -27.969
            ],
            [
              -49.7148,
              -27.9724
            ],
            [
              -49.7141,
              -27.9738
            ],
            [
              -49.7149,
              -27.9749
            ],
            [
              -49.7138,
              -27.9784
            ],
            [
              -49.7117,
              -27.9795
            ],
            [
              -49.7126,
              -27.9816
            ],
            [
              -49.7123,
              -27.9823
            ],
            [
              -49.7131,
              -27.9851
            ],
            [
              -49.7125,
              -27.9862
            ],
            [
              -49.7135,
              -27.987
            ],
            [
              -49.714,
              -27.9893
            ],
            [
              -49.7127,
              -27.9915
            ],
            [
              -49.7128,
              -27.9935
            ],
            [
              -49.7122,
              -27.9952
            ],
            [
              -49.7109,
              -27.9958
            ],
            [
              -49.7116,
              -27.9977
            ],
            [
              -49.7115,
              -28.0
            ],
            [
              -49.711,
              -28.0044
            ],
            [
              -49.7112,
              -28.006
            ],
            [
              -49.7105,
              -28.0073
            ],
            [
              -49.7122,
              -28.009
            ],
            [
              -49.7137,
              -28.0117
            ],
            [
              -49.7161,
              -28.014
            ],
            [
              -49.7161,
              -28.0187
            ],
            [
              -49.7156,
              -28.019
            ],
            [
              -49.7152,
              -28.0225
            ],
            [
              -49.7152,
              -28.0273
            ],
            [
              -49.7157,
              -28.0287
            ],
            [
              -49.7185,
              -28.0285
            ],
            [
              -49.7218,
              -28.0265
            ],
            [
              -49.7231,
              -28.0251
            ],
            [
              -49.7243,
              -28.0246
            ],
            [
              -49.7275,
              -28.0248
            ],
            [
              -49.7316,
              -28.0277
            ],
            [
              -49.7327,
              -28.0292
            ],
            [
              -49.7339,
              -28.03
            ],
            [
              -49.7348,
              -28.029
            ],
            [
              -49.7378,
              -28.0283
            ],
            [
              -49.7395,
              -28.0273
            ],
            [
              -49.7421,
              -28.0276
            ],
            [
              -49.744,
              -28.0315
            ],
            [
              -49.7448,
              -28.0319
            ],
            [
              -49.7468,
              -28.0322
            ],
            [
              -49.7493,
              -28.0319
            ],
            [
              -49.7512,
              -28.033
            ],
            [
              -49.753,
              -28.0334
            ],
            [
              -49.7536,
              -28.0327
            ],
            [
              -49.7574,
              -28.0307
            ],
            [
              -49.7604,
              -28.0307
            ],
            [
              -49.763,
              -28.0286
            ],
            [
              -49.7629,
              -28.0272
            ],
            [
              -49.7653,
              -28.0261
            ],
            [
              -49.7707,
              -28.0242
            ],
            [
              -49.774,
              -28.0291
            ],
            [
              -49.7765,
              -28.0306
            ],
            [
              -49.7768,
              -28.033
            ],
            [
              -49.7788,
              -28.033
            ],
            [
              -49.7807,
              -28.034
            ],
            [
              -49.7842,
              -28.0342
            ],
            [
              -49.7856,
              -28.0357
            ],
            [
              -49.7854,
              -28.0369
            ],
            [
              -49.7869,
              -28.0373
            ],
            [
              -49.7869,
              -28.0395
            ],
            [
              -49.7894,
              -28.0412
            ],
            [
              -49.7899,
              -28.0434
            ],
            [
              -49.7894,
              -28.0448
            ],
            [
              -49.7909,
              -28.0473
            ],
            [
              -49.7938,
              -28.0466
            ],
            [
              -49.7961,
              -28.047
            ],
            [
              -49.796,
              -28.0487
            ],
            [
              -49.7969,
              -28.0498
            ],
            [
              -49.8017,
              -28.0504
            ],
            [
              -49.8059,
              -28.0532
            ],
            [
              -49.8075,
              -28.0548
            ],
            [
              -49.8103,
              -28.0548
            ],
            [
              -49.8116,
              -28.0563
            ],
            [
              -49.8119,
              -28.0575
            ],
            [
              -49.8141,
              -28.0588
            ],
            [
              -49.8132,
              -28.0606
            ],
            [
              -49.8144,
              -28.0619
            ],
            [
              -49.8134,
              -28.0635
            ],
            [
              -49.814,
              -28.0646
            ],
            [
              -49.8177,
              -28.0662
            ],
            [
              -49.8191,
              -28.0685
            ],
            [
              -49.8199,
              -28.0715
            ],
            [
              -49.8217,
              -28.0736
            ],
            [
              -49.8211,
              -28.075
            ],
            [
              -49.822,
              -28.0762
            ],
            [
              -49.8241,
              -28.0768
            ],
            [
              -49.8226,
              -28.0787
            ],
            [
              -49.825,
              -28.0802
            ],
            [
              -49.8269,
              -28.0802
            ],
            [
              -49.827,
              -28.0816
            ],
            [
              -49.8292,
              -28.0825
            ],
            [
              -49.8298,
              -28.0836
            ],
            [
              -49.8319,
              -28.0851
            ],
            [
              -49.8331,
              -28.0867
            ],
            [
              -49.8347,
              -28.0857
            ],
            [
              -49.8377,
              -28.0845
            ],
            [
              -49.8395,
              -28.0857
            ],
            [
              -49.8375,
              -28.0866
            ],
            [
              -49.84,
              -28.0881
            ],
            [
              -49.841,
              -28.0908
            ],
            [
              -49.8409,
              -28.0933
            ],
            [
              -49.843,
              -28.0977
            ],
            [
              -49.8474,
              -28.0974
            ],
            [
              -49.8491,
              -28.1022
            ],
            [
              -49.8497,
              -28.1025
            ],
            [
              -49.8506,
              -28.1056
            ],
            [
              -49.8531,
              -28.107
            ],
            [
              -49.8534,
              -28.1098
            ],
            [
              -49.8488,
              -28.1104
            ],
            [
              -49.8478,
              -28.1092
            ],
            [
              -49.845,
              -28.1086
            ],
            [
              -49.8431,
              -28.1089
            ],
            [
              -49.8407,
              -28.1099
            ],
            [
              -49.8379,
              -28.1097
            ],
            [
              -49.8368,
              -28.1105
            ],
            [
              -49.8331,
              -28.1096
            ],
            [
              -49.8297,
              -28.11
            ],
            [
              -49.8278,
              -28.1097
            ],
            [
              -49.8255,
              -28.1098
            ],
            [
              -49.8243,
              -28.1113
            ],
            [
              -49.8246,
              -28.1129
            ],
            [
              -49.828,
              -28.1146
            ],
            [
              -49.8301,
              -28.1169
            ],
            [
              -49.8288,
              -28.1189
            ],
            [
              -49.8257,
              -28.1185
            ],
            [
              -49.8221,
              -28.1171
            ],
            [
              -49.821,
              -28.1158
            ],
            [
              -49.8193,
              -28.1155
            ],
            [
              -49.816,
              -28.1182
            ],
            [
              -49.8129,
              -28.1184
            ],
            [
              -49.8081,
              -28.1174
            ],
            [
              -49.8038,
              -28.1181
            ],
            [
              -49.8027,
              -28.1178
            ],
            [
              -49.8016,
              -28.1151
            ],
            [
              -49.8017,
              -28.1104
            ],
            [
              -49.7999,
              -28.1106
            ],
            [
              -49.7979,
              -28.1088
            ],
            [
              -49.7937,
              -28.1107
            ],
            [
              -49.7927,
              -28.1109
            ],
            [
              -49.7924,
              -28.1123
            ],
            [
              -49.7929,
              -28.1139
            ],
            [
              -49.7931,
              -28.1166
            ],
            [
              -49.7954,
              -28.1214
            ],
            [
              -49.7941,
              -28.1238
            ],
            [
              -49.7946,
              -28.126
            ],
            [
              -49.7914,
              -28.1271
            ],
            [
              -49.7903,
              -28.1294
            ],
            [
              -49.7891,
              -28.1299
            ],
            [
              -49.787,
              -28.1278
            ],
            [
              -49.7849,
              -28.1279
            ],
            [
              -49.7844,
              -28.1309
            ],
            [
              -49.7846,
              -28.1323
            ],
            [
              -49.7826,
              -28.134
            ],
            [
              -49.7819,
              -28.135
            ],
            [
              -49.782,
              -28.1386
            ],
            [
              -49.7801,
              -28.1405
            ],
            [
              -49.7772,
              -28.1419
            ],
            [
              -49.7773,
              -28.1448
            ],
            [
              -49.7665,
              -28.1507
            ],
            [
              -49.7619,
              -28.1514
            ],
            [
              -49.7595,
              -28.1531
            ],
            [
              -49.7586,
              -28.156
            ],
            [
              -49.7571,
              -28.158
            ],
            [
              -49.7563,
              -28.1603
            ],
            [
              -49.7552,
              -28.1618
            ],
            [
              -49.7512,
              -28.1654
            ],
            [
              -49.7509,
              -28.1663
            ],
            [
              -49.7472,
              -28.1657
            ],
            [
              -49.7465,
              -28.1661
            ],
            [
              -49.7461,
              -28.1684
            ],
            [
              -49.747,
              -28.169
            ],
            [
              -49.7453,
              -28.171
            ],
            [
              -49.7428,
              -28.1719
            ],
            [
              -49.7421,
              -28.1738
            ],
            [
              -49.7433,
              -28.1755
            ],
            [
              -49.7414,
              -28.1768
            ],
            [
              -49.7391,
              -28.1767
            ],
            [
              -49.7381,
              -28.1776
            ],
            [
              -49.7376,
              -28.1792
            ],
            [
              -49.7361,
              -28.1808
            ],
            [
              -49.7337,
              -28.1824
            ],
            [
              -49.7302,
              -28.1814
            ],
            [
              -49.7284,
              -28.1849
            ],
            [
              -49.7271,
              -28.1854
            ],
            [
              -49.7256,
              -28.1847
            ],
            [
              -49.7239,
              -28.1832
            ],
            [
              -49.7217,
              -28.1823
            ],
            [
              -49.7216,
              -28.186
            ],
            [
              -49.72,
              -28.1881
            ],
            [
              -49.7185,
              -28.189
            ],
            [
              -49.7166,
              -28.1915
            ],
            [
              -49.7123,
              -28.194
            ],
            [
              -49.7091,
              -28.1947
            ],
            [
              -49.7081,
              -28.1974
            ],
            [
              -49.7068,
              -28.1981
            ],
            [
              -49.7058,
              -28.1999
            ],
            [
              -49.7023,
              -28.1998
            ],
            [
              -49.701,
              -28.2034
            ],
            [
              -49.7008,
              -28.2066
            ],
            [
              -49.6967,
              -28.2107
            ],
            [
              -49.6926,
              -28.2115
            ],
            [
              -49.6878,
              -28.2112
            ],
            [
              -49.6848,
              -28.2124
            ],
            [
              -49.6845,
              -28.214
            ],
            [
              -49.6832,
              -28.2156
            ],
            [
              -49.6832,
              -28.2178
            ],
            [
              -49.6824,
              -28.2201
            ],
            [
              -49.6785,
              -28.2226
            ],
            [
              -49.678,
              -28.2248
            ],
            [
              -49.6758,
              -28.2252
            ],
            [
              -49.6751,
              -28.2268
            ],
            [
              -49.6722,
              -28.2293
            ],
            [
              -49.6719,
              -28.2309
            ],
            [
              -49.6703,
              -28.2292
            ],
            [
              -49.6723,
              -28.2273
            ],
            [
              -49.6719,
              -28.2254
            ],
            [
              -49.6707,
              -28.2243
            ],
            [
              -49.67,
              -28.2209
            ],
            [
              -49.6702,
              -28.2191
            ],
            [
              -49.6693,
              -28.2176
            ],
            [
              -49.6675,
              -28.2167
            ],
            [
              -49.666,
              -28.2138
            ],
            [
              -49.6675,
              -28.2105
            ],
            [
              -49.666,
              -28.2057
            ],
            [
              -49.666,
              -28.2026
            ],
            [
              -49.6693,
              -28.2011
            ],
            [
              -49.6685,
              -28.1979
            ],
            [
              -49.6685,
              -28.1933
            ],
            [
              -49.6681,
              -28.1889
            ],
            [
              -49.6685,
              -28.1871
            ],
            [
              -49.6697,
              -28.1853
            ],
            [
              -49.6691,
              -28.1844
            ],
            [
              -49.6656,
              -28.184
            ],
            [
              -49.661,
              -28.1857
            ],
            [
              -49.6601,
              -28.1855
            ],
            [
              -49.6581,
              -28.1823
            ],
            [
              -49.6572,
              -28.1785
            ],
            [
              -49.6572,
              -28.1767
            ],
            [
              -49.6561,
              -28.1759
            ],
            [
              -49.654,
              -28.1767
            ],
            [
              -49.6521,
              -28.1767
            ],
            [
              -49.6504,
              -28.1754
            ],
            [
              -49.6475,
              -28.1748
            ],
            [
              -49.6468,
              -28.1729
            ],
            [
              -49.6439,
              -28.1696
            ],
            [
              -49.6441,
              -28.1661
            ],
            [
              -49.6434,
              -28.1641
            ],
            [
              -49.6367,
              -28.163
            ],
            [
              -49.6351,
              -28.1616
            ],
            [
              -49.6342,
              -28.1595
            ],
            [
              -49.6313,
              -28.1604
            ],
            [
              -49.629,
              -28.1598
            ],
            [
              -49.625,
              -28.1595
            ],
            [
              -49.6216,
              -28.16
            ],
            [
              -49.62,
              -28.1609
            ],
            [
              -49.6169,
              -28.1598
            ],
            [
              -49.6144,
              -28.16
            ],
            [
              -49.6129,
              -28.1623
            ],
            [
              -49.6104,
              -28.1638
            ],
            [
              -49.6076,
              -28.163
            ],
            [
              -49.6053,
              -28.1598
            ],
            [
              -49.603,
              -28.1595
            ],
            [
              -49.5999,
              -28.1604
            ],
            [
              -49.598,
              -28.1604
            ],
            [
              -49.5945,
              -28.1589
            ],
            [
              -49.5928,
              -28.1576
            ],
            [
              -49.5901,
              -28.1568
            ],
            [
              -49.5893,
              -28.1559
            ],
            [
              -49.5896,
              -28.1523
            ],
            [
              -49.5883,
              -28.1524
            ],
            [
              -49.5867,
              -28.1502
            ],
            [
              -49.5852,
              -28.1494
            ],
            [
              -49.583,
              -28.1489
            ],
            [
              -49.5816,
              -28.1497
            ],
            [
              -49.5789,
              -28.1504
            ],
            [
              -49.5771,
              -28.1497
            ],
            [
              -49.5761,
              -28.1476
            ],
            [
              -49.577,
              -28.1455
            ],
            [
              -49.576,
              -28.1415
            ],
            [
              -49.5725,
              -28.1356
            ],
            [
              -49.5755,
              -28.1336
            ],
            [
              -49.5771,
              -28.1332
            ],
            [
              -49.5762,
              -28.1313
            ],
            [
              -49.571,
              -28.1301
            ],
            [
              -49.5679,
              -28.1288
            ],
            [
              -49.5648,
              -28.1252
            ],
            [
              -49.5649,
              -28.1221
            ],
            [
              -49.5626,
              -28.1177
            ],
            [
              -49.5625,
              -28.1162
            ],
            [
              -49.5581,
              -28.116
            ],
            [
              -49.5549,
              -28.1168
            ],
            [
              -49.551,
              -28.1173
            ],
            [
              -49.5493,
              -28.1179
            ],
            [
              -49.5494,
              -28.1191
            ],
            [
              -49.5482,
              -28.1223
            ],
            [
              -49.5438,
              -28.1256
            ],
            [
              -49.5421,
              -28.126
            ],
            [
              -49.5371,
              -28.1254
            ],
            [
              -49.5324,
              -28.1239
            ],
            [
              -49.529,
              -28.1256
            ],
            [
              -49.5258,
              -28.1265
            ],
            [
              -49.5223,
              -28.1247
            ],
            [
              -49.5198,
              -28.1242
            ],
            [
              -49.5177,
              -28.1244
            ],
            [
              -49.5139,
              -28.1256
            ],
            [
              -49.5115,
              -28.1276
            ],
            [
              -49.5104,
              -28.128
            ],
            [
              -49.5045,
              -28.127
            ],
            [
              -49.5018,
              -28.1261
            ],
            [
              -49.4995,
              -28.1242
            ],
            [
              -49.4976,
              -28.124
            ],
            [
              -49.4954,
              -28.1257
            ],
            [
              -49.4942,
              -28.1254
            ],
            [
              -49.4949,
              -28.1239
            ],
            [
              -49.4952,
              -28.121
            ],
            [
              -49.494,
              -28.1204
            ],
            [
              -49.4895,
              -28.1208
            ],
            [
              -49.4865,
              -28.1217
            ],
            [
              -49.4849,
              -28.1214
            ],
            [
              -49.4811,
              -28.1188
            ],
            [
              -49.4779,
              -28.1201
            ],
            [
              -49.4773,
              -28.1239
            ],
            [
              -49.4746,
              -28.1258
            ],
            [
              -49.4729,
              -28.1257
            ],
            [
              -49.4707,
              -28.1266
            ],
            [
              -49.4705,
              -28.1274
            ],
            [
              -49.4719,
              -28.1287
            ],
            [
              -49.4751,
              -28.1307
            ],
            [
              -49.477,
              -28.1316
            ],
            [
              -49.4755,
              -28.1337
            ],
            [
              -49.4753,
              -28.1351
            ],
            [
              -49.4737,
              -28.1353
            ],
            [
              -49.4726,
              -28.1347
            ],
            [
              -49.4694,
              -28.1354
            ],
            [
              -49.467,
              -28.1352
            ],
            [
              -49.4655,
              -28.1363
            ],
            [
              -49.4622,
              -28.1357
            ],
            [
              -49.4606,
              -28.1362
            ],
            [
              -49.4604,
              -28.1383
            ],
            [
              -49.4593,
              -28.1388
            ],
            [
              -49.4566,
              -28.138
            ],
            [
              -49.4542,
              -28.1393
            ],
            [
              -49.4534,
              -28.1392
            ],
            [
              -49.4526,
              -28.1367
            ],
            [
              -49.451,
              -28.1351
            ],
            [
              -49.4469,
              -28.1363
            ],
            [
              -49.4448,
              -28.1342
            ],
            [
              -49.4421,
              -28.1337
            ],
            [
              -49.4404,
              -28.1328
            ]
          ]
        ]
      },
      "properties": {
        "codarea": "4218905",
        "nome_municipio": "Urubici",
        "codigo_ibge": 4218905
      }
    },
    {
      "type": "Feature",
      "geometry": {
        "type": "Polygon",
        "coordinates": [
          [
            [
              -50.0545,
              -28.0936
            ],
            [
              -50.0513,
              -28.0938
            ],
            [
              -50.0495,
              -28.0936
            ],
            [
              -50.0457,
              -28.0897
            ],
            [
              -50.0428,
              -28.089
            ],
            [
              -50.043,
              -28.0877
            ],
            [
              -50.046,
              -28.0853
            ],
            [
              -50.0479,
              -28.0848
            ],
            [
              -50.0496,
              -28.0831
            ],
            [
              -50.0525,
              -28.0816
            ],
            [
              -50.0534,
              -28.0778
            ],
            [
              -50.052,
              -28.077
            ],
            [
              -50.0494,
              -28.0779
            ],
            [
              -50.0471,
              -28.0774
            ],
            [
              -50.0439,
              -28.0761
            ],
            [
              -50.0434,
              -28.0751
            ],
            [
              -50.0431,
              -28.0726
            ],
            [
              -50.042,
              -28.0695
            ],
            [
              -50.0402,
              -28.0667
            ],
            [
              -50.0376,
              -28.0676
            ],
            [
              -50.0362,
              -28.0665
            ],
            [
              -50.0343,
              -28.0685
            ],
            [
              -50.0314,
              -28.066
            ],
            [
              -50.0283,
              -28.0657
            ],
            [
              -50.0257,
              -28.0667
            ],
            [
              -50.0249,
              -28.0675
            ],
            [
              -50.0234,
              -28.0711
            ],
            [
              -50.0228,
              -28.0715
            ],
            [
              -50.0191,
              -28.0698
            ],
            [
              -50.017,
              -28.0714
            ],
            [
              -50.0155,
              -28.0707
            ],
            [
              -50.0146,
              -28.0684
            ],
            [
              -50.0159,
              -28.0668
            ],
            [
              -50.0188,
              -28.0655
            ],
            [
              -50.0172,
              -28.0641
            ],
            [
              -50.0176,
              -28.0621
            ],
            [
              -50.0174,
              -28.0605
            ],
            [
              -50.0164,
              -28.0603
            ],
            [
              -50.0133,
              -28.0619
            ],
            [
              -50.0113,
              -28.062
            ],
            [
              -50.0106,
              -28.0612
            ],
            [
              -50.0108,
              -28.0594
            ],
            [
              -50.0101,
              -28.0565
            ],
            [
              -50.0132,
              -28.0517
            ],
            [
              -50.0138,
              -28.0497
            ],
            [
              -50.0158,
              -28.0484
            ],
            [
              -50.0179,
              -28.0457
            ],
            [
              -50.0167,
              -28.044
            ],
            [
              -50.0141,
              -28.0427
            ],
            [
              -50.0136,
              -28.0438
            ],
            [
              -50.0118,
              -28.0444
            ],
            [
              -50.0092,
              -28.0444
            ],
            [
              -50.0072,
              -28.044
            ],
            [
              -50.0067,
              -28.0423
            ],
            [
              -50.0079,
              -28.0394
            ],
            [
              -50.0127,
              -28.0369
            ],
            [
              -50.0118,
              -28.0343
            ],
            [
              -50.0065,
              -28.0328
            ],
            [
              -50.0057,
              -28.0313
            ],
            [
              -50.0011,
              -28.0323
            ],
            [
              -49.9993,
              -28.0321
            ],
            [
              -49.9976,
              -28.0306
            ],
            [
              -49.9964,
              -28.0289
            ],
            [
              -49.9944,
              -28.0271
            ],
            [
              -49.9986,
              -28.0256
            ],
            [
              -49.999,
              -28.0243
            ],
            [
              -49.9986,
              -28.0229
            ],
            [
              -49.9999,
              -28.0191
            ],
            [
              -50.0023,
              -28.0184
            ],
            [
              -50.0023,
              -28.0168
            ],
            [
              -50.0012,
              -28.0152
            ],
            [
              -50.0018,
              -28.0135
            ],
            [
              -50.0006,
              -28.0116
            ],
            [
              -50.0007,
              -28.0091
            ],
            [
              -50.0004,
              -28.006
            ],
            [
              -50.0016,
              -28.0044
            ],
            [
              -50.0014,
              -28.0029
            ],
            [
              -49.9982,
              -28.002
            ],
            [
              -49.9948,
              -28.0045
            ],
            [
              -49.9935,
              -28.0043
            ],
            [
              -49.9929,
              -28.0054
            ],
            [
              -49.9899,
              -28.0052
            ],
            [
              -49.9883,
              -28.0059
            ],
            [
              -49.9863,
              -28.0052
            ],
            [
              -49.9854,
              -28.002
            ],
            [
              -49.9838,
              -28.0014
            ],
            [
              -49.9845,
              -27.9999
            ],
            [
              -49.9833,
              -27.9985
            ],
            [
              -49.9813,
              -27.9973
            ],
            [
              -49.9784,
              -27.9968
            ],
            [
              -49.9768,
              -27.9972
            ],
            [
              -49.9725,
              -27.996
            ],
            [
              -49.9687,
              -27.9966
            ],
            [
              -49.9668,
              -27.9963
            ],
            [
              -49.9664,
              -27.9953
            ],
            [
              -49.9675,
              -27.9933
            ],
            [
              -49.9661,
              -27.9923
            ],
            [
              -49.966,
              -27.9902
            ],
            [
              -49.9645,
              -27.9903
            ],
            [
              -49.9661,
              -27.9869
            ],
            [
              -49.9671,
              -27.9867
            ],
            [
              -49.9691,
              -27.9845
            ],
            [
              -49.9688,
              -27.9827
            ],
            [
              -49.9696,
              -27.9821
            ],
            [
              -49.9693,
              -27.9802
            ],
            [
              -49.9683,
              -27.9798
            ],
            [
              -49.9681,
              -27.9781
            ],
            [
              -49.969,
              -27.9771
            ],
            [
              -49.9677,
              -27.976
            ],
            [
              -49.9666,
              -27.9737
            ],
            [
              -49.9649,
              -27.9742
            ],
            [
              -49.9638,
              -27.9734
            ],
            [
              -49.9625,
              -27.9742
            ],
            [
              -49.9611,
              -27.9721
            ],
            [
              -49.9608,
              -27.9705
            ],
            [
              -49.9629,
              -27.9669
            ],
            [
              -49.9657,
              -27.966
            ],
            [
              -49.9667,
              -27.9647
            ],
            [
              -49.9661,
              -27.9634
            ],
            [
              -49.9642,
              -27.9627
            ],
            [
              -49.9645,
              -27.9615
            ],
            [
              -49.9639,
              -27.9603
            ],
            [
              -49.9658,
              -27.9595
            ],
            [
              -49.9657,
              -27.9564
            ],
            [
              -49.964,
              -27.9543
            ],
            [
              -49.9624,
              -27.9536
            ],
            [
              -49.9593,
              -27.954
            ],
            [
              -49.9578,
              -27.9533
            ],
            [
              -49.9551,
              -27.953
            ],
            [
              -49.9487,
              -27.9516
            ],
            [
              -49.9477,
              -27.9506
            ],
            [
              -49.9464,
              -27.9509
            ],
            [
              -49.9426,
              -27.9497
            ],
            [
              -49.9425,
              -27.9484
            ],
            [
              -49.9407,
              -27.9462
            ],
            [
              -49.9409,
              -27.9439
            ],
            [
              -49.9403,
              -27.9425
            ],
            [
              -49.9383,
              -27.9413
            ],
            [
              -49.9382,
              -27.9402
            ],
            [
              -49.9369,
              -27.9387
            ],
            [
              -49.934,
              -27.9365
            ],
            [
              -49.9279,
              -27.9347
            ],
            [
              -49.9277,
              -27.9337
            ],
            [
              -49.9248,
              -27.9328
            ],
            [
              -49.9226,
              -27.9314
            ],
            [
              -49.9213,
              -27.9314
            ],
            [
              -49.9186,
              -27.9298
            ],
            [
              -49.916,
              -27.931
            ],
            [
              -49.9132,
              -27.9298
            ],
            [
              -49.8663,
              -27.9116
            ],
            [
              -49.8656,
              -27.9115
            ],
            [
              -49.867,
              -27.911
            ],
            [
              -49.8704,
              -27.9077
            ],
            [
              -49.8683,
              -27.9031
            ],
            [
              -49.8694,
              -27.9005
            ],
            [
              -49.8726,
              -27.8997
            ],
            [
              -49.8765,
              -27.897
            ],
            [
              -49.8802,
              -27.8961
            ],
            [
              -49.8805,
              -27.8945
            ],
            [
              -49.8777,
              -27.8905
            ],
            [
              -49.8774,
              -27.8885
            ],
            [
              -49.8802,
              -27.8848
            ],
            [
              -49.8835,
              -27.8847
            ],
            [
              -49.8864,
              -27.8833
            ],
            [
              -49.8855,
              -27.8801
            ],
            [
              -49.8864,
              -27.8781
            ],
            [
              -49.8884,
              -27.8762
            ],
            [
              -49.8904,
              -27.8757
            ],
            [
              -49.8946,
              -27.872
            ],
            [
              -49.8943,
              -27.8705
            ],
            [
              -49.8956,
              -27.8671
            ],
            [
              -49.8986,
              -27.8657
            ],
            [
              -49.8989,
              -27.8646
            ],
            [
              -49.8971,
              -27.8611
            ],
            [
              -49.8938,
              -27.8598
            ],
            [
              -49.8957,
              -27.8585
            ],
            [
              -49.8997,
              -27.8565
            ],
            [
              -49.9013,
              -27.8563
            ],
            [
              -49.902,
              -27.8541
            ],
            [
              -49.9033,
              -27.8529
            ],
            [
              -49.9055,
              -27.8524
            ],
            [
              -49.9082,
              -27.8523
            ],
            [
              -49.9098,
              -27.8534
            ],
            [
              -49.9113,
              -27.8535
            ],
            [
              -49.9115,
              -27.8511
            ],
            [
              -49.9093,
              -27.849
            ],
            [
              -49.9084,
              -27.8474
            ],
            [
              -49.9091,
              -27.8459
            ],
            [
              -49.9117,
              -27.8452
            ],
            [
              -49.9134,
              -27.8452
            ],
            [
              -49.9155,
              -27.8442
            ],
            [
              -49.9192,
              -27.8442
            ],
            [
              -49.9204,
              -27.8429
            ],
            [
              -49.9251,
              -27.8428
            ],
            [
              -49.928,
              -27.8433
            ],
            [
              -49.9308,
              -27.8447
            ],
            [
              -49.9347,
              -27.8447
            ],
            [
              -49.938,
              -27.8444
            ],
            [
              -49.9405,
              -27.8456
            ],
            [
              -49.9482,
              -27.8459
            ],
            [
              -49.9499,
              -27.8479
            ],
            [
              -49.9522,
              -27.849
            ],
            [
              -49.957,
              -27.8478
            ],
            [
              -49.9591,
              -27.8477
            ],
            [
              -49.96,
              -27.8461
            ],
            [
              -49.9642,
              -27.844
            ],
            [
              -49.9667,
              -27.8409
            ],
            [
              -49.967,
              -27.84
            ],
            [
              -49.9662,
              -27.8365
            ],
            [
              -49.9683,
              -27.8364
            ],
            [
              -49.9696,
              -27.8357
            ],
            [
              -49.9706,
              -27.8339
            ],
            [
              -49.9731,
              -27.8329
            ],
            [
              -49.9747,
              -27.8335
            ],
            [
              -49.9754,
              -27.8349
            ],
            [
              -49.9784,
              -27.8341
            ],
            [
              -49.9794,
              -27.8315
            ],
            [
              -49.981,
              -27.8294
            ],
            [
              -49.9831,
              -27.8279
            ],
            [
              -49.9877,
              -27.8271
            ],
            [
              -49.9897,
              -27.8258
            ],
            [
              -49.9892,
              -27.822
            ],
            [
              -49.9885,
              -27.8207
            ],
            [
              -49.9851,
              -27.8176
            ],
            [
              -49.9898,
              -27.8147
            ],
            [
              -49.9906,
              -27.8126
            ],
            [
              -49.9937,
              -27.8103
            ],
            [
              -49.9954,
              -27.8095
            ],
            [
              -49.9975,
              -27.8094
            ],
            [
              -49.9971,
              -27.8078
            ],
            [
              -49.9986,
              -27.805
            ],
            [
              -49.997,
              -27.8031
            ],
            [
              -49.9968,
              -27.8011
            ],
            [
              -49.9975,
              -27.8004
            ],
            [
              -49.9998,
              -27.8004
            ],
            [
              -50.0008,
              -27.7969
            ],
            [
              -50.0025,
              -27.797
            ],
            [
              -50.0038,
              -27.7963
            ],
            [
              -50.0057,
              -27.7983
            ],
            [
              -50.0056,
              -27.801
            ],
            [
              -50.0065,
              -27.8018
            ],
            [
              -50.0098,
              -27.8022
            ],
            [
              -50.0108,
              -27.8028
            ],
            [
              -50.0115,
              -27.8051
            ],
            [
              -50.0133,
              -27.8065
            ],
            [
              -50.0149,
              -27.8065
            ],
            [
              -50.0167,
              -27.8077
            ],
            [
              -50.0202,
              -27.8077
            ],
            [
              -50.022,
              -27.8085
            ],
            [
              -50.0234,
              -27.8078
            ],
            [
              -50.0252,
              -27.808
            ],
            [
              -50.0264,
              -27.809
            ],
            [
              -50.028,
              -27.8152
            ],
            [
              -50.0328,
              -27.8127
            ],
            [
              -50.0346,
              -27.8104
            ],
            [
              -50.0354,
              -27.8143
            ],
            [
              -50.037,
              -27.8152
            ],
            [
              -50.0413,
              -27.8168
            ],
            [
              -50.0408,
              -27.8137
            ],
            [
              -50.0411,
              -27.8123
            ],
            [
              -50.0424,
              -27.8105
            ],
            [
              -50.046,
              -27.8091
            ],
            [
              -50.0464,
              -27.8102
            ],
            [
              -50.0504,
              -27.8105
            ],
            [
              -50.0523,
              -27.8115
            ],
            [
              -50.0553,
              -27.81
            ],
            [
              -50.0583,
              -27.8106
            ],
            [
              -50.0601,
              -27.8127
            ],
            [
              -50.0626,
              -27.8126
            ],
            [
              -50.0654,
              -27.8114
            ],
            [
              -50.0666,
              -27.8112
            ],
            [
              -50.0681,
              -27.8125
            ],
            [
              -50.0681,
              -27.8142
            ],
            [
              -50.0694,
              -27.816
            ],
            [
              -50.0674,
              -27.8183
            ],
            [
              -50.0674,
              -27.8213
            ],
            [
              -50.0668,
              -27.8233
            ],
            [
              -50.067,
              -27.8252
            ],
            [
              -50.0684,
              -27.8286
            ],
            [
              -50.0675,
              -27.8298
            ],
            [
              -50.0687,
              -27.8316
            ],
            [
              -50.0697,
              -27.8313
            ],
            [
              -50.0719,
              -27.8338
            ],
            [
              -50.0708,
              -27.8352
            ],
            [
              -50.0716,
              -27.8364
            ],
            [
              -50.0718,
              -27.8406
            ],
            [
              -50.0736,
              -27.8412
            ],
            [
              -50.0756,
              -27.8424
            ],
            [
              -50.0771,
              -27.8416
            ],
            [
              -50.0782,
              -27.8394
            ],
            [
              -50.0805,
              -27.8406
            ],
            [
              -50.082,
              -27.8438
            ],
            [
              -50.084,
              -27.844
            ],
            [
              -50.0865,
              -27.8469
            ],
            [
              -50.0912,
              -27.849
            ],
            [
              -50.0925,
              -27.8468
            ],
            [
              -50.0947,
              -27.8459
            ],
            [
              -50.0959,
              -27.8464
            ],
            [
              -50.0949,
              -27.8505
            ],
            [
              -50.0953,
              -27.8522
            ],
            [
              -50.0965,
              -27.8531
            ],
            [
              -50.0959,
              -27.8544
            ],
            [
              -50.0995,
              -27.855
            ],
            [
              -50.1007,
              -27.8544
            ],
            [
              -50.1076,
              -27.8573
            ],
            [
              -50.1083,
              -27.8566
            ],
            [
              -50.1093,
              -27.8534
            ],
            [
              -50.1119,
              -27.8524
            ],
            [
              -50.1134,
              -27.8544
            ],
            [
              -50.1138,
              -27.8556
            ],
            [
              -50.1162,
              -27.8559
            ],
            [
              -50.1171,
              -27.8551
            ],
            [
              -50.122,
              -27.857
            ],
            [
              -50.1233,
              -27.8566
            ],
            [
              -50.1239,
              -27.8554
            ],
            [
              -50.1254,
              -27.8555
            ],
            [
              -50.1259,
              -27.8578
            ],
            [
              -50.1277,
              -27.8566
            ],
            [
              -50.1306,
              -27.8586
            ],
            [
              -50.1313,
              -27.8586
            ],
            [
              -50.1324,
              -27.8563
            ],
            [
              -50.1334,
              -27.8561
            ],
            [
              -50.1366,
              -27.8545
            ],
            [
              -50.1374,
              -27.8535
            ],
            [
              -50.1415,
              -27.8532
            ],
            [
              -50.1426,
              -27.8549
            ],
            [
              -50.142,
              -27.8573
            ],
            [
              -50.1432,
              -27.8584
            ],
            [
              -50.1443,
              -27.8575
            ],
            [
              -50.1465,
              -27.857
            ],
            [
              -50.1473,
              -27.8582
            ],
            [
              -50.1511,
              -27.8582
            ],
            [
              -50.1526,
              -27.8589
            ],
            [
              -50.1538,
              -27.8587
            ],
            [
              -50.1578,
              -27.8593
            ],
            [
              -50.1593,
              -27.8602
            ],
            [
              -50.1625,
              -27.861
            ],
            [
              -50.1627,
              -27.8629
            ],
            [
              -50.1637,
              -27.8645
            ],
            [
              -50.166,
              -27.8655
            ],
            [
              -50.1676,
              -27.8682
            ],
            [
              -50.1691,
              -27.869
            ],
            [
              -50.1731,
              -27.8663
            ],
            [
              -50.1766,
              -27.8658
            ],
            [
              -50.1781,
              -27.8652
            ],
            [
              -50.1802,
              -27.8631
            ],
            [
              -50.1815,
              -27.8639
            ],
            [
              -50.1814,
              -27.8654
            ],
            [
              -50.1824,
              -27.866
            ],
            [
              -50.1844,
              -27.8653
            ],
            [
              -50.1905,
              -27.8662
            ],
            [
              -50.1929,
              -27.8655
            ],
            [
              -50.1957,
              -27.8633
            ],
            [
              -50.1983,
              -27.8636
            ],
            [
              -50.1997,
              -27.8631
            ],
            [
              -50.2035,
              -27.8654
            ],
            [
              -50.2047,
              -27.8672
            ],
            [
              -50.2025,
              -27.8673
            ],
            [
              -50.201,
              -27.868
            ],
            [
              -50.2008,
              -27.8695
            ],
            [
              -50.205,
              -27.8711
            ],
            [
              -50.2091,
              -27.8703
            ],
            [
              -50.2111,
              -27.8739
            ],
            [
              -50.2141,
              -27.8767
            ],
            [
              -50.2131,
              -27.8772
            ],
            [
              -50.2133,
              -27.8788
            ],
            [
              -50.2129,
              -27.8815
            ],
            [
              -50.214,
              -27.8829
            ],
            [
              -50.2137,
              -27.8852
            ],
            [
              -50.2125,
              -27.8863
            ],
            [
              -50.2129,
              -27.8896
            ],
            [
              -50.2141,
              -27.8898
            ],
            [
              -50.2133,
              -27.8925
            ],
            [
              -50.2136,
              -27.8944
            ],
            [
              -50.2132,
              -27.8967
            ],
            [
              -50.2122,
              -27.8981
            ],
            [
              -50.2107,
              -27.8989
            ],
            [
              -50.2095,
              -27.9022
            ],
            [
              -50.2079,
              -27.903
            ],
            [
              -50.2075,
              -27.905
            ],
            [
              -50.2079,
              -27.906
            ],
            [
              -50.2062,
              -27.907
            ],
            [
              -50.2062,
              -27.9084
            ],
            [
              -50.2045,
              -27.9105
            ],
            [
              -50.2017,
              -27.9106
            ],
            [
              -50.1989,
              -27.9117
            ],
            [
              -50.1985,
              -27.9132
            ],
            [
              -50.194,
              -27.9137
            ],
            [
              -50.1925,
              -27.915
            ],
            [
              -50.1932,
              -27.916
            ],
            [
              -50.1924,
              -27.9176
            ],
            [
              -50.1937,
              -27.9186
            ],
            [
              -50.1933,
              -27.92
            ],
            [
              -50.1922,
              -27.9199
            ],
            [
              -50.1913,
              -27.921
            ],
            [
              -50.1916,
              -27.9226
            ],
            [
              -50.1893,
              -27.9241
            ],
            [
              -50.1884,
              -27.9255
            ],
            [
              -50.1887,
              -27.928
            ],
            [
              -50.1869,
              -27.93
            ],
            [
              -50.1866,
              -27.932
            ],
            [
              -50.185,
              -27.9331
            ],
            [
              -50.1839,
              -27.9345
            ],
            [
              -50.1844,
              -27.9355
            ],
            [
              -50.182,
              -27.9373
            ],
            [
              -50.1808,
              -27.9408
            ],
            [
              -50.1824,
              -27.9425
            ],
            [
              -50.1844,
              -27.9464
            ],
            [
              -50.1871,
              -27.9524
            ],
            [
              -50.1884,
              -27.9541
            ],
            [
              -50.1893,
              -27.9566
            ],
            [
              -50.1913,
              -27.9588
            ],
            [
              -50.1925,
              -27.9593
            ],
            [
              -50.194,
              -27.9612
            ],
            [
              -50.1951,
              -27.9632
            ],
            [
              -50.1939,
              -27.9643
            ],
            [
              -50.1942,
              -27.9659
            ],
            [
              -50.1955,
              -27.9675
            ],
            [
              -50.1951,
              -27.9694
            ],
            [
              -50.1964,
              -27.9705
            ],
            [
              -50.1979,
              -27.9759
            ],
            [
              -50.1965,
              -27.9768
            ],
            [
              -50.1948,
              -27.9802
            ],
            [
              -50.196,
              -27.9815
            ],
            [
              -50.196,
              -27.9827
            ],
            [
              -50.1947,
              -27.9844
            ],
            [
              -50.1946,
              -27.9859
            ],
            [
              -50.1965,
              -27.9881
            ],
            [
              -50.1979,
              -27.9904
            ],
            [
              -50.1982,
              -27.9929
            ],
            [
              -50.1997,
              -27.9932
            ],
            [
              -50.1978,
              -28.016
            ],
            [
              -50.1918,
              -28.0893
            ],
            [
              -50.194,
              -28.0932
            ],
            [
              -50.1962,
              -28.0956
            ],
            [
              -50.1958,
              -28.098
            ],
            [
              -50.1983,
              -28.0992
            ],
            [
              -50.1991,
              -28.1026
            ],
            [
              -50.1988,
              -28.1054
            ],
            [
              -50.1996,
              -28.1071
            ],
            [
              -50.2014,
              -28.1091
            ],
            [
              -50.1983,
              -28.1116
            ],
            [
              -50.1984,
              -28.1135
            ],
            [
              -50.1972,
              -28.1152
            ],
            [
              -50.1977,
              -28.1164
            ],
            [
              -50.1957,
              -28.1179
            ],
            [
              -50.1958,
              -28.1193
            ],
            [
              -50.1952,
              -28.1215
            ],
            [
              -50.1958,
              -28.1249
            ],
            [
              -50.1942,
              -28.1266
            ],
            [
              -50.195,
              -28.1282
            ],
            [
              -50.194,
              -28.1286
            ],
            [
              -50.1923,
              -28.1326
            ],
            [
              -50.1891,
              -28.1335
            ],
            [
              -50.1885,
              -28.136
            ],
            [
              -50.1886,
              -28.1375
            ],
            [
              -50.1898,
              -28.1396
            ],
            [
              -50.1879,
              -28.1406
            ],
            [
              -50.1863,
              -28.1432
            ],
            [
              -50.1841,
              -28.1444
            ],
            [
              -50.1818,
              -28.1465
            ],
            [
              -50.1784,
              -28.1491
            ],
            [
              -50.1768,
              -28.1498
            ],
            [
              -50.1756,
              -28.1513
            ],
            [
              -50.1754,
              -28.1526
            ],
            [
              -50.1763,
              -28.1556
            ],
            [
              -50.1758,
              -28.1573
            ],
            [
              -50.1734,
              -28.1591
            ],
            [
              -50.1728,
              -28.1602
            ],
            [
              -50.1739,
              -28.1612
            ],
            [
              -50.1682,
              -28.162
            ],
            [
              -50.1669,
              -28.1615
            ],
            [
              -50.1649,
              -28.1577
            ],
            [
              -50.1633,
              -28.1568
            ],
            [
              -50.1604,
              -28.1567
            ],
            [
              -50.1579,
              -28.1548
            ],
            [
              -50.1556,
              -28.1497
            ],
            [
              -50.1546,
              -28.1462
            ],
            [
              -50.1528,
              -28.1438
            ],
            [
              -50.1491,
              -28.1424
            ],
            [
              -50.1482,
              -28.1425
            ],
            [
              -50.1458,
              -28.1438
            ],
            [
              -50.145,
              -28.1452
            ],
            [
              -50.1444,
              -28.1498
            ],
            [
              -50.1424,
              -28.1541
            ],
            [
              -50.1397,
              -28.156
            ],
            [
              -50.1387,
              -28.1546
            ],
            [
              -50.1377,
              -28.1503
            ],
            [
              -50.1363,
              -28.1483
            ],
            [
              -50.1349,
              -28.1471
            ],
            [
              -50.1331,
              -28.1464
            ],
            [
              -50.131,
              -28.1477
            ],
            [
              -50.1313,
              -28.1499
            ],
            [
              -50.1332,
              -28.1525
            ],
            [
              -50.1336,
              -28.1544
            ],
            [
              -50.1326,
              -28.1555
            ],
            [
              -50.1303,
              -28.1567
            ],
            [
              -50.1254,
              -28.1586
            ],
            [
              -50.123,
              -28.1587
            ],
            [
              -50.1194,
              -28.1578
            ],
            [
              -50.1156,
              -28.1575
            ],
            [
              -50.114,
              -28.1576
            ],
            [
              -50.1131,
              -28.1584
            ],
            [
              -50.1112,
              -28.1622
            ],
            [
              -50.109,
              -28.1627
            ],
            [
              -50.104,
              -28.1615
            ],
            [
              -50.1033,
              -28.1597
            ],
            [
              -50.1057,
              -28.1576
            ],
            [
              -50.1076,
              -28.1539
            ],
            [
              -50.1104,
              -28.1514
            ],
            [
              -50.1113,
              -28.1499
            ],
            [
              -50.1124,
              -28.1445
            ],
            [
              -50.1152,
              -28.1413
            ],
            [
              -50.1153,
              -28.1393
            ],
            [
              -50.1147,
              -28.1375
            ],
            [
              -50.1128,
              -28.1353
            ],
            [
              -50.1071,
              -28.1296
            ],
            [
              -50.106,
              -28.1277
            ],
            [
              -50.1057,
              -28.125
            ],
            [
              -50.1039,
              -28.1238
            ],
            [
              -50.1013,
              -28.1236
            ],
            [
              -50.0978,
              -28.1241
            ],
            [
              -50.096,
              -28.1235
            ],
            [
              -50.0947,
              -28.121
            ],
            [
              -50.0961,
              -28.1182
            ],
            [
              -50.0972,
              -28.1168
            ],
            [
              -50.1,
              -28.1142
            ],
            [
              -50.1011,
              -28.1121
            ],
            [
              -50.1008,
              -28.1099
            ],
            [
              -50.0991,
              -28.11
            ],
            [
              -50.0966,
              -28.1128
            ],
            [
              -50.0917,
              -28.1167
            ],
            [
              -50.0875,
              -28.1192
            ],
            [
              -50.0846,
              -28.1203
            ],
            [
              -50.082,
              -28.1209
            ],
            [
              -50.0774,
              -28.123
            ],
            [
              -50.0761,
              -28.1229
            ],
            [
              -50.0756,
              -28.1215
            ],
            [
              -50.0761,
              -28.1203
            ],
            [
              -50.0795,
              -28.1169
            ],
            [
              -50.0808,
              -28.1153
            ],
            [
              -50.0831,
              -28.1108
            ],
            [
              -50.0806,
              -28.1098
            ],
            [
              -50.0793,
              -28.1107
            ],
            [
              -50.0768,
              -28.1136
            ],
            [
              -50.0751,
              -28.1144
            ],
            [
              -50.0722,
              -28.1139
            ],
            [
              -50.0679,
              -28.1115
            ],
            [
              -50.0658,
              -28.1112
            ],
            [
              -50.0635,
              -28.1118
            ],
            [
              -50.0609,
              -28.1131
            ],
            [
              -50.0593,
              -28.1131
            ],
            [
              -50.0584,
              -28.1116
            ],
            [
              -50.06,
              -28.1097
            ],
            [
              -50.065,
              -28.1068
            ],
            [
              -50.0691,
              -28.1065
            ],
            [
              -50.072,
              -28.105
            ],
            [
              -50.0725,
              -28.1033
            ],
            [
              -50.0723,
              -28.1009
            ],
            [
              -50.0714,
              -28.1002
            ],
            [
              -50.0682,
              -28.0989
            ],
            [
              -50.064,
              -28.0978
            ],
            [
              -50.063,
              -28.0952
            ],
            [
              -50.0628,
              -28.0921
            ],
            [
              -50.0621,
              -28.0905
            ],
            [
              -50.0604,
              -28.0893
            ],
            [
              -50.0583,
              -28.089
            ],
            [
              -50.0571,
              -28.0896
            ],
            [
              -50.0545,
              -28.0936
            ]
          ]
        ]
      },
      "properties": {
        "codarea": "4211892",
        "nome_municipio": "Painel",
        "codigo_ibge": 4211892
      }
    }
  ]
}