{
  "type": "FeatureCollection",
  "nome_ig": "Região de Garça",
  "municipios_lista": "alvaro de carvalho;alvinlandia;cafelandia;duartina;fernao;galia;garca;guaranta;julio mesquita;lucianopolis;lupercio;marilia;ocaucu;pirajui;vera cruz",
  "features": [
    {
      "type": "Feature",
      "geometry": {
        "type": "Polygon",
        "coordinates": [
          [
            [
              -49.6336,
              -22.076
            ],
            [
              -49.6342,
              -22.0765
            ],
            [
              -49.6344,
              -22.0798
            ],
            [
              -49.6385,
              -22.083
            ],
            [
              -49.6394,
              -22.0842
            ],
            [
              -49.641,
              -22.0846
            ],
            [
              -49.6418,
              -22.0855
            ],
            [
              -49.6417,
              -22.087
            ],
            [
              -49.6434,
              -22.0884
            ],
            [
              -49.645,
              -22.0914
            ],
            [
              -49.6455,
              -22.0936
            ],
            [
              -49.6448,
              -22.0958
            ],
            [
              -49.6455,
              -22.0987
            ],
            [
              -49.6467,
              -22.1011
            ],
            [
              -49.6472,
              -22.103
            ],
            [
              -49.647,
              -22.1044
            ],
            [
              -49.6475,
              -22.1079
            ],
            [
              -49.6493,
              -22.1088
            ],
            [
              -49.6486,
              -22.1111
            ],
            [
              -49.6462,
              -22.113
            ],
            [
              -49.6454,
              -22.1151
            ],
            [
              -49.6457,
              -22.118
            ],
            [
              -49.645,
              -22.1183
            ],
            [
              -49.6459,
              -22.1209
            ],
            [
              -49.6457,
              -22.1228
            ],
            [
              -49.647,
              -22.124
            ],
            [
              -49.652,
              -22.1261
            ],
            [
              -49.6543,
              -22.1268
            ],
            [
              -49.6589,
              -22.1266
            ],
            [
              -49.6615,
              -22.126
            ],
            [
              -49.6632,
              -22.1243
            ],
            [
              -49.6653,
              -22.1234
            ],
            [
              -49.6674,
              -22.1229
            ],
            [
              -49.6697,
              -22.1231
            ],
            [
              -49.6712,
              -22.122
            ],
            [
              -49.6763,
              -22.1193
            ],
            [
              -49.6745,
              -22.1244
            ],
            [
              -49.6729,
              -22.1271
            ],
            [
              -49.6713,
              -22.1305
            ],
            [
              -49.67,
              -22.1317
            ],
            [
              -49.6679,
              -22.1324
            ],
            [
              -49.6677,
              -22.1337
            ],
            [
              -49.6694,
              -22.1356
            ],
            [
              -49.6737,
              -22.1355
            ],
            [
              -49.677,
              -22.1366
            ],
            [
              -49.6838,
              -22.1383
            ],
            [
              -49.6861,
              -22.1382
            ],
            [
              -49.6885,
              -22.1389
            ],
            [
              -49.6905,
              -22.1388
            ],
            [
              -49.6929,
              -22.1379
            ],
            [
              -49.6966,
              -22.1374
            ],
            [
              -49.699,
              -22.1382
            ],
            [
              -49.7036,
              -22.1403
            ],
            [
              -49.7052,
              -22.1413
            ],
            [
              -49.7074,
              -22.1419
            ],
            [
              -49.7104,
              -22.1393
            ],
            [
              -49.712,
              -22.1384
            ],
            [
              -49.7133,
              -22.1346
            ],
            [
              -49.7177,
              -22.1311
            ],
            [
              -49.7189,
              -22.1308
            ],
            [
              -49.721,
              -22.1291
            ],
            [
              -49.7232,
              -22.1293
            ],
            [
              -49.7247,
              -22.1285
            ],
            [
              -49.7267,
              -22.1265
            ],
            [
              -49.7301,
              -22.1252
            ],
            [
              -49.7325,
              -22.1224
            ],
            [
              -49.7364,
              -22.1201
            ],
            [
              -49.7361,
              -22.1194
            ],
            [
              -49.7381,
              -22.1187
            ],
            [
              -49.7398,
              -22.1195
            ],
            [
              -49.7419,
              -22.119
            ],
            [
              -49.7439,
              -22.121
            ],
            [
              -49.7449,
              -22.1208
            ],
            [
              -49.7479,
              -22.1194
            ],
            [
              -49.7505,
              -22.116
            ],
            [
              -49.7516,
              -22.1159
            ],
            [
              -49.7534,
              -22.117
            ],
            [
              -49.7549,
              -22.1151
            ],
            [
              -49.7573,
              -22.1145
            ],
            [
              -49.7598,
              -22.1117
            ],
            [
              -49.7614,
              -22.1104
            ],
            [
              -49.7643,
              -22.1113
            ],
            [
              -49.7659,
              -22.111
            ],
            [
              -49.7675,
              -22.112
            ],
            [
              -49.7707,
              -22.1128
            ],
            [
              -49.7728,
              -22.1119
            ],
            [
              -49.7756,
              -22.1124
            ],
            [
              -49.7766,
              -22.1102
            ],
            [
              -49.7794,
              -22.1099
            ],
            [
              -49.7836,
              -22.1082
            ],
            [
              -49.785,
              -22.1091
            ],
            [
              -49.7868,
              -22.1093
            ],
            [
              -49.7875,
              -22.1106
            ],
            [
              -49.7885,
              -22.1109
            ],
            [
              -49.7914,
              -22.1093
            ],
            [
              -49.7923,
              -22.1101
            ],
            [
              -49.7946,
              -22.1089
            ],
            [
              -49.7954,
              -22.1097
            ],
            [
              -49.7967,
              -22.1087
            ],
            [
              -49.7996,
              -22.1086
            ],
            [
              -49.8012,
              -22.1078
            ],
            [
              -49.8016,
              -22.1093
            ],
            [
              -49.803,
              -22.1101
            ],
            [
              -49.8058,
              -22.1123
            ],
            [
              -49.8077,
              -22.1122
            ],
            [
              -49.8101,
              -22.1097
            ],
            [
              -49.8112,
              -22.1099
            ],
            [
              -49.8118,
              -22.1087
            ],
            [
              -49.815,
              -22.1081
            ],
            [
              -49.8153,
              -22.1089
            ],
            [
              -49.817,
              -22.1087
            ],
            [
              -49.8195,
              -22.1103
            ],
            [
              -49.8214,
              -22.111
            ],
            [
              -49.823,
              -22.1107
            ],
            [
              -49.8247,
              -22.1125
            ],
            [
              -49.8218,
              -22.1135
            ],
            [
              -49.8216,
              -22.1147
            ],
            [
              -49.8232,
              -22.1171
            ],
            [
              -49.8203,
              -22.118
            ],
            [
              -49.8211,
              -22.1206
            ],
            [
              -49.8214,
              -22.1228
            ],
            [
              -49.8222,
              -22.1242
            ],
            [
              -49.8226,
              -22.1273
            ],
            [
              -49.8201,
              -22.1299
            ],
            [
              -49.8199,
              -22.1321
            ],
            [
              -49.8208,
              -22.1345
            ],
            [
              -49.8175,
              -22.1381
            ],
            [
              -49.8161,
              -22.1388
            ],
            [
              -49.8111,
              -22.1424
            ],
            [
              -49.8109,
              -22.1453
            ],
            [
              -49.8097,
              -22.1479
            ],
            [
              -49.8099,
              -22.1518
            ],
            [
              -49.8092,
              -22.154
            ],
            [
              -49.8076,
              -22.1557
            ],
            [
              -49.8071,
              -22.1577
            ],
            [
              -49.8075,
              -22.1614
            ],
            [
              -49.8056,
              -22.164
            ],
            [
              -49.8055,
              -22.1669
            ],
            [
              -49.8065,
              -22.168
            ],
            [
              -49.8063,
              -22.1698
            ],
            [
              -49.8068,
              -22.1709
            ],
            [
              -49.8056,
              -22.1719
            ],
            [
              -49.8021,
              -22.1725
            ],
            [
              -49.8001,
              -22.1767
            ],
            [
              -49.7983,
              -22.1775
            ],
            [
              -49.7953,
              -22.1767
            ],
            [
              -49.7938,
              -22.1769
            ],
            [
              -49.7915,
              -22.1756
            ],
            [
              -49.7904,
              -22.1758
            ],
            [
              -49.7887,
              -22.1772
            ],
            [
              -49.7875,
              -22.1772
            ],
            [
              -49.7854,
              -22.1784
            ],
            [
              -49.7824,
              -22.1787
            ],
            [
              -49.781,
              -22.1778
            ],
            [
              -49.7798,
              -22.1786
            ],
            [
              -49.7768,
              -22.1791
            ],
            [
              -49.7736,
              -22.179
            ],
            [
              -49.7718,
              -22.1804
            ],
            [
              -49.7713,
              -22.1822
            ],
            [
              -49.7694,
              -22.183
            ],
            [
              -49.7667,
              -22.183
            ],
            [
              -49.7662,
              -22.1841
            ],
            [
              -49.7642,
              -22.1851
            ],
            [
              -49.7612,
              -22.1875
            ],
            [
              -49.7611,
              -22.1886
            ],
            [
              -49.7588,
              -22.1902
            ],
            [
              -49.7572,
              -22.1921
            ],
            [
              -49.7569,
              -22.1932
            ],
            [
              -49.7547,
              -22.196
            ],
            [
              -49.7529,
              -22.1978
            ],
            [
              -49.7526,
              -22.2005
            ],
            [
              -49.751,
              -22.2013
            ],
            [
              -49.7501,
              -22.203
            ],
            [
              -49.751,
              -22.2039
            ],
            [
              -49.7518,
              -22.2068
            ],
            [
              -49.7514,
              -22.2088
            ],
            [
              -49.7506,
              -22.2106
            ],
            [
              -49.7492,
              -22.2124
            ],
            [
              -49.7487,
              -22.2154
            ],
            [
              -49.7485,
              -22.2336
            ],
            [
              -49.7508,
              -22.236
            ],
            [
              -49.7509,
              -22.2423
            ],
            [
              -49.7498,
              -22.2446
            ],
            [
              -49.7496,
              -22.2476
            ],
            [
              -49.7505,
              -22.2491
            ],
            [
              -49.753,
              -22.2506
            ],
            [
              -49.7564,
              -22.2506
            ],
            [
              -49.7565,
              -22.2523
            ],
            [
              -49.7539,
              -22.2546
            ],
            [
              -49.7547,
              -22.2558
            ],
            [
              -49.754,
              -22.257
            ],
            [
              -49.7543,
              -22.2588
            ],
            [
              -49.7529,
              -22.2631
            ],
            [
              -49.7515,
              -22.2646
            ],
            [
              -49.7512,
              -22.2683
            ],
            [
              -49.7503,
              -22.2705
            ],
            [
              -49.7509,
              -22.2743
            ],
            [
              -49.75,
              -22.2795
            ],
            [
              -49.7484,
              -22.2811
            ],
            [
              -49.7481,
              -22.2827
            ],
            [
              -49.7468,
              -22.285
            ],
            [
              -49.7466,
              -22.2868
            ],
            [
              -49.7455,
              -22.2893
            ],
            [
              -49.7439,
              -22.2908
            ],
            [
              -49.742,
              -22.2918
            ],
            [
              -49.7431,
              -22.293
            ],
            [
              -49.7448,
              -22.2931
            ],
            [
              -49.749,
              -22.2925
            ],
            [
              -49.7517,
              -22.2933
            ],
            [
              -49.7558,
              -22.2966
            ],
            [
              -49.76,
              -22.2987
            ],
            [
              -49.7688,
              -22.2977
            ],
            [
              -49.7719,
              -22.2983
            ],
            [
              -49.7732,
              -22.2982
            ],
            [
              -49.7763,
              -22.2971
            ],
            [
              -49.7799,
              -22.2944
            ],
            [
              -49.7825,
              -22.2942
            ],
            [
              -49.7887,
              -22.2965
            ],
            [
              -49.7934,
              -22.2981
            ],
            [
              -49.7996,
              -22.2976
            ],
            [
              -49.8021,
              -22.2992
            ],
            [
              -49.8035,
              -22.3026
            ],
            [
              -49.8037,
              -22.3043
            ],
            [
              -49.8035,
              -22.3071
            ],
            [
              -49.8062,
              -22.3086
            ],
            [
              -49.808,
              -22.31
            ],
            [
              -49.809,
              -22.3099
            ],
            [
              -49.8111,
              -22.3074
            ],
            [
              -49.8135,
              -22.3065
            ],
            [
              -49.8157,
              -22.3067
            ],
            [
              -49.8179,
              -22.3054
            ],
            [
              -49.8193,
              -22.3053
            ],
            [
              -49.8211,
              -22.3064
            ],
            [
              -49.8241,
              -22.3098
            ],
            [
              -49.8265,
              -22.3092
            ],
            [
              -49.8288,
              -22.3092
            ],
            [
              -49.8309,
              -22.31
            ],
            [
              -49.8316,
              -22.312
            ],
            [
              -49.8324,
              -22.3131
            ],
            [
              -49.8351,
              -22.3146
            ],
            [
              -49.836,
              -22.3178
            ],
            [
              -49.8374,
              -22.3194
            ],
            [
              -49.8414,
              -22.3212
            ],
            [
              -49.8447,
              -22.3223
            ],
            [
              -49.8449,
              -22.3245
            ],
            [
              -49.8441,
              -22.3297
            ],
            [
              -49.8457,
              -22.3308
            ],
            [
              -49.8487,
              -22.3345
            ],
            [
              -49.8497,
              -22.3369
            ],
            [
              -49.85,
              -22.3395
            ],
            [
              -49.8509,
              -22.3414
            ],
            [
              -49.8526,
              -22.3427
            ],
            [
              -49.8517,
              -22.3436
            ],
            [
              -49.8516,
              -22.3452
            ],
            [
              -49.8532,
              -22.3457
            ],
            [
              -49.8529,
              -22.3482
            ],
            [
              -49.8547,
              -22.3488
            ],
            [
              -49.8547,
              -22.352
            ],
            [
              -49.855,
              -22.3531
            ],
            [
              -49.8544,
              -22.3556
            ],
            [
              -49.8547,
              -22.3569
            ],
            [
              -49.8519,
              -22.3552
            ],
            [
              -49.8497,
              -22.3554
            ],
            [
              -49.8495,
              -22.3565
            ],
            [
              -49.8477,
              -22.3562
            ],
            [
              -49.8459,
              -22.3554
            ],
            [
              -49.845,
              -22.3534
            ],
            [
              -49.842,
              -22.3544
            ],
            [
              -49.838,
              -22.3564
            ],
            [
              -49.8378,
              -22.3584
            ],
            [
              -49.8358,
              -22.3592
            ],
            [
              -49.8347,
              -22.3589
            ],
            [
              -49.8325,
              -22.3598
            ],
            [
              -49.8298,
              -22.3587
            ],
            [
              -49.8297,
              -22.3582
            ],
            [
              -49.8269,
              -22.3586
            ],
            [
              -49.8252,
              -22.3578
            ],
            [
              -49.8226,
              -22.3585
            ],
            [
              -49.8217,
              -22.3598
            ],
            [
              -49.8191,
              -22.3598
            ],
            [
              -49.8169,
              -22.3591
            ],
            [
              -49.8148,
              -22.3592
            ],
            [
              -49.8134,
              -22.3585
            ],
            [
              -49.8118,
              -22.3563
            ],
            [
              -49.8107,
              -22.3554
            ],
            [
              -49.8092,
              -22.3557
            ],
            [
              -49.8064,
              -22.3556
            ],
            [
              -49.8052,
              -22.355
            ],
            [
              -49.8025,
              -22.3552
            ],
            [
              -49.8003,
              -22.3544
            ],
            [
              -49.8002,
              -22.3535
            ],
            [
              -49.7979,
              -22.3535
            ],
            [
              -49.7961,
              -22.3548
            ],
            [
              -49.7918,
              -22.353
            ],
            [
              -49.7916,
              -22.3513
            ],
            [
              -49.7899,
              -22.3511
            ],
            [
              -49.7887,
              -22.3518
            ],
            [
              -49.7879,
              -22.351
            ],
            [
              -49.7859,
              -22.3517
            ],
            [
              -49.7846,
              -22.3514
            ],
            [
              -49.783,
              -22.3521
            ],
            [
              -49.782,
              -22.3533
            ],
            [
              -49.7791,
              -22.3534
            ],
            [
              -49.7779,
              -22.354
            ],
            [
              -49.7759,
              -22.3532
            ],
            [
              -49.774,
              -22.3545
            ],
            [
              -49.7725,
              -22.3541
            ],
            [
              -49.7696,
              -22.3546
            ],
            [
              -49.7689,
              -22.3542
            ],
            [
              -49.7671,
              -22.355
            ],
            [
              -49.7645,
              -22.3549
            ],
            [
              -49.7612,
              -22.3541
            ],
            [
              -49.7594,
              -22.3527
            ],
            [
              -49.758,
              -22.3522
            ],
            [
              -49.7551,
              -22.3537
            ],
            [
              -49.7542,
              -22.3537
            ],
            [
              -49.7503,
              -22.3518
            ],
            [
              -49.7499,
              -22.3532
            ],
            [
              -49.7506,
              -22.3546
            ],
            [
              -49.7497,
              -22.3565
            ],
            [
              -49.7511,
              -22.3593
            ],
            [
              -49.7513,
              -22.3618
            ],
            [
              -49.7499,
              -22.3661
            ],
            [
              -49.7509,
              -22.3693
            ],
            [
              -49.75,
              -22.3751
            ],
            [
              -49.749,
              -22.3767
            ],
            [
              -49.7462,
              -22.3789
            ],
            [
              -49.7416,
              -22.3815
            ],
            [
              -49.7394,
              -22.3807
            ],
            [
              -49.7355,
              -22.3823
            ],
            [
              -49.7322,
              -22.3801
            ],
            [
              -49.7303,
              -22.3775
            ],
            [
              -49.729,
              -22.3766
            ],
            [
              -49.7277,
              -22.378
            ],
            [
              -49.7228,
              -22.3823
            ],
            [
              -49.7199,
              -22.383
            ],
            [
              -49.7175,
              -22.3825
            ],
            [
              -49.7147,
              -22.3805
            ],
            [
              -49.7123,
              -22.3796
            ],
            [
              -49.7072,
              -22.3795
            ],
            [
              -49.7049,
              -22.3785
            ],
            [
              -49.7031,
              -22.376
            ],
            [
              -49.7011,
              -22.3752
            ],
            [
              -49.6986,
              -22.375
            ],
            [
              -49.6941,
              -22.3743
            ],
            [
              -49.691,
              -22.3723
            ],
            [
              -49.6881,
              -22.372
            ],
            [
              -49.6857,
              -22.3729
            ],
            [
              -49.6818,
              -22.3728
            ],
            [
              -49.6791,
              -22.3735
            ],
            [
              -49.677,
              -22.3734
            ],
            [
              -49.6745,
              -22.3726
            ],
            [
              -49.6735,
              -22.3731
            ],
            [
              -49.6723,
              -22.3748
            ],
            [
              -49.6699,
              -22.3748
            ],
            [
              -49.6644,
              -22.3713
            ],
            [
              -49.663,
              -22.3707
            ],
            [
              -49.6588,
              -22.3718
            ],
            [
              -49.6562,
              -22.3728
            ],
            [
              -49.6538,
              -22.3713
            ],
            [
              -49.652,
              -22.3709
            ],
            [
              -49.6487,
              -22.3668
            ],
            [
              -49.648,
              -22.3646
            ],
            [
              -49.6481,
              -22.3612
            ],
            [
              -49.6466,
              -22.3592
            ],
            [
              -49.6446,
              -22.3575
            ],
            [
              -49.6441,
              -22.3561
            ],
            [
              -49.644,
              -22.3532
            ],
            [
              -49.6444,
              -22.3501
            ],
            [
              -49.6415,
              -22.3472
            ],
            [
              -49.641,
              -22.3444
            ],
            [
              -49.6414,
              -22.3415
            ],
            [
              -49.6408,
              -22.3402
            ],
            [
              -49.6388,
              -22.3387
            ],
            [
              -49.6383,
              -22.337
            ],
            [
              -49.6371,
              -22.3354
            ],
            [
              -49.633,
              -22.3318
            ],
            [
              -49.6323,
              -22.3302
            ],
            [
              -49.6325,
              -22.3288
            ],
            [
              -49.6341,
              -22.3266
            ],
            [
              -49.6344,
              -22.325
            ],
            [
              -49.6336,
              -22.3223
            ],
            [
              -49.6321,
              -22.3197
            ],
            [
              -49.6314,
              -22.3161
            ],
            [
              -49.6313,
              -22.3129
            ],
            [
              -49.6323,
              -22.3112
            ],
            [
              -49.6325,
              -22.3065
            ],
            [
              -49.6352,
              -22.3038
            ],
            [
              -49.6358,
              -22.3025
            ],
            [
              -49.6375,
              -22.3013
            ],
            [
              -49.6444,
              -22.2979
            ],
            [
              -49.6466,
              -22.2956
            ],
            [
              -49.6492,
              -22.294
            ],
            [
              -49.6495,
              -22.2931
            ],
            [
              -49.6481,
              -22.2877
            ],
            [
              -49.6483,
              -22.2863
            ],
            [
              -49.6501,
              -22.2843
            ],
            [
              -49.6512,
              -22.2819
            ],
            [
              -49.6536,
              -22.2798
            ],
            [
              -49.6574,
              -22.2779
            ],
            [
              -49.658,
              -22.2767
            ],
            [
              -49.658,
              -22.2742
            ],
            [
              -49.6531,
              -22.2691
            ],
            [
              -49.6525,
              -22.268
            ],
            [
              -49.6336,
              -22.2602
            ],
            [
              -49.6275,
              -22.2576
            ],
            [
              -49.6186,
              -22.2536
            ],
            [
              -49.6154,
              -22.2522
            ],
            [
              -49.6097,
              -22.249
            ],
            [
              -49.5972,
              -22.2408
            ],
            [
              -49.5897,
              -22.2355
            ],
            [
              -49.5887,
              -22.2367
            ],
            [
              -49.585,
              -22.2366
            ],
            [
              -49.582,
              -22.2351
            ],
            [
              -49.5792,
              -22.2312
            ],
            [
              -49.5767,
              -22.2298
            ],
            [
              -49.5733,
              -22.2305
            ],
            [
              -49.5682,
              -22.2276
            ],
            [
              -49.5676,
              -22.2268
            ],
            [
              -49.5653,
              -22.2257
            ],
            [
              -49.5632,
              -22.2254
            ],
            [
              -49.5592,
              -22.2238
            ],
            [
              -49.557,
              -22.2225
            ],
            [
              -49.5552,
              -22.2208
            ],
            [
              -49.5528,
              -22.2166
            ],
            [
              -49.5518,
              -22.2153
            ],
            [
              -49.5508,
              -22.2125
            ],
            [
              -49.5479,
              -22.2087
            ],
            [
              -49.5473,
              -22.2058
            ],
            [
              -49.5457,
              -22.2023
            ],
            [
              -49.545,
              -22.2021
            ],
            [
              -49.5458,
              -22.1991
            ],
            [
              -49.5452,
              -22.1969
            ],
            [
              -49.5454,
              -22.1955
            ],
            [
              -49.5385,
              -22.189
            ],
            [
              -49.5329,
              -22.1877
            ],
            [
              -49.532,
              -22.1858
            ],
            [
              -49.5302,
              -22.1837
            ],
            [
              -49.53,
              -22.1816
            ],
            [
              -49.5297,
              -22.1787
            ],
            [
              -49.5303,
              -22.1783
            ],
            [
              -49.5305,
              -22.1757
            ],
            [
              -49.5299,
              -22.175
            ],
            [
              -49.5302,
              -22.1727
            ],
            [
              -49.5289,
              -22.1694
            ],
            [
              -49.5292,
              -22.1682
            ],
            [
              -49.5281,
              -22.1628
            ],
            [
              -49.527,
              -22.1607
            ],
            [
              -49.527,
              -22.1586
            ],
            [
              -49.5262,
              -22.1555
            ],
            [
              -49.5235,
              -22.1538
            ],
            [
              -49.5245,
              -22.153
            ],
            [
              -49.5276,
              -22.1519
            ],
            [
              -49.5297,
              -22.1517
            ],
            [
              -49.5317,
              -22.1521
            ],
            [
              -49.5355,
              -22.151
            ],
            [
              -49.5378,
              -22.1515
            ],
            [
              -49.542,
              -22.1505
            ],
            [
              -49.5436,
              -22.1513
            ],
            [
              -49.5462,
              -22.1508
            ],
            [
              -49.5482,
              -22.1499
            ],
            [
              -49.5493,
              -22.1504
            ],
            [
              -49.5514,
              -22.15
            ],
            [
              -49.5533,
              -22.148
            ],
            [
              -49.5562,
              -22.1478
            ],
            [
              -49.559,
              -22.1457
            ],
            [
              -49.5609,
              -22.145
            ],
            [
              -49.5621,
              -22.1453
            ],
            [
              -49.5601,
              -22.1407
            ],
            [
              -49.5588,
              -22.1402
            ],
            [
              -49.5568,
              -22.1384
            ],
            [
              -49.5553,
              -22.1352
            ],
            [
              -49.5557,
              -22.1316
            ],
            [
              -49.5564,
              -22.1298
            ],
            [
              -49.5588,
              -22.1343
            ],
            [
              -49.5601,
              -22.1351
            ],
            [
              -49.5624,
              -22.1385
            ],
            [
              -49.564,
              -22.1385
            ],
            [
              -49.5662,
              -22.1397
            ],
            [
              -49.5694,
              -22.1394
            ],
            [
              -49.5702,
              -22.1387
            ],
            [
              -49.572,
              -22.136
            ],
            [
              -49.5734,
              -22.135
            ],
            [
              -49.5756,
              -22.1314
            ],
            [
              -49.579,
              -22.1286
            ],
            [
              -49.5821,
              -22.1265
            ],
            [
              -49.5861,
              -22.1251
            ],
            [
              -49.5881,
              -22.1249
            ],
            [
              -49.5879,
              -22.1217
            ],
            [
              -49.5869,
              -22.1208
            ],
            [
              -49.5869,
              -22.119
            ],
            [
              -49.5861,
              -22.1184
            ],
            [
              -49.585,
              -22.113
            ],
            [
              -49.5869,
              -22.1132
            ],
            [
              -49.5924,
              -22.1128
            ],
            [
              -49.5937,
              -22.1123
            ],
            [
              -49.5948,
              -22.1108
            ],
            [
              -49.5968,
              -22.1093
            ],
            [
              -49.6001,
              -22.1083
            ],
            [
              -49.6015,
              -22.1082
            ],
            [
              -49.6082,
              -22.1092
            ],
            [
              -49.6104,
              -22.109
            ],
            [
              -49.6118,
              -22.1109
            ],
            [
              -49.6136,
              -22.1115
            ],
            [
              -49.6177,
              -22.1136
            ],
            [
              -49.6201,
              -22.1137
            ],
            [
              -49.6227,
              -22.1127
            ],
            [
              -49.6233,
              -22.1101
            ],
            [
              -49.6233,
              -22.1075
            ],
            [
              -49.6227,
              -22.1067
            ],
            [
              -49.6222,
              -22.1045
            ],
            [
              -49.6203,
              -22.101
            ],
            [
              -49.6205,
              -22.0995
            ],
            [
              -49.6214,
              -22.0979
            ],
            [
              -49.6213,
              -22.0966
            ],
            [
              -49.6222,
              -22.0957
            ],
            [
              -49.6253,
              -22.0912
            ],
            [
              -49.626,
              -22.0893
            ],
            [
              -49.6267,
              -22.0864
            ],
            [
              -49.629,
              -22.0849
            ],
            [
              -49.6305,
              -22.0831
            ],
            [
              -49.6316,
              -22.0825
            ],
            [
              -49.6337,
              -22.0794
            ],
            [
              -49.6339,
              -22.0771
            ],
            [
              -49.6336,
              -22.076
            ]
          ]
        ]
      },
      "properties": {
        "codarea": "3516705",
        "nome_municipio": "Garça",
        "codigo_ibge": 3516705
      }
    },
    {
      "type": "Feature",
      "geometry": {
        "type": "Polygon",
        "coordinates": [
          [
            [
              -49.6039,
              -22.4431
            ],
            [
              -49.6051,
              -22.4415
            ],
            [
              -49.6087,
              -22.4391
            ],
            [
              -49.6105,
              -22.4388
            ],
            [
              -49.613,
              -22.4394
            ],
            [
              -49.6145,
              -22.4389
            ],
            [
              -49.6148,
              -22.4373
            ],
            [
              -49.6133,
              -22.4355
            ],
            [
              -49.6139,
              -22.4342
            ],
            [
              -49.6176,
              -22.4303
            ],
            [
              -49.6182,
              -22.4284
            ],
            [
              -49.6191,
              -22.4275
            ],
            [
              -49.619,
              -22.4251
            ],
            [
              -49.6161,
              -22.4226
            ],
            [
              -49.6133,
              -22.421
            ],
            [
              -49.6104,
              -22.4169
            ],
            [
              -49.609,
              -22.4163
            ],
            [
              -49.6077,
              -22.4172
            ],
            [
              -49.6056,
              -22.4176
            ],
            [
              -49.6049,
              -22.4155
            ],
            [
              -49.6025,
              -22.415
            ],
            [
              -49.6036,
              -22.4122
            ],
            [
              -49.6031,
              -22.4098
            ],
            [
              -49.602,
              -22.4086
            ],
            [
              -49.6014,
              -22.4068
            ],
            [
              -49.6034,
              -22.4018
            ],
            [
              -49.6028,
              -22.3989
            ],
            [
              -49.6051,
              -22.3977
            ],
            [
              -49.6067,
              -22.3965
            ],
            [
              -49.6083,
              -22.393
            ],
            [
              -49.6091,
              -22.3923
            ],
            [
              -49.6082,
              -22.3901
            ],
            [
              -49.6071,
              -22.3891
            ],
            [
              -49.6068,
              -22.3867
            ],
            [
              -49.6053,
              -22.3853
            ],
            [
              -49.604,
              -22.3823
            ],
            [
              -49.6029,
              -22.3788
            ],
            [
              -49.6006,
              -22.3783
            ],
            [
              -49.6001,
              -22.3776
            ],
            [
              -49.5994,
              -22.3736
            ],
            [
              -49.6007,
              -22.3704
            ],
            [
              -49.6004,
              -22.3686
            ],
            [
              -49.5968,
              -22.3668
            ],
            [
              -49.5943,
              -22.3674
            ],
            [
              -49.5901,
              -22.3657
            ],
            [
              -49.5875,
              -22.3657
            ],
            [
              -49.5847,
              -22.3641
            ],
            [
              -49.5853,
              -22.3597
            ],
            [
              -49.5845,
              -22.3556
            ],
            [
              -49.5824,
              -22.3534
            ],
            [
              -49.5793,
              -22.3518
            ],
            [
              -49.5777,
              -22.3495
            ],
            [
              -49.5776,
              -22.3467
            ],
            [
              -49.5745,
              -22.3444
            ],
            [
              -49.5746,
              -22.3433
            ],
            [
              -49.5768,
              -22.3408
            ],
            [
              -49.5778,
              -22.3376
            ],
            [
              -49.5771,
              -22.3342
            ],
            [
              -49.5747,
              -22.3339
            ],
            [
              -49.5718,
              -22.3308
            ],
            [
              -49.571,
              -22.3293
            ],
            [
              -49.5706,
              -22.3259
            ],
            [
              -49.5709,
              -22.3246
            ],
            [
              -49.5651,
              -22.3257
            ],
            [
              -49.5642,
              -22.3256
            ],
            [
              -49.5586,
              -22.327
            ],
            [
              -49.5574,
              -22.3268
            ],
            [
              -49.5554,
              -22.3276
            ],
            [
              -49.552,
              -22.3282
            ],
            [
              -49.5469,
              -22.3302
            ],
            [
              -49.545,
              -22.3298
            ],
            [
              -49.5372,
              -22.3212
            ],
            [
              -49.5367,
              -22.3209
            ],
            [
              -49.5327,
              -22.3205
            ],
            [
              -49.5266,
              -22.3203
            ],
            [
              -49.5198,
              -22.3196
            ],
            [
              -49.5185,
              -22.3193
            ],
            [
              -49.5125,
              -22.32
            ],
            [
              -49.5089,
              -22.3189
            ],
            [
              -49.5053,
              -22.3192
            ],
            [
              -49.5042,
              -22.3188
            ],
            [
              -49.5031,
              -22.3167
            ],
            [
              -49.5018,
              -22.3154
            ],
            [
              -49.4998,
              -22.3152
            ],
            [
              -49.4991,
              -22.3144
            ],
            [
              -49.4985,
              -22.3112
            ],
            [
              -49.4976,
              -22.31
            ],
            [
              -49.4956,
              -22.3101
            ],
            [
              -49.4948,
              -22.3108
            ],
            [
              -49.4926,
              -22.3179
            ],
            [
              -49.4917,
              -22.3193
            ],
            [
              -49.4901,
              -22.3195
            ],
            [
              -49.4871,
              -22.3184
            ],
            [
              -49.4828,
              -22.319
            ],
            [
              -49.4806,
              -22.3198
            ],
            [
              -49.4789,
              -22.3214
            ],
            [
              -49.4771,
              -22.3238
            ],
            [
              -49.4769,
              -22.3253
            ],
            [
              -49.476,
              -22.3263
            ],
            [
              -49.4721,
              -22.3263
            ],
            [
              -49.471,
              -22.3265
            ],
            [
              -49.4664,
              -22.3298
            ],
            [
              -49.4655,
              -22.3306
            ],
            [
              -49.4615,
              -22.3329
            ],
            [
              -49.4595,
              -22.3352
            ],
            [
              -49.4592,
              -22.3375
            ],
            [
              -49.4545,
              -22.335
            ],
            [
              -49.4522,
              -22.3345
            ],
            [
              -49.4511,
              -22.3322
            ],
            [
              -49.4507,
              -22.3296
            ],
            [
              -49.4487,
              -22.3286
            ],
            [
              -49.4474,
              -22.3289
            ],
            [
              -49.4453,
              -22.3286
            ],
            [
              -49.4435,
              -22.327
            ],
            [
              -49.4412,
              -22.3281
            ],
            [
              -49.4389,
              -22.3244
            ],
            [
              -49.4378,
              -22.3239
            ],
            [
              -49.4355,
              -22.3204
            ],
            [
              -49.4338,
              -22.316
            ],
            [
              -49.4313,
              -22.3155
            ],
            [
              -49.43,
              -22.3131
            ],
            [
              -49.4296,
              -22.3112
            ],
            [
              -49.4282,
              -22.3105
            ],
            [
              -49.4281,
              -22.3087
            ],
            [
              -49.4292,
              -22.3069
            ],
            [
              -49.4293,
              -22.3054
            ],
            [
              -49.4286,
              -22.3039
            ],
            [
              -49.4268,
              -22.3033
            ],
            [
              -49.4266,
              -22.3
            ],
            [
              -49.4255,
              -22.2958
            ],
            [
              -49.4245,
              -22.2948
            ],
            [
              -49.4228,
              -22.2942
            ],
            [
              -49.4231,
              -22.2935
            ],
            [
              -49.4255,
              -22.2933
            ],
            [
              -49.4271,
              -22.2937
            ],
            [
              -49.4297,
              -22.2937
            ],
            [
              -49.4319,
              -22.2942
            ],
            [
              -49.433,
              -22.2954
            ],
            [
              -49.4343,
              -22.2992
            ],
            [
              -49.4349,
              -22.3002
            ],
            [
              -49.4371,
              -22.302
            ],
            [
              -49.4396,
              -22.3033
            ],
            [
              -49.4409,
              -22.3031
            ],
            [
              -49.4406,
              -22.2985
            ],
            [
              -49.4387,
              -22.2944
            ],
            [
              -49.4365,
              -22.2915
            ],
            [
              -49.4357,
              -22.2888
            ],
            [
              -49.436,
              -22.2865
            ],
            [
              -49.4351,
              -22.2834
            ],
            [
              -49.4358,
              -22.281
            ],
            [
              -49.4365,
              -22.2772
            ],
            [
              -49.4387,
              -22.274
            ],
            [
              -49.4385,
              -22.2727
            ],
            [
              -49.437,
              -22.272
            ],
            [
              -49.4367,
              -22.2706
            ],
            [
              -49.4387,
              -22.2702
            ],
            [
              -49.4405,
              -22.2684
            ],
            [
              -49.4418,
              -22.2656
            ],
            [
              -49.4444,
              -22.2644
            ],
            [
              -49.4478,
              -22.2621
            ],
            [
              -49.4487,
              -22.2606
            ],
            [
              -49.4497,
              -22.2605
            ],
            [
              -49.4517,
              -22.2586
            ],
            [
              -49.4519,
              -22.2562
            ],
            [
              -49.4541,
              -22.2542
            ],
            [
              -49.4547,
              -22.2521
            ],
            [
              -49.456,
              -22.2505
            ],
            [
              -49.4562,
              -22.2492
            ],
            [
              -49.4581,
              -22.2471
            ],
            [
              -49.4586,
              -22.2459
            ],
            [
              -49.4584,
              -22.2422
            ],
            [
              -49.459,
              -22.2411
            ],
            [
              -49.4605,
              -22.2422
            ],
            [
              -49.4624,
              -22.2452
            ],
            [
              -49.4651,
              -22.2451
            ],
            [
              -49.4663,
              -22.2443
            ],
            [
              -49.4671,
              -22.243
            ],
            [
              -49.4694,
              -22.2413
            ],
            [
              -49.4713,
              -22.2409
            ],
            [
              -49.4731,
              -22.2399
            ],
            [
              -49.4753,
              -22.2401
            ],
            [
              -49.476,
              -22.239
            ],
            [
              -49.479,
              -22.2387
            ],
            [
              -49.4807,
              -22.2367
            ],
            [
              -49.4826,
              -22.2361
            ],
            [
              -49.485,
              -22.2342
            ],
            [
              -49.4868,
              -22.2347
            ],
            [
              -49.4889,
              -22.2348
            ],
            [
              -49.4894,
              -22.2336
            ],
            [
              -49.4909,
              -22.2332
            ],
            [
              -49.4913,
              -22.2322
            ],
            [
              -49.4934,
              -22.2309
            ],
            [
              -49.4952,
              -22.2304
            ],
            [
              -49.4957,
              -22.2292
            ],
            [
              -49.4946,
              -22.2276
            ],
            [
              -49.4931,
              -22.2246
            ],
            [
              -49.4935,
              -22.223
            ],
            [
              -49.4959,
              -22.2193
            ],
            [
              -49.4987,
              -22.2163
            ],
            [
              -49.4996,
              -22.2131
            ],
            [
              -49.5016,
              -22.2115
            ],
            [
              -49.5065,
              -22.2105
            ],
            [
              -49.5073,
              -22.2099
            ],
            [
              -49.5068,
              -22.2056
            ],
            [
              -49.507,
              -22.2018
            ],
            [
              -49.5079,
              -22.2004
            ],
            [
              -49.5109,
              -22.1989
            ],
            [
              -49.5098,
              -22.1951
            ],
            [
              -49.5105,
              -22.1932
            ],
            [
              -49.5106,
              -22.1905
            ],
            [
              -49.5122,
              -22.1887
            ],
            [
              -49.5152,
              -22.1875
            ],
            [
              -49.517,
              -22.1864
            ],
            [
              -49.5196,
              -22.1857
            ],
            [
              -49.523,
              -22.1836
            ],
            [
              -49.5256,
              -22.1827
            ],
            [
              -49.5283,
              -22.1824
            ],
            [
              -49.53,
              -22.1816
            ],
            [
              -49.5302,
              -22.1837
            ],
            [
              -49.532,
              -22.1858
            ],
            [
              -49.5329,
              -22.1877
            ],
            [
              -49.5385,
              -22.189
            ],
            [
              -49.5454,
              -22.1955
            ],
            [
              -49.5452,
              -22.1969
            ],
            [
              -49.5458,
              -22.1991
            ],
            [
              -49.545,
              -22.2021
            ],
            [
              -49.5457,
              -22.2023
            ],
            [
              -49.5473,
              -22.2058
            ],
            [
              -49.5479,
              -22.2087
            ],
            [
              -49.5508,
              -22.2125
            ],
            [
              -49.5518,
              -22.2153
            ],
            [
              -49.5528,
              -22.2166
            ],
            [
              -49.5552,
              -22.2208
            ],
            [
              -49.557,
              -22.2225
            ],
            [
              -49.5592,
              -22.2238
            ],
            [
              -49.5632,
              -22.2254
            ],
            [
              -49.5653,
              -22.2257
            ],
            [
              -49.5676,
              -22.2268
            ],
            [
              -49.5682,
              -22.2276
            ],
            [
              -49.5733,
              -22.2305
            ],
            [
              -49.5767,
              -22.2298
            ],
            [
              -49.5792,
              -22.2312
            ],
            [
              -49.582,
              -22.2351
            ],
            [
              -49.585,
              -22.2366
            ],
            [
              -49.5887,
              -22.2367
            ],
            [
              -49.5897,
              -22.2355
            ],
            [
              -49.5972,
              -22.2408
            ],
            [
              -49.6097,
              -22.249
            ],
            [
              -49.6154,
              -22.2522
            ],
            [
              -49.6186,
              -22.2536
            ],
            [
              -49.6275,
              -22.2576
            ],
            [
              -49.6336,
              -22.2602
            ],
            [
              -49.6525,
              -22.268
            ],
            [
              -49.6531,
              -22.2691
            ],
            [
              -49.658,
              -22.2742
            ],
            [
              -49.658,
              -22.2767
            ],
            [
              -49.6574,
              -22.2779
            ],
            [
              -49.6536,
              -22.2798
            ],
            [
              -49.6512,
              -22.2819
            ],
            [
              -49.6501,
              -22.2843
            ],
            [
              -49.6483,
              -22.2863
            ],
            [
              -49.6481,
              -22.2877
            ],
            [
              -49.6495,
              -22.2931
            ],
            [
              -49.6492,
              -22.294
            ],
            [
              -49.6466,
              -22.2956
            ],
            [
              -49.6444,
              -22.2979
            ],
            [
              -49.6375,
              -22.3013
            ],
            [
              -49.6358,
              -22.3025
            ],
            [
              -49.6352,
              -22.3038
            ],
            [
              -49.6325,
              -22.3065
            ],
            [
              -49.6323,
              -22.3112
            ],
            [
              -49.6313,
              -22.3129
            ],
            [
              -49.6314,
              -22.3161
            ],
            [
              -49.6321,
              -22.3197
            ],
            [
              -49.6336,
              -22.3223
            ],
            [
              -49.6344,
              -22.325
            ],
            [
              -49.6341,
              -22.3266
            ],
            [
              -49.6325,
              -22.3288
            ],
            [
              -49.6323,
              -22.3302
            ],
            [
              -49.633,
              -22.3318
            ],
            [
              -49.6371,
              -22.3354
            ],
            [
              -49.6383,
              -22.337
            ],
            [
              -49.6388,
              -22.3387
            ],
            [
              -49.6408,
              -22.3402
            ],
            [
              -49.6414,
              -22.3415
            ],
            [
              -49.641,
              -22.3444
            ],
            [
              -49.6415,
              -22.3472
            ],
            [
              -49.6444,
              -22.3501
            ],
            [
              -49.644,
              -22.3532
            ],
            [
              -49.6441,
              -22.3561
            ],
            [
              -49.6446,
              -22.3575
            ],
            [
              -49.6466,
              -22.3592
            ],
            [
              -49.6481,
              -22.3612
            ],
            [
              -49.648,
              -22.3646
            ],
            [
              -49.6487,
              -22.3668
            ],
            [
              -49.652,
              -22.3709
            ],
            [
              -49.6538,
              -22.3713
            ],
            [
              -49.6562,
              -22.3728
            ],
            [
              -49.6588,
              -22.3718
            ],
            [
              -49.663,
              -22.3707
            ],
            [
              -49.6644,
              -22.3713
            ],
            [
              -49.6699,
              -22.3748
            ],
            [
              -49.6723,
              -22.3748
            ],
            [
              -49.6735,
              -22.3731
            ],
            [
              -49.6745,
              -22.3726
            ],
            [
              -49.677,
              -22.3734
            ],
            [
              -49.6791,
              -22.3735
            ],
            [
              -49.6818,
              -22.3728
            ],
            [
              -49.6857,
              -22.3729
            ],
            [
              -49.6881,
              -22.372
            ],
            [
              -49.691,
              -22.3723
            ],
            [
              -49.6941,
              -22.3743
            ],
            [
              -49.6986,
              -22.375
            ],
            [
              -49.7011,
              -22.3752
            ],
            [
              -49.7031,
              -22.376
            ],
            [
              -49.7049,
              -22.3785
            ],
            [
              -49.7072,
              -22.3795
            ],
            [
              -49.7123,
              -22.3796
            ],
            [
              -49.7147,
              -22.3805
            ],
            [
              -49.7175,
              -22.3825
            ],
            [
              -49.7199,
              -22.383
            ],
            [
              -49.7228,
              -22.3823
            ],
            [
              -49.7277,
              -22.378
            ],
            [
              -49.729,
              -22.3766
            ],
            [
              -49.7285,
              -22.3801
            ],
            [
              -49.7283,
              -22.3849
            ],
            [
              -49.7274,
              -22.3865
            ],
            [
              -49.7256,
              -22.3879
            ],
            [
              -49.7229,
              -22.3911
            ],
            [
              -49.72,
              -22.395
            ],
            [
              -49.7188,
              -22.3958
            ],
            [
              -49.7158,
              -22.3965
            ],
            [
              -49.7141,
              -22.3999
            ],
            [
              -49.7127,
              -22.4014
            ],
            [
              -49.7107,
              -22.4052
            ],
            [
              -49.707,
              -22.4153
            ],
            [
              -49.7071,
              -22.417
            ],
            [
              -49.7054,
              -22.4185
            ],
            [
              -49.705,
              -22.4201
            ],
            [
              -49.7033,
              -22.4222
            ],
            [
              -49.7022,
              -22.4253
            ],
            [
              -49.7026,
              -22.4262
            ],
            [
              -49.7018,
              -22.4323
            ],
            [
              -49.703,
              -22.4342
            ],
            [
              -49.7021,
              -22.4357
            ],
            [
              -49.7026,
              -22.4387
            ],
            [
              -49.7038,
              -22.4393
            ],
            [
              -49.7034,
              -22.4404
            ],
            [
              -49.704,
              -22.4434
            ],
            [
              -49.7019,
              -22.4456
            ],
            [
              -49.7018,
              -22.4471
            ],
            [
              -49.6981,
              -22.4481
            ],
            [
              -49.6967,
              -22.449
            ],
            [
              -49.6955,
              -22.4513
            ],
            [
              -49.6957,
              -22.4541
            ],
            [
              -49.6944,
              -22.4562
            ],
            [
              -49.6925,
              -22.4573
            ],
            [
              -49.6916,
              -22.4586
            ],
            [
              -49.6889,
              -22.4581
            ],
            [
              -49.6874,
              -22.4592
            ],
            [
              -49.685,
              -22.4621
            ],
            [
              -49.684,
              -22.4638
            ],
            [
              -49.6837,
              -22.4661
            ],
            [
              -49.6793,
              -22.4675
            ],
            [
              -49.6765,
              -22.4679
            ],
            [
              -49.6745,
              -22.4687
            ],
            [
              -49.6726,
              -22.4682
            ],
            [
              -49.6711,
              -22.4668
            ],
            [
              -49.6692,
              -22.4661
            ],
            [
              -49.6655,
              -22.4638
            ],
            [
              -49.6638,
              -22.4621
            ],
            [
              -49.6625,
              -22.4585
            ],
            [
              -49.6599,
              -22.4563
            ],
            [
              -49.658,
              -22.4534
            ],
            [
              -49.6582,
              -22.4524
            ],
            [
              -49.6564,
              -22.4494
            ],
            [
              -49.6557,
              -22.4489
            ],
            [
              -49.6548,
              -22.446
            ],
            [
              -49.6523,
              -22.4436
            ],
            [
              -49.6517,
              -22.4416
            ],
            [
              -49.6507,
              -22.44
            ],
            [
              -49.6471,
              -22.4369
            ],
            [
              -49.645,
              -22.4372
            ],
            [
              -49.6422,
              -22.4393
            ],
            [
              -49.6414,
              -22.4406
            ],
            [
              -49.6385,
              -22.4436
            ],
            [
              -49.636,
              -22.4471
            ],
            [
              -49.6358,
              -22.4481
            ],
            [
              -49.6369,
              -22.45
            ],
            [
              -49.6365,
              -22.4514
            ],
            [
              -49.6364,
              -22.4545
            ],
            [
              -49.637,
              -22.457
            ],
            [
              -49.636,
              -22.461
            ],
            [
              -49.6342,
              -22.4638
            ],
            [
              -49.6315,
              -22.4655
            ],
            [
              -49.6285,
              -22.4692
            ],
            [
              -49.6273,
              -22.4689
            ],
            [
              -49.6252,
              -22.4674
            ],
            [
              -49.6229,
              -22.4672
            ],
            [
              -49.62,
              -22.4682
            ],
            [
              -49.6167,
              -22.4679
            ],
            [
              -49.6134,
              -22.4668
            ],
            [
              -49.6102,
              -22.4662
            ],
            [
              -49.6023,
              -22.4608
            ],
            [
              -49.6001,
              -22.4597
            ],
            [
              -49.5971,
              -22.4599
            ],
            [
              -49.5962,
              -22.4594
            ],
            [
              -49.5965,
              -22.4581
            ],
            [
              -49.5956,
              -22.4561
            ],
            [
              -49.5968,
              -22.4538
            ],
            [
              -49.5989,
              -22.4545
            ],
            [
              -49.6041,
              -22.4536
            ],
            [
              -49.6035,
              -22.4509
            ],
            [
              -49.6055,
              -22.4484
            ],
            [
              -49.6048,
              -22.4461
            ],
            [
              -49.6039,
              -22.4447
            ],
            [
              -49.6039,
              -22.4431
            ]
          ]
        ]
      },
      "properties": {
        "codarea": "3516606",
        "nome_municipio": "Gália",
        "codigo_ibge": 3516606
      }
    },
    {
      "type": "Feature",
      "geometry": {
        "type": "Polygon",
        "coordinates": [
          [
            [
              -49.8547,
              -22.3569
            ],
            [
              -49.8544,
              -22.3556
            ],
            [
              -49.855,
              -22.3531
            ],
            [
              -49.8547,
              -22.352
            ],
            [
              -49.8547,
              -22.3488
            ],
            [
              -49.8529,
              -22.3482
            ],
            [
              -49.8532,
              -22.3457
            ],
            [
              -49.8516,
              -22.3452
            ],
            [
              -49.8517,
              -22.3436
            ],
            [
              -49.8526,
              -22.3427
            ],
            [
              -49.8509,
              -22.3414
            ],
            [
              -49.85,
              -22.3395
            ],
            [
              -49.8497,
              -22.3369
            ],
            [
              -49.8487,
              -22.3345
            ],
            [
              -49.8457,
              -22.3308
            ],
            [
              -49.8441,
              -22.3297
            ],
            [
              -49.8449,
              -22.3245
            ],
            [
              -49.8447,
              -22.3223
            ],
            [
              -49.8414,
              -22.3212
            ],
            [
              -49.8374,
              -22.3194
            ],
            [
              -49.836,
              -22.3178
            ],
            [
              -49.8351,
              -22.3146
            ],
            [
              -49.8324,
              -22.3131
            ],
            [
              -49.8316,
              -22.312
            ],
            [
              -49.8309,
              -22.31
            ],
            [
              -49.8288,
              -22.3092
            ],
            [
              -49.8265,
              -22.3092
            ],
            [
              -49.8241,
              -22.3098
            ],
            [
              -49.8211,
              -22.3064
            ],
            [
              -49.8193,
              -22.3053
            ],
            [
              -49.8179,
              -22.3054
            ],
            [
              -49.8157,
              -22.3067
            ],
            [
              -49.8135,
              -22.3065
            ],
            [
              -49.8111,
              -22.3074
            ],
            [
              -49.809,
              -22.3099
            ],
            [
              -49.808,
              -22.31
            ],
            [
              -49.8062,
              -22.3086
            ],
            [
              -49.8035,
              -22.3071
            ],
            [
              -49.8037,
              -22.3043
            ],
            [
              -49.8035,
              -22.3026
            ],
            [
              -49.8021,
              -22.2992
            ],
            [
              -49.7996,
              -22.2976
            ],
            [
              -49.7934,
              -22.2981
            ],
            [
              -49.7887,
              -22.2965
            ],
            [
              -49.7825,
              -22.2942
            ],
            [
              -49.7799,
              -22.2944
            ],
            [
              -49.7763,
              -22.2971
            ],
            [
              -49.7732,
              -22.2982
            ],
            [
              -49.7719,
              -22.2983
            ],
            [
              -49.7688,
              -22.2977
            ],
            [
              -49.76,
              -22.2987
            ],
            [
              -49.7558,
              -22.2966
            ],
            [
              -49.7517,
              -22.2933
            ],
            [
              -49.749,
              -22.2925
            ],
            [
              -49.7448,
              -22.2931
            ],
            [
              -49.7431,
              -22.293
            ],
            [
              -49.742,
              -22.2918
            ],
            [
              -49.7439,
              -22.2908
            ],
            [
              -49.7455,
              -22.2893
            ],
            [
              -49.7466,
              -22.2868
            ],
            [
              -49.7468,
              -22.285
            ],
            [
              -49.7481,
              -22.2827
            ],
            [
              -49.7484,
              -22.2811
            ],
            [
              -49.75,
              -22.2795
            ],
            [
              -49.7509,
              -22.2743
            ],
            [
              -49.7503,
              -22.2705
            ],
            [
              -49.7512,
              -22.2683
            ],
            [
              -49.7515,
              -22.2646
            ],
            [
              -49.7529,
              -22.2631
            ],
            [
              -49.7543,
              -22.2588
            ],
            [
              -49.754,
              -22.257
            ],
            [
              -49.7547,
              -22.2558
            ],
            [
              -49.7539,
              -22.2546
            ],
            [
              -49.7565,
              -22.2523
            ],
            [
              -49.7564,
              -22.2506
            ],
            [
              -49.753,
              -22.2506
            ],
            [
              -49.7505,
              -22.2491
            ],
            [
              -49.7496,
              -22.2476
            ],
            [
              -49.7498,
              -22.2446
            ],
            [
              -49.7509,
              -22.2423
            ],
            [
              -49.7508,
              -22.236
            ],
            [
              -49.7485,
              -22.2336
            ],
            [
              -49.7487,
              -22.2154
            ],
            [
              -49.7492,
              -22.2124
            ],
            [
              -49.7506,
              -22.2106
            ],
            [
              -49.7514,
              -22.2088
            ],
            [
              -49.7518,
              -22.2068
            ],
            [
              -49.751,
              -22.2039
            ],
            [
              -49.7501,
              -22.203
            ],
            [
              -49.751,
              -22.2013
            ],
            [
              -49.7526,
              -22.2005
            ],
            [
              -49.7529,
              -22.1978
            ],
            [
              -49.7547,
              -22.196
            ],
            [
              -49.7569,
              -22.1932
            ],
            [
              -49.7572,
              -22.1921
            ],
            [
              -49.7588,
              -22.1902
            ],
            [
              -49.7611,
              -22.1886
            ],
            [
              -49.7612,
              -22.1875
            ],
            [
              -49.7642,
              -22.1851
            ],
            [
              -49.7662,
              -22.1841
            ],
            [
              -49.7667,
              -22.183
            ],
            [
              -49.7694,
              -22.183
            ],
            [
              -49.7713,
              -22.1822
            ],
            [
              -49.7718,
              -22.1804
            ],
            [
              -49.7736,
              -22.179
            ],
            [
              -49.7768,
              -22.1791
            ],
            [
              -49.7798,
              -22.1786
            ],
            [
              -49.781,
              -22.1778
            ],
            [
              -49.7824,
              -22.1787
            ],
            [
              -49.7854,
              -22.1784
            ],
            [
              -49.7875,
              -22.1772
            ],
            [
              -49.7887,
              -22.1772
            ],
            [
              -49.7904,
              -22.1758
            ],
            [
              -49.7915,
              -22.1756
            ],
            [
              -49.7938,
              -22.1769
            ],
            [
              -49.7953,
              -22.1767
            ],
            [
              -49.7983,
              -22.1775
            ],
            [
              -49.8001,
              -22.1767
            ],
            [
              -49.8021,
              -22.1725
            ],
            [
              -49.8056,
              -22.1719
            ],
            [
              -49.8068,
              -22.1709
            ],
            [
              -49.8063,
              -22.1698
            ],
            [
              -49.8065,
              -22.168
            ],
            [
              -49.8055,
              -22.1669
            ],
            [
              -49.8056,
              -22.164
            ],
            [
              -49.8075,
              -22.1614
            ],
            [
              -49.8071,
              -22.1577
            ],
            [
              -49.8076,
              -22.1557
            ],
            [
              -49.8092,
              -22.154
            ],
            [
              -49.8099,
              -22.1518
            ],
            [
              -49.8097,
              -22.1479
            ],
            [
              -49.8109,
              -22.1453
            ],
            [
              -49.8111,
              -22.1424
            ],
            [
              -49.8161,
              -22.1388
            ],
            [
              -49.8175,
              -22.1381
            ],
            [
              -49.8208,
              -22.1345
            ],
            [
              -49.8199,
              -22.1321
            ],
            [
              -49.8201,
              -22.1299
            ],
            [
              -49.8226,
              -22.1273
            ],
            [
              -49.8222,
              -22.1242
            ],
            [
              -49.8214,
              -22.1228
            ],
            [
              -49.8211,
              -22.1206
            ],
            [
              -49.8203,
              -22.118
            ],
            [
              -49.8232,
              -22.1171
            ],
            [
              -49.8216,
              -22.1147
            ],
            [
              -49.8218,
              -22.1135
            ],
            [
              -49.8247,
              -22.1125
            ],
            [
              -49.8318,
              -22.1111
            ],
            [
              -49.8319,
              -22.1101
            ],
            [
              -49.8342,
              -22.109
            ],
            [
              -49.8347,
              -22.1078
            ],
            [
              -49.8377,
              -22.1086
            ],
            [
              -49.8388,
              -22.1085
            ],
            [
              -49.8393,
              -22.1065
            ],
            [
              -49.8391,
              -22.1053
            ],
            [
              -49.8376,
              -22.1025
            ],
            [
              -49.838,
              -22.1017
            ],
            [
              -49.8395,
              -22.1009
            ],
            [
              -49.8428,
              -22.1005
            ],
            [
              -49.8453,
              -22.0991
            ],
            [
              -49.8495,
              -22.0974
            ],
            [
              -49.85,
              -22.0986
            ],
            [
              -49.8522,
              -22.1001
            ],
            [
              -49.8532,
              -22.1017
            ],
            [
              -49.8538,
              -22.1064
            ],
            [
              -49.8549,
              -22.1075
            ],
            [
              -49.8563,
              -22.1098
            ],
            [
              -49.8568,
              -22.114
            ],
            [
              -49.858,
              -22.1178
            ],
            [
              -49.8596,
              -22.1218
            ],
            [
              -49.8624,
              -22.1251
            ],
            [
              -49.863,
              -22.1275
            ],
            [
              -49.8627,
              -22.1293
            ],
            [
              -49.8643,
              -22.1323
            ],
            [
              -49.868,
              -22.1329
            ],
            [
              -49.8691,
              -22.1342
            ],
            [
              -49.8693,
              -22.1367
            ],
            [
              -49.8701,
              -22.1377
            ],
            [
              -49.8721,
              -22.1384
            ],
            [
              -49.8754,
              -22.1387
            ],
            [
              -49.878,
              -22.1384
            ],
            [
              -49.8802,
              -22.1399
            ],
            [
              -49.8813,
              -22.1402
            ],
            [
              -49.8841,
              -22.1399
            ],
            [
              -49.8881,
              -22.1415
            ],
            [
              -49.8886,
              -22.1422
            ],
            [
              -49.891,
              -22.1428
            ],
            [
              -49.8934,
              -22.1426
            ],
            [
              -49.8924,
              -22.1454
            ],
            [
              -49.8904,
              -22.1465
            ],
            [
              -49.8903,
              -22.1486
            ],
            [
              -49.8895,
              -22.1497
            ],
            [
              -49.8869,
              -22.1504
            ],
            [
              -49.8847,
              -22.1548
            ],
            [
              -49.8815,
              -22.1564
            ],
            [
              -49.8808,
              -22.1577
            ],
            [
              -49.8805,
              -22.1603
            ],
            [
              -49.8779,
              -22.163
            ],
            [
              -49.8764,
              -22.1656
            ],
            [
              -49.8766,
              -22.1671
            ],
            [
              -49.8755,
              -22.1679
            ],
            [
              -49.876,
              -22.1698
            ],
            [
              -49.8754,
              -22.1704
            ],
            [
              -49.8755,
              -22.1723
            ],
            [
              -49.875,
              -22.1757
            ],
            [
              -49.8758,
              -22.1777
            ],
            [
              -49.8774,
              -22.1791
            ],
            [
              -49.8775,
              -22.1828
            ],
            [
              -49.8771,
              -22.184
            ],
            [
              -49.8758,
              -22.1851
            ],
            [
              -49.8744,
              -22.1853
            ],
            [
              -49.8734,
              -22.1883
            ],
            [
              -49.8721,
              -22.1897
            ],
            [
              -49.8713,
              -22.1918
            ],
            [
              -49.87,
              -22.1928
            ],
            [
              -49.8705,
              -22.1939
            ],
            [
              -49.8702,
              -22.1956
            ],
            [
              -49.869,
              -22.1974
            ],
            [
              -49.869,
              -22.1991
            ],
            [
              -49.8697,
              -22.1999
            ],
            [
              -49.8684,
              -22.2021
            ],
            [
              -49.8673,
              -22.2059
            ],
            [
              -49.8661,
              -22.2077
            ],
            [
              -49.8663,
              -22.2087
            ],
            [
              -49.8632,
              -22.214
            ],
            [
              -49.8632,
              -22.216
            ],
            [
              -49.8654,
              -22.2243
            ],
            [
              -49.8658,
              -22.227
            ],
            [
              -49.8676,
              -22.228
            ],
            [
              -49.8679,
              -22.2292
            ],
            [
              -49.87,
              -22.2316
            ],
            [
              -49.8698,
              -22.234
            ],
            [
              -49.8683,
              -22.2368
            ],
            [
              -49.8681,
              -22.2385
            ],
            [
              -49.8689,
              -22.2405
            ],
            [
              -49.8699,
              -22.2415
            ],
            [
              -49.8701,
              -22.2432
            ],
            [
              -49.8709,
              -22.2446
            ],
            [
              -49.871,
              -22.2466
            ],
            [
              -49.8702,
              -22.2473
            ],
            [
              -49.8697,
              -22.2495
            ],
            [
              -49.8678,
              -22.2513
            ],
            [
              -49.8671,
              -22.2533
            ],
            [
              -49.865,
              -22.2564
            ],
            [
              -49.864,
              -22.257
            ],
            [
              -49.8636,
              -22.259
            ],
            [
              -49.8615,
              -22.2629
            ],
            [
              -49.8629,
              -22.2643
            ],
            [
              -49.8631,
              -22.2657
            ],
            [
              -49.865,
              -22.2656
            ],
            [
              -49.8663,
              -22.2663
            ],
            [
              -49.8657,
              -22.2675
            ],
            [
              -49.8669,
              -22.2694
            ],
            [
              -49.8691,
              -22.2704
            ],
            [
              -49.8709,
              -22.2731
            ],
            [
              -49.8699,
              -22.2751
            ],
            [
              -49.8732,
              -22.2761
            ],
            [
              -49.8754,
              -22.2782
            ],
            [
              -49.8757,
              -22.2811
            ],
            [
              -49.875,
              -22.2815
            ],
            [
              -49.8751,
              -22.2838
            ],
            [
              -49.8763,
              -22.2844
            ],
            [
              -49.8784,
              -22.2842
            ],
            [
              -49.8784,
              -22.2861
            ],
            [
              -49.8807,
              -22.2869
            ],
            [
              -49.8812,
              -22.2879
            ],
            [
              -49.8807,
              -22.2895
            ],
            [
              -49.8809,
              -22.2913
            ],
            [
              -49.8816,
              -22.2931
            ],
            [
              -49.8801,
              -22.2951
            ],
            [
              -49.8827,
              -22.2954
            ],
            [
              -49.8822,
              -22.2979
            ],
            [
              -49.8842,
              -22.2983
            ],
            [
              -49.8847,
              -22.3008
            ],
            [
              -49.8866,
              -22.303
            ],
            [
              -49.8892,
              -22.3064
            ],
            [
              -49.8892,
              -22.3102
            ],
            [
              -49.89,
              -22.3121
            ],
            [
              -49.8914,
              -22.313
            ],
            [
              -49.8929,
              -22.3157
            ],
            [
              -49.8958,
              -22.3161
            ],
            [
              -49.8959,
              -22.3179
            ],
            [
              -49.897,
              -22.3175
            ],
            [
              -49.898,
              -22.3191
            ],
            [
              -49.9004,
              -22.3191
            ],
            [
              -49.9019,
              -22.321
            ],
            [
              -49.902,
              -22.3226
            ],
            [
              -49.9009,
              -22.3232
            ],
            [
              -49.9023,
              -22.3254
            ],
            [
              -49.904,
              -22.3252
            ],
            [
              -49.9047,
              -22.3266
            ],
            [
              -49.9035,
              -22.3297
            ],
            [
              -49.9045,
              -22.331
            ],
            [
              -49.9043,
              -22.3326
            ],
            [
              -49.9086,
              -22.3346
            ],
            [
              -49.9132,
              -22.3359
            ],
            [
              -49.9111,
              -22.3371
            ],
            [
              -49.9107,
              -22.3388
            ],
            [
              -49.9092,
              -22.3396
            ],
            [
              -49.9098,
              -22.3408
            ],
            [
              -49.9085,
              -22.3441
            ],
            [
              -49.9047,
              -22.3454
            ],
            [
              -49.903,
              -22.3476
            ],
            [
              -49.9008,
              -22.3475
            ],
            [
              -49.898,
              -22.3481
            ],
            [
              -49.8951,
              -22.3495
            ],
            [
              -49.8933,
              -22.3488
            ],
            [
              -49.892,
              -22.349
            ],
            [
              -49.8913,
              -22.35
            ],
            [
              -49.8894,
              -22.3512
            ],
            [
              -49.8887,
              -22.3524
            ],
            [
              -49.8876,
              -22.3529
            ],
            [
              -49.8867,
              -22.3518
            ],
            [
              -49.8854,
              -22.3518
            ],
            [
              -49.8844,
              -22.3529
            ],
            [
              -49.8809,
              -22.3539
            ],
            [
              -49.8787,
              -22.3534
            ],
            [
              -49.8768,
              -22.3518
            ],
            [
              -49.8746,
              -22.3516
            ],
            [
              -49.8735,
              -22.3498
            ],
            [
              -49.8708,
              -22.3504
            ],
            [
              -49.8688,
              -22.3503
            ],
            [
              -49.8651,
              -22.3521
            ],
            [
              -49.8637,
              -22.3519
            ],
            [
              -49.8595,
              -22.3544
            ],
            [
              -49.8581,
              -22.3558
            ],
            [
              -49.8547,
              -22.3569
            ]
          ]
        ]
      },
      "properties": {
        "codarea": "3556602",
        "nome_municipio": "Vera Cruz",
        "codigo_ibge": 3556602
      }
    },
    {
      "type": "Feature",
      "geometry": {
        "type": "Polygon",
        "coordinates": [
          [
            [
              -49.9132,
              -22.3359
            ],
            [
              -49.9086,
              -22.3346
            ],
            [
              -49.9043,
              -22.3326
            ],
            [
              -49.9045,
              -22.331
            ],
            [
              -49.9035,
              -22.3297
            ],
            [
              -49.9047,
              -22.3266
            ],
            [
              -49.904,
              -22.3252
            ],
            [
              -49.9023,
              -22.3254
            ],
            [
              -49.9009,
              -22.3232
            ],
            [
              -49.902,
              -22.3226
            ],
            [
              -49.9019,
              -22.321
            ],
            [
              -49.9004,
              -22.3191
            ],
            [
              -49.898,
              -22.3191
            ],
            [
              -49.897,
              -22.3175
            ],
            [
              -49.8959,
              -22.3179
            ],
            [
              -49.8958,
              -22.3161
            ],
            [
              -49.8929,
              -22.3157
            ],
            [
              -49.8914,
              -22.313
            ],
            [
              -49.89,
              -22.3121
            ],
            [
              -49.8892,
              -22.3102
            ],
            [
              -49.8892,
              -22.3064
            ],
            [
              -49.8866,
              -22.303
            ],
            [
              -49.8847,
              -22.3008
            ],
            [
              -49.8842,
              -22.2983
            ],
            [
              -49.8822,
              -22.2979
            ],
            [
              -49.8827,
              -22.2954
            ],
            [
              -49.8801,
              -22.2951
            ],
            [
              -49.8816,
              -22.2931
            ],
            [
              -49.8809,
              -22.2913
            ],
            [
              -49.8807,
              -22.2895
            ],
            [
              -49.8812,
              -22.2879
            ],
            [
              -49.8807,
              -22.2869
            ],
            [
              -49.8784,
              -22.2861
            ],
            [
              -49.8784,
              -22.2842
            ],
            [
              -49.8763,
              -22.2844
            ],
            [
              -49.8751,
              -22.2838
            ],
            [
              -49.875,
              -22.2815
            ],
            [
              -49.8757,
              -22.2811
            ],
            [
              -49.8754,
              -22.2782
            ],
            [
              -49.8732,
              -22.2761
            ],
            [
              -49.8699,
              -22.2751
            ],
            [
              -49.8709,
              -22.2731
            ],
            [
              -49.8691,
              -22.2704
            ],
            [
              -49.8669,
              -22.2694
            ],
            [
              -49.8657,
              -22.2675
            ],
            [
              -49.8663,
              -22.2663
            ],
            [
              -49.865,
              -22.2656
            ],
            [
              -49.8631,
              -22.2657
            ],
            [
              -49.8629,
              -22.2643
            ],
            [
              -49.8615,
              -22.2629
            ],
            [
              -49.8636,
              -22.259
            ],
            [
              -49.864,
              -22.257
            ],
            [
              -49.865,
              -22.2564
            ],
            [
              -49.8671,
              -22.2533
            ],
            [
              -49.8678,
              -22.2513
            ],
            [
              -49.8697,
              -22.2495
            ],
            [
              -49.8702,
              -22.2473
            ],
            [
              -49.871,
              -22.2466
            ],
            [
              -49.8709,
              -22.2446
            ],
            [
              -49.8701,
              -22.2432
            ],
            [
              -49.8699,
              -22.2415
            ],
            [
              -49.8689,
              -22.2405
            ],
            [
              -49.8681,
              -22.2385
            ],
            [
              -49.8683,
              -22.2368
            ],
            [
              -49.8698,
              -22.234
            ],
            [
              -49.87,
              -22.2316
            ],
            [
              -49.8679,
              -22.2292
            ],
            [
              -49.8676,
              -22.228
            ],
            [
              -49.8658,
              -22.227
            ],
            [
              -49.8654,
              -22.2243
            ],
            [
              -49.8632,
              -22.216
            ],
            [
              -49.8632,
              -22.214
            ],
            [
              -49.8663,
              -22.2087
            ],
            [
              -49.8661,
              -22.2077
            ],
            [
              -49.8673,
              -22.2059
            ],
            [
              -49.8684,
              -22.2021
            ],
            [
              -49.8697,
              -22.1999
            ],
            [
              -49.869,
              -22.1991
            ],
            [
              -49.869,
              -22.1974
            ],
            [
              -49.8702,
              -22.1956
            ],
            [
              -49.8705,
              -22.1939
            ],
            [
              -49.87,
              -22.1928
            ],
            [
              -49.8713,
              -22.1918
            ],
            [
              -49.8721,
              -22.1897
            ],
            [
              -49.8734,
              -22.1883
            ],
            [
              -49.8744,
              -22.1853
            ],
            [
              -49.8758,
              -22.1851
            ],
            [
              -49.8771,
              -22.184
            ],
            [
              -49.8775,
              -22.1828
            ],
            [
              -49.8774,
              -22.1791
            ],
            [
              -49.8758,
              -22.1777
            ],
            [
              -49.875,
              -22.1757
            ],
            [
              -49.8755,
              -22.1723
            ],
            [
              -49.8754,
              -22.1704
            ],
            [
              -49.876,
              -22.1698
            ],
            [
              -49.8755,
              -22.1679
            ],
            [
              -49.8766,
              -22.1671
            ],
            [
              -49.8764,
              -22.1656
            ],
            [
              -49.8779,
              -22.163
            ],
            [
              -49.8805,
              -22.1603
            ],
            [
              -49.8808,
              -22.1577
            ],
            [
              -49.8815,
              -22.1564
            ],
            [
              -49.8847,
              -22.1548
            ],
            [
              -49.8869,
              -22.1504
            ],
            [
              -49.8895,
              -22.1497
            ],
            [
              -49.8903,
              -22.1486
            ],
            [
              -49.8904,
              -22.1465
            ],
            [
              -49.8924,
              -22.1454
            ],
            [
              -49.8934,
              -22.1426
            ],
            [
              -49.891,
              -22.1428
            ],
            [
              -49.8886,
              -22.1422
            ],
            [
              -49.8881,
              -22.1415
            ],
            [
              -49.8841,
              -22.1399
            ],
            [
              -49.8813,
              -22.1402
            ],
            [
              -49.8802,
              -22.1399
            ],
            [
              -49.878,
              -22.1384
            ],
            [
              -49.8754,
              -22.1387
            ],
            [
              -49.8721,
              -22.1384
            ],
            [
              -49.8701,
              -22.1377
            ],
            [
              -49.8693,
              -22.1367
            ],
            [
              -49.8691,
              -22.1342
            ],
            [
              -49.868,
              -22.1329
            ],
            [
              -49.8643,
              -22.1323
            ],
            [
              -49.8627,
              -22.1293
            ],
            [
              -49.863,
              -22.1275
            ],
            [
              -49.8624,
              -22.1251
            ],
            [
              -49.8596,
              -22.1218
            ],
            [
              -49.858,
              -22.1178
            ],
            [
              -49.8568,
              -22.114
            ],
            [
              -49.8563,
              -22.1098
            ],
            [
              -49.8549,
              -22.1075
            ],
            [
              -49.8538,
              -22.1064
            ],
            [
              -49.8532,
              -22.1017
            ],
            [
              -49.8522,
              -22.1001
            ],
            [
              -49.85,
              -22.0986
            ],
            [
              -49.8495,
              -22.0974
            ],
            [
              -49.849,
              -22.0959
            ],
            [
              -49.8505,
              -22.0938
            ],
            [
              -49.8476,
              -22.092
            ],
            [
              -49.8463,
              -22.0907
            ],
            [
              -49.8431,
              -22.0854
            ],
            [
              -49.8411,
              -22.0845
            ],
            [
              -49.8403,
              -22.0802
            ],
            [
              -49.8404,
              -22.0788
            ],
            [
              -49.8379,
              -22.077
            ],
            [
              -49.834,
              -22.0761
            ],
            [
              -49.8335,
              -22.0741
            ],
            [
              -49.8317,
              -22.0735
            ],
            [
              -49.8273,
              -22.0705
            ],
            [
              -49.8257,
              -22.0697
            ],
            [
              -49.8258,
              -22.0684
            ],
            [
              -49.825,
              -22.0673
            ],
            [
              -49.8198,
              -22.0644
            ],
            [
              -49.8147,
              -22.0638
            ],
            [
              -49.8127,
              -22.0644
            ],
            [
              -49.8078,
              -22.062
            ],
            [
              -49.8068,
              -22.0627
            ],
            [
              -49.8038,
              -22.06
            ],
            [
              -49.8009,
              -22.0586
            ],
            [
              -49.7999,
              -22.0587
            ],
            [
              -49.7981,
              -22.058
            ],
            [
              -49.7975,
              -22.0563
            ],
            [
              -49.7945,
              -22.0538
            ],
            [
              -49.7924,
              -22.0532
            ],
            [
              -49.7907,
              -22.0499
            ],
            [
              -49.789,
              -22.0483
            ],
            [
              -49.7873,
              -22.0479
            ],
            [
              -49.7862,
              -22.0454
            ],
            [
              -49.7813,
              -22.0463
            ],
            [
              -49.7783,
              -22.046
            ],
            [
              -49.7753,
              -22.0465
            ],
            [
              -49.7734,
              -22.045
            ],
            [
              -49.7707,
              -22.0449
            ],
            [
              -49.7683,
              -22.0467
            ],
            [
              -49.7679,
              -22.0451
            ],
            [
              -49.7687,
              -22.0432
            ],
            [
              -49.7704,
              -22.043
            ],
            [
              -49.7732,
              -22.0434
            ],
            [
              -49.7771,
              -22.043
            ],
            [
              -49.7775,
              -22.04
            ],
            [
              -49.778,
              -22.0389
            ],
            [
              -49.7801,
              -22.038
            ],
            [
              -49.7819,
              -22.0385
            ],
            [
              -49.7843,
              -22.0383
            ],
            [
              -49.7862,
              -22.0367
            ],
            [
              -49.7881,
              -22.034
            ],
            [
              -49.7882,
              -22.0324
            ],
            [
              -49.7902,
              -22.0285
            ],
            [
              -49.793,
              -22.0265
            ],
            [
              -49.7945,
              -22.0266
            ],
            [
              -49.7953,
              -22.0253
            ],
            [
              -49.7996,
              -22.0223
            ],
            [
              -49.8026,
              -22.0169
            ],
            [
              -49.8036,
              -22.0166
            ],
            [
              -49.8067,
              -22.0139
            ],
            [
              -49.8097,
              -22.0106
            ],
            [
              -49.8099,
              -22.0094
            ],
            [
              -49.8126,
              -22.005
            ],
            [
              -49.8137,
              -22.0045
            ],
            [
              -49.8143,
              -22.0032
            ],
            [
              -49.8168,
              -22.0032
            ],
            [
              -49.8181,
              -22.0021
            ],
            [
              -49.8181,
              -22.0009
            ],
            [
              -49.8225,
              -22.0021
            ],
            [
              -49.8249,
              -22.0015
            ],
            [
              -49.8271,
              -21.9999
            ],
            [
              -49.8289,
              -21.9997
            ],
            [
              -49.8306,
              -21.9981
            ],
            [
              -49.832,
              -21.9979
            ],
            [
              -49.8322,
              -21.9956
            ],
            [
              -49.834,
              -21.9953
            ],
            [
              -49.8359,
              -21.9937
            ],
            [
              -49.838,
              -21.9933
            ],
            [
              -49.8392,
              -21.9913
            ],
            [
              -49.8415,
              -21.9912
            ],
            [
              -49.8433,
              -21.9897
            ],
            [
              -49.8452,
              -21.9906
            ],
            [
              -49.8473,
              -21.9898
            ],
            [
              -49.8525,
              -21.9901
            ],
            [
              -49.8541,
              -21.9913
            ],
            [
              -49.8581,
              -21.9885
            ],
            [
              -49.8605,
              -21.9877
            ],
            [
              -49.863,
              -21.9864
            ],
            [
              -49.865,
              -21.9848
            ],
            [
              -49.8664,
              -21.9842
            ],
            [
              -49.8685,
              -21.9846
            ],
            [
              -49.8692,
              -21.982
            ],
            [
              -49.8703,
              -21.9803
            ],
            [
              -49.8721,
              -21.9802
            ],
            [
              -49.8736,
              -21.9794
            ],
            [
              -49.8748,
              -21.977
            ],
            [
              -49.8777,
              -21.9752
            ],
            [
              -49.8777,
              -21.9735
            ],
            [
              -49.8806,
              -21.9723
            ],
            [
              -49.8821,
              -21.97
            ],
            [
              -49.8844,
              -21.9706
            ],
            [
              -49.8851,
              -21.9715
            ],
            [
              -49.8877,
              -21.9695
            ],
            [
              -49.8882,
              -21.9683
            ],
            [
              -49.89,
              -21.9666
            ],
            [
              -49.8916,
              -21.9657
            ],
            [
              -49.8948,
              -21.9666
            ],
            [
              -49.8968,
              -21.9667
            ],
            [
              -49.8978,
              -21.9659
            ],
            [
              -49.9,
              -21.9654
            ],
            [
              -49.9012,
              -21.9637
            ],
            [
              -49.905,
              -21.9635
            ],
            [
              -49.9077,
              -21.9628
            ],
            [
              -49.9079,
              -21.9613
            ],
            [
              -49.9088,
              -21.9599
            ],
            [
              -49.9108,
              -21.9597
            ],
            [
              -49.9121,
              -21.9587
            ],
            [
              -49.913,
              -21.9598
            ],
            [
              -49.9151,
              -21.9605
            ],
            [
              -49.9157,
              -21.9584
            ],
            [
              -49.9192,
              -21.9575
            ],
            [
              -49.9211,
              -21.9563
            ],
            [
              -49.9225,
              -21.9561
            ],
            [
              -49.9247,
              -21.9567
            ],
            [
              -49.9277,
              -21.9564
            ],
            [
              -49.929,
              -21.9559
            ],
            [
              -49.9313,
              -21.9558
            ],
            [
              -49.933,
              -21.9544
            ],
            [
              -49.9344,
              -21.9545
            ],
            [
              -49.9356,
              -21.9538
            ],
            [
              -49.9386,
              -21.9536
            ],
            [
              -49.9392,
              -21.9531
            ],
            [
              -49.9414,
              -21.9534
            ],
            [
              -49.9435,
              -21.953
            ],
            [
              -49.9447,
              -21.9539
            ],
            [
              -49.9465,
              -21.9528
            ],
            [
              -49.9485,
              -21.9506
            ],
            [
              -49.9484,
              -21.9489
            ],
            [
              -49.9494,
              -21.9476
            ],
            [
              -49.9511,
              -21.9469
            ],
            [
              -49.9517,
              -21.9454
            ],
            [
              -49.9539,
              -21.945
            ],
            [
              -49.956,
              -21.9439
            ],
            [
              -49.9588,
              -21.9419
            ],
            [
              -49.9596,
              -21.9429
            ],
            [
              -49.9608,
              -21.9421
            ],
            [
              -49.9644,
              -21.9415
            ],
            [
              -49.9667,
              -21.9402
            ],
            [
              -49.9682,
              -21.9385
            ],
            [
              -49.9702,
              -21.9393
            ],
            [
              -49.9707,
              -21.9383
            ],
            [
              -49.9724,
              -21.9393
            ],
            [
              -49.9723,
              -21.9409
            ],
            [
              -49.9772,
              -21.9418
            ],
            [
              -49.9791,
              -21.9426
            ],
            [
              -49.9805,
              -21.9426
            ],
            [
              -49.9846,
              -21.9393
            ],
            [
              -49.9857,
              -21.9373
            ],
            [
              -49.9869,
              -21.9366
            ],
            [
              -49.9875,
              -21.9347
            ],
            [
              -49.9888,
              -21.9334
            ],
            [
              -49.9902,
              -21.9332
            ],
            [
              -49.993,
              -21.9319
            ],
            [
              -49.9938,
              -21.931
            ],
            [
              -49.9956,
              -21.9311
            ],
            [
              -49.9977,
              -21.9298
            ],
            [
              -49.9987,
              -21.9278
            ],
            [
              -50.0007,
              -21.9279
            ],
            [
              -50.0017,
              -21.9287
            ],
            [
              -50.0032,
              -21.9288
            ],
            [
              -50.0044,
              -21.9275
            ],
            [
              -50.0078,
              -21.9253
            ],
            [
              -50.0111,
              -21.9252
            ],
            [
              -50.0132,
              -21.923
            ],
            [
              -50.0135,
              -21.9214
            ],
            [
              -50.0159,
              -21.9186
            ],
            [
              -50.0154,
              -21.9172
            ],
            [
              -50.0179,
              -21.9143
            ],
            [
              -50.0171,
              -21.911
            ],
            [
              -50.0156,
              -21.9103
            ],
            [
              -50.0159,
              -21.9091
            ],
            [
              -50.0187,
              -21.9063
            ],
            [
              -50.02,
              -21.9063
            ],
            [
              -50.0213,
              -21.9034
            ],
            [
              -50.0228,
              -21.9016
            ],
            [
              -50.0244,
              -21.9013
            ],
            [
              -50.0243,
              -21.9002
            ],
            [
              -50.0259,
              -21.8994
            ],
            [
              -50.0274,
              -21.9004
            ],
            [
              -50.0296,
              -21.8985
            ],
            [
              -50.0309,
              -21.8979
            ],
            [
              -50.0315,
              -21.8953
            ],
            [
              -50.0289,
              -21.893
            ],
            [
              -50.0275,
              -21.8908
            ],
            [
              -50.0291,
              -21.8886
            ],
            [
              -50.0307,
              -21.8871
            ],
            [
              -50.0318,
              -21.8867
            ],
            [
              -50.0324,
              -21.888
            ],
            [
              -50.0366,
              -21.8866
            ],
            [
              -50.0409,
              -21.8877
            ],
            [
              -50.0416,
              -21.8861
            ],
            [
              -50.0427,
              -21.8858
            ],
            [
              -50.0442,
              -21.8836
            ],
            [
              -50.0457,
              -21.8847
            ],
            [
              -50.0483,
              -21.8833
            ],
            [
              -50.0478,
              -21.8826
            ],
            [
              -50.0498,
              -21.8805
            ],
            [
              -50.0492,
              -21.8791
            ],
            [
              -50.0564,
              -21.8752
            ],
            [
              -50.0581,
              -21.8755
            ],
            [
              -50.0603,
              -21.8745
            ],
            [
              -50.0626,
              -21.8785
            ],
            [
              -50.0636,
              -21.8817
            ],
            [
              -50.0659,
              -21.8839
            ],
            [
              -50.0673,
              -21.8861
            ],
            [
              -50.0671,
              -21.8875
            ],
            [
              -50.0686,
              -21.8886
            ],
            [
              -50.0689,
              -21.891
            ],
            [
              -50.0713,
              -21.8924
            ],
            [
              -50.074,
              -21.895
            ],
            [
              -50.0752,
              -21.8975
            ],
            [
              -50.0788,
              -21.9022
            ],
            [
              -50.0806,
              -21.9052
            ],
            [
              -50.0817,
              -21.9087
            ],
            [
              -50.0826,
              -21.9096
            ],
            [
              -50.0833,
              -21.912
            ],
            [
              -50.0833,
              -21.914
            ],
            [
              -50.0852,
              -21.9193
            ],
            [
              -50.0849,
              -21.9215
            ],
            [
              -50.0859,
              -21.923
            ],
            [
              -50.0859,
              -21.9241
            ],
            [
              -50.085,
              -21.9256
            ],
            [
              -50.086,
              -21.9315
            ],
            [
              -50.0855,
              -21.9332
            ],
            [
              -50.0827,
              -21.9368
            ],
            [
              -50.0822,
              -21.9385
            ],
            [
              -50.0812,
              -21.9394
            ],
            [
              -50.0792,
              -21.9425
            ],
            [
              -50.0789,
              -21.9447
            ],
            [
              -50.0791,
              -21.9471
            ],
            [
              -50.0782,
              -21.95
            ],
            [
              -50.0778,
              -21.953
            ],
            [
              -50.0758,
              -21.9544
            ],
            [
              -50.0719,
              -21.9555
            ],
            [
              -50.068,
              -21.9549
            ],
            [
              -50.0674,
              -21.9557
            ],
            [
              -50.0677,
              -21.9577
            ],
            [
              -50.0674,
              -21.9591
            ],
            [
              -50.0654,
              -21.9632
            ],
            [
              -50.065,
              -21.9665
            ],
            [
              -50.0623,
              -21.9728
            ],
            [
              -50.0603,
              -21.9786
            ],
            [
              -50.0585,
              -21.9824
            ],
            [
              -50.0586,
              -21.9852
            ],
            [
              -50.0607,
              -21.9893
            ],
            [
              -50.0617,
              -21.9923
            ],
            [
              -50.062,
              -21.9947
            ],
            [
              -50.0618,
              -21.9966
            ],
            [
              -50.0621,
              -22.0004
            ],
            [
              -50.0612,
              -22.0039
            ],
            [
              -50.0591,
              -22.0051
            ],
            [
              -50.0561,
              -22.0081
            ],
            [
              -50.0549,
              -22.0112
            ],
            [
              -50.0523,
              -22.013
            ],
            [
              -50.0509,
              -22.0146
            ],
            [
              -50.0474,
              -22.0149
            ],
            [
              -50.0465,
              -22.0155
            ],
            [
              -50.0446,
              -22.0204
            ],
            [
              -50.0441,
              -22.0239
            ],
            [
              -50.0444,
              -22.0264
            ],
            [
              -50.0435,
              -22.0288
            ],
            [
              -50.0438,
              -22.0314
            ],
            [
              -50.046,
              -22.0347
            ],
            [
              -50.0466,
              -22.0388
            ],
            [
              -50.0485,
              -22.0431
            ],
            [
              -50.049,
              -22.0454
            ],
            [
              -50.0465,
              -22.0446
            ],
            [
              -50.0429,
              -22.0445
            ],
            [
              -50.0389,
              -22.045
            ],
            [
              -50.0353,
              -22.0447
            ],
            [
              -50.0326,
              -22.0412
            ],
            [
              -50.0302,
              -22.0404
            ],
            [
              -50.0302,
              -22.0384
            ],
            [
              -50.0292,
              -22.0374
            ],
            [
              -50.0259,
              -22.0366
            ],
            [
              -50.0236,
              -22.037
            ],
            [
              -50.0161,
              -22.0322
            ],
            [
              -50.0142,
              -22.0318
            ],
            [
              -50.0108,
              -22.0328
            ],
            [
              -50.0096,
              -22.0326
            ],
            [
              -50.0064,
              -22.0312
            ],
            [
              -50.0044,
              -22.0319
            ],
            [
              -50.0065,
              -22.0352
            ],
            [
              -50.007,
              -22.038
            ],
            [
              -50.0084,
              -22.0388
            ],
            [
              -50.0101,
              -22.0423
            ],
            [
              -50.0112,
              -22.0462
            ],
            [
              -50.0128,
              -22.0506
            ],
            [
              -50.0154,
              -22.0557
            ],
            [
              -50.0154,
              -22.058
            ],
            [
              -50.0144,
              -22.0603
            ],
            [
              -50.0156,
              -22.0647
            ],
            [
              -50.0162,
              -22.0683
            ],
            [
              -50.0145,
              -22.0717
            ],
            [
              -50.014,
              -22.0762
            ],
            [
              -50.0143,
              -22.0808
            ],
            [
              -50.0177,
              -22.0828
            ],
            [
              -50.0186,
              -22.0844
            ],
            [
              -50.0209,
              -22.0858
            ],
            [
              -50.0229,
              -22.086
            ],
            [
              -50.0259,
              -22.0854
            ],
            [
              -50.0285,
              -22.0858
            ],
            [
              -50.0317,
              -22.0878
            ],
            [
              -50.0339,
              -22.0885
            ],
            [
              -50.0389,
              -22.0883
            ],
            [
              -50.0401,
              -22.0892
            ],
            [
              -50.0372,
              -22.0922
            ],
            [
              -50.0366,
              -22.0942
            ],
            [
              -50.0351,
              -22.0956
            ],
            [
              -50.0348,
              -22.0972
            ],
            [
              -50.0374,
              -22.0995
            ],
            [
              -50.0389,
              -22.1015
            ],
            [
              -50.0393,
              -22.103
            ],
            [
              -50.039,
              -22.1054
            ],
            [
              -50.04,
              -22.1057
            ],
            [
              -50.0438,
              -22.1056
            ],
            [
              -50.0455,
              -22.1059
            ],
            [
              -50.0468,
              -22.107
            ],
            [
              -50.047,
              -22.1089
            ],
            [
              -50.0478,
              -22.1104
            ],
            [
              -50.0471,
              -22.1121
            ],
            [
              -50.0477,
              -22.1138
            ],
            [
              -50.0507,
              -22.115
            ],
            [
              -50.0515,
              -22.1157
            ],
            [
              -50.0529,
              -22.1183
            ],
            [
              -50.055,
              -22.1181
            ],
            [
              -50.0564,
              -22.1197
            ],
            [
              -50.0569,
              -22.1213
            ],
            [
              -50.0585,
              -22.1239
            ],
            [
              -50.0566,
              -22.1268
            ],
            [
              -50.0555,
              -22.1301
            ],
            [
              -50.0534,
              -22.1311
            ],
            [
              -50.0507,
              -22.1351
            ],
            [
              -50.0485,
              -22.1354
            ],
            [
              -50.0465,
              -22.138
            ],
            [
              -50.0458,
              -22.142
            ],
            [
              -50.0446,
              -22.143
            ],
            [
              -50.0443,
              -22.1443
            ],
            [
              -50.0448,
              -22.1459
            ],
            [
              -50.0436,
              -22.1464
            ],
            [
              -50.0428,
              -22.1488
            ],
            [
              -50.0396,
              -22.1519
            ],
            [
              -50.0397,
              -22.1542
            ],
            [
              -50.0406,
              -22.156
            ],
            [
              -50.0443,
              -22.1583
            ],
            [
              -50.0448,
              -22.1599
            ],
            [
              -50.047,
              -22.1601
            ],
            [
              -50.0494,
              -22.1582
            ],
            [
              -50.0505,
              -22.159
            ],
            [
              -50.0527,
              -22.163
            ],
            [
              -50.0531,
              -22.1666
            ],
            [
              -50.0524,
              -22.1699
            ],
            [
              -50.0511,
              -22.1727
            ],
            [
              -50.0513,
              -22.1765
            ],
            [
              -50.0508,
              -22.1815
            ],
            [
              -50.0509,
              -22.1838
            ],
            [
              -50.0505,
              -22.1852
            ],
            [
              -50.0518,
              -22.1884
            ],
            [
              -50.0544,
              -22.1901
            ],
            [
              -50.0555,
              -22.1919
            ],
            [
              -50.0579,
              -22.1944
            ],
            [
              -50.058,
              -22.1957
            ],
            [
              -50.0603,
              -22.1996
            ],
            [
              -50.0615,
              -22.2
            ],
            [
              -50.0613,
              -22.2016
            ],
            [
              -50.0621,
              -22.2038
            ],
            [
              -50.0643,
              -22.2055
            ],
            [
              -50.0652,
              -22.208
            ],
            [
              -50.0662,
              -22.2122
            ],
            [
              -50.0677,
              -22.212
            ],
            [
              -50.0686,
              -22.2131
            ],
            [
              -50.0703,
              -22.214
            ],
            [
              -50.0715,
              -22.2154
            ],
            [
              -50.0716,
              -22.2173
            ],
            [
              -50.073,
              -22.2178
            ],
            [
              -50.0744,
              -22.2169
            ],
            [
              -50.0791,
              -22.2184
            ],
            [
              -50.0813,
              -22.2204
            ],
            [
              -50.0833,
              -22.2207
            ],
            [
              -50.0845,
              -22.2201
            ],
            [
              -50.0876,
              -22.2221
            ],
            [
              -50.0894,
              -22.2219
            ],
            [
              -50.0906,
              -22.2211
            ],
            [
              -50.0914,
              -22.223
            ],
            [
              -50.0928,
              -22.2241
            ],
            [
              -50.0938,
              -22.2259
            ],
            [
              -50.0959,
              -22.2262
            ],
            [
              -50.0998,
              -22.2287
            ],
            [
              -50.1007,
              -22.2309
            ],
            [
              -50.1035,
              -22.2329
            ],
            [
              -50.1063,
              -22.2342
            ],
            [
              -50.1078,
              -22.2342
            ],
            [
              -50.1085,
              -22.2356
            ],
            [
              -50.1087,
              -22.238
            ],
            [
              -50.1118,
              -22.2388
            ],
            [
              -50.1126,
              -22.2398
            ],
            [
              -50.1135,
              -22.2435
            ],
            [
              -50.1164,
              -22.2445
            ],
            [
              -50.1188,
              -22.2446
            ],
            [
              -50.1206,
              -22.2459
            ],
            [
              -50.1254,
              -22.251
            ],
            [
              -50.1279,
              -22.2523
            ],
            [
              -50.1312,
              -22.2528
            ],
            [
              -50.134,
              -22.2549
            ],
            [
              -50.1362,
              -22.2544
            ],
            [
              -50.1385,
              -22.2555
            ],
            [
              -50.1387,
              -22.2571
            ],
            [
              -50.1408,
              -22.2576
            ],
            [
              -50.1422,
              -22.2591
            ],
            [
              -50.1442,
              -22.2579
            ],
            [
              -50.1472,
              -22.2585
            ],
            [
              -50.1472,
              -22.26
            ],
            [
              -50.1485,
              -22.2597
            ],
            [
              -50.1499,
              -22.2605
            ],
            [
              -50.1502,
              -22.2624
            ],
            [
              -50.1487,
              -22.2668
            ],
            [
              -50.1487,
              -22.2688
            ],
            [
              -50.1466,
              -22.2712
            ],
            [
              -50.1469,
              -22.273
            ],
            [
              -50.1448,
              -22.2751
            ],
            [
              -50.1433,
              -22.2751
            ],
            [
              -50.1408,
              -22.2759
            ],
            [
              -50.1389,
              -22.2791
            ],
            [
              -50.1358,
              -22.2807
            ],
            [
              -50.1352,
              -22.2818
            ],
            [
              -50.1329,
              -22.2832
            ],
            [
              -50.1312,
              -22.2834
            ],
            [
              -50.1292,
              -22.2852
            ],
            [
              -50.1271,
              -22.286
            ],
            [
              -50.126,
              -22.2869
            ],
            [
              -50.1277,
              -22.2888
            ],
            [
              -50.1287,
              -22.2886
            ],
            [
              -50.1293,
              -22.2899
            ],
            [
              -50.1309,
              -22.291
            ],
            [
              -50.1292,
              -22.2926
            ],
            [
              -50.1294,
              -22.2937
            ],
            [
              -50.1283,
              -22.295
            ],
            [
              -50.1292,
              -22.2959
            ],
            [
              -50.1275,
              -22.2981
            ],
            [
              -50.1288,
              -22.2988
            ],
            [
              -50.1296,
              -22.3007
            ],
            [
              -50.1284,
              -22.303
            ],
            [
              -50.1291,
              -22.3059
            ],
            [
              -50.1289,
              -22.3091
            ],
            [
              -50.1309,
              -22.3109
            ],
            [
              -50.1323,
              -22.3111
            ],
            [
              -50.1329,
              -22.3128
            ],
            [
              -50.1328,
              -22.3159
            ],
            [
              -50.1321,
              -22.3179
            ],
            [
              -50.1342,
              -22.3193
            ],
            [
              -50.1348,
              -22.3203
            ],
            [
              -50.1364,
              -22.3207
            ],
            [
              -50.137,
              -22.3229
            ],
            [
              -50.1384,
              -22.3236
            ],
            [
              -50.142,
              -22.3235
            ],
            [
              -50.1433,
              -22.3241
            ],
            [
              -50.1437,
              -22.3256
            ],
            [
              -50.1417,
              -22.3265
            ],
            [
              -50.1408,
              -22.328
            ],
            [
              -50.1421,
              -22.3301
            ],
            [
              -50.1409,
              -22.3322
            ],
            [
              -50.1385,
              -22.3336
            ],
            [
              -50.1378,
              -22.3352
            ],
            [
              -50.1386,
              -22.3364
            ],
            [
              -50.1377,
              -22.3378
            ],
            [
              -50.136,
              -22.3386
            ],
            [
              -50.1351,
              -22.3403
            ],
            [
              -50.1329,
              -22.3409
            ],
            [
              -50.1317,
              -22.3397
            ],
            [
              -50.1294,
              -22.3404
            ],
            [
              -50.1281,
              -22.3414
            ],
            [
              -50.1247,
              -22.3425
            ],
            [
              -50.1235,
              -22.3442
            ],
            [
              -50.1209,
              -22.3455
            ],
            [
              -50.1189,
              -22.3457
            ],
            [
              -50.1151,
              -22.3474
            ],
            [
              -50.1133,
              -22.3509
            ],
            [
              -50.1114,
              -22.3519
            ],
            [
              -50.1107,
              -22.3534
            ],
            [
              -50.1092,
              -22.3543
            ],
            [
              -50.1072,
              -22.3568
            ],
            [
              -50.1045,
              -22.3586
            ],
            [
              -50.1036,
              -22.3601
            ],
            [
              -50.0995,
              -22.3637
            ],
            [
              -50.1006,
              -22.3644
            ],
            [
              -50.1031,
              -22.3644
            ],
            [
              -50.1043,
              -22.3649
            ],
            [
              -50.1055,
              -22.3667
            ],
            [
              -50.111,
              -22.3691
            ],
            [
              -50.1116,
              -22.3699
            ],
            [
              -50.1108,
              -22.3731
            ],
            [
              -50.1108,
              -22.3749
            ],
            [
              -50.1117,
              -22.3761
            ],
            [
              -50.114,
              -22.3772
            ],
            [
              -50.1165,
              -22.3774
            ],
            [
              -50.1178,
              -22.3789
            ],
            [
              -50.1172,
              -22.3801
            ],
            [
              -50.1178,
              -22.3837
            ],
            [
              -50.1168,
              -22.3869
            ],
            [
              -50.1157,
              -22.389
            ],
            [
              -50.1166,
              -22.3903
            ],
            [
              -50.1193,
              -22.3921
            ],
            [
              -50.1195,
              -22.3945
            ],
            [
              -50.1202,
              -22.3955
            ],
            [
              -50.1203,
              -22.397
            ],
            [
              -50.1232,
              -22.3974
            ],
            [
              -50.1264,
              -22.3994
            ],
            [
              -50.1253,
              -22.4004
            ],
            [
              -50.1246,
              -22.402
            ],
            [
              -50.1255,
              -22.4053
            ],
            [
              -50.1264,
              -22.4065
            ],
            [
              -50.1266,
              -22.4113
            ],
            [
              -50.1272,
              -22.4133
            ],
            [
              -50.1289,
              -22.4155
            ],
            [
              -50.1294,
              -22.417
            ],
            [
              -50.1275,
              -22.4209
            ],
            [
              -50.1261,
              -22.4222
            ],
            [
              -50.1235,
              -22.4222
            ],
            [
              -50.1184,
              -22.4199
            ],
            [
              -50.1159,
              -22.418
            ],
            [
              -50.1147,
              -22.4161
            ],
            [
              -50.1135,
              -22.4155
            ],
            [
              -50.1107,
              -22.4151
            ],
            [
              -50.1072,
              -22.4155
            ],
            [
              -50.105,
              -22.4173
            ],
            [
              -50.1036,
              -22.4217
            ],
            [
              -50.1045,
              -22.4247
            ],
            [
              -50.1042,
              -22.4255
            ],
            [
              -50.1016,
              -22.4272
            ],
            [
              -50.1012,
              -22.4285
            ],
            [
              -50.1019,
              -22.4304
            ],
            [
              -50.1006,
              -22.4331
            ],
            [
              -50.1011,
              -22.4355
            ],
            [
              -50.1009,
              -22.4366
            ],
            [
              -50.0986,
              -22.4399
            ],
            [
              -50.0964,
              -22.4419
            ],
            [
              -50.0954,
              -22.4437
            ],
            [
              -50.0927,
              -22.4444
            ],
            [
              -50.0916,
              -22.4455
            ],
            [
              -50.0913,
              -22.4471
            ],
            [
              -50.0914,
              -22.4494
            ],
            [
              -50.0909,
              -22.4504
            ],
            [
              -50.0883,
              -22.4517
            ],
            [
              -50.0837,
              -22.4563
            ],
            [
              -50.0816,
              -22.4566
            ],
            [
              -50.0793,
              -22.4596
            ],
            [
              -50.0789,
              -22.461
            ],
            [
              -50.077,
              -22.4624
            ],
            [
              -50.0774,
              -22.4644
            ],
            [
              -50.0753,
              -22.4656
            ],
            [
              -50.0759,
              -22.4685
            ],
            [
              -50.0752,
              -22.4702
            ],
            [
              -50.0754,
              -22.4716
            ],
            [
              -50.0745,
              -22.4731
            ],
            [
              -50.0732,
              -22.4793
            ],
            [
              -50.0721,
              -22.4808
            ],
            [
              -50.0723,
              -22.482
            ],
            [
              -50.0709,
              -22.4846
            ],
            [
              -50.0712,
              -22.4864
            ],
            [
              -50.0697,
              -22.4885
            ],
            [
              -50.0703,
              -22.491
            ],
            [
              -50.0692,
              -22.493
            ],
            [
              -50.0675,
              -22.4934
            ],
            [
              -50.0668,
              -22.4944
            ],
            [
              -50.0642,
              -22.4957
            ],
            [
              -50.0634,
              -22.4976
            ],
            [
              -50.0607,
              -22.4989
            ],
            [
              -50.0605,
              -22.4962
            ],
            [
              -50.0588,
              -22.4939
            ],
            [
              -50.0573,
              -22.4925
            ],
            [
              -50.0567,
              -22.4909
            ],
            [
              -50.0554,
              -22.4895
            ],
            [
              -50.0536,
              -22.4865
            ],
            [
              -50.0521,
              -22.4865
            ],
            [
              -50.0511,
              -22.4879
            ],
            [
              -50.0475,
              -22.4885
            ],
            [
              -50.0445,
              -22.4882
            ],
            [
              -50.0424,
              -22.4894
            ],
            [
              -50.039,
              -22.4893
            ],
            [
              -50.0379,
              -22.4881
            ],
            [
              -50.0366,
              -22.4848
            ],
            [
              -50.0355,
              -22.4838
            ],
            [
              -50.0324,
              -22.4831
            ],
            [
              -50.0302,
              -22.4823
            ],
            [
              -50.0233,
              -22.4825
            ],
            [
              -50.0221,
              -22.4818
            ],
            [
              -50.0232,
              -22.48
            ],
            [
              -50.0309,
              -22.4755
            ],
            [
              -50.0335,
              -22.4724
            ],
            [
              -50.0348,
              -22.4681
            ],
            [
              -50.0374,
              -22.4654
            ],
            [
              -50.0379,
              -22.4631
            ],
            [
              -50.0388,
              -22.4612
            ],
            [
              -50.0405,
              -22.4592
            ],
            [
              -50.0405,
              -22.4563
            ],
            [
              -50.04,
              -22.4553
            ],
            [
              -50.0384,
              -22.4545
            ],
            [
              -50.0333,
              -22.4543
            ],
            [
              -50.0335,
              -22.4535
            ],
            [
              -50.0326,
              -22.4513
            ],
            [
              -50.0313,
              -22.4505
            ],
            [
              -50.0313,
              -22.4477
            ],
            [
              -50.03,
              -22.4473
            ],
            [
              -50.0305,
              -22.4458
            ],
            [
              -50.0286,
              -22.4436
            ],
            [
              -50.0279,
              -22.4414
            ],
            [
              -50.028,
              -22.44
            ],
            [
              -50.0258,
              -22.4391
            ],
            [
              -50.0253,
              -22.436
            ],
            [
              -50.0237,
              -22.4363
            ],
            [
              -50.0218,
              -22.4348
            ],
            [
              -50.0185,
              -22.4336
            ],
            [
              -50.0176,
              -22.4316
            ],
            [
              -50.0155,
              -22.4295
            ],
            [
              -50.0144,
              -22.4267
            ],
            [
              -50.0127,
              -22.4254
            ],
            [
              -50.0106,
              -22.4243
            ],
            [
              -50.0083,
              -22.4222
            ],
            [
              -50.0058,
              -22.4212
            ],
            [
              -50.0038,
              -22.419
            ],
            [
              -50.0026,
              -22.4166
            ],
            [
              -50.0,
              -22.4146
            ],
            [
              -49.9988,
              -22.4131
            ],
            [
              -49.998,
              -22.409
            ],
            [
              -49.9968,
              -22.4085
            ],
            [
              -49.9946,
              -22.4089
            ],
            [
              -49.9923,
              -22.4111
            ],
            [
              -49.9913,
              -22.4115
            ],
            [
              -49.9881,
              -22.4098
            ],
            [
              -49.9865,
              -22.4077
            ],
            [
              -49.985,
              -22.4073
            ],
            [
              -49.9802,
              -22.4085
            ],
            [
              -49.976,
              -22.4084
            ],
            [
              -49.9742,
              -22.4088
            ],
            [
              -49.9694,
              -22.4089
            ],
            [
              -49.9685,
              -22.4082
            ],
            [
              -49.9675,
              -22.4048
            ],
            [
              -49.9667,
              -22.4035
            ],
            [
              -49.963,
              -22.4003
            ],
            [
              -49.9639,
              -22.3985
            ],
            [
              -49.9674,
              -22.3942
            ],
            [
              -49.9684,
              -22.3914
            ],
            [
              -49.9693,
              -22.3877
            ],
            [
              -49.9685,
              -22.3829
            ],
            [
              -49.9699,
              -22.3794
            ],
            [
              -49.9712,
              -22.3771
            ],
            [
              -49.9727,
              -22.3759
            ],
            [
              -49.9737,
              -22.3725
            ],
            [
              -49.9755,
              -22.3704
            ],
            [
              -49.9755,
              -22.367
            ],
            [
              -49.9745,
              -22.3632
            ],
            [
              -49.9745,
              -22.36
            ],
            [
              -49.9747,
              -22.3575
            ],
            [
              -49.9762,
              -22.3555
            ],
            [
              -49.9772,
              -22.3521
            ],
            [
              -49.9768,
              -22.3503
            ],
            [
              -49.9778,
              -22.3492
            ],
            [
              -49.979,
              -22.3459
            ],
            [
              -49.979,
              -22.3443
            ],
            [
              -49.98,
              -22.3418
            ],
            [
              -49.9814,
              -22.3398
            ],
            [
              -49.9817,
              -22.3381
            ],
            [
              -49.9812,
              -22.3354
            ],
            [
              -49.9831,
              -22.3311
            ],
            [
              -49.9829,
              -22.3293
            ],
            [
              -49.9818,
              -22.3283
            ],
            [
              -49.977,
              -22.3275
            ],
            [
              -49.9737,
              -22.3274
            ],
            [
              -49.971,
              -22.3281
            ],
            [
              -49.9689,
              -22.3296
            ],
            [
              -49.967,
              -22.3304
            ],
            [
              -49.9637,
              -22.331
            ],
            [
              -49.9616,
              -22.3307
            ],
            [
              -49.9613,
              -22.3289
            ],
            [
              -49.9589,
              -22.3281
            ],
            [
              -49.9563,
              -22.3277
            ],
            [
              -49.9555,
              -22.3282
            ],
            [
              -49.9555,
              -22.3307
            ],
            [
              -49.955,
              -22.3319
            ],
            [
              -49.9528,
              -22.3336
            ],
            [
              -49.9519,
              -22.336
            ],
            [
              -49.9497,
              -22.3356
            ],
            [
              -49.9485,
              -22.3366
            ],
            [
              -49.9473,
              -22.3392
            ],
            [
              -49.946,
              -22.3391
            ],
            [
              -49.9442,
              -22.3366
            ],
            [
              -49.9431,
              -22.336
            ],
            [
              -49.9409,
              -22.3365
            ],
            [
              -49.9396,
              -22.3347
            ],
            [
              -49.9364,
              -22.3367
            ],
            [
              -49.9364,
              -22.3349
            ],
            [
              -49.9346,
              -22.3352
            ],
            [
              -49.9311,
              -22.3315
            ],
            [
              -49.9295,
              -22.3306
            ],
            [
              -49.9265,
              -22.3307
            ],
            [
              -49.925,
              -22.3313
            ],
            [
              -49.9237,
              -22.331
            ],
            [
              -49.9218,
              -22.3325
            ],
            [
              -49.9212,
              -22.3344
            ],
            [
              -49.9198,
              -22.3354
            ],
            [
              -49.9178,
              -22.3357
            ],
            [
              -49.9164,
              -22.3349
            ],
            [
              -49.9145,
              -22.3351
            ],
            [
              -49.9132,
              -22.3359
            ]
          ]
        ]
      },
      "properties": {
        "codarea": "3529005",
        "nome_municipio": "Marília",
        "codigo_ibge": 3529005
      }
    },
    {
      "type": "Feature",
      "geometry": {
        "type": "Polygon",
        "coordinates": [
          [
            [
              -49.7355,
              -22.3823
            ],
            [
              -49.7393,
              -22.3869
            ],
            [
              -49.7411,
              -22.3873
            ],
            [
              -49.7462,
              -22.3929
            ],
            [
              -49.746,
              -22.3939
            ],
            [
              -49.7439,
              -22.397
            ],
            [
              -49.7434,
              -22.3991
            ],
            [
              -49.7415,
              -22.4019
            ],
            [
              -49.7399,
              -22.4065
            ],
            [
              -49.7455,
              -22.4061
            ],
            [
              -49.7483,
              -22.4055
            ],
            [
              -49.7499,
              -22.4086
            ],
            [
              -49.7516,
              -22.4102
            ],
            [
              -49.7526,
              -22.4118
            ],
            [
              -49.7537,
              -22.4123
            ],
            [
              -49.763,
              -22.4127
            ],
            [
              -49.764,
              -22.4145
            ],
            [
              -49.7633,
              -22.4164
            ],
            [
              -49.7636,
              -22.4179
            ],
            [
              -49.7648,
              -22.4199
            ],
            [
              -49.7674,
              -22.4221
            ],
            [
              -49.7687,
              -22.424
            ],
            [
              -49.7687,
              -22.4266
            ],
            [
              -49.7703,
              -22.4284
            ],
            [
              -49.7733,
              -22.4302
            ],
            [
              -49.7757,
              -22.4301
            ],
            [
              -49.7796,
              -22.4303
            ],
            [
              -49.7803,
              -22.4306
            ],
            [
              -49.7822,
              -22.4331
            ],
            [
              -49.7827,
              -22.435
            ],
            [
              -49.7843,
              -22.435
            ],
            [
              -49.7867,
              -22.4365
            ],
            [
              -49.7895,
              -22.4371
            ],
            [
              -49.7903,
              -22.4367
            ],
            [
              -49.7941,
              -22.437
            ],
            [
              -49.7957,
              -22.4377
            ],
            [
              -49.7963,
              -22.4405
            ],
            [
              -49.7975,
              -22.4439
            ],
            [
              -49.7997,
              -22.4452
            ],
            [
              -49.8004,
              -22.4473
            ],
            [
              -49.8005,
              -22.4511
            ],
            [
              -49.8009,
              -22.4532
            ],
            [
              -49.8019,
              -22.4546
            ],
            [
              -49.8013,
              -22.4581
            ],
            [
              -49.8004,
              -22.4606
            ],
            [
              -49.8013,
              -22.4625
            ],
            [
              -49.8006,
              -22.4643
            ],
            [
              -49.8024,
              -22.4667
            ],
            [
              -49.8032,
              -22.469
            ],
            [
              -49.8021,
              -22.4709
            ],
            [
              -49.8039,
              -22.4726
            ],
            [
              -49.8038,
              -22.4738
            ],
            [
              -49.8045,
              -22.4751
            ],
            [
              -49.8042,
              -22.4761
            ],
            [
              -49.805,
              -22.4808
            ],
            [
              -49.8042,
              -22.4827
            ],
            [
              -49.8043,
              -22.4852
            ],
            [
              -49.8053,
              -22.4886
            ],
            [
              -49.8066,
              -22.4899
            ],
            [
              -49.8086,
              -22.4943
            ],
            [
              -49.8101,
              -22.4967
            ],
            [
              -49.8112,
              -22.4975
            ],
            [
              -49.8141,
              -22.4984
            ],
            [
              -49.8161,
              -22.5012
            ],
            [
              -49.8181,
              -22.5031
            ],
            [
              -49.8199,
              -22.5074
            ],
            [
              -49.8199,
              -22.5097
            ],
            [
              -49.8177,
              -22.5113
            ],
            [
              -49.8187,
              -22.5137
            ],
            [
              -49.8204,
              -22.5153
            ],
            [
              -49.8205,
              -22.516
            ],
            [
              -49.8188,
              -22.5183
            ],
            [
              -49.8171,
              -22.5194
            ],
            [
              -49.8186,
              -22.5212
            ],
            [
              -49.8199,
              -22.5216
            ],
            [
              -49.8189,
              -22.5248
            ],
            [
              -49.8176,
              -22.5261
            ],
            [
              -49.8164,
              -22.5244
            ],
            [
              -49.8136,
              -22.5235
            ],
            [
              -49.8113,
              -22.5211
            ],
            [
              -49.8087,
              -22.5194
            ],
            [
              -49.8074,
              -22.5179
            ],
            [
              -49.803,
              -22.5144
            ],
            [
              -49.7989,
              -22.5127
            ],
            [
              -49.7971,
              -22.5124
            ],
            [
              -49.7925,
              -22.5094
            ],
            [
              -49.7912,
              -22.5079
            ],
            [
              -49.7883,
              -22.5064
            ],
            [
              -49.7867,
              -22.5039
            ],
            [
              -49.7845,
              -22.5035
            ],
            [
              -49.7815,
              -22.5021
            ],
            [
              -49.7752,
              -22.502
            ],
            [
              -49.772,
              -22.5006
            ],
            [
              -49.7699,
              -22.5013
            ],
            [
              -49.765,
              -22.5036
            ],
            [
              -49.7618,
              -22.5039
            ],
            [
              -49.7594,
              -22.502
            ],
            [
              -49.758,
              -22.4994
            ],
            [
              -49.7556,
              -22.4982
            ],
            [
              -49.7565,
              -22.4971
            ],
            [
              -49.7545,
              -22.4961
            ],
            [
              -49.7514,
              -22.4953
            ],
            [
              -49.7496,
              -22.4926
            ],
            [
              -49.7497,
              -22.4911
            ],
            [
              -49.749,
              -22.4899
            ],
            [
              -49.75,
              -22.4889
            ],
            [
              -49.7492,
              -22.4881
            ],
            [
              -49.748,
              -22.4849
            ],
            [
              -49.7483,
              -22.4821
            ],
            [
              -49.7493,
              -22.4816
            ],
            [
              -49.75,
              -22.4787
            ],
            [
              -49.7491,
              -22.4768
            ],
            [
              -49.7469,
              -22.476
            ],
            [
              -49.7455,
              -22.4739
            ],
            [
              -49.744,
              -22.473
            ],
            [
              -49.7435,
              -22.4702
            ],
            [
              -49.7413,
              -22.47
            ],
            [
              -49.7401,
              -22.4685
            ],
            [
              -49.7374,
              -22.4666
            ],
            [
              -49.7358,
              -22.4666
            ],
            [
              -49.7321,
              -22.4678
            ],
            [
              -49.7308,
              -22.4671
            ],
            [
              -49.7275,
              -22.4641
            ],
            [
              -49.7254,
              -22.4637
            ],
            [
              -49.723,
              -22.4643
            ],
            [
              -49.7215,
              -22.464
            ],
            [
              -49.7202,
              -22.4622
            ],
            [
              -49.7193,
              -22.4576
            ],
            [
              -49.7194,
              -22.4542
            ],
            [
              -49.7185,
              -22.4522
            ],
            [
              -49.7155,
              -22.4508
            ],
            [
              -49.7126,
              -22.4487
            ],
            [
              -49.7113,
              -22.4458
            ],
            [
              -49.7103,
              -22.4442
            ],
            [
              -49.7075,
              -22.4414
            ],
            [
              -49.7054,
              -22.4399
            ],
            [
              -49.7038,
              -22.4393
            ],
            [
              -49.7026,
              -22.4387
            ],
            [
              -49.7021,
              -22.4357
            ],
            [
              -49.703,
              -22.4342
            ],
            [
              -49.7018,
              -22.4323
            ],
            [
              -49.7026,
              -22.4262
            ],
            [
              -49.7022,
              -22.4253
            ],
            [
              -49.7033,
              -22.4222
            ],
            [
              -49.705,
              -22.4201
            ],
            [
              -49.7054,
              -22.4185
            ],
            [
              -49.7071,
              -22.417
            ],
            [
              -49.707,
              -22.4153
            ],
            [
              -49.7107,
              -22.4052
            ],
            [
              -49.7127,
              -22.4014
            ],
            [
              -49.7141,
              -22.3999
            ],
            [
              -49.7158,
              -22.3965
            ],
            [
              -49.7188,
              -22.3958
            ],
            [
              -49.72,
              -22.395
            ],
            [
              -49.7229,
              -22.3911
            ],
            [
              -49.7256,
              -22.3879
            ],
            [
              -49.7274,
              -22.3865
            ],
            [
              -49.7283,
              -22.3849
            ],
            [
              -49.7285,
              -22.3801
            ],
            [
              -49.729,
              -22.3766
            ],
            [
              -49.7303,
              -22.3775
            ],
            [
              -49.7322,
              -22.3801
            ],
            [
              -49.7355,
              -22.3823
            ]
          ]
        ]
      },
      "properties": {
        "codarea": "3501509",
        "nome_municipio": "Alvinlândia",
        "codigo_ibge": 3501509
      }
    },
    {
      "type": "Feature",
      "geometry": {
        "type": "Polygon",
        "coordinates": [
          [
            [
              -49.8247,
              -22.1125
            ],
            [
              -49.823,
              -22.1107
            ],
            [
              -49.8214,
              -22.111
            ],
            [
              -49.8195,
              -22.1103
            ],
            [
              -49.817,
              -22.1087
            ],
            [
              -49.8153,
              -22.1089
            ],
            [
              -49.815,
              -22.1081
            ],
            [
              -49.8118,
              -22.1087
            ],
            [
              -49.8112,
              -22.1099
            ],
            [
              -49.8101,
              -22.1097
            ],
            [
              -49.8077,
              -22.1122
            ],
            [
              -49.8058,
              -22.1123
            ],
            [
              -49.803,
              -22.1101
            ],
            [
              -49.8016,
              -22.1093
            ],
            [
              -49.8012,
              -22.1078
            ],
            [
              -49.7996,
              -22.1086
            ],
            [
              -49.7967,
              -22.1087
            ],
            [
              -49.7954,
              -22.1097
            ],
            [
              -49.7946,
              -22.1089
            ],
            [
              -49.7923,
              -22.1101
            ],
            [
              -49.7914,
              -22.1093
            ],
            [
              -49.7885,
              -22.1109
            ],
            [
              -49.7875,
              -22.1106
            ],
            [
              -49.7868,
              -22.1093
            ],
            [
              -49.785,
              -22.1091
            ],
            [
              -49.7836,
              -22.1082
            ],
            [
              -49.7794,
              -22.1099
            ],
            [
              -49.7766,
              -22.1102
            ],
            [
              -49.7756,
              -22.1124
            ],
            [
              -49.7728,
              -22.1119
            ],
            [
              -49.7707,
              -22.1128
            ],
            [
              -49.7675,
              -22.112
            ],
            [
              -49.7659,
              -22.111
            ],
            [
              -49.7643,
              -22.1113
            ],
            [
              -49.7614,
              -22.1104
            ],
            [
              -49.7598,
              -22.1117
            ],
            [
              -49.7573,
              -22.1145
            ],
            [
              -49.7549,
              -22.1151
            ],
            [
              -49.7534,
              -22.117
            ],
            [
              -49.7516,
              -22.1159
            ],
            [
              -49.7505,
              -22.116
            ],
            [
              -49.7479,
              -22.1194
            ],
            [
              -49.7449,
              -22.1208
            ],
            [
              -49.7439,
              -22.121
            ],
            [
              -49.7419,
              -22.119
            ],
            [
              -49.7398,
              -22.1195
            ],
            [
              -49.7381,
              -22.1187
            ],
            [
              -49.7361,
              -22.1194
            ],
            [
              -49.7364,
              -22.1201
            ],
            [
              -49.7325,
              -22.1224
            ],
            [
              -49.7301,
              -22.1252
            ],
            [
              -49.7267,
              -22.1265
            ],
            [
              -49.7247,
              -22.1285
            ],
            [
              -49.7232,
              -22.1293
            ],
            [
              -49.721,
              -22.1291
            ],
            [
              -49.7189,
              -22.1308
            ],
            [
              -49.7177,
              -22.1311
            ],
            [
              -49.7133,
              -22.1346
            ],
            [
              -49.712,
              -22.1384
            ],
            [
              -49.7104,
              -22.1393
            ],
            [
              -49.7074,
              -22.1419
            ],
            [
              -49.7052,
              -22.1413
            ],
            [
              -49.7036,
              -22.1403
            ],
            [
              -49.699,
              -22.1382
            ],
            [
              -49.6966,
              -22.1374
            ],
            [
              -49.6929,
              -22.1379
            ],
            [
              -49.6905,
              -22.1388
            ],
            [
              -49.6885,
              -22.1389
            ],
            [
              -49.6861,
              -22.1382
            ],
            [
              -49.6838,
              -22.1383
            ],
            [
              -49.677,
              -22.1366
            ],
            [
              -49.6737,
              -22.1355
            ],
            [
              -49.6694,
              -22.1356
            ],
            [
              -49.6677,
              -22.1337
            ],
            [
              -49.6679,
              -22.1324
            ],
            [
              -49.67,
              -22.1317
            ],
            [
              -49.6713,
              -22.1305
            ],
            [
              -49.6729,
              -22.1271
            ],
            [
              -49.6745,
              -22.1244
            ],
            [
              -49.6763,
              -22.1193
            ],
            [
              -49.6712,
              -22.122
            ],
            [
              -49.6697,
              -22.1231
            ],
            [
              -49.6674,
              -22.1229
            ],
            [
              -49.6653,
              -22.1234
            ],
            [
              -49.6632,
              -22.1243
            ],
            [
              -49.6615,
              -22.126
            ],
            [
              -49.6589,
              -22.1266
            ],
            [
              -49.6543,
              -22.1268
            ],
            [
              -49.652,
              -22.1261
            ],
            [
              -49.647,
              -22.124
            ],
            [
              -49.6457,
              -22.1228
            ],
            [
              -49.6459,
              -22.1209
            ],
            [
              -49.645,
              -22.1183
            ],
            [
              -49.6457,
              -22.118
            ],
            [
              -49.6454,
              -22.1151
            ],
            [
              -49.6462,
              -22.113
            ],
            [
              -49.6486,
              -22.1111
            ],
            [
              -49.6493,
              -22.1088
            ],
            [
              -49.6475,
              -22.1079
            ],
            [
              -49.647,
              -22.1044
            ],
            [
              -49.6472,
              -22.103
            ],
            [
              -49.6467,
              -22.1011
            ],
            [
              -49.6455,
              -22.0987
            ],
            [
              -49.6448,
              -22.0958
            ],
            [
              -49.6455,
              -22.0936
            ],
            [
              -49.645,
              -22.0914
            ],
            [
              -49.6434,
              -22.0884
            ],
            [
              -49.6417,
              -22.087
            ],
            [
              -49.6418,
              -22.0855
            ],
            [
              -49.641,
              -22.0846
            ],
            [
              -49.6394,
              -22.0842
            ],
            [
              -49.6385,
              -22.083
            ],
            [
              -49.6344,
              -22.0798
            ],
            [
              -49.6342,
              -22.0765
            ],
            [
              -49.6336,
              -22.076
            ],
            [
              -49.6363,
              -22.0755
            ],
            [
              -49.6374,
              -22.0745
            ],
            [
              -49.6386,
              -22.071
            ],
            [
              -49.6399,
              -22.0695
            ],
            [
              -49.6443,
              -22.0685
            ],
            [
              -49.6481,
              -22.0686
            ],
            [
              -49.6502,
              -22.0677
            ],
            [
              -49.6509,
              -22.068
            ],
            [
              -49.6516,
              -22.0703
            ],
            [
              -49.6542,
              -22.0726
            ],
            [
              -49.6562,
              -22.0772
            ],
            [
              -49.657,
              -22.0775
            ],
            [
              -49.6602,
              -22.0765
            ],
            [
              -49.6617,
              -22.0768
            ],
            [
              -49.6627,
              -22.0734
            ],
            [
              -49.6633,
              -22.0701
            ],
            [
              -49.6639,
              -22.0684
            ],
            [
              -49.665,
              -22.0674
            ],
            [
              -49.6647,
              -22.0659
            ],
            [
              -49.6649,
              -22.063
            ],
            [
              -49.6661,
              -22.0617
            ],
            [
              -49.6686,
              -22.0613
            ],
            [
              -49.67,
              -22.0615
            ],
            [
              -49.6745,
              -22.0605
            ],
            [
              -49.6763,
              -22.059
            ],
            [
              -49.6794,
              -22.0589
            ],
            [
              -49.6845,
              -22.0574
            ],
            [
              -49.6861,
              -22.0562
            ],
            [
              -49.6869,
              -22.0534
            ],
            [
              -49.6872,
              -22.0508
            ],
            [
              -49.6879,
              -22.0488
            ],
            [
              -49.6893,
              -22.0481
            ],
            [
              -49.6925,
              -22.0476
            ],
            [
              -49.6941,
              -22.0454
            ],
            [
              -49.6955,
              -22.0445
            ],
            [
              -49.6966,
              -22.0466
            ],
            [
              -49.7005,
              -22.047
            ],
            [
              -49.7024,
              -22.0477
            ],
            [
              -49.7047,
              -22.0469
            ],
            [
              -49.7058,
              -22.0458
            ],
            [
              -49.7062,
              -22.0441
            ],
            [
              -49.7059,
              -22.0415
            ],
            [
              -49.7071,
              -22.0399
            ],
            [
              -49.7097,
              -22.0394
            ],
            [
              -49.712,
              -22.0372
            ],
            [
              -49.7247,
              -22.0345
            ],
            [
              -49.7275,
              -22.0309
            ],
            [
              -49.7308,
              -22.0295
            ],
            [
              -49.7341,
              -22.0288
            ],
            [
              -49.7378,
              -22.0288
            ],
            [
              -49.7407,
              -22.0262
            ],
            [
              -49.7412,
              -22.0263
            ],
            [
              -49.7444,
              -22.0289
            ],
            [
              -49.7456,
              -22.0316
            ],
            [
              -49.7445,
              -22.0338
            ],
            [
              -49.7453,
              -22.0343
            ],
            [
              -49.7465,
              -22.0388
            ],
            [
              -49.7478,
              -22.0395
            ],
            [
              -49.7484,
              -22.0434
            ],
            [
              -49.7496,
              -22.0455
            ],
            [
              -49.7502,
              -22.0473
            ],
            [
              -49.752,
              -22.0485
            ],
            [
              -49.7548,
              -22.0514
            ],
            [
              -49.7566,
              -22.0524
            ],
            [
              -49.7576,
              -22.0561
            ],
            [
              -49.7579,
              -22.0591
            ],
            [
              -49.7578,
              -22.0611
            ],
            [
              -49.7584,
              -22.0616
            ],
            [
              -49.7601,
              -22.0591
            ],
            [
              -49.7612,
              -22.0585
            ],
            [
              -49.7656,
              -22.0581
            ],
            [
              -49.7674,
              -22.0571
            ],
            [
              -49.7678,
              -22.0556
            ],
            [
              -49.7674,
              -22.0537
            ],
            [
              -49.7665,
              -22.0521
            ],
            [
              -49.7666,
              -22.0505
            ],
            [
              -49.7679,
              -22.0489
            ],
            [
              -49.7683,
              -22.0467
            ],
            [
              -49.7707,
              -22.0449
            ],
            [
              -49.7734,
              -22.045
            ],
            [
              -49.7753,
              -22.0465
            ],
            [
              -49.7783,
              -22.046
            ],
            [
              -49.7813,
              -22.0463
            ],
            [
              -49.7862,
              -22.0454
            ],
            [
              -49.7873,
              -22.0479
            ],
            [
              -49.789,
              -22.0483
            ],
            [
              -49.7907,
              -22.0499
            ],
            [
              -49.7924,
              -22.0532
            ],
            [
              -49.7945,
              -22.0538
            ],
            [
              -49.7975,
              -22.0563
            ],
            [
              -49.7981,
              -22.058
            ],
            [
              -49.7999,
              -22.0587
            ],
            [
              -49.8009,
              -22.0586
            ],
            [
              -49.8038,
              -22.06
            ],
            [
              -49.8068,
              -22.0627
            ],
            [
              -49.8078,
              -22.062
            ],
            [
              -49.8127,
              -22.0644
            ],
            [
              -49.8147,
              -22.0638
            ],
            [
              -49.8198,
              -22.0644
            ],
            [
              -49.825,
              -22.0673
            ],
            [
              -49.8258,
              -22.0684
            ],
            [
              -49.8257,
              -22.0697
            ],
            [
              -49.8273,
              -22.0705
            ],
            [
              -49.8317,
              -22.0735
            ],
            [
              -49.8335,
              -22.0741
            ],
            [
              -49.834,
              -22.0761
            ],
            [
              -49.8379,
              -22.077
            ],
            [
              -49.8404,
              -22.0788
            ],
            [
              -49.8403,
              -22.0802
            ],
            [
              -49.8411,
              -22.0845
            ],
            [
              -49.8431,
              -22.0854
            ],
            [
              -49.8463,
              -22.0907
            ],
            [
              -49.8476,
              -22.092
            ],
            [
              -49.8505,
              -22.0938
            ],
            [
              -49.849,
              -22.0959
            ],
            [
              -49.8495,
              -22.0974
            ],
            [
              -49.8453,
              -22.0991
            ],
            [
              -49.8428,
              -22.1005
            ],
            [
              -49.8395,
              -22.1009
            ],
            [
              -49.838,
              -22.1017
            ],
            [
              -49.8376,
              -22.1025
            ],
            [
              -49.8391,
              -22.1053
            ],
            [
              -49.8393,
              -22.1065
            ],
            [
              -49.8388,
              -22.1085
            ],
            [
              -49.8377,
              -22.1086
            ],
            [
              -49.8347,
              -22.1078
            ],
            [
              -49.8342,
              -22.109
            ],
            [
              -49.8319,
              -22.1101
            ],
            [
              -49.8318,
              -22.1111
            ],
            [
              -49.8247,
              -22.1125
            ]
          ]
        ]
      },
      "properties": {
        "codarea": "3501400",
        "nome_municipio": "Álvaro de Carvalho",
        "codigo_ibge": 3501400
      }
    },
    {
      "type": "Feature",
      "geometry": {
        "type": "Polygon",
        "coordinates": [
          [
            [
              -49.4228,
              -22.2942
            ],
            [
              -49.4245,
              -22.2948
            ],
            [
              -49.4255,
              -22.2958
            ],
            [
              -49.4266,
              -22.3
            ],
            [
              -49.4268,
              -22.3033
            ],
            [
              -49.4286,
              -22.3039
            ],
            [
              -49.4293,
              -22.3054
            ],
            [
              -49.4292,
              -22.3069
            ],
            [
              -49.4281,
              -22.3087
            ],
            [
              -49.4282,
              -22.3105
            ],
            [
              -49.4296,
              -22.3112
            ],
            [
              -49.43,
              -22.3131
            ],
            [
              -49.4313,
              -22.3155
            ],
            [
              -49.4338,
              -22.316
            ],
            [
              -49.4355,
              -22.3204
            ],
            [
              -49.4378,
              -22.3239
            ],
            [
              -49.4389,
              -22.3244
            ],
            [
              -49.4412,
              -22.3281
            ],
            [
              -49.4435,
              -22.327
            ],
            [
              -49.4453,
              -22.3286
            ],
            [
              -49.4474,
              -22.3289
            ],
            [
              -49.4487,
              -22.3286
            ],
            [
              -49.4507,
              -22.3296
            ],
            [
              -49.4511,
              -22.3322
            ],
            [
              -49.4522,
              -22.3345
            ],
            [
              -49.4545,
              -22.335
            ],
            [
              -49.4592,
              -22.3375
            ],
            [
              -49.461,
              -22.3354
            ],
            [
              -49.4641,
              -22.3358
            ],
            [
              -49.4656,
              -22.337
            ],
            [
              -49.4664,
              -22.3392
            ],
            [
              -49.4686,
              -22.3409
            ],
            [
              -49.4705,
              -22.3417
            ],
            [
              -49.4714,
              -22.3448
            ],
            [
              -49.4738,
              -22.3468
            ],
            [
              -49.4744,
              -22.3485
            ],
            [
              -49.474,
              -22.3518
            ],
            [
              -49.4755,
              -22.3532
            ],
            [
              -49.4782,
              -22.3544
            ],
            [
              -49.482,
              -22.3555
            ],
            [
              -49.4832,
              -22.3571
            ],
            [
              -49.4832,
              -22.3613
            ],
            [
              -49.4825,
              -22.3635
            ],
            [
              -49.4828,
              -22.3648
            ],
            [
              -49.4857,
              -22.3679
            ],
            [
              -49.4874,
              -22.3691
            ],
            [
              -49.4883,
              -22.3703
            ],
            [
              -49.4909,
              -22.3729
            ],
            [
              -49.4913,
              -22.3766
            ],
            [
              -49.4929,
              -22.3783
            ],
            [
              -49.4936,
              -22.3811
            ],
            [
              -49.4955,
              -22.3833
            ],
            [
              -49.4982,
              -22.384
            ],
            [
              -49.4992,
              -22.3854
            ],
            [
              -49.502,
              -22.3866
            ],
            [
              -49.504,
              -22.3878
            ],
            [
              -49.506,
              -22.3881
            ],
            [
              -49.5095,
              -22.3903
            ],
            [
              -49.5109,
              -22.3907
            ],
            [
              -49.514,
              -22.391
            ],
            [
              -49.5148,
              -22.3913
            ],
            [
              -49.5128,
              -22.3957
            ],
            [
              -49.5082,
              -22.3966
            ],
            [
              -49.5036,
              -22.3956
            ],
            [
              -49.5024,
              -22.3958
            ],
            [
              -49.5015,
              -22.3971
            ],
            [
              -49.5007,
              -22.3993
            ],
            [
              -49.4991,
              -22.4004
            ],
            [
              -49.4979,
              -22.3999
            ],
            [
              -49.4961,
              -22.3972
            ],
            [
              -49.4944,
              -22.3955
            ],
            [
              -49.4924,
              -22.3955
            ],
            [
              -49.4894,
              -22.3962
            ],
            [
              -49.4869,
              -22.3949
            ],
            [
              -49.4845,
              -22.3941
            ],
            [
              -49.4828,
              -22.3944
            ],
            [
              -49.4807,
              -22.3965
            ],
            [
              -49.4805,
              -22.3976
            ],
            [
              -49.4813,
              -22.401
            ],
            [
              -49.4813,
              -22.4022
            ],
            [
              -49.4819,
              -22.4071
            ],
            [
              -49.4814,
              -22.4109
            ],
            [
              -49.4803,
              -22.4136
            ],
            [
              -49.4772,
              -22.4179
            ],
            [
              -49.4768,
              -22.4194
            ],
            [
              -49.4774,
              -22.4226
            ],
            [
              -49.4794,
              -22.4252
            ],
            [
              -49.4812,
              -22.4269
            ],
            [
              -49.4839,
              -22.4275
            ],
            [
              -49.4856,
              -22.4284
            ],
            [
              -49.4873,
              -22.4303
            ],
            [
              -49.4898,
              -22.4323
            ],
            [
              -49.4901,
              -22.4343
            ],
            [
              -49.4895,
              -22.4363
            ],
            [
              -49.4896,
              -22.4393
            ],
            [
              -49.4902,
              -22.4404
            ],
            [
              -49.492,
              -22.4411
            ],
            [
              -49.4928,
              -22.4446
            ],
            [
              -49.4945,
              -22.4462
            ],
            [
              -49.4971,
              -22.4499
            ],
            [
              -49.4981,
              -22.4539
            ],
            [
              -49.4982,
              -22.4561
            ],
            [
              -49.4998,
              -22.4604
            ],
            [
              -49.5024,
              -22.4657
            ],
            [
              -49.5039,
              -22.4677
            ],
            [
              -49.5029,
              -22.4699
            ],
            [
              -49.5002,
              -22.4707
            ],
            [
              -49.4986,
              -22.4732
            ],
            [
              -49.4988,
              -22.4739
            ],
            [
              -49.5033,
              -22.4787
            ],
            [
              -49.5025,
              -22.4801
            ],
            [
              -49.5004,
              -22.4808
            ],
            [
              -49.497,
              -22.4813
            ],
            [
              -49.4953,
              -22.4839
            ],
            [
              -49.4953,
              -22.4853
            ],
            [
              -49.4934,
              -22.4852
            ],
            [
              -49.4917,
              -22.4857
            ],
            [
              -49.4904,
              -22.487
            ],
            [
              -49.4902,
              -22.4891
            ],
            [
              -49.4913,
              -22.4905
            ],
            [
              -49.4892,
              -22.4922
            ],
            [
              -49.4892,
              -22.4953
            ],
            [
              -49.4868,
              -22.4972
            ],
            [
              -49.4846,
              -22.4977
            ],
            [
              -49.4849,
              -22.4994
            ],
            [
              -49.4858,
              -22.5002
            ],
            [
              -49.4847,
              -22.5015
            ],
            [
              -49.4846,
              -22.5031
            ],
            [
              -49.4801,
              -22.5025
            ],
            [
              -49.4795,
              -22.5034
            ],
            [
              -49.4782,
              -22.5028
            ],
            [
              -49.4783,
              -22.5
            ],
            [
              -49.4759,
              -22.4978
            ],
            [
              -49.473,
              -22.4971
            ],
            [
              -49.4712,
              -22.4986
            ],
            [
              -49.4696,
              -22.499
            ],
            [
              -49.4677,
              -22.4975
            ],
            [
              -49.4655,
              -22.497
            ],
            [
              -49.4645,
              -22.4975
            ],
            [
              -49.4623,
              -22.4976
            ],
            [
              -49.4609,
              -22.4946
            ],
            [
              -49.4596,
              -22.4935
            ],
            [
              -49.4586,
              -22.494
            ],
            [
              -49.4557,
              -22.4933
            ],
            [
              -49.4534,
              -22.4941
            ],
            [
              -49.4516,
              -22.4937
            ],
            [
              -49.4495,
              -22.4926
            ],
            [
              -49.447,
              -22.4922
            ],
            [
              -49.4484,
              -22.4906
            ],
            [
              -49.446,
              -22.4873
            ],
            [
              -49.4433,
              -22.4861
            ],
            [
              -49.4423,
              -22.4852
            ],
            [
              -49.4408,
              -22.4852
            ],
            [
              -49.4388,
              -22.4833
            ],
            [
              -49.4385,
              -22.482
            ],
            [
              -49.4371,
              -22.4813
            ],
            [
              -49.4359,
              -22.4797
            ],
            [
              -49.4334,
              -22.4801
            ],
            [
              -49.431,
              -22.4791
            ],
            [
              -49.4302,
              -22.4775
            ],
            [
              -49.4289,
              -22.4767
            ],
            [
              -49.4275,
              -22.477
            ],
            [
              -49.4256,
              -22.4734
            ],
            [
              -49.4267,
              -22.4729
            ],
            [
              -49.4246,
              -22.4704
            ],
            [
              -49.425,
              -22.4691
            ],
            [
              -49.4248,
              -22.4672
            ],
            [
              -49.4232,
              -22.4659
            ],
            [
              -49.4198,
              -22.4682
            ],
            [
              -49.4183,
              -22.4685
            ],
            [
              -49.4149,
              -22.4664
            ],
            [
              -49.4125,
              -22.4645
            ],
            [
              -49.4112,
              -22.4624
            ],
            [
              -49.4075,
              -22.4633
            ],
            [
              -49.407,
              -22.4616
            ],
            [
              -49.4047,
              -22.461
            ],
            [
              -49.4032,
              -22.4617
            ],
            [
              -49.4018,
              -22.4613
            ],
            [
              -49.4007,
              -22.459
            ],
            [
              -49.3981,
              -22.4552
            ],
            [
              -49.3967,
              -22.4542
            ],
            [
              -49.3944,
              -22.4497
            ],
            [
              -49.3907,
              -22.448
            ],
            [
              -49.3849,
              -22.447
            ],
            [
              -49.3833,
              -22.4464
            ],
            [
              -49.3791,
              -22.4432
            ],
            [
              -49.3772,
              -22.4429
            ],
            [
              -49.3737,
              -22.4411
            ],
            [
              -49.3724,
              -22.44
            ],
            [
              -49.3675,
              -22.4394
            ],
            [
              -49.3654,
              -22.4367
            ],
            [
              -49.3617,
              -22.4343
            ],
            [
              -49.36,
              -22.4315
            ],
            [
              -49.3597,
              -22.4295
            ],
            [
              -49.3596,
              -22.4247
            ],
            [
              -49.3588,
              -22.4232
            ],
            [
              -49.3558,
              -22.421
            ],
            [
              -49.3549,
              -22.4191
            ],
            [
              -49.3549,
              -22.4171
            ],
            [
              -49.3538,
              -22.4146
            ],
            [
              -49.3539,
              -22.413
            ],
            [
              -49.3547,
              -22.4106
            ],
            [
              -49.3548,
              -22.4084
            ],
            [
              -49.354,
              -22.4072
            ],
            [
              -49.3519,
              -22.4057
            ],
            [
              -49.3479,
              -22.4046
            ],
            [
              -49.346,
              -22.4025
            ],
            [
              -49.3416,
              -22.4002
            ],
            [
              -49.3328,
              -22.3945
            ],
            [
              -49.3317,
              -22.3933
            ],
            [
              -49.3285,
              -22.3918
            ],
            [
              -49.3278,
              -22.391
            ],
            [
              -49.3233,
              -22.3887
            ],
            [
              -49.3207,
              -22.3886
            ],
            [
              -49.3187,
              -22.389
            ],
            [
              -49.317,
              -22.3888
            ],
            [
              -49.3165,
              -22.3865
            ],
            [
              -49.3178,
              -22.3849
            ],
            [
              -49.3183,
              -22.3819
            ],
            [
              -49.3215,
              -22.3735
            ],
            [
              -49.3235,
              -22.3691
            ],
            [
              -49.3229,
              -22.3679
            ],
            [
              -49.3206,
              -22.3664
            ],
            [
              -49.32,
              -22.3654
            ],
            [
              -49.3154,
              -22.3647
            ],
            [
              -49.3135,
              -22.3633
            ],
            [
              -49.3116,
              -22.3613
            ],
            [
              -49.3074,
              -22.3592
            ],
            [
              -49.3058,
              -22.3577
            ],
            [
              -49.3027,
              -22.3554
            ],
            [
              -49.2997,
              -22.3548
            ],
            [
              -49.2973,
              -22.3522
            ],
            [
              -49.2896,
              -22.3486
            ],
            [
              -49.2887,
              -22.3471
            ],
            [
              -49.2855,
              -22.3449
            ],
            [
              -49.2889,
              -22.3461
            ],
            [
              -49.2904,
              -22.3471
            ],
            [
              -49.2919,
              -22.347
            ],
            [
              -49.295,
              -22.3451
            ],
            [
              -49.2973,
              -22.3442
            ],
            [
              -49.2979,
              -22.3428
            ],
            [
              -49.2992,
              -22.3421
            ],
            [
              -49.3005,
              -22.3396
            ],
            [
              -49.3021,
              -22.3382
            ],
            [
              -49.3057,
              -22.338
            ],
            [
              -49.3069,
              -22.3385
            ],
            [
              -49.3087,
              -22.3376
            ],
            [
              -49.312,
              -22.3346
            ],
            [
              -49.3119,
              -22.3332
            ],
            [
              -49.3131,
              -22.3312
            ],
            [
              -49.3172,
              -22.3299
            ],
            [
              -49.3196,
              -22.3266
            ],
            [
              -49.3234,
              -22.3231
            ],
            [
              -49.3242,
              -22.3208
            ],
            [
              -49.3653,
              -22.3165
            ],
            [
              -49.384,
              -22.3131
            ],
            [
              -49.3855,
              -22.3143
            ],
            [
              -49.3866,
              -22.3164
            ],
            [
              -49.4077,
              -22.3194
            ],
            [
              -49.4108,
              -22.3186
            ],
            [
              -49.4131,
              -22.3172
            ],
            [
              -49.4142,
              -22.3146
            ],
            [
              -49.4135,
              -22.3094
            ],
            [
              -49.4155,
              -22.3069
            ],
            [
              -49.4177,
              -22.3035
            ],
            [
              -49.4188,
              -22.3032
            ],
            [
              -49.42,
              -22.3015
            ],
            [
              -49.4238,
              -22.2983
            ],
            [
              -49.423,
              -22.2959
            ],
            [
              -49.4228,
              -22.2942
            ]
          ]
        ]
      },
      "properties": {
        "codarea": "3514502",
        "nome_municipio": "Duartina",
        "codigo_ibge": 3514502
      }
    },
    {
      "type": "Feature",
      "geometry": {
        "type": "Polygon",
        "coordinates": [
          [
            [
              -49.5176,
              -21.6023
            ],
            [
              -49.5192,
              -21.6083
            ],
            [
              -49.5214,
              -21.6105
            ],
            [
              -49.5239,
              -21.6111
            ],
            [
              -49.5278,
              -21.6103
            ],
            [
              -49.5302,
              -21.6095
            ],
            [
              -49.5334,
              -21.6097
            ],
            [
              -49.5354,
              -21.6111
            ],
            [
              -49.5371,
              -21.6129
            ],
            [
              -49.5397,
              -21.6134
            ],
            [
              -49.5406,
              -21.6142
            ],
            [
              -49.5436,
              -21.6156
            ],
            [
              -49.5444,
              -21.6163
            ],
            [
              -49.546,
              -21.6164
            ],
            [
              -49.5475,
              -21.6175
            ],
            [
              -49.5542,
              -21.6202
            ],
            [
              -49.5545,
              -21.6208
            ],
            [
              -49.5567,
              -21.6211
            ],
            [
              -49.5617,
              -21.6227
            ],
            [
              -49.5649,
              -21.6244
            ],
            [
              -49.5652,
              -21.6252
            ],
            [
              -49.5678,
              -21.6259
            ],
            [
              -49.5659,
              -21.6317
            ],
            [
              -49.5648,
              -21.6333
            ],
            [
              -49.5648,
              -21.6356
            ],
            [
              -49.5669,
              -21.6369
            ],
            [
              -49.5671,
              -21.6393
            ],
            [
              -49.5632,
              -21.6412
            ],
            [
              -49.5627,
              -21.6432
            ],
            [
              -49.5613,
              -21.6442
            ],
            [
              -49.5625,
              -21.6465
            ],
            [
              -49.5644,
              -21.6481
            ],
            [
              -49.5595,
              -21.6509
            ],
            [
              -49.5603,
              -21.652
            ],
            [
              -49.5621,
              -21.6519
            ],
            [
              -49.5636,
              -21.6525
            ],
            [
              -49.5647,
              -21.6555
            ],
            [
              -49.5625,
              -21.6583
            ],
            [
              -49.5612,
              -21.6589
            ],
            [
              -49.5619,
              -21.66
            ],
            [
              -49.5613,
              -21.6618
            ],
            [
              -49.5632,
              -21.6626
            ],
            [
              -49.5632,
              -21.6641
            ],
            [
              -49.5645,
              -21.6654
            ],
            [
              -49.5659,
              -21.6682
            ],
            [
              -49.5683,
              -21.6682
            ],
            [
              -49.5704,
              -21.6717
            ],
            [
              -49.5702,
              -21.6734
            ],
            [
              -49.5709,
              -21.6745
            ],
            [
              -49.5702,
              -21.677
            ],
            [
              -49.5706,
              -21.6803
            ],
            [
              -49.5697,
              -21.6821
            ],
            [
              -49.5705,
              -21.6825
            ],
            [
              -49.572,
              -21.6846
            ],
            [
              -49.571,
              -21.6881
            ],
            [
              -49.57,
              -21.6887
            ],
            [
              -49.571,
              -21.6913
            ],
            [
              -49.5707,
              -21.693
            ],
            [
              -49.572,
              -21.6963
            ],
            [
              -49.5712,
              -21.6986
            ],
            [
              -49.5705,
              -21.6987
            ],
            [
              -49.5701,
              -21.7007
            ],
            [
              -49.5715,
              -21.7006
            ],
            [
              -49.5729,
              -21.7022
            ],
            [
              -49.5737,
              -21.7046
            ],
            [
              -49.5764,
              -21.7049
            ],
            [
              -49.5777,
              -21.706
            ],
            [
              -49.5789,
              -21.7081
            ],
            [
              -49.5818,
              -21.7082
            ],
            [
              -49.5829,
              -21.7087
            ],
            [
              -49.5837,
              -21.7104
            ],
            [
              -49.5846,
              -21.7113
            ],
            [
              -49.5875,
              -21.7124
            ],
            [
              -49.5897,
              -21.7139
            ],
            [
              -49.5909,
              -21.714
            ],
            [
              -49.5932,
              -21.7154
            ],
            [
              -49.5941,
              -21.717
            ],
            [
              -49.5959,
              -21.7183
            ],
            [
              -49.599,
              -21.7202
            ],
            [
              -49.6007,
              -21.7198
            ],
            [
              -49.6025,
              -21.7212
            ],
            [
              -49.604,
              -21.7207
            ],
            [
              -49.6065,
              -21.7217
            ],
            [
              -49.6092,
              -21.7235
            ],
            [
              -49.6109,
              -21.7236
            ],
            [
              -49.6123,
              -21.7228
            ],
            [
              -49.6145,
              -21.7234
            ],
            [
              -49.6153,
              -21.7252
            ],
            [
              -49.6181,
              -21.7266
            ],
            [
              -49.6195,
              -21.7281
            ],
            [
              -49.6219,
              -21.7277
            ],
            [
              -49.6229,
              -21.7281
            ],
            [
              -49.6236,
              -21.7297
            ],
            [
              -49.6282,
              -21.7308
            ],
            [
              -49.6291,
              -21.7315
            ],
            [
              -49.631,
              -21.7313
            ],
            [
              -49.6324,
              -21.7306
            ],
            [
              -49.6353,
              -21.7307
            ],
            [
              -49.6402,
              -21.7296
            ],
            [
              -49.6417,
              -21.728
            ],
            [
              -49.6452,
              -21.7285
            ],
            [
              -49.6469,
              -21.7295
            ],
            [
              -49.6475,
              -21.7307
            ],
            [
              -49.6513,
              -21.7294
            ],
            [
              -49.6542,
              -21.7288
            ],
            [
              -49.655,
              -21.7272
            ],
            [
              -49.6559,
              -21.7268
            ],
            [
              -49.6588,
              -21.7267
            ],
            [
              -49.6618,
              -21.7274
            ],
            [
              -49.6629,
              -21.7287
            ],
            [
              -49.6646,
              -21.7286
            ],
            [
              -49.6663,
              -21.7293
            ],
            [
              -49.6692,
              -21.7296
            ],
            [
              -49.6706,
              -21.7308
            ],
            [
              -49.6715,
              -21.7328
            ],
            [
              -49.6787,
              -21.733
            ],
            [
              -49.6813,
              -21.7349
            ],
            [
              -49.6878,
              -21.7379
            ],
            [
              -49.6887,
              -21.7389
            ],
            [
              -49.691,
              -21.7398
            ],
            [
              -49.6916,
              -21.7409
            ],
            [
              -49.6931,
              -21.7418
            ],
            [
              -49.6956,
              -21.7425
            ],
            [
              -49.697,
              -21.741
            ],
            [
              -49.7016,
              -21.7415
            ],
            [
              -49.7112,
              -21.7382
            ],
            [
              -49.7134,
              -21.7386
            ],
            [
              -49.7167,
              -21.7401
            ],
            [
              -49.7195,
              -21.7427
            ],
            [
              -49.7211,
              -21.7438
            ],
            [
              -49.7259,
              -21.7461
            ],
            [
              -49.7267,
              -21.7501
            ],
            [
              -49.7264,
              -21.753
            ],
            [
              -49.7276,
              -21.7548
            ],
            [
              -49.7291,
              -21.7579
            ],
            [
              -49.7282,
              -21.7597
            ],
            [
              -49.7242,
              -21.7631
            ],
            [
              -49.723,
              -21.7651
            ],
            [
              -49.724,
              -21.7662
            ],
            [
              -49.7285,
              -21.7664
            ],
            [
              -49.7338,
              -21.7679
            ],
            [
              -49.7369,
              -21.7702
            ],
            [
              -49.7373,
              -21.7724
            ],
            [
              -49.7369,
              -21.7747
            ],
            [
              -49.7374,
              -21.7752
            ],
            [
              -49.7416,
              -21.7766
            ],
            [
              -49.7452,
              -21.7786
            ],
            [
              -49.7477,
              -21.7781
            ],
            [
              -49.7499,
              -21.7792
            ],
            [
              -49.7514,
              -21.7819
            ],
            [
              -49.7531,
              -21.7842
            ],
            [
              -49.7548,
              -21.7872
            ],
            [
              -49.7545,
              -21.7912
            ],
            [
              -49.7537,
              -21.7952
            ],
            [
              -49.7555,
              -21.7992
            ],
            [
              -49.7581,
              -21.8014
            ],
            [
              -49.7623,
              -21.8032
            ],
            [
              -49.7684,
              -21.8045
            ],
            [
              -49.7721,
              -21.8044
            ],
            [
              -49.7736,
              -21.8067
            ],
            [
              -49.7746,
              -21.809
            ],
            [
              -49.7747,
              -21.8106
            ],
            [
              -49.7768,
              -21.8139
            ],
            [
              -49.7774,
              -21.814
            ],
            [
              -49.7784,
              -21.8161
            ],
            [
              -49.7801,
              -21.8221
            ],
            [
              -49.7808,
              -21.8229
            ],
            [
              -49.7818,
              -21.826
            ],
            [
              -49.7843,
              -21.8302
            ],
            [
              -49.7845,
              -21.8325
            ],
            [
              -49.7878,
              -21.8368
            ],
            [
              -49.7895,
              -21.8385
            ],
            [
              -49.7901,
              -21.8417
            ],
            [
              -49.7919,
              -21.8461
            ],
            [
              -49.7954,
              -21.8505
            ],
            [
              -49.7981,
              -21.8527
            ],
            [
              -49.8018,
              -21.8522
            ],
            [
              -49.8043,
              -21.854
            ],
            [
              -49.8053,
              -21.8565
            ],
            [
              -49.8077,
              -21.8598
            ],
            [
              -49.8079,
              -21.8618
            ],
            [
              -49.8062,
              -21.864
            ],
            [
              -49.8047,
              -21.8649
            ],
            [
              -49.8012,
              -21.8659
            ],
            [
              -49.7999,
              -21.8667
            ],
            [
              -49.7983,
              -21.8694
            ],
            [
              -49.7976,
              -21.8721
            ],
            [
              -49.7976,
              -21.8763
            ],
            [
              -49.7987,
              -21.879
            ],
            [
              -49.8011,
              -21.8791
            ],
            [
              -49.803,
              -21.8799
            ],
            [
              -49.8053,
              -21.8821
            ],
            [
              -49.8051,
              -21.884
            ],
            [
              -49.8084,
              -21.8894
            ],
            [
              -49.8094,
              -21.8903
            ],
            [
              -49.7885,
              -21.9079
            ],
            [
              -49.7847,
              -21.9088
            ],
            [
              -49.7835,
              -21.9095
            ],
            [
              -49.7808,
              -21.9125
            ],
            [
              -49.7794,
              -21.915
            ],
            [
              -49.7774,
              -21.9165
            ],
            [
              -49.7751,
              -21.9166
            ],
            [
              -49.7702,
              -21.9157
            ],
            [
              -49.7684,
              -21.917
            ],
            [
              -49.7686,
              -21.9197
            ],
            [
              -49.7718,
              -21.927
            ],
            [
              -49.7718,
              -21.9278
            ],
            [
              -49.769,
              -21.9312
            ],
            [
              -49.7665,
              -21.933
            ],
            [
              -49.7651,
              -21.9334
            ],
            [
              -49.763,
              -21.9319
            ],
            [
              -49.7588,
              -21.9313
            ],
            [
              -49.7535,
              -21.9333
            ],
            [
              -49.7499,
              -21.9364
            ],
            [
              -49.7468,
              -21.9375
            ],
            [
              -49.7446,
              -21.9368
            ],
            [
              -49.742,
              -21.9383
            ],
            [
              -49.7382,
              -21.9384
            ],
            [
              -49.7377,
              -21.9398
            ],
            [
              -49.7352,
              -21.9399
            ],
            [
              -49.7342,
              -21.9406
            ],
            [
              -49.734,
              -21.9399
            ],
            [
              -49.7308,
              -21.9377
            ],
            [
              -49.7293,
              -21.9371
            ],
            [
              -49.7281,
              -21.9339
            ],
            [
              -49.7283,
              -21.9304
            ],
            [
              -49.7241,
              -21.9274
            ],
            [
              -49.7228,
              -21.9254
            ],
            [
              -49.7227,
              -21.9238
            ],
            [
              -49.7216,
              -21.9228
            ],
            [
              -49.7218,
              -21.9212
            ],
            [
              -49.7197,
              -21.9197
            ],
            [
              -49.7187,
              -21.9199
            ],
            [
              -49.7172,
              -21.9215
            ],
            [
              -49.7145,
              -21.9195
            ],
            [
              -49.7139,
              -21.9185
            ],
            [
              -49.7109,
              -21.9174
            ],
            [
              -49.7094,
              -21.9157
            ],
            [
              -49.7054,
              -21.915
            ],
            [
              -49.7047,
              -21.9133
            ],
            [
              -49.702,
              -21.9102
            ],
            [
              -49.7009,
              -21.9104
            ],
            [
              -49.6989,
              -21.9092
            ],
            [
              -49.6981,
              -21.9076
            ],
            [
              -49.6993,
              -21.9056
            ],
            [
              -49.7022,
              -21.9026
            ],
            [
              -49.7017,
              -21.9009
            ],
            [
              -49.6992,
              -21.9006
            ],
            [
              -49.6937,
              -21.8965
            ],
            [
              -49.6926,
              -21.896
            ],
            [
              -49.6912,
              -21.8944
            ],
            [
              -49.6903,
              -21.8921
            ],
            [
              -49.6878,
              -21.8904
            ],
            [
              -49.6841,
              -21.8862
            ],
            [
              -49.6816,
              -21.8852
            ],
            [
              -49.6808,
              -21.8839
            ],
            [
              -49.6795,
              -21.8803
            ],
            [
              -49.6769,
              -21.8792
            ],
            [
              -49.6719,
              -21.8754
            ],
            [
              -49.6692,
              -21.8741
            ],
            [
              -49.6661,
              -21.8712
            ],
            [
              -49.6648,
              -21.869
            ],
            [
              -49.6599,
              -21.8615
            ],
            [
              -49.6586,
              -21.8601
            ],
            [
              -49.6533,
              -21.857
            ],
            [
              -49.6507,
              -21.8551
            ],
            [
              -49.644,
              -21.8534
            ],
            [
              -49.6395,
              -21.8504
            ],
            [
              -49.637,
              -21.8535
            ],
            [
              -49.6364,
              -21.8552
            ],
            [
              -49.6362,
              -21.8595
            ],
            [
              -49.6349,
              -21.8602
            ],
            [
              -49.6318,
              -21.8609
            ],
            [
              -49.6273,
              -21.8631
            ],
            [
              -49.6266,
              -21.8639
            ],
            [
              -49.6235,
              -21.865
            ],
            [
              -49.6195,
              -21.866
            ],
            [
              -49.6158,
              -21.8666
            ],
            [
              -49.6128,
              -21.868
            ],
            [
              -49.6107,
              -21.8705
            ],
            [
              -49.6068,
              -21.8709
            ],
            [
              -49.6045,
              -21.8706
            ],
            [
              -49.6031,
              -21.8688
            ],
            [
              -49.6018,
              -21.8677
            ],
            [
              -49.5983,
              -21.8631
            ],
            [
              -49.5979,
              -21.8586
            ],
            [
              -49.5975,
              -21.8575
            ],
            [
              -49.5959,
              -21.8568
            ],
            [
              -49.5935,
              -21.855
            ],
            [
              -49.5872,
              -21.8546
            ],
            [
              -49.586,
              -21.8548
            ],
            [
              -49.5829,
              -21.8535
            ],
            [
              -49.5808,
              -21.8505
            ],
            [
              -49.5789,
              -21.8455
            ],
            [
              -49.5789,
              -21.8428
            ],
            [
              -49.5773,
              -21.8407
            ],
            [
              -49.5722,
              -21.8378
            ],
            [
              -49.5698,
              -21.8353
            ],
            [
              -49.5695,
              -21.8346
            ],
            [
              -49.5656,
              -21.8316
            ],
            [
              -49.5595,
              -21.8354
            ],
            [
              -49.5565,
              -21.8375
            ],
            [
              -49.5528,
              -21.8418
            ],
            [
              -49.5511,
              -21.8453
            ],
            [
              -49.5507,
              -21.8473
            ],
            [
              -49.5495,
              -21.8504
            ],
            [
              -49.5484,
              -21.852
            ],
            [
              -49.5477,
              -21.8547
            ],
            [
              -49.546,
              -21.8565
            ],
            [
              -49.545,
              -21.8557
            ],
            [
              -49.543,
              -21.8528
            ],
            [
              -49.541,
              -21.8517
            ],
            [
              -49.5389,
              -21.8512
            ],
            [
              -49.5366,
              -21.8514
            ],
            [
              -49.5354,
              -21.8519
            ],
            [
              -49.5318,
              -21.8527
            ],
            [
              -49.5288,
              -21.8529
            ],
            [
              -49.5268,
              -21.8526
            ],
            [
              -49.5254,
              -21.8519
            ],
            [
              -49.5235,
              -21.8499
            ],
            [
              -49.5243,
              -21.8468
            ],
            [
              -49.5244,
              -21.8444
            ],
            [
              -49.5256,
              -21.8416
            ],
            [
              -49.5257,
              -21.8376
            ],
            [
              -49.5176,
              -21.8364
            ],
            [
              -49.5153,
              -21.8348
            ],
            [
              -49.5118,
              -21.8304
            ],
            [
              -49.5083,
              -21.8278
            ],
            [
              -49.5038,
              -21.8241
            ],
            [
              -49.4998,
              -21.8202
            ],
            [
              -49.4983,
              -21.8198
            ],
            [
              -49.4969,
              -21.8205
            ],
            [
              -49.4941,
              -21.8211
            ],
            [
              -49.4925,
              -21.8209
            ],
            [
              -49.4918,
              -21.8198
            ],
            [
              -49.4914,
              -21.8165
            ],
            [
              -49.4904,
              -21.8138
            ],
            [
              -49.4896,
              -21.809
            ],
            [
              -49.4886,
              -21.8076
            ],
            [
              -49.4814,
              -21.8048
            ],
            [
              -49.4799,
              -21.8038
            ],
            [
              -49.4757,
              -21.7993
            ],
            [
              -49.4748,
              -21.7982
            ],
            [
              -49.472,
              -21.7964
            ],
            [
              -49.4704,
              -21.7938
            ],
            [
              -49.467,
              -21.7901
            ],
            [
              -49.4623,
              -21.7867
            ],
            [
              -49.4595,
              -21.7851
            ],
            [
              -49.4565,
              -21.784
            ],
            [
              -49.4533,
              -21.7836
            ],
            [
              -49.4489,
              -21.7841
            ],
            [
              -49.4435,
              -21.7859
            ],
            [
              -49.4389,
              -21.7872
            ],
            [
              -49.4376,
              -21.7872
            ],
            [
              -49.4354,
              -21.7827
            ],
            [
              -49.4313,
              -21.7794
            ],
            [
              -49.4318,
              -21.7742
            ],
            [
              -49.4338,
              -21.772
            ],
            [
              -49.4345,
              -21.7705
            ],
            [
              -49.4334,
              -21.77
            ],
            [
              -49.4315,
              -21.7701
            ],
            [
              -49.4285,
              -21.7697
            ],
            [
              -49.4269,
              -21.7686
            ],
            [
              -49.4236,
              -21.7636
            ],
            [
              -49.421,
              -21.7615
            ],
            [
              -49.4178,
              -21.76
            ],
            [
              -49.4153,
              -21.758
            ],
            [
              -49.4143,
              -21.7568
            ],
            [
              -49.4127,
              -21.7507
            ],
            [
              -49.4133,
              -21.7495
            ],
            [
              -49.4147,
              -21.7488
            ],
            [
              -49.4153,
              -21.7476
            ],
            [
              -49.4188,
              -21.7434
            ],
            [
              -49.4193,
              -21.7409
            ],
            [
              -49.419,
              -21.7385
            ],
            [
              -49.4207,
              -21.7355
            ],
            [
              -49.4188,
              -21.731
            ],
            [
              -49.4168,
              -21.7301
            ],
            [
              -49.4149,
              -21.7279
            ],
            [
              -49.4118,
              -21.7267
            ],
            [
              -49.4109,
              -21.7252
            ],
            [
              -49.4126,
              -21.7206
            ],
            [
              -49.4115,
              -21.7187
            ],
            [
              -49.4118,
              -21.7168
            ],
            [
              -49.4085,
              -21.716
            ],
            [
              -49.4076,
              -21.7151
            ],
            [
              -49.4077,
              -21.7127
            ],
            [
              -49.4065,
              -21.7109
            ],
            [
              -49.4064,
              -21.7087
            ],
            [
              -49.4084,
              -21.7069
            ],
            [
              -49.4078,
              -21.7044
            ],
            [
              -49.4077,
              -21.7022
            ],
            [
              -49.4071,
              -21.7014
            ],
            [
              -49.4071,
              -21.6987
            ],
            [
              -49.4063,
              -21.6967
            ],
            [
              -49.4046,
              -21.6947
            ],
            [
              -49.4012,
              -21.6937
            ],
            [
              -49.3992,
              -21.6927
            ],
            [
              -49.397,
              -21.6933
            ],
            [
              -49.3953,
              -21.6953
            ],
            [
              -49.3927,
              -21.6946
            ],
            [
              -49.3899,
              -21.6928
            ],
            [
              -49.3882,
              -21.691
            ],
            [
              -49.3865,
              -21.6883
            ],
            [
              -49.3858,
              -21.6864
            ],
            [
              -49.3858,
              -21.6852
            ],
            [
              -49.3888,
              -21.6831
            ],
            [
              -49.3894,
              -21.6821
            ],
            [
              -49.3891,
              -21.6789
            ],
            [
              -49.3884,
              -21.6777
            ],
            [
              -49.3835,
              -21.6781
            ],
            [
              -49.3828,
              -21.677
            ],
            [
              -49.3825,
              -21.6693
            ],
            [
              -49.3807,
              -21.6681
            ],
            [
              -49.3733,
              -21.6676
            ],
            [
              -49.3704,
              -21.6659
            ],
            [
              -49.3674,
              -21.6628
            ],
            [
              -49.3657,
              -21.6614
            ],
            [
              -49.3632,
              -21.66
            ],
            [
              -49.3595,
              -21.6591
            ],
            [
              -49.3535,
              -21.6591
            ],
            [
              -49.3515,
              -21.6587
            ],
            [
              -49.3479,
              -21.6574
            ],
            [
              -49.3447,
              -21.6578
            ],
            [
              -49.3414,
              -21.657
            ],
            [
              -49.3366,
              -21.6543
            ],
            [
              -49.3335,
              -21.6528
            ],
            [
              -49.3316,
              -21.6515
            ],
            [
              -49.3289,
              -21.6485
            ],
            [
              -49.3262,
              -21.644
            ],
            [
              -49.3221,
              -21.6389
            ],
            [
              -49.3213,
              -21.6383
            ],
            [
              -49.3199,
              -21.6358
            ],
            [
              -49.3188,
              -21.635
            ],
            [
              -49.3177,
              -21.6331
            ],
            [
              -49.316,
              -21.6327
            ],
            [
              -49.313,
              -21.6305
            ],
            [
              -49.3124,
              -21.6288
            ],
            [
              -49.3102,
              -21.628
            ],
            [
              -49.3089,
              -21.6268
            ],
            [
              -49.3091,
              -21.6257
            ],
            [
              -49.3106,
              -21.6235
            ],
            [
              -49.3107,
              -21.6217
            ],
            [
              -49.3129,
              -21.6188
            ],
            [
              -49.3115,
              -21.6172
            ],
            [
              -49.3126,
              -21.6153
            ],
            [
              -49.3134,
              -21.6128
            ],
            [
              -49.3156,
              -21.6083
            ],
            [
              -49.3174,
              -21.6038
            ],
            [
              -49.3201,
              -21.5987
            ],
            [
              -49.3209,
              -21.5964
            ],
            [
              -49.3222,
              -21.5892
            ],
            [
              -49.3221,
              -21.5846
            ],
            [
              -49.3247,
              -21.57
            ],
            [
              -49.3265,
              -21.5654
            ],
            [
              -49.3272,
              -21.562
            ],
            [
              -49.3285,
              -21.559
            ],
            [
              -49.3327,
              -21.5527
            ],
            [
              -49.335,
              -21.5501
            ],
            [
              -49.3383,
              -21.5475
            ],
            [
              -49.3416,
              -21.5455
            ],
            [
              -49.3487,
              -21.5426
            ],
            [
              -49.3549,
              -21.5408
            ],
            [
              -49.3606,
              -21.5387
            ],
            [
              -49.3648,
              -21.5376
            ],
            [
              -49.3704,
              -21.5358
            ],
            [
              -49.373,
              -21.5353
            ],
            [
              -49.379,
              -21.5348
            ],
            [
              -49.3816,
              -21.5351
            ],
            [
              -49.3876,
              -21.5376
            ],
            [
              -49.3951,
              -21.5397
            ],
            [
              -49.4032,
              -21.5432
            ],
            [
              -49.4073,
              -21.5443
            ],
            [
              -49.4117,
              -21.5444
            ],
            [
              -49.4146,
              -21.5441
            ],
            [
              -49.418,
              -21.5433
            ],
            [
              -49.4226,
              -21.5416
            ],
            [
              -49.4269,
              -21.539
            ],
            [
              -49.4324,
              -21.5353
            ],
            [
              -49.4383,
              -21.531
            ],
            [
              -49.4415,
              -21.5282
            ],
            [
              -49.4455,
              -21.5241
            ],
            [
              -49.4476,
              -21.5259
            ],
            [
              -49.4505,
              -21.5269
            ],
            [
              -49.4522,
              -21.528
            ],
            [
              -49.4535,
              -21.5309
            ],
            [
              -49.4563,
              -21.533
            ],
            [
              -49.4574,
              -21.5352
            ],
            [
              -49.4583,
              -21.5377
            ],
            [
              -49.4588,
              -21.5404
            ],
            [
              -49.4587,
              -21.5441
            ],
            [
              -49.4591,
              -21.5471
            ],
            [
              -49.4605,
              -21.5491
            ],
            [
              -49.4618,
              -21.5498
            ],
            [
              -49.4626,
              -21.5514
            ],
            [
              -49.465,
              -21.552
            ],
            [
              -49.4658,
              -21.5538
            ],
            [
              -49.4685,
              -21.5555
            ],
            [
              -49.4706,
              -21.5558
            ],
            [
              -49.4716,
              -21.5566
            ],
            [
              -49.4766,
              -21.5559
            ],
            [
              -49.4835,
              -21.556
            ],
            [
              -49.4868,
              -21.5569
            ],
            [
              -49.489,
              -21.5584
            ],
            [
              -49.4934,
              -21.5602
            ],
            [
              -49.4957,
              -21.5622
            ],
            [
              -49.497,
              -21.5628
            ],
            [
              -49.499,
              -21.5648
            ],
            [
              -49.4988,
              -21.5669
            ],
            [
              -49.4977,
              -21.568
            ],
            [
              -49.4965,
              -21.5706
            ],
            [
              -49.4962,
              -21.5748
            ],
            [
              -49.4969,
              -21.5767
            ],
            [
              -49.4967,
              -21.5828
            ],
            [
              -49.4976,
              -21.5851
            ],
            [
              -49.4978,
              -21.5886
            ],
            [
              -49.4985,
              -21.591
            ],
            [
              -49.4991,
              -21.595
            ],
            [
              -49.4992,
              -21.5968
            ],
            [
              -49.4983,
              -21.6016
            ],
            [
              -49.4962,
              -21.6072
            ],
            [
              -49.4963,
              -21.6088
            ],
            [
              -49.4996,
              -21.6146
            ],
            [
              -49.5008,
              -21.6146
            ],
            [
              -49.5057,
              -21.6166
            ],
            [
              -49.5085,
              -21.6148
            ],
            [
              -49.5096,
              -21.6128
            ],
            [
              -49.5105,
              -21.6097
            ],
            [
              -49.5122,
              -21.6064
            ],
            [
              -49.5144,
              -21.6043
            ],
            [
              -49.5176,
              -21.6023
            ]
          ]
        ]
      },
      "properties": {
        "codarea": "3508801",
        "nome_municipio": "Cafelândia",
        "codigo_ibge": 3508801
      }
    },
    {
      "type": "Feature",
      "geometry": {
        "type": "Polygon",
        "coordinates": [
          [
            [
              -49.4029,
              -21.8261
            ],
            [
              -49.4033,
              -21.8273
            ],
            [
              -49.4033,
              -21.8309
            ],
            [
              -49.4023,
              -21.8354
            ],
            [
              -49.4026,
              -21.8367
            ],
            [
              -49.4048,
              -21.84
            ],
            [
              -49.4045,
              -21.843
            ],
            [
              -49.4049,
              -21.8442
            ],
            [
              -49.4072,
              -21.8464
            ],
            [
              -49.4092,
              -21.8495
            ],
            [
              -49.4146,
              -21.8534
            ],
            [
              -49.4177,
              -21.8579
            ],
            [
              -49.4186,
              -21.859
            ],
            [
              -49.4218,
              -21.8642
            ],
            [
              -49.423,
              -21.8654
            ],
            [
              -49.4262,
              -21.8673
            ],
            [
              -49.4281,
              -21.8693
            ],
            [
              -49.4327,
              -21.8713
            ],
            [
              -49.4382,
              -21.8733
            ],
            [
              -49.4391,
              -21.8743
            ],
            [
              -49.4433,
              -21.8772
            ],
            [
              -49.444,
              -21.8782
            ],
            [
              -49.4455,
              -21.8786
            ],
            [
              -49.4475,
              -21.8801
            ],
            [
              -49.4488,
              -21.8798
            ],
            [
              -49.4504,
              -21.8804
            ],
            [
              -49.4511,
              -21.8814
            ],
            [
              -49.4509,
              -21.8843
            ],
            [
              -49.4521,
              -21.8876
            ],
            [
              -49.4547,
              -21.8894
            ],
            [
              -49.4601,
              -21.8887
            ],
            [
              -49.4629,
              -21.8892
            ],
            [
              -49.4688,
              -21.8919
            ],
            [
              -49.47,
              -21.8928
            ],
            [
              -49.4721,
              -21.895
            ],
            [
              -49.4734,
              -21.8976
            ],
            [
              -49.4746,
              -21.8989
            ],
            [
              -49.4797,
              -21.9005
            ],
            [
              -49.4809,
              -21.9011
            ],
            [
              -49.4835,
              -21.9036
            ],
            [
              -49.4843,
              -21.9053
            ],
            [
              -49.4847,
              -21.9096
            ],
            [
              -49.4864,
              -21.9122
            ],
            [
              -49.493,
              -21.9161
            ],
            [
              -49.4958,
              -21.9166
            ],
            [
              -49.5004,
              -21.9163
            ],
            [
              -49.504,
              -21.918
            ],
            [
              -49.5059,
              -21.9203
            ],
            [
              -49.5086,
              -21.9256
            ],
            [
              -49.5097,
              -21.9304
            ],
            [
              -49.5105,
              -21.9317
            ],
            [
              -49.5123,
              -21.9325
            ],
            [
              -49.5184,
              -21.9339
            ],
            [
              -49.5212,
              -21.9335
            ],
            [
              -49.5225,
              -21.9338
            ],
            [
              -49.5233,
              -21.935
            ],
            [
              -49.5236,
              -21.9369
            ],
            [
              -49.5235,
              -21.9395
            ],
            [
              -49.5208,
              -21.9415
            ],
            [
              -49.5221,
              -21.9426
            ],
            [
              -49.5268,
              -21.9425
            ],
            [
              -49.5284,
              -21.9428
            ],
            [
              -49.529,
              -21.9442
            ],
            [
              -49.5288,
              -21.9458
            ],
            [
              -49.5265,
              -21.9508
            ],
            [
              -49.5266,
              -21.9521
            ],
            [
              -49.5278,
              -21.9533
            ],
            [
              -49.5305,
              -21.9543
            ],
            [
              -49.5337,
              -21.9575
            ],
            [
              -49.5345,
              -21.9589
            ],
            [
              -49.5353,
              -21.9622
            ],
            [
              -49.5362,
              -21.9636
            ],
            [
              -49.539,
              -21.9698
            ],
            [
              -49.5399,
              -21.9736
            ],
            [
              -49.539,
              -21.9763
            ],
            [
              -49.5363,
              -21.9802
            ],
            [
              -49.5361,
              -21.9817
            ],
            [
              -49.5385,
              -21.9864
            ],
            [
              -49.5408,
              -21.9901
            ],
            [
              -49.5431,
              -21.996
            ],
            [
              -49.542,
              -21.9991
            ],
            [
              -49.541,
              -22.0029
            ],
            [
              -49.5414,
              -22.0046
            ],
            [
              -49.5427,
              -22.0058
            ],
            [
              -49.5488,
              -22.0096
            ],
            [
              -49.55,
              -22.01
            ],
            [
              -49.5529,
              -22.0078
            ],
            [
              -49.5556,
              -22.0042
            ],
            [
              -49.5588,
              -22.0017
            ],
            [
              -49.5633,
              -22.0004
            ],
            [
              -49.5657,
              -21.9981
            ],
            [
              -49.5716,
              -21.9949
            ],
            [
              -49.5728,
              -21.9938
            ],
            [
              -49.5718,
              -21.9906
            ],
            [
              -49.5712,
              -21.9873
            ],
            [
              -49.5717,
              -21.9855
            ],
            [
              -49.5748,
              -21.982
            ],
            [
              -49.5735,
              -21.9808
            ],
            [
              -49.571,
              -21.9791
            ],
            [
              -49.5705,
              -21.9765
            ],
            [
              -49.5723,
              -21.974
            ],
            [
              -49.5732,
              -21.975
            ],
            [
              -49.5738,
              -21.9767
            ],
            [
              -49.575,
              -21.9777
            ],
            [
              -49.583,
              -21.9812
            ],
            [
              -49.585,
              -21.9847
            ],
            [
              -49.5896,
              -21.9856
            ],
            [
              -49.5936,
              -21.9847
            ],
            [
              -49.5954,
              -21.9853
            ],
            [
              -49.5988,
              -21.9852
            ],
            [
              -49.6017,
              -21.9863
            ],
            [
              -49.6039,
              -21.9859
            ],
            [
              -49.6047,
              -21.9868
            ],
            [
              -49.6065,
              -21.9872
            ],
            [
              -49.6094,
              -21.9891
            ],
            [
              -49.6104,
              -21.9888
            ],
            [
              -49.6152,
              -21.992
            ],
            [
              -49.6156,
              -21.9931
            ],
            [
              -49.6152,
              -21.9949
            ],
            [
              -49.6136,
              -21.9966
            ],
            [
              -49.6135,
              -21.9989
            ],
            [
              -49.6123,
              -21.9998
            ],
            [
              -49.6124,
              -22.0046
            ],
            [
              -49.6135,
              -22.0078
            ],
            [
              -49.6152,
              -22.0074
            ],
            [
              -49.6175,
              -22.0052
            ],
            [
              -49.6203,
              -22.0019
            ],
            [
              -49.6226,
              -22.0027
            ],
            [
              -49.6243,
              -22.0058
            ],
            [
              -49.6256,
              -22.0073
            ],
            [
              -49.6293,
              -22.0097
            ],
            [
              -49.6314,
              -22.0106
            ],
            [
              -49.6371,
              -22.0118
            ],
            [
              -49.6428,
              -22.0136
            ],
            [
              -49.6446,
              -22.0132
            ],
            [
              -49.6469,
              -22.0116
            ],
            [
              -49.6511,
              -22.0093
            ],
            [
              -49.6555,
              -22.0096
            ],
            [
              -49.6574,
              -22.0111
            ],
            [
              -49.6598,
              -22.0149
            ],
            [
              -49.6594,
              -22.0176
            ],
            [
              -49.6637,
              -22.0194
            ],
            [
              -49.667,
              -22.0195
            ],
            [
              -49.6694,
              -22.0201
            ],
            [
              -49.6746,
              -22.0229
            ],
            [
              -49.6767,
              -22.0244
            ],
            [
              -49.6772,
              -22.0272
            ],
            [
              -49.678,
              -22.029
            ],
            [
              -49.6796,
              -22.0314
            ],
            [
              -49.6808,
              -22.0325
            ],
            [
              -49.6851,
              -22.0311
            ],
            [
              -49.6882,
              -22.0313
            ],
            [
              -49.6909,
              -22.0311
            ],
            [
              -49.6917,
              -22.0322
            ],
            [
              -49.6931,
              -22.0362
            ],
            [
              -49.6929,
              -22.0404
            ],
            [
              -49.6945,
              -22.0432
            ],
            [
              -49.6955,
              -22.0445
            ],
            [
              -49.6941,
              -22.0454
            ],
            [
              -49.6925,
              -22.0476
            ],
            [
              -49.6893,
              -22.0481
            ],
            [
              -49.6879,
              -22.0488
            ],
            [
              -49.6872,
              -22.0508
            ],
            [
              -49.6869,
              -22.0534
            ],
            [
              -49.6861,
              -22.0562
            ],
            [
              -49.6845,
              -22.0574
            ],
            [
              -49.6794,
              -22.0589
            ],
            [
              -49.6763,
              -22.059
            ],
            [
              -49.6745,
              -22.0605
            ],
            [
              -49.67,
              -22.0615
            ],
            [
              -49.6686,
              -22.0613
            ],
            [
              -49.6661,
              -22.0617
            ],
            [
              -49.6649,
              -22.063
            ],
            [
              -49.6647,
              -22.0659
            ],
            [
              -49.665,
              -22.0674
            ],
            [
              -49.6639,
              -22.0684
            ],
            [
              -49.6633,
              -22.0701
            ],
            [
              -49.6627,
              -22.0734
            ],
            [
              -49.6617,
              -22.0768
            ],
            [
              -49.6602,
              -22.0765
            ],
            [
              -49.657,
              -22.0775
            ],
            [
              -49.6562,
              -22.0772
            ],
            [
              -49.6542,
              -22.0726
            ],
            [
              -49.6516,
              -22.0703
            ],
            [
              -49.6509,
              -22.068
            ],
            [
              -49.6502,
              -22.0677
            ],
            [
              -49.6481,
              -22.0686
            ],
            [
              -49.6443,
              -22.0685
            ],
            [
              -49.6399,
              -22.0695
            ],
            [
              -49.6386,
              -22.071
            ],
            [
              -49.6374,
              -22.0745
            ],
            [
              -49.6363,
              -22.0755
            ],
            [
              -49.6336,
              -22.076
            ],
            [
              -49.6339,
              -22.0771
            ],
            [
              -49.6337,
              -22.0794
            ],
            [
              -49.6316,
              -22.0825
            ],
            [
              -49.6305,
              -22.0831
            ],
            [
              -49.629,
              -22.0849
            ],
            [
              -49.6267,
              -22.0864
            ],
            [
              -49.626,
              -22.0893
            ],
            [
              -49.6253,
              -22.0912
            ],
            [
              -49.6222,
              -22.0957
            ],
            [
              -49.6213,
              -22.0966
            ],
            [
              -49.6214,
              -22.0979
            ],
            [
              -49.6205,
              -22.0995
            ],
            [
              -49.6203,
              -22.101
            ],
            [
              -49.6222,
              -22.1045
            ],
            [
              -49.6227,
              -22.1067
            ],
            [
              -49.6233,
              -22.1075
            ],
            [
              -49.6233,
              -22.1101
            ],
            [
              -49.6227,
              -22.1127
            ],
            [
              -49.6201,
              -22.1137
            ],
            [
              -49.6177,
              -22.1136
            ],
            [
              -49.6136,
              -22.1115
            ],
            [
              -49.6118,
              -22.1109
            ],
            [
              -49.6104,
              -22.109
            ],
            [
              -49.6082,
              -22.1092
            ],
            [
              -49.6015,
              -22.1082
            ],
            [
              -49.6001,
              -22.1083
            ],
            [
              -49.5968,
              -22.1093
            ],
            [
              -49.5948,
              -22.1108
            ],
            [
              -49.5937,
              -22.1123
            ],
            [
              -49.5924,
              -22.1128
            ],
            [
              -49.5869,
              -22.1132
            ],
            [
              -49.585,
              -22.113
            ],
            [
              -49.5861,
              -22.1184
            ],
            [
              -49.5869,
              -22.119
            ],
            [
              -49.5869,
              -22.1208
            ],
            [
              -49.5879,
              -22.1217
            ],
            [
              -49.5881,
              -22.1249
            ],
            [
              -49.5861,
              -22.1251
            ],
            [
              -49.5821,
              -22.1265
            ],
            [
              -49.579,
              -22.1286
            ],
            [
              -49.5756,
              -22.1314
            ],
            [
              -49.5734,
              -22.135
            ],
            [
              -49.572,
              -22.136
            ],
            [
              -49.5702,
              -22.1387
            ],
            [
              -49.5694,
              -22.1394
            ],
            [
              -49.5662,
              -22.1397
            ],
            [
              -49.564,
              -22.1385
            ],
            [
              -49.5624,
              -22.1385
            ],
            [
              -49.5601,
              -22.1351
            ],
            [
              -49.5588,
              -22.1343
            ],
            [
              -49.5564,
              -22.1298
            ],
            [
              -49.558,
              -22.1281
            ],
            [
              -49.5585,
              -22.1259
            ],
            [
              -49.5584,
              -22.1224
            ],
            [
              -49.5573,
              -22.1203
            ],
            [
              -49.5558,
              -22.1192
            ],
            [
              -49.5535,
              -22.1167
            ],
            [
              -49.5502,
              -22.1162
            ],
            [
              -49.5474,
              -22.1147
            ],
            [
              -49.5462,
              -22.1136
            ],
            [
              -49.5457,
              -22.1118
            ],
            [
              -49.5441,
              -22.1113
            ],
            [
              -49.5401,
              -22.1125
            ],
            [
              -49.5383,
              -22.1118
            ],
            [
              -49.5362,
              -22.1081
            ],
            [
              -49.5338,
              -22.1067
            ],
            [
              -49.5315,
              -22.1049
            ],
            [
              -49.5286,
              -22.1021
            ],
            [
              -49.5265,
              -22.1014
            ],
            [
              -49.5197,
              -22.1017
            ],
            [
              -49.5179,
              -22.1013
            ],
            [
              -49.5169,
              -22.1005
            ],
            [
              -49.5155,
              -22.098
            ],
            [
              -49.5123,
              -22.0961
            ],
            [
              -49.5116,
              -22.0952
            ],
            [
              -49.5107,
              -22.0918
            ],
            [
              -49.5082,
              -22.0875
            ],
            [
              -49.5061,
              -22.0864
            ],
            [
              -49.5036,
              -22.0863
            ],
            [
              -49.502,
              -22.0851
            ],
            [
              -49.4998,
              -22.0841
            ],
            [
              -49.496,
              -22.0848
            ],
            [
              -49.4941,
              -22.0868
            ],
            [
              -49.4916,
              -22.0879
            ],
            [
              -49.4903,
              -22.0854
            ],
            [
              -49.4871,
              -22.0838
            ],
            [
              -49.4855,
              -22.0855
            ],
            [
              -49.4837,
              -22.0866
            ],
            [
              -49.4819,
              -22.0866
            ],
            [
              -49.4777,
              -22.0846
            ],
            [
              -49.4751,
              -22.0854
            ],
            [
              -49.4712,
              -22.0851
            ],
            [
              -49.4695,
              -22.0846
            ],
            [
              -49.4675,
              -22.0849
            ],
            [
              -49.4646,
              -22.0847
            ],
            [
              -49.4636,
              -22.0852
            ],
            [
              -49.4613,
              -22.0845
            ],
            [
              -49.4596,
              -22.0851
            ],
            [
              -49.4572,
              -22.084
            ],
            [
              -49.456,
              -22.0824
            ],
            [
              -49.4537,
              -22.0774
            ],
            [
              -49.4528,
              -22.0745
            ],
            [
              -49.4525,
              -22.0723
            ],
            [
              -49.4523,
              -22.0655
            ],
            [
              -49.4078,
              -22.0674
            ],
            [
              -49.4038,
              -22.0683
            ],
            [
              -49.4022,
              -22.0679
            ],
            [
              -49.3984,
              -22.0654
            ],
            [
              -49.3967,
              -22.0653
            ],
            [
              -49.393,
              -22.0661
            ],
            [
              -49.3905,
              -22.0659
            ],
            [
              -49.3881,
              -22.0647
            ],
            [
              -49.3846,
              -22.0643
            ],
            [
              -49.3813,
              -22.0637
            ],
            [
              -49.3783,
              -22.0638
            ],
            [
              -49.3764,
              -22.0647
            ],
            [
              -49.3717,
              -22.0663
            ],
            [
              -49.3692,
              -22.0675
            ],
            [
              -49.3675,
              -22.063
            ],
            [
              -49.3673,
              -22.0582
            ],
            [
              -49.3664,
              -22.0525
            ],
            [
              -49.3666,
              -22.0488
            ],
            [
              -49.3647,
              -22.0456
            ],
            [
              -49.3635,
              -22.0445
            ],
            [
              -49.3619,
              -22.0439
            ],
            [
              -49.3597,
              -22.045
            ],
            [
              -49.3552,
              -22.0505
            ],
            [
              -49.3536,
              -22.0509
            ],
            [
              -49.3513,
              -22.0496
            ],
            [
              -49.3506,
              -22.0475
            ],
            [
              -49.3507,
              -22.0457
            ],
            [
              -49.3516,
              -22.0432
            ],
            [
              -49.3533,
              -22.0409
            ],
            [
              -49.3539,
              -22.0388
            ],
            [
              -49.3537,
              -22.0375
            ],
            [
              -49.3521,
              -22.0357
            ],
            [
              -49.349,
              -22.0338
            ],
            [
              -49.3484,
              -22.0326
            ],
            [
              -49.348,
              -22.0303
            ],
            [
              -49.3487,
              -22.0266
            ],
            [
              -49.3483,
              -22.0253
            ],
            [
              -49.3471,
              -22.0244
            ],
            [
              -49.345,
              -22.0242
            ],
            [
              -49.3415,
              -22.0247
            ],
            [
              -49.3395,
              -22.0244
            ],
            [
              -49.3367,
              -22.0226
            ],
            [
              -49.3377,
              -22.018
            ],
            [
              -49.3392,
              -22.0146
            ],
            [
              -49.34,
              -22.012
            ],
            [
              -49.3401,
              -22.0064
            ],
            [
              -49.3395,
              -22.0049
            ],
            [
              -49.3366,
              -22.0022
            ],
            [
              -49.3356,
              -22.0019
            ],
            [
              -49.3331,
              -22.0028
            ],
            [
              -49.3316,
              -22.0052
            ],
            [
              -49.3299,
              -22.0068
            ],
            [
              -49.3282,
              -22.0077
            ],
            [
              -49.3253,
              -22.0082
            ],
            [
              -49.319,
              -22.009
            ],
            [
              -49.315,
              -22.0098
            ],
            [
              -49.3129,
              -22.0108
            ],
            [
              -49.3089,
              -22.0122
            ],
            [
              -49.3055,
              -22.0123
            ],
            [
              -49.3026,
              -22.0138
            ],
            [
              -49.3017,
              -22.0191
            ],
            [
              -49.2998,
              -22.0223
            ],
            [
              -49.296,
              -22.0234
            ],
            [
              -49.2947,
              -22.0233
            ],
            [
              -49.2923,
              -22.0221
            ],
            [
              -49.2903,
              -22.0204
            ],
            [
              -49.2878,
              -22.0197
            ],
            [
              -49.2835,
              -22.0219
            ],
            [
              -49.2789,
              -22.0228
            ],
            [
              -49.2766,
              -22.0248
            ],
            [
              -49.2729,
              -22.0274
            ],
            [
              -49.2717,
              -22.0297
            ],
            [
              -49.2725,
              -22.0342
            ],
            [
              -49.271,
              -22.0354
            ],
            [
              -49.2666,
              -22.0361
            ],
            [
              -49.2629,
              -22.0372
            ],
            [
              -49.2611,
              -22.0383
            ],
            [
              -49.2588,
              -22.0403
            ],
            [
              -49.2553,
              -22.044
            ],
            [
              -49.2535,
              -22.0444
            ],
            [
              -49.2512,
              -22.0438
            ],
            [
              -49.2497,
              -22.0441
            ],
            [
              -49.2496,
              -22.0419
            ],
            [
              -49.2503,
              -22.0406
            ],
            [
              -49.2517,
              -22.0395
            ],
            [
              -49.2508,
              -22.0375
            ],
            [
              -49.2485,
              -22.0366
            ],
            [
              -49.2454,
              -22.0362
            ],
            [
              -49.2439,
              -22.037
            ],
            [
              -49.2429,
              -22.0361
            ],
            [
              -49.2434,
              -22.0342
            ],
            [
              -49.2419,
              -22.0333
            ],
            [
              -49.2425,
              -22.0314
            ],
            [
              -49.2438,
              -22.0302
            ],
            [
              -49.2462,
              -22.0296
            ],
            [
              -49.2466,
              -22.0289
            ],
            [
              -49.2485,
              -22.0289
            ],
            [
              -49.2505,
              -22.0274
            ],
            [
              -49.2486,
              -22.025
            ],
            [
              -49.2466,
              -22.0238
            ],
            [
              -49.2437,
              -22.0238
            ],
            [
              -49.2403,
              -22.023
            ],
            [
              -49.2387,
              -22.0212
            ],
            [
              -49.2389,
              -22.0204
            ],
            [
              -49.2417,
              -22.0182
            ],
            [
              -49.2415,
              -22.0174
            ],
            [
              -49.2431,
              -22.0166
            ],
            [
              -49.2424,
              -22.0155
            ],
            [
              -49.2442,
              -22.0144
            ],
            [
              -49.2444,
              -22.0129
            ],
            [
              -49.2453,
              -22.0121
            ],
            [
              -49.2476,
              -22.0122
            ],
            [
              -49.2484,
              -22.0114
            ],
            [
              -49.2489,
              -22.0077
            ],
            [
              -49.2509,
              -22.0068
            ],
            [
              -49.2499,
              -22.0049
            ],
            [
              -49.2499,
              -22.0019
            ],
            [
              -49.2485,
              -22.0013
            ],
            [
              -49.2499,
              -21.9999
            ],
            [
              -49.2483,
              -21.9984
            ],
            [
              -49.2453,
              -21.9941
            ],
            [
              -49.2439,
              -21.9938
            ],
            [
              -49.2435,
              -21.9924
            ],
            [
              -49.2421,
              -21.9914
            ],
            [
              -49.2428,
              -21.9907
            ],
            [
              -49.2428,
              -21.9878
            ],
            [
              -49.2473,
              -21.987
            ],
            [
              -49.2478,
              -21.9837
            ],
            [
              -49.2473,
              -21.9821
            ],
            [
              -49.2486,
              -21.9803
            ],
            [
              -49.2479,
              -21.9795
            ],
            [
              -49.2475,
              -21.9768
            ],
            [
              -49.2483,
              -21.9754
            ],
            [
              -49.2478,
              -21.9746
            ],
            [
              -49.2461,
              -21.9747
            ],
            [
              -49.2438,
              -21.9737
            ],
            [
              -49.244,
              -21.9719
            ],
            [
              -49.245,
              -21.9697
            ],
            [
              -49.2444,
              -21.9644
            ],
            [
              -49.2453,
              -21.9622
            ],
            [
              -49.2443,
              -21.9606
            ],
            [
              -49.2434,
              -21.9605
            ],
            [
              -49.242,
              -21.9593
            ],
            [
              -49.2421,
              -21.9573
            ],
            [
              -49.2397,
              -21.9566
            ],
            [
              -49.239,
              -21.954
            ],
            [
              -49.2406,
              -21.9522
            ],
            [
              -49.2418,
              -21.9526
            ],
            [
              -49.2442,
              -21.9508
            ],
            [
              -49.2433,
              -21.9499
            ],
            [
              -49.2458,
              -21.949
            ],
            [
              -49.246,
              -21.9481
            ],
            [
              -49.2452,
              -21.9443
            ],
            [
              -49.2441,
              -21.9441
            ],
            [
              -49.2443,
              -21.9423
            ],
            [
              -49.2459,
              -21.9424
            ],
            [
              -49.2467,
              -21.9416
            ],
            [
              -49.2456,
              -21.9392
            ],
            [
              -49.2428,
              -21.9376
            ],
            [
              -49.2431,
              -21.9365
            ],
            [
              -49.2419,
              -21.9342
            ],
            [
              -49.2447,
              -21.9326
            ],
            [
              -49.2461,
              -21.9329
            ],
            [
              -49.2471,
              -21.9319
            ],
            [
              -49.2486,
              -21.9282
            ],
            [
              -49.2477,
              -21.9263
            ],
            [
              -49.2484,
              -21.9246
            ],
            [
              -49.2469,
              -21.9235
            ],
            [
              -49.2489,
              -21.9229
            ],
            [
              -49.2497,
              -21.9213
            ],
            [
              -49.2482,
              -21.9204
            ],
            [
              -49.2472,
              -21.9204
            ],
            [
              -49.2452,
              -21.9182
            ],
            [
              -49.2454,
              -21.9174
            ],
            [
              -49.2443,
              -21.916
            ],
            [
              -49.2449,
              -21.9142
            ],
            [
              -49.246,
              -21.9127
            ],
            [
              -49.2471,
              -21.9127
            ],
            [
              -49.2482,
              -21.9114
            ],
            [
              -49.2501,
              -21.9082
            ],
            [
              -49.2496,
              -21.9071
            ],
            [
              -49.248,
              -21.907
            ],
            [
              -49.2455,
              -21.906
            ],
            [
              -49.2434,
              -21.9057
            ],
            [
              -49.2429,
              -21.9048
            ],
            [
              -49.2477,
              -21.9015
            ],
            [
              -49.2489,
              -21.9003
            ],
            [
              -49.2504,
              -21.8997
            ],
            [
              -49.2618,
              -21.883
            ],
            [
              -49.2601,
              -21.8823
            ],
            [
              -49.2548,
              -21.8808
            ],
            [
              -49.2518,
              -21.8794
            ],
            [
              -49.2479,
              -21.877
            ],
            [
              -49.247,
              -21.8757
            ],
            [
              -49.2456,
              -21.8751
            ],
            [
              -49.239,
              -21.8781
            ],
            [
              -49.2393,
              -21.877
            ],
            [
              -49.238,
              -21.8732
            ],
            [
              -49.2395,
              -21.8729
            ],
            [
              -49.2419,
              -21.8715
            ],
            [
              -49.2412,
              -21.8701
            ],
            [
              -49.2442,
              -21.8688
            ],
            [
              -49.2438,
              -21.8679
            ],
            [
              -49.2452,
              -21.8659
            ],
            [
              -49.2449,
              -21.8654
            ],
            [
              -49.2458,
              -21.8633
            ],
            [
              -49.2426,
              -21.8614
            ],
            [
              -49.2426,
              -21.8596
            ],
            [
              -49.2391,
              -21.859
            ],
            [
              -49.2369,
              -21.8595
            ],
            [
              -49.2366,
              -21.8606
            ],
            [
              -49.2346,
              -21.8599
            ],
            [
              -49.2339,
              -21.8605
            ],
            [
              -49.2313,
              -21.8608
            ],
            [
              -49.231,
              -21.8619
            ],
            [
              -49.2287,
              -21.8628
            ],
            [
              -49.2267,
              -21.8617
            ],
            [
              -49.2263,
              -21.86
            ],
            [
              -49.225,
              -21.8603
            ],
            [
              -49.2244,
              -21.8561
            ],
            [
              -49.2264,
              -21.856
            ],
            [
              -49.2264,
              -21.8545
            ],
            [
              -49.2239,
              -21.8522
            ],
            [
              -49.221,
              -21.8522
            ],
            [
              -49.2206,
              -21.8512
            ],
            [
              -49.2179,
              -21.8498
            ],
            [
              -49.2185,
              -21.8473
            ],
            [
              -49.221,
              -21.8461
            ],
            [
              -49.2191,
              -21.8421
            ],
            [
              -49.2174,
              -21.8403
            ],
            [
              -49.217,
              -21.838
            ],
            [
              -49.2151,
              -21.8364
            ],
            [
              -49.214,
              -21.8343
            ],
            [
              -49.2138,
              -21.8325
            ],
            [
              -49.2103,
              -21.83
            ],
            [
              -49.2093,
              -21.8278
            ],
            [
              -49.2053,
              -21.8267
            ],
            [
              -49.2052,
              -21.8254
            ],
            [
              -49.2065,
              -21.8244
            ],
            [
              -49.2059,
              -21.8235
            ],
            [
              -49.2068,
              -21.8205
            ],
            [
              -49.2069,
              -21.819
            ],
            [
              -49.2053,
              -21.8174
            ],
            [
              -49.2057,
              -21.816
            ],
            [
              -49.2052,
              -21.8142
            ],
            [
              -49.2058,
              -21.8136
            ],
            [
              -49.2036,
              -21.8103
            ],
            [
              -49.2026,
              -21.8102
            ],
            [
              -49.1992,
              -21.8109
            ],
            [
              -49.1971,
              -21.8091
            ],
            [
              -49.1953,
              -21.8114
            ],
            [
              -49.1938,
              -21.81
            ],
            [
              -49.1941,
              -21.8089
            ],
            [
              -49.1908,
              -21.8079
            ],
            [
              -49.1903,
              -21.8048
            ],
            [
              -49.1891,
              -21.8044
            ],
            [
              -49.1876,
              -21.7986
            ],
            [
              -49.1888,
              -21.796
            ],
            [
              -49.1905,
              -21.796
            ],
            [
              -49.1921,
              -21.7929
            ],
            [
              -49.1938,
              -21.7925
            ],
            [
              -49.1948,
              -21.7911
            ],
            [
              -49.1967,
              -21.7901
            ],
            [
              -49.1967,
              -21.7858
            ],
            [
              -49.1962,
              -21.7847
            ],
            [
              -49.1932,
              -21.7834
            ],
            [
              -49.1907,
              -21.782
            ],
            [
              -49.19,
              -21.7802
            ],
            [
              -49.1905,
              -21.779
            ],
            [
              -49.1896,
              -21.7769
            ],
            [
              -49.1877,
              -21.7748
            ],
            [
              -49.1871,
              -21.7733
            ],
            [
              -49.185,
              -21.7712
            ],
            [
              -49.1843,
              -21.7689
            ],
            [
              -49.1844,
              -21.7671
            ],
            [
              -49.1858,
              -21.7653
            ],
            [
              -49.1906,
              -21.7655
            ],
            [
              -49.1919,
              -21.7648
            ],
            [
              -49.1939,
              -21.7609
            ],
            [
              -49.1941,
              -21.7594
            ],
            [
              -49.1981,
              -21.7551
            ],
            [
              -49.1979,
              -21.7534
            ],
            [
              -49.1966,
              -21.7525
            ],
            [
              -49.1928,
              -21.7513
            ],
            [
              -49.1916,
              -21.7502
            ],
            [
              -49.1915,
              -21.747
            ],
            [
              -49.1936,
              -21.7425
            ],
            [
              -49.1948,
              -21.7415
            ],
            [
              -49.1955,
              -21.74
            ],
            [
              -49.1983,
              -21.7379
            ],
            [
              -49.1995,
              -21.7366
            ],
            [
              -49.1959,
              -21.7301
            ],
            [
              -49.1959,
              -21.7275
            ],
            [
              -49.1949,
              -21.7264
            ],
            [
              -49.1947,
              -21.7236
            ],
            [
              -49.1936,
              -21.722
            ],
            [
              -49.1937,
              -21.7204
            ],
            [
              -49.1944,
              -21.7192
            ],
            [
              -49.194,
              -21.7162
            ],
            [
              -49.1903,
              -21.7139
            ],
            [
              -49.1886,
              -21.7115
            ],
            [
              -49.1901,
              -21.7071
            ],
            [
              -49.1914,
              -21.7062
            ],
            [
              -49.1917,
              -21.7024
            ],
            [
              -49.1934,
              -21.7003
            ],
            [
              -49.1926,
              -21.696
            ],
            [
              -49.1943,
              -21.6941
            ],
            [
              -49.1972,
              -21.693
            ],
            [
              -49.1992,
              -21.6895
            ],
            [
              -49.2006,
              -21.6867
            ],
            [
              -49.2013,
              -21.6838
            ],
            [
              -49.2011,
              -21.6823
            ],
            [
              -49.2051,
              -21.6773
            ],
            [
              -49.2062,
              -21.6764
            ],
            [
              -49.2082,
              -21.6735
            ],
            [
              -49.2116,
              -21.6727
            ],
            [
              -49.2133,
              -21.6711
            ],
            [
              -49.2147,
              -21.6723
            ],
            [
              -49.2172,
              -21.6733
            ],
            [
              -49.2199,
              -21.6731
            ],
            [
              -49.2243,
              -21.672
            ],
            [
              -49.2294,
              -21.6703
            ],
            [
              -49.2361,
              -21.671
            ],
            [
              -49.2386,
              -21.6708
            ],
            [
              -49.2388,
              -21.6728
            ],
            [
              -49.2398,
              -21.6734
            ],
            [
              -49.2419,
              -21.6732
            ],
            [
              -49.2428,
              -21.6737
            ],
            [
              -49.2429,
              -21.6755
            ],
            [
              -49.2444,
              -21.6779
            ],
            [
              -49.2442,
              -21.6807
            ],
            [
              -49.2432,
              -21.6823
            ],
            [
              -49.2409,
              -21.684
            ],
            [
              -49.2412,
              -21.687
            ],
            [
              -49.2404,
              -21.6883
            ],
            [
              -49.2409,
              -21.6935
            ],
            [
              -49.2416,
              -21.6947
            ],
            [
              -49.2418,
              -21.6965
            ],
            [
              -49.2414,
              -21.7007
            ],
            [
              -49.2405,
              -21.7019
            ],
            [
              -49.24,
              -21.7052
            ],
            [
              -49.2406,
              -21.7078
            ],
            [
              -49.2419,
              -21.7104
            ],
            [
              -49.2489,
              -21.7142
            ],
            [
              -49.2512,
              -21.7141
            ],
            [
              -49.2538,
              -21.7154
            ],
            [
              -49.2557,
              -21.7177
            ],
            [
              -49.2588,
              -21.7201
            ],
            [
              -49.26,
              -21.723
            ],
            [
              -49.2619,
              -21.7255
            ],
            [
              -49.2634,
              -21.7269
            ],
            [
              -49.2641,
              -21.7284
            ],
            [
              -49.2642,
              -21.7309
            ],
            [
              -49.2652,
              -21.733
            ],
            [
              -49.2655,
              -21.7353
            ],
            [
              -49.2667,
              -21.737
            ],
            [
              -49.267,
              -21.739
            ],
            [
              -49.2663,
              -21.7405
            ],
            [
              -49.2632,
              -21.745
            ],
            [
              -49.2614,
              -21.7464
            ],
            [
              -49.2584,
              -21.7475
            ],
            [
              -49.2582,
              -21.7493
            ],
            [
              -49.2591,
              -21.7514
            ],
            [
              -49.2601,
              -21.7523
            ],
            [
              -49.2591,
              -21.7533
            ],
            [
              -49.2582,
              -21.7551
            ],
            [
              -49.2599,
              -21.7585
            ],
            [
              -49.2602,
              -21.7612
            ],
            [
              -49.2626,
              -21.7627
            ],
            [
              -49.2636,
              -21.7641
            ],
            [
              -49.264,
              -21.7667
            ],
            [
              -49.2638,
              -21.7735
            ],
            [
              -49.2652,
              -21.7774
            ],
            [
              -49.2665,
              -21.7797
            ],
            [
              -49.2669,
              -21.7832
            ],
            [
              -49.2652,
              -21.7867
            ],
            [
              -49.2627,
              -21.7898
            ],
            [
              -49.2601,
              -21.7937
            ],
            [
              -49.2586,
              -21.7985
            ],
            [
              -49.2563,
              -21.8022
            ],
            [
              -49.2565,
              -21.8031
            ],
            [
              -49.2588,
              -21.8059
            ],
            [
              -49.259,
              -21.8091
            ],
            [
              -49.2584,
              -21.8118
            ],
            [
              -49.2586,
              -21.816
            ],
            [
              -49.2593,
              -21.8173
            ],
            [
              -49.262,
              -21.8193
            ],
            [
              -49.2664,
              -21.8272
            ],
            [
              -49.2674,
              -21.8287
            ],
            [
              -49.272,
              -21.8325
            ],
            [
              -49.2733,
              -21.8342
            ],
            [
              -49.2732,
              -21.8356
            ],
            [
              -49.2694,
              -21.8395
            ],
            [
              -49.2701,
              -21.841
            ],
            [
              -49.2728,
              -21.8415
            ],
            [
              -49.2748,
              -21.8427
            ],
            [
              -49.2752,
              -21.8437
            ],
            [
              -49.2757,
              -21.8508
            ],
            [
              -49.2773,
              -21.8563
            ],
            [
              -49.2794,
              -21.8588
            ],
            [
              -49.2821,
              -21.8598
            ],
            [
              -49.285,
              -21.8603
            ],
            [
              -49.2822,
              -21.8652
            ],
            [
              -49.2809,
              -21.8664
            ],
            [
              -49.2797,
              -21.8667
            ],
            [
              -49.2768,
              -21.8657
            ],
            [
              -49.2726,
              -21.8649
            ],
            [
              -49.2697,
              -21.8655
            ],
            [
              -49.2681,
              -21.8651
            ],
            [
              -49.2665,
              -21.8655
            ],
            [
              -49.2686,
              -21.8702
            ],
            [
              -49.2695,
              -21.8746
            ],
            [
              -49.2711,
              -21.8771
            ],
            [
              -49.2723,
              -21.8783
            ],
            [
              -49.2762,
              -21.8811
            ],
            [
              -49.279,
              -21.885
            ],
            [
              -49.2817,
              -21.8882
            ],
            [
              -49.285,
              -21.8911
            ],
            [
              -49.2861,
              -21.8916
            ],
            [
              -49.2885,
              -21.8935
            ],
            [
              -49.2893,
              -21.8946
            ],
            [
              -49.2895,
              -21.8978
            ],
            [
              -49.292,
              -21.9014
            ],
            [
              -49.294,
              -21.9063
            ],
            [
              -49.297,
              -21.91
            ],
            [
              -49.2987,
              -21.9131
            ],
            [
              -49.301,
              -21.9155
            ],
            [
              -49.3051,
              -21.9191
            ],
            [
              -49.3069,
              -21.9211
            ],
            [
              -49.312,
              -21.9242
            ],
            [
              -49.3149,
              -21.9272
            ],
            [
              -49.3157,
              -21.9288
            ],
            [
              -49.3161,
              -21.9318
            ],
            [
              -49.3174,
              -21.9372
            ],
            [
              -49.3194,
              -21.9372
            ],
            [
              -49.3236,
              -21.9356
            ],
            [
              -49.3257,
              -21.9335
            ],
            [
              -49.328,
              -21.9351
            ],
            [
              -49.3285,
              -21.9381
            ],
            [
              -49.3295,
              -21.9411
            ],
            [
              -49.3321,
              -21.9423
            ],
            [
              -49.3352,
              -21.9411
            ],
            [
              -49.3374,
              -21.9389
            ],
            [
              -49.3391,
              -21.9379
            ],
            [
              -49.341,
              -21.936
            ],
            [
              -49.3425,
              -21.9352
            ],
            [
              -49.3438,
              -21.9353
            ],
            [
              -49.3457,
              -21.9375
            ],
            [
              -49.3506,
              -21.938
            ],
            [
              -49.3531,
              -21.939
            ],
            [
              -49.3548,
              -21.9408
            ],
            [
              -49.3538,
              -21.9435
            ],
            [
              -49.3514,
              -21.9466
            ],
            [
              -49.3512,
              -21.9481
            ],
            [
              -49.352,
              -21.9516
            ],
            [
              -49.3538,
              -21.9525
            ],
            [
              -49.3564,
              -21.9527
            ],
            [
              -49.3588,
              -21.9519
            ],
            [
              -49.3616,
              -21.9531
            ],
            [
              -49.3631,
              -21.9527
            ],
            [
              -49.3655,
              -21.9503
            ],
            [
              -49.3686,
              -21.9451
            ],
            [
              -49.3708,
              -21.9422
            ],
            [
              -49.3723,
              -21.9384
            ],
            [
              -49.3733,
              -21.9376
            ],
            [
              -49.3758,
              -21.9368
            ],
            [
              -49.3789,
              -21.9362
            ],
            [
              -49.3821,
              -21.9364
            ],
            [
              -49.3852,
              -21.9362
            ],
            [
              -49.3881,
              -21.9364
            ],
            [
              -49.389,
              -21.9349
            ],
            [
              -49.3862,
              -21.9319
            ],
            [
              -49.3855,
              -21.9307
            ],
            [
              -49.3858,
              -21.9276
            ],
            [
              -49.3855,
              -21.926
            ],
            [
              -49.3833,
              -21.9221
            ],
            [
              -49.383,
              -21.9195
            ],
            [
              -49.3831,
              -21.9161
            ],
            [
              -49.3828,
              -21.9146
            ],
            [
              -49.3837,
              -21.9118
            ],
            [
              -49.3834,
              -21.9061
            ],
            [
              -49.3829,
              -21.9032
            ],
            [
              -49.3835,
              -21.8984
            ],
            [
              -49.3836,
              -21.8951
            ],
            [
              -49.3814,
              -21.8896
            ],
            [
              -49.3831,
              -21.8871
            ],
            [
              -49.3835,
              -21.886
            ],
            [
              -49.3826,
              -21.8831
            ],
            [
              -49.3807,
              -21.8788
            ],
            [
              -49.3797,
              -21.8774
            ],
            [
              -49.3783,
              -21.8773
            ],
            [
              -49.3764,
              -21.8799
            ],
            [
              -49.375,
              -21.8801
            ],
            [
              -49.3736,
              -21.8795
            ],
            [
              -49.3699,
              -21.8786
            ],
            [
              -49.3665,
              -21.8768
            ],
            [
              -49.3628,
              -21.8737
            ],
            [
              -49.361,
              -21.8724
            ],
            [
              -49.3599,
              -21.8711
            ],
            [
              -49.357,
              -21.8661
            ],
            [
              -49.3549,
              -21.8644
            ],
            [
              -49.3544,
              -21.8627
            ],
            [
              -49.3541,
              -21.8565
            ],
            [
              -49.3536,
              -21.8551
            ],
            [
              -49.3502,
              -21.8518
            ],
            [
              -49.347,
              -21.8474
            ],
            [
              -49.3445,
              -21.8449
            ],
            [
              -49.3422,
              -21.8431
            ],
            [
              -49.3405,
              -21.8412
            ],
            [
              -49.34,
              -21.8382
            ],
            [
              -49.3417,
              -21.8378
            ],
            [
              -49.3459,
              -21.8349
            ],
            [
              -49.351,
              -21.8347
            ],
            [
              -49.3534,
              -21.8354
            ],
            [
              -49.356,
              -21.8353
            ],
            [
              -49.3583,
              -21.8365
            ],
            [
              -49.361,
              -21.8369
            ],
            [
              -49.3629,
              -21.8377
            ],
            [
              -49.3667,
              -21.8407
            ],
            [
              -49.3701,
              -21.8418
            ],
            [
              -49.3726,
              -21.8431
            ],
            [
              -49.3775,
              -21.8428
            ],
            [
              -49.3814,
              -21.8384
            ],
            [
              -49.385,
              -21.8357
            ],
            [
              -49.3866,
              -21.8353
            ],
            [
              -49.3872,
              -21.834
            ],
            [
              -49.3906,
              -21.8317
            ],
            [
              -49.3912,
              -21.8306
            ],
            [
              -49.3963,
              -21.8302
            ],
            [
              -49.398,
              -21.8294
            ],
            [
              -49.4001,
              -21.8268
            ],
            [
              -49.4029,
              -21.8261
            ]
          ]
        ]
      },
      "properties": {
        "codarea": "3538907",
        "nome_municipio": "Pirajuí",
        "codigo_ibge": 3538907
      }
    },
    {
      "type": "Feature",
      "geometry": {
        "type": "Polygon",
        "coordinates": [
          [
            [
              -49.8821,
              -21.97
            ],
            [
              -49.8806,
              -21.9723
            ],
            [
              -49.8777,
              -21.9735
            ],
            [
              -49.8777,
              -21.9752
            ],
            [
              -49.8748,
              -21.977
            ],
            [
              -49.8736,
              -21.9794
            ],
            [
              -49.8721,
              -21.9802
            ],
            [
              -49.8703,
              -21.9803
            ],
            [
              -49.8692,
              -21.982
            ],
            [
              -49.8685,
              -21.9846
            ],
            [
              -49.8664,
              -21.9842
            ],
            [
              -49.865,
              -21.9848
            ],
            [
              -49.863,
              -21.9864
            ],
            [
              -49.8605,
              -21.9877
            ],
            [
              -49.8581,
              -21.9885
            ],
            [
              -49.8541,
              -21.9913
            ],
            [
              -49.8525,
              -21.9901
            ],
            [
              -49.8473,
              -21.9898
            ],
            [
              -49.8452,
              -21.9906
            ],
            [
              -49.8433,
              -21.9897
            ],
            [
              -49.8415,
              -21.9912
            ],
            [
              -49.8392,
              -21.9913
            ],
            [
              -49.838,
              -21.9933
            ],
            [
              -49.8359,
              -21.9937
            ],
            [
              -49.834,
              -21.9953
            ],
            [
              -49.8322,
              -21.9956
            ],
            [
              -49.832,
              -21.9979
            ],
            [
              -49.8306,
              -21.9981
            ],
            [
              -49.8289,
              -21.9997
            ],
            [
              -49.8271,
              -21.9999
            ],
            [
              -49.8249,
              -22.0015
            ],
            [
              -49.8225,
              -22.0021
            ],
            [
              -49.8181,
              -22.0009
            ],
            [
              -49.8181,
              -22.0021
            ],
            [
              -49.8168,
              -22.0032
            ],
            [
              -49.8143,
              -22.0032
            ],
            [
              -49.8137,
              -22.0045
            ],
            [
              -49.8126,
              -22.005
            ],
            [
              -49.8099,
              -22.0094
            ],
            [
              -49.8097,
              -22.0106
            ],
            [
              -49.8067,
              -22.0139
            ],
            [
              -49.8036,
              -22.0166
            ],
            [
              -49.8026,
              -22.0169
            ],
            [
              -49.7996,
              -22.0223
            ],
            [
              -49.7953,
              -22.0253
            ],
            [
              -49.7945,
              -22.0266
            ],
            [
              -49.793,
              -22.0265
            ],
            [
              -49.7902,
              -22.0285
            ],
            [
              -49.7882,
              -22.0324
            ],
            [
              -49.7881,
              -22.034
            ],
            [
              -49.7862,
              -22.0367
            ],
            [
              -49.7843,
              -22.0383
            ],
            [
              -49.7819,
              -22.0385
            ],
            [
              -49.7801,
              -22.038
            ],
            [
              -49.778,
              -22.0389
            ],
            [
              -49.7775,
              -22.04
            ],
            [
              -49.7771,
              -22.043
            ],
            [
              -49.7732,
              -22.0434
            ],
            [
              -49.7704,
              -22.043
            ],
            [
              -49.7687,
              -22.0432
            ],
            [
              -49.7679,
              -22.0451
            ],
            [
              -49.7683,
              -22.0467
            ],
            [
              -49.7679,
              -22.0489
            ],
            [
              -49.7666,
              -22.0505
            ],
            [
              -49.7665,
              -22.0521
            ],
            [
              -49.7674,
              -22.0537
            ],
            [
              -49.7678,
              -22.0556
            ],
            [
              -49.7674,
              -22.0571
            ],
            [
              -49.7656,
              -22.0581
            ],
            [
              -49.7612,
              -22.0585
            ],
            [
              -49.7601,
              -22.0591
            ],
            [
              -49.7584,
              -22.0616
            ],
            [
              -49.7578,
              -22.0611
            ],
            [
              -49.7579,
              -22.0591
            ],
            [
              -49.7576,
              -22.0561
            ],
            [
              -49.7566,
              -22.0524
            ],
            [
              -49.7548,
              -22.0514
            ],
            [
              -49.752,
              -22.0485
            ],
            [
              -49.7502,
              -22.0473
            ],
            [
              -49.7496,
              -22.0455
            ],
            [
              -49.7484,
              -22.0434
            ],
            [
              -49.7478,
              -22.0395
            ],
            [
              -49.7465,
              -22.0388
            ],
            [
              -49.7453,
              -22.0343
            ],
            [
              -49.7445,
              -22.0338
            ],
            [
              -49.7456,
              -22.0316
            ],
            [
              -49.7444,
              -22.0289
            ],
            [
              -49.7412,
              -22.0263
            ],
            [
              -49.7407,
              -22.0262
            ],
            [
              -49.7395,
              -22.0241
            ],
            [
              -49.7398,
              -22.0225
            ],
            [
              -49.7385,
              -22.0206
            ],
            [
              -49.7369,
              -22.0199
            ],
            [
              -49.7356,
              -22.0169
            ],
            [
              -49.7401,
              -22.0165
            ],
            [
              -49.7414,
              -22.0159
            ],
            [
              -49.7421,
              -22.0146
            ],
            [
              -49.7456,
              -22.0127
            ],
            [
              -49.7468,
              -22.0125
            ],
            [
              -49.7502,
              -22.0109
            ],
            [
              -49.7514,
              -22.0096
            ],
            [
              -49.7553,
              -22.0089
            ],
            [
              -49.7565,
              -22.0082
            ],
            [
              -49.756,
              -22.0071
            ],
            [
              -49.7535,
              -22.0056
            ],
            [
              -49.7529,
              -22.0037
            ],
            [
              -49.7542,
              -22.0006
            ],
            [
              -49.7532,
              -21.9974
            ],
            [
              -49.7537,
              -21.9951
            ],
            [
              -49.7536,
              -21.9928
            ],
            [
              -49.7527,
              -21.9913
            ],
            [
              -49.7497,
              -21.9899
            ],
            [
              -49.7503,
              -21.9876
            ],
            [
              -49.7502,
              -21.9857
            ],
            [
              -49.7465,
              -21.9783
            ],
            [
              -49.7441,
              -21.9769
            ],
            [
              -49.7408,
              -21.9742
            ],
            [
              -49.7393,
              -21.9722
            ],
            [
              -49.7374,
              -21.9712
            ],
            [
              -49.7369,
              -21.9697
            ],
            [
              -49.7368,
              -21.9669
            ],
            [
              -49.7385,
              -21.9622
            ],
            [
              -49.7385,
              -21.9612
            ],
            [
              -49.7394,
              -21.9587
            ],
            [
              -49.7401,
              -21.9555
            ],
            [
              -49.7401,
              -21.9538
            ],
            [
              -49.7395,
              -21.9517
            ],
            [
              -49.7401,
              -21.9496
            ],
            [
              -49.7389,
              -21.9472
            ],
            [
              -49.7369,
              -21.9467
            ],
            [
              -49.7342,
              -21.9406
            ],
            [
              -49.7352,
              -21.9399
            ],
            [
              -49.7377,
              -21.9398
            ],
            [
              -49.7382,
              -21.9384
            ],
            [
              -49.742,
              -21.9383
            ],
            [
              -49.7446,
              -21.9368
            ],
            [
              -49.7468,
              -21.9375
            ],
            [
              -49.7499,
              -21.9364
            ],
            [
              -49.7535,
              -21.9333
            ],
            [
              -49.7588,
              -21.9313
            ],
            [
              -49.763,
              -21.9319
            ],
            [
              -49.7651,
              -21.9334
            ],
            [
              -49.7665,
              -21.933
            ],
            [
              -49.769,
              -21.9312
            ],
            [
              -49.7718,
              -21.9278
            ],
            [
              -49.7718,
              -21.927
            ],
            [
              -49.7686,
              -21.9197
            ],
            [
              -49.7684,
              -21.917
            ],
            [
              -49.7702,
              -21.9157
            ],
            [
              -49.7751,
              -21.9166
            ],
            [
              -49.7774,
              -21.9165
            ],
            [
              -49.7794,
              -21.915
            ],
            [
              -49.7808,
              -21.9125
            ],
            [
              -49.7835,
              -21.9095
            ],
            [
              -49.7847,
              -21.9088
            ],
            [
              -49.7885,
              -21.9079
            ],
            [
              -49.8094,
              -21.8903
            ],
            [
              -49.8101,
              -21.8907
            ],
            [
              -49.8119,
              -21.8933
            ],
            [
              -49.8124,
              -21.8956
            ],
            [
              -49.8124,
              -21.8977
            ],
            [
              -49.813,
              -21.9005
            ],
            [
              -49.8141,
              -21.902
            ],
            [
              -49.8166,
              -21.9038
            ],
            [
              -49.8181,
              -21.9059
            ],
            [
              -49.8188,
              -21.9076
            ],
            [
              -49.8227,
              -21.9106
            ],
            [
              -49.8248,
              -21.9143
            ],
            [
              -49.8284,
              -21.9185
            ],
            [
              -49.8282,
              -21.9197
            ],
            [
              -49.8254,
              -21.9214
            ],
            [
              -49.8211,
              -21.9223
            ],
            [
              -49.8172,
              -21.9251
            ],
            [
              -49.8149,
              -21.9278
            ],
            [
              -49.8159,
              -21.9289
            ],
            [
              -49.8162,
              -21.9309
            ],
            [
              -49.8156,
              -21.9345
            ],
            [
              -49.8192,
              -21.9369
            ],
            [
              -49.8213,
              -21.9392
            ],
            [
              -49.8228,
              -21.9403
            ],
            [
              -49.8253,
              -21.9432
            ],
            [
              -49.8274,
              -21.9439
            ],
            [
              -49.8272,
              -21.9464
            ],
            [
              -49.8306,
              -21.9475
            ],
            [
              -49.8336,
              -21.9471
            ],
            [
              -49.8347,
              -21.9484
            ],
            [
              -49.8374,
              -21.9499
            ],
            [
              -49.8393,
              -21.9517
            ],
            [
              -49.8408,
              -21.9521
            ],
            [
              -49.8443,
              -21.9521
            ],
            [
              -49.8471,
              -21.953
            ],
            [
              -49.8483,
              -21.9529
            ],
            [
              -49.8498,
              -21.9546
            ],
            [
              -49.8511,
              -21.9544
            ],
            [
              -49.8522,
              -21.9561
            ],
            [
              -49.8547,
              -21.9561
            ],
            [
              -49.86,
              -21.9577
            ],
            [
              -49.8617,
              -21.9589
            ],
            [
              -49.8632,
              -21.9592
            ],
            [
              -49.8639,
              -21.9585
            ],
            [
              -49.8664,
              -21.96
            ],
            [
              -49.869,
              -21.9602
            ],
            [
              -49.8697,
              -21.9615
            ],
            [
              -49.872,
              -21.9618
            ],
            [
              -49.8739,
              -21.9637
            ],
            [
              -49.8753,
              -21.9643
            ],
            [
              -49.878,
              -21.9668
            ],
            [
              -49.8784,
              -21.9679
            ],
            [
              -49.8821,
              -21.97
            ]
          ]
        ]
      },
      "properties": {
        "codarea": "3525805",
        "nome_municipio": "Júlio Mesquita",
        "codigo_ibge": 3525805
      }
    },
    {
      "type": "Feature",
      "geometry": {
        "type": "Polygon",
        "coordinates": [
          [
            [
              -49.4029,
              -21.8261
            ],
            [
              -49.405,
              -21.8245
            ],
            [
              -49.4095,
              -21.8226
            ],
            [
              -49.412,
              -21.8208
            ],
            [
              -49.413,
              -21.8192
            ],
            [
              -49.4128,
              -21.8177
            ],
            [
              -49.4108,
              -21.8128
            ],
            [
              -49.4114,
              -21.8118
            ],
            [
              -49.4143,
              -21.8096
            ],
            [
              -49.4154,
              -21.8082
            ],
            [
              -49.4166,
              -21.8052
            ],
            [
              -49.4167,
              -21.8021
            ],
            [
              -49.4153,
              -21.7983
            ],
            [
              -49.4153,
              -21.7973
            ],
            [
              -49.4167,
              -21.7952
            ],
            [
              -49.4191,
              -21.7895
            ],
            [
              -49.4212,
              -21.7872
            ],
            [
              -49.4271,
              -21.7834
            ],
            [
              -49.4313,
              -21.7794
            ],
            [
              -49.4354,
              -21.7827
            ],
            [
              -49.4376,
              -21.7872
            ],
            [
              -49.4389,
              -21.7872
            ],
            [
              -49.4435,
              -21.7859
            ],
            [
              -49.4489,
              -21.7841
            ],
            [
              -49.4533,
              -21.7836
            ],
            [
              -49.4565,
              -21.784
            ],
            [
              -49.4595,
              -21.7851
            ],
            [
              -49.4623,
              -21.7867
            ],
            [
              -49.467,
              -21.7901
            ],
            [
              -49.4704,
              -21.7938
            ],
            [
              -49.472,
              -21.7964
            ],
            [
              -49.4748,
              -21.7982
            ],
            [
              -49.4757,
              -21.7993
            ],
            [
              -49.4799,
              -21.8038
            ],
            [
              -49.4814,
              -21.8048
            ],
            [
              -49.4886,
              -21.8076
            ],
            [
              -49.4896,
              -21.809
            ],
            [
              -49.4904,
              -21.8138
            ],
            [
              -49.4914,
              -21.8165
            ],
            [
              -49.4918,
              -21.8198
            ],
            [
              -49.4925,
              -21.8209
            ],
            [
              -49.4941,
              -21.8211
            ],
            [
              -49.4969,
              -21.8205
            ],
            [
              -49.4983,
              -21.8198
            ],
            [
              -49.4998,
              -21.8202
            ],
            [
              -49.5038,
              -21.8241
            ],
            [
              -49.5083,
              -21.8278
            ],
            [
              -49.5118,
              -21.8304
            ],
            [
              -49.5153,
              -21.8348
            ],
            [
              -49.5176,
              -21.8364
            ],
            [
              -49.5257,
              -21.8376
            ],
            [
              -49.5256,
              -21.8416
            ],
            [
              -49.5244,
              -21.8444
            ],
            [
              -49.5243,
              -21.8468
            ],
            [
              -49.5235,
              -21.8499
            ],
            [
              -49.5254,
              -21.8519
            ],
            [
              -49.5268,
              -21.8526
            ],
            [
              -49.5288,
              -21.8529
            ],
            [
              -49.5318,
              -21.8527
            ],
            [
              -49.5354,
              -21.8519
            ],
            [
              -49.5366,
              -21.8514
            ],
            [
              -49.5389,
              -21.8512
            ],
            [
              -49.541,
              -21.8517
            ],
            [
              -49.543,
              -21.8528
            ],
            [
              -49.545,
              -21.8557
            ],
            [
              -49.546,
              -21.8565
            ],
            [
              -49.5477,
              -21.8547
            ],
            [
              -49.5484,
              -21.852
            ],
            [
              -49.5495,
              -21.8504
            ],
            [
              -49.5507,
              -21.8473
            ],
            [
              -49.5511,
              -21.8453
            ],
            [
              -49.5528,
              -21.8418
            ],
            [
              -49.5565,
              -21.8375
            ],
            [
              -49.5595,
              -21.8354
            ],
            [
              -49.5656,
              -21.8316
            ],
            [
              -49.5695,
              -21.8346
            ],
            [
              -49.5698,
              -21.8353
            ],
            [
              -49.5722,
              -21.8378
            ],
            [
              -49.5773,
              -21.8407
            ],
            [
              -49.5789,
              -21.8428
            ],
            [
              -49.5789,
              -21.8455
            ],
            [
              -49.5808,
              -21.8505
            ],
            [
              -49.5829,
              -21.8535
            ],
            [
              -49.586,
              -21.8548
            ],
            [
              -49.5872,
              -21.8546
            ],
            [
              -49.5935,
              -21.855
            ],
            [
              -49.5959,
              -21.8568
            ],
            [
              -49.5975,
              -21.8575
            ],
            [
              -49.5979,
              -21.8586
            ],
            [
              -49.5983,
              -21.8631
            ],
            [
              -49.6018,
              -21.8677
            ],
            [
              -49.6031,
              -21.8688
            ],
            [
              -49.6045,
              -21.8706
            ],
            [
              -49.6068,
              -21.8709
            ],
            [
              -49.6107,
              -21.8705
            ],
            [
              -49.6128,
              -21.868
            ],
            [
              -49.6158,
              -21.8666
            ],
            [
              -49.6195,
              -21.866
            ],
            [
              -49.6235,
              -21.865
            ],
            [
              -49.6266,
              -21.8639
            ],
            [
              -49.6273,
              -21.8631
            ],
            [
              -49.6318,
              -21.8609
            ],
            [
              -49.6349,
              -21.8602
            ],
            [
              -49.6362,
              -21.8595
            ],
            [
              -49.6364,
              -21.8552
            ],
            [
              -49.637,
              -21.8535
            ],
            [
              -49.6395,
              -21.8504
            ],
            [
              -49.644,
              -21.8534
            ],
            [
              -49.6507,
              -21.8551
            ],
            [
              -49.6533,
              -21.857
            ],
            [
              -49.6586,
              -21.8601
            ],
            [
              -49.6599,
              -21.8615
            ],
            [
              -49.6648,
              -21.869
            ],
            [
              -49.6661,
              -21.8712
            ],
            [
              -49.6692,
              -21.8741
            ],
            [
              -49.6719,
              -21.8754
            ],
            [
              -49.6769,
              -21.8792
            ],
            [
              -49.6795,
              -21.8803
            ],
            [
              -49.6808,
              -21.8839
            ],
            [
              -49.6816,
              -21.8852
            ],
            [
              -49.6841,
              -21.8862
            ],
            [
              -49.6878,
              -21.8904
            ],
            [
              -49.6903,
              -21.8921
            ],
            [
              -49.6912,
              -21.8944
            ],
            [
              -49.6926,
              -21.896
            ],
            [
              -49.6937,
              -21.8965
            ],
            [
              -49.6992,
              -21.9006
            ],
            [
              -49.7017,
              -21.9009
            ],
            [
              -49.7022,
              -21.9026
            ],
            [
              -49.6993,
              -21.9056
            ],
            [
              -49.6981,
              -21.9076
            ],
            [
              -49.6989,
              -21.9092
            ],
            [
              -49.7009,
              -21.9104
            ],
            [
              -49.702,
              -21.9102
            ],
            [
              -49.7047,
              -21.9133
            ],
            [
              -49.7054,
              -21.915
            ],
            [
              -49.7094,
              -21.9157
            ],
            [
              -49.7109,
              -21.9174
            ],
            [
              -49.7139,
              -21.9185
            ],
            [
              -49.7145,
              -21.9195
            ],
            [
              -49.7172,
              -21.9215
            ],
            [
              -49.7187,
              -21.9199
            ],
            [
              -49.7197,
              -21.9197
            ],
            [
              -49.7218,
              -21.9212
            ],
            [
              -49.7216,
              -21.9228
            ],
            [
              -49.7227,
              -21.9238
            ],
            [
              -49.7228,
              -21.9254
            ],
            [
              -49.7241,
              -21.9274
            ],
            [
              -49.7283,
              -21.9304
            ],
            [
              -49.7281,
              -21.9339
            ],
            [
              -49.7293,
              -21.9371
            ],
            [
              -49.7308,
              -21.9377
            ],
            [
              -49.734,
              -21.9399
            ],
            [
              -49.7342,
              -21.9406
            ],
            [
              -49.7369,
              -21.9467
            ],
            [
              -49.7389,
              -21.9472
            ],
            [
              -49.7401,
              -21.9496
            ],
            [
              -49.7395,
              -21.9517
            ],
            [
              -49.7401,
              -21.9538
            ],
            [
              -49.7401,
              -21.9555
            ],
            [
              -49.7394,
              -21.9587
            ],
            [
              -49.7385,
              -21.9612
            ],
            [
              -49.7385,
              -21.9622
            ],
            [
              -49.7368,
              -21.9669
            ],
            [
              -49.7369,
              -21.9697
            ],
            [
              -49.7374,
              -21.9712
            ],
            [
              -49.7393,
              -21.9722
            ],
            [
              -49.7408,
              -21.9742
            ],
            [
              -49.7441,
              -21.9769
            ],
            [
              -49.7465,
              -21.9783
            ],
            [
              -49.7502,
              -21.9857
            ],
            [
              -49.7503,
              -21.9876
            ],
            [
              -49.7497,
              -21.9899
            ],
            [
              -49.7527,
              -21.9913
            ],
            [
              -49.7536,
              -21.9928
            ],
            [
              -49.7537,
              -21.9951
            ],
            [
              -49.7532,
              -21.9974
            ],
            [
              -49.7542,
              -22.0006
            ],
            [
              -49.7529,
              -22.0037
            ],
            [
              -49.7535,
              -22.0056
            ],
            [
              -49.756,
              -22.0071
            ],
            [
              -49.7565,
              -22.0082
            ],
            [
              -49.7553,
              -22.0089
            ],
            [
              -49.7514,
              -22.0096
            ],
            [
              -49.7502,
              -22.0109
            ],
            [
              -49.7468,
              -22.0125
            ],
            [
              -49.7456,
              -22.0127
            ],
            [
              -49.7421,
              -22.0146
            ],
            [
              -49.7414,
              -22.0159
            ],
            [
              -49.7401,
              -22.0165
            ],
            [
              -49.7356,
              -22.0169
            ],
            [
              -49.7369,
              -22.0199
            ],
            [
              -49.7385,
              -22.0206
            ],
            [
              -49.7398,
              -22.0225
            ],
            [
              -49.7395,
              -22.0241
            ],
            [
              -49.7407,
              -22.0262
            ],
            [
              -49.7378,
              -22.0288
            ],
            [
              -49.7341,
              -22.0288
            ],
            [
              -49.7308,
              -22.0295
            ],
            [
              -49.7275,
              -22.0309
            ],
            [
              -49.7247,
              -22.0345
            ],
            [
              -49.712,
              -22.0372
            ],
            [
              -49.7097,
              -22.0394
            ],
            [
              -49.7071,
              -22.0399
            ],
            [
              -49.7059,
              -22.0415
            ],
            [
              -49.7062,
              -22.0441
            ],
            [
              -49.7058,
              -22.0458
            ],
            [
              -49.7047,
              -22.0469
            ],
            [
              -49.7024,
              -22.0477
            ],
            [
              -49.7005,
              -22.047
            ],
            [
              -49.6966,
              -22.0466
            ],
            [
              -49.6955,
              -22.0445
            ],
            [
              -49.6945,
              -22.0432
            ],
            [
              -49.6929,
              -22.0404
            ],
            [
              -49.6931,
              -22.0362
            ],
            [
              -49.6917,
              -22.0322
            ],
            [
              -49.6909,
              -22.0311
            ],
            [
              -49.6882,
              -22.0313
            ],
            [
              -49.6851,
              -22.0311
            ],
            [
              -49.6808,
              -22.0325
            ],
            [
              -49.6796,
              -22.0314
            ],
            [
              -49.678,
              -22.029
            ],
            [
              -49.6772,
              -22.0272
            ],
            [
              -49.6767,
              -22.0244
            ],
            [
              -49.6746,
              -22.0229
            ],
            [
              -49.6694,
              -22.0201
            ],
            [
              -49.667,
              -22.0195
            ],
            [
              -49.6637,
              -22.0194
            ],
            [
              -49.6594,
              -22.0176
            ],
            [
              -49.6598,
              -22.0149
            ],
            [
              -49.6574,
              -22.0111
            ],
            [
              -49.6555,
              -22.0096
            ],
            [
              -49.6511,
              -22.0093
            ],
            [
              -49.6469,
              -22.0116
            ],
            [
              -49.6446,
              -22.0132
            ],
            [
              -49.6428,
              -22.0136
            ],
            [
              -49.6371,
              -22.0118
            ],
            [
              -49.6314,
              -22.0106
            ],
            [
              -49.6293,
              -22.0097
            ],
            [
              -49.6256,
              -22.0073
            ],
            [
              -49.6243,
              -22.0058
            ],
            [
              -49.6226,
              -22.0027
            ],
            [
              -49.6203,
              -22.0019
            ],
            [
              -49.6175,
              -22.0052
            ],
            [
              -49.6152,
              -22.0074
            ],
            [
              -49.6135,
              -22.0078
            ],
            [
              -49.6124,
              -22.0046
            ],
            [
              -49.6123,
              -21.9998
            ],
            [
              -49.6135,
              -21.9989
            ],
            [
              -49.6136,
              -21.9966
            ],
            [
              -49.6152,
              -21.9949
            ],
            [
              -49.6156,
              -21.9931
            ],
            [
              -49.6152,
              -21.992
            ],
            [
              -49.6104,
              -21.9888
            ],
            [
              -49.6094,
              -21.9891
            ],
            [
              -49.6065,
              -21.9872
            ],
            [
              -49.6047,
              -21.9868
            ],
            [
              -49.6039,
              -21.9859
            ],
            [
              -49.6017,
              -21.9863
            ],
            [
              -49.5988,
              -21.9852
            ],
            [
              -49.5954,
              -21.9853
            ],
            [
              -49.5936,
              -21.9847
            ],
            [
              -49.5896,
              -21.9856
            ],
            [
              -49.585,
              -21.9847
            ],
            [
              -49.583,
              -21.9812
            ],
            [
              -49.575,
              -21.9777
            ],
            [
              -49.5738,
              -21.9767
            ],
            [
              -49.5732,
              -21.975
            ],
            [
              -49.5723,
              -21.974
            ],
            [
              -49.5705,
              -21.9765
            ],
            [
              -49.571,
              -21.9791
            ],
            [
              -49.5735,
              -21.9808
            ],
            [
              -49.5748,
              -21.982
            ],
            [
              -49.5717,
              -21.9855
            ],
            [
              -49.5712,
              -21.9873
            ],
            [
              -49.5718,
              -21.9906
            ],
            [
              -49.5728,
              -21.9938
            ],
            [
              -49.5716,
              -21.9949
            ],
            [
              -49.5657,
              -21.9981
            ],
            [
              -49.5633,
              -22.0004
            ],
            [
              -49.5588,
              -22.0017
            ],
            [
              -49.5556,
              -22.0042
            ],
            [
              -49.5529,
              -22.0078
            ],
            [
              -49.55,
              -22.01
            ],
            [
              -49.5488,
              -22.0096
            ],
            [
              -49.5427,
              -22.0058
            ],
            [
              -49.5414,
              -22.0046
            ],
            [
              -49.541,
              -22.0029
            ],
            [
              -49.542,
              -21.9991
            ],
            [
              -49.5431,
              -21.996
            ],
            [
              -49.5408,
              -21.9901
            ],
            [
              -49.5385,
              -21.9864
            ],
            [
              -49.5361,
              -21.9817
            ],
            [
              -49.5363,
              -21.9802
            ],
            [
              -49.539,
              -21.9763
            ],
            [
              -49.5399,
              -21.9736
            ],
            [
              -49.539,
              -21.9698
            ],
            [
              -49.5362,
              -21.9636
            ],
            [
              -49.5353,
              -21.9622
            ],
            [
              -49.5345,
              -21.9589
            ],
            [
              -49.5337,
              -21.9575
            ],
            [
              -49.5305,
              -21.9543
            ],
            [
              -49.5278,
              -21.9533
            ],
            [
              -49.5266,
              -21.9521
            ],
            [
              -49.5265,
              -21.9508
            ],
            [
              -49.5288,
              -21.9458
            ],
            [
              -49.529,
              -21.9442
            ],
            [
              -49.5284,
              -21.9428
            ],
            [
              -49.5268,
              -21.9425
            ],
            [
              -49.5221,
              -21.9426
            ],
            [
              -49.5208,
              -21.9415
            ],
            [
              -49.5235,
              -21.9395
            ],
            [
              -49.5236,
              -21.9369
            ],
            [
              -49.5233,
              -21.935
            ],
            [
              -49.5225,
              -21.9338
            ],
            [
              -49.5212,
              -21.9335
            ],
            [
              -49.5184,
              -21.9339
            ],
            [
              -49.5123,
              -21.9325
            ],
            [
              -49.5105,
              -21.9317
            ],
            [
              -49.5097,
              -21.9304
            ],
            [
              -49.5086,
              -21.9256
            ],
            [
              -49.5059,
              -21.9203
            ],
            [
              -49.504,
              -21.918
            ],
            [
              -49.5004,
              -21.9163
            ],
            [
              -49.4958,
              -21.9166
            ],
            [
              -49.493,
              -21.9161
            ],
            [
              -49.4864,
              -21.9122
            ],
            [
              -49.4847,
              -21.9096
            ],
            [
              -49.4843,
              -21.9053
            ],
            [
              -49.4835,
              -21.9036
            ],
            [
              -49.4809,
              -21.9011
            ],
            [
              -49.4797,
              -21.9005
            ],
            [
              -49.4746,
              -21.8989
            ],
            [
              -49.4734,
              -21.8976
            ],
            [
              -49.4721,
              -21.895
            ],
            [
              -49.47,
              -21.8928
            ],
            [
              -49.4688,
              -21.8919
            ],
            [
              -49.4629,
              -21.8892
            ],
            [
              -49.4601,
              -21.8887
            ],
            [
              -49.4547,
              -21.8894
            ],
            [
              -49.4521,
              -21.8876
            ],
            [
              -49.4509,
              -21.8843
            ],
            [
              -49.4511,
              -21.8814
            ],
            [
              -49.4504,
              -21.8804
            ],
            [
              -49.4488,
              -21.8798
            ],
            [
              -49.4475,
              -21.8801
            ],
            [
              -49.4455,
              -21.8786
            ],
            [
              -49.444,
              -21.8782
            ],
            [
              -49.4433,
              -21.8772
            ],
            [
              -49.4391,
              -21.8743
            ],
            [
              -49.4382,
              -21.8733
            ],
            [
              -49.4327,
              -21.8713
            ],
            [
              -49.4281,
              -21.8693
            ],
            [
              -49.4262,
              -21.8673
            ],
            [
              -49.423,
              -21.8654
            ],
            [
              -49.4218,
              -21.8642
            ],
            [
              -49.4186,
              -21.859
            ],
            [
              -49.4177,
              -21.8579
            ],
            [
              -49.4146,
              -21.8534
            ],
            [
              -49.4092,
              -21.8495
            ],
            [
              -49.4072,
              -21.8464
            ],
            [
              -49.4049,
              -21.8442
            ],
            [
              -49.4045,
              -21.843
            ],
            [
              -49.4048,
              -21.84
            ],
            [
              -49.4026,
              -21.8367
            ],
            [
              -49.4023,
              -21.8354
            ],
            [
              -49.4033,
              -21.8309
            ],
            [
              -49.4033,
              -21.8273
            ],
            [
              -49.4029,
              -21.8261
            ]
          ]
        ]
      },
      "properties": {
        "codarea": "3518107",
        "nome_municipio": "Guarantã",
        "codigo_ibge": 3518107
      }
    },
    {
      "type": "Feature",
      "geometry": {
        "type": "Polygon",
        "coordinates": [
          [
            [
              -50.0607,
              -22.4989
            ],
            [
              -50.0582,
              -22.4977
            ],
            [
              -50.0549,
              -22.4967
            ],
            [
              -50.0533,
              -22.497
            ],
            [
              -50.0509,
              -22.4982
            ],
            [
              -50.0479,
              -22.4984
            ],
            [
              -50.0445,
              -22.4978
            ],
            [
              -50.041,
              -22.4979
            ],
            [
              -50.0384,
              -22.4998
            ],
            [
              -50.0373,
              -22.5016
            ],
            [
              -50.0345,
              -22.5044
            ],
            [
              -50.0328,
              -22.5058
            ],
            [
              -50.0268,
              -22.5113
            ],
            [
              -50.0236,
              -22.5124
            ],
            [
              -50.0207,
              -22.5087
            ],
            [
              -50.0168,
              -22.5072
            ],
            [
              -50.012,
              -22.5074
            ],
            [
              -50.0083,
              -22.507
            ],
            [
              -50.0053,
              -22.5052
            ],
            [
              -50.0044,
              -22.5043
            ],
            [
              -50.0012,
              -22.499
            ],
            [
              -49.9995,
              -22.4976
            ],
            [
              -49.9976,
              -22.5001
            ],
            [
              -49.9961,
              -22.5015
            ],
            [
              -49.9959,
              -22.503
            ],
            [
              -49.9948,
              -22.5041
            ],
            [
              -49.9948,
              -22.5054
            ],
            [
              -49.9927,
              -22.5064
            ],
            [
              -49.9917,
              -22.5091
            ],
            [
              -49.9914,
              -22.5117
            ],
            [
              -49.9917,
              -22.5139
            ],
            [
              -49.9911,
              -22.5161
            ],
            [
              -49.9866,
              -22.5189
            ],
            [
              -49.9863,
              -22.5203
            ],
            [
              -49.9846,
              -22.5229
            ],
            [
              -49.9839,
              -22.5261
            ],
            [
              -49.9833,
              -22.5274
            ],
            [
              -49.9836,
              -22.5288
            ],
            [
              -49.9818,
              -22.5303
            ],
            [
              -49.979,
              -22.5303
            ],
            [
              -49.9775,
              -22.5282
            ],
            [
              -49.9711,
              -22.527
            ],
            [
              -49.9698,
              -22.5257
            ],
            [
              -49.9665,
              -22.5242
            ],
            [
              -49.9651,
              -22.524
            ],
            [
              -49.9626,
              -22.5245
            ],
            [
              -49.9605,
              -22.5262
            ],
            [
              -49.9575,
              -22.528
            ],
            [
              -49.9548,
              -22.529
            ],
            [
              -49.9532,
              -22.529
            ],
            [
              -49.9512,
              -22.528
            ],
            [
              -49.9477,
              -22.5274
            ],
            [
              -49.9456,
              -22.5279
            ],
            [
              -49.9423,
              -22.5294
            ],
            [
              -49.9388,
              -22.5316
            ],
            [
              -49.9325,
              -22.5366
            ],
            [
              -49.9263,
              -22.5408
            ],
            [
              -49.9247,
              -22.5405
            ],
            [
              -49.9206,
              -22.539
            ],
            [
              -49.9177,
              -22.5386
            ],
            [
              -49.9133,
              -22.5397
            ],
            [
              -49.9105,
              -22.5408
            ],
            [
              -49.9073,
              -22.5408
            ],
            [
              -49.9048,
              -22.5374
            ],
            [
              -49.9032,
              -22.5364
            ],
            [
              -49.9,
              -22.5352
            ],
            [
              -49.8975,
              -22.5312
            ],
            [
              -49.8966,
              -22.5282
            ],
            [
              -49.8951,
              -22.527
            ],
            [
              -49.8925,
              -22.5258
            ],
            [
              -49.8879,
              -22.5255
            ],
            [
              -49.8884,
              -22.5235
            ],
            [
              -49.8876,
              -22.5203
            ],
            [
              -49.8862,
              -22.5173
            ],
            [
              -49.8851,
              -22.513
            ],
            [
              -49.8859,
              -22.5102
            ],
            [
              -49.8854,
              -22.5058
            ],
            [
              -49.8857,
              -22.5018
            ],
            [
              -49.8847,
              -22.4988
            ],
            [
              -49.8809,
              -22.4958
            ],
            [
              -49.8807,
              -22.4944
            ],
            [
              -49.876,
              -22.4894
            ],
            [
              -49.8747,
              -22.4846
            ],
            [
              -49.8768,
              -22.4822
            ],
            [
              -49.8761,
              -22.4782
            ],
            [
              -49.8769,
              -22.4764
            ],
            [
              -49.8768,
              -22.474
            ],
            [
              -49.8752,
              -22.4722
            ],
            [
              -49.873,
              -22.4716
            ],
            [
              -49.87,
              -22.4698
            ],
            [
              -49.8687,
              -22.4668
            ],
            [
              -49.8674,
              -22.465
            ],
            [
              -49.8678,
              -22.4632
            ],
            [
              -49.8695,
              -22.4616
            ],
            [
              -49.8714,
              -22.4592
            ],
            [
              -49.8722,
              -22.4571
            ],
            [
              -49.8714,
              -22.4554
            ],
            [
              -49.8691,
              -22.4539
            ],
            [
              -49.8667,
              -22.4537
            ],
            [
              -49.8626,
              -22.4526
            ],
            [
              -49.8619,
              -22.4509
            ],
            [
              -49.8618,
              -22.4477
            ],
            [
              -49.8597,
              -22.4446
            ],
            [
              -49.8594,
              -22.4416
            ],
            [
              -49.8575,
              -22.438
            ],
            [
              -49.8573,
              -22.4355
            ],
            [
              -49.856,
              -22.4336
            ],
            [
              -49.8551,
              -22.4316
            ],
            [
              -49.8545,
              -22.4292
            ],
            [
              -49.8549,
              -22.4269
            ],
            [
              -49.8548,
              -22.4247
            ],
            [
              -49.8561,
              -22.4229
            ],
            [
              -49.8565,
              -22.4211
            ],
            [
              -49.8554,
              -22.4173
            ],
            [
              -49.8551,
              -22.4125
            ],
            [
              -49.8543,
              -22.4094
            ],
            [
              -49.8527,
              -22.4071
            ],
            [
              -49.8534,
              -22.4047
            ],
            [
              -49.8517,
              -22.4009
            ],
            [
              -49.853,
              -22.3982
            ],
            [
              -49.8551,
              -22.3965
            ],
            [
              -49.8553,
              -22.3938
            ],
            [
              -49.8546,
              -22.3921
            ],
            [
              -49.8549,
              -22.3905
            ],
            [
              -49.8544,
              -22.3892
            ],
            [
              -49.8533,
              -22.3885
            ],
            [
              -49.853,
              -22.3874
            ],
            [
              -49.8537,
              -22.3842
            ],
            [
              -49.8539,
              -22.3819
            ],
            [
              -49.8532,
              -22.3808
            ],
            [
              -49.8538,
              -22.3787
            ],
            [
              -49.8526,
              -22.3761
            ],
            [
              -49.8547,
              -22.3748
            ],
            [
              -49.8539,
              -22.373
            ],
            [
              -49.8541,
              -22.3713
            ],
            [
              -49.8549,
              -22.3699
            ],
            [
              -49.8542,
              -22.3675
            ],
            [
              -49.8549,
              -22.3667
            ],
            [
              -49.8536,
              -22.3657
            ],
            [
              -49.8541,
              -22.3627
            ],
            [
              -49.8536,
              -22.3606
            ],
            [
              -49.8527,
              -22.3602
            ],
            [
              -49.8531,
              -22.3579
            ],
            [
              -49.8547,
              -22.3569
            ],
            [
              -49.8581,
              -22.3558
            ],
            [
              -49.8595,
              -22.3544
            ],
            [
              -49.8637,
              -22.3519
            ],
            [
              -49.8651,
              -22.3521
            ],
            [
              -49.8688,
              -22.3503
            ],
            [
              -49.8708,
              -22.3504
            ],
            [
              -49.8735,
              -22.3498
            ],
            [
              -49.8746,
              -22.3516
            ],
            [
              -49.8768,
              -22.3518
            ],
            [
              -49.8787,
              -22.3534
            ],
            [
              -49.8809,
              -22.3539
            ],
            [
              -49.8844,
              -22.3529
            ],
            [
              -49.8854,
              -22.3518
            ],
            [
              -49.8867,
              -22.3518
            ],
            [
              -49.8876,
              -22.3529
            ],
            [
              -49.8887,
              -22.3524
            ],
            [
              -49.8894,
              -22.3512
            ],
            [
              -49.8913,
              -22.35
            ],
            [
              -49.892,
              -22.349
            ],
            [
              -49.8933,
              -22.3488
            ],
            [
              -49.8951,
              -22.3495
            ],
            [
              -49.898,
              -22.3481
            ],
            [
              -49.9008,
              -22.3475
            ],
            [
              -49.903,
              -22.3476
            ],
            [
              -49.9047,
              -22.3454
            ],
            [
              -49.9085,
              -22.3441
            ],
            [
              -49.9098,
              -22.3408
            ],
            [
              -49.9092,
              -22.3396
            ],
            [
              -49.9107,
              -22.3388
            ],
            [
              -49.9111,
              -22.3371
            ],
            [
              -49.9132,
              -22.3359
            ],
            [
              -49.9145,
              -22.3351
            ],
            [
              -49.9164,
              -22.3349
            ],
            [
              -49.9178,
              -22.3357
            ],
            [
              -49.9198,
              -22.3354
            ],
            [
              -49.9212,
              -22.3344
            ],
            [
              -49.9218,
              -22.3325
            ],
            [
              -49.9237,
              -22.331
            ],
            [
              -49.925,
              -22.3313
            ],
            [
              -49.9265,
              -22.3307
            ],
            [
              -49.9295,
              -22.3306
            ],
            [
              -49.9311,
              -22.3315
            ],
            [
              -49.9346,
              -22.3352
            ],
            [
              -49.9364,
              -22.3349
            ],
            [
              -49.9364,
              -22.3367
            ],
            [
              -49.9396,
              -22.3347
            ],
            [
              -49.9409,
              -22.3365
            ],
            [
              -49.9431,
              -22.336
            ],
            [
              -49.9442,
              -22.3366
            ],
            [
              -49.946,
              -22.3391
            ],
            [
              -49.9473,
              -22.3392
            ],
            [
              -49.9485,
              -22.3366
            ],
            [
              -49.9497,
              -22.3356
            ],
            [
              -49.9519,
              -22.336
            ],
            [
              -49.9528,
              -22.3336
            ],
            [
              -49.955,
              -22.3319
            ],
            [
              -49.9555,
              -22.3307
            ],
            [
              -49.9555,
              -22.3282
            ],
            [
              -49.9563,
              -22.3277
            ],
            [
              -49.9589,
              -22.3281
            ],
            [
              -49.9613,
              -22.3289
            ],
            [
              -49.9616,
              -22.3307
            ],
            [
              -49.9637,
              -22.331
            ],
            [
              -49.967,
              -22.3304
            ],
            [
              -49.9689,
              -22.3296
            ],
            [
              -49.971,
              -22.3281
            ],
            [
              -49.9737,
              -22.3274
            ],
            [
              -49.977,
              -22.3275
            ],
            [
              -49.9818,
              -22.3283
            ],
            [
              -49.9829,
              -22.3293
            ],
            [
              -49.9831,
              -22.3311
            ],
            [
              -49.9812,
              -22.3354
            ],
            [
              -49.9817,
              -22.3381
            ],
            [
              -49.9814,
              -22.3398
            ],
            [
              -49.98,
              -22.3418
            ],
            [
              -49.979,
              -22.3443
            ],
            [
              -49.979,
              -22.3459
            ],
            [
              -49.9778,
              -22.3492
            ],
            [
              -49.9768,
              -22.3503
            ],
            [
              -49.9772,
              -22.3521
            ],
            [
              -49.9762,
              -22.3555
            ],
            [
              -49.9747,
              -22.3575
            ],
            [
              -49.9745,
              -22.36
            ],
            [
              -49.9745,
              -22.3632
            ],
            [
              -49.9755,
              -22.367
            ],
            [
              -49.9755,
              -22.3704
            ],
            [
              -49.9737,
              -22.3725
            ],
            [
              -49.9727,
              -22.3759
            ],
            [
              -49.9712,
              -22.3771
            ],
            [
              -49.9699,
              -22.3794
            ],
            [
              -49.9685,
              -22.3829
            ],
            [
              -49.9693,
              -22.3877
            ],
            [
              -49.9684,
              -22.3914
            ],
            [
              -49.9674,
              -22.3942
            ],
            [
              -49.9639,
              -22.3985
            ],
            [
              -49.963,
              -22.4003
            ],
            [
              -49.9667,
              -22.4035
            ],
            [
              -49.9675,
              -22.4048
            ],
            [
              -49.9685,
              -22.4082
            ],
            [
              -49.9694,
              -22.4089
            ],
            [
              -49.9742,
              -22.4088
            ],
            [
              -49.976,
              -22.4084
            ],
            [
              -49.9802,
              -22.4085
            ],
            [
              -49.985,
              -22.4073
            ],
            [
              -49.9865,
              -22.4077
            ],
            [
              -49.9881,
              -22.4098
            ],
            [
              -49.9913,
              -22.4115
            ],
            [
              -49.9923,
              -22.4111
            ],
            [
              -49.9946,
              -22.4089
            ],
            [
              -49.9968,
              -22.4085
            ],
            [
              -49.998,
              -22.409
            ],
            [
              -49.9988,
              -22.4131
            ],
            [
              -50.0,
              -22.4146
            ],
            [
              -50.0026,
              -22.4166
            ],
            [
              -50.0038,
              -22.419
            ],
            [
              -50.0058,
              -22.4212
            ],
            [
              -50.0083,
              -22.4222
            ],
            [
              -50.0106,
              -22.4243
            ],
            [
              -50.0127,
              -22.4254
            ],
            [
              -50.0144,
              -22.4267
            ],
            [
              -50.0155,
              -22.4295
            ],
            [
              -50.0176,
              -22.4316
            ],
            [
              -50.0185,
              -22.4336
            ],
            [
              -50.0218,
              -22.4348
            ],
            [
              -50.0237,
              -22.4363
            ],
            [
              -50.0253,
              -22.436
            ],
            [
              -50.0258,
              -22.4391
            ],
            [
              -50.028,
              -22.44
            ],
            [
              -50.0279,
              -22.4414
            ],
            [
              -50.0286,
              -22.4436
            ],
            [
              -50.0305,
              -22.4458
            ],
            [
              -50.03,
              -22.4473
            ],
            [
              -50.0313,
              -22.4477
            ],
            [
              -50.0313,
              -22.4505
            ],
            [
              -50.0326,
              -22.4513
            ],
            [
              -50.0335,
              -22.4535
            ],
            [
              -50.0333,
              -22.4543
            ],
            [
              -50.0384,
              -22.4545
            ],
            [
              -50.04,
              -22.4553
            ],
            [
              -50.0405,
              -22.4563
            ],
            [
              -50.0405,
              -22.4592
            ],
            [
              -50.0388,
              -22.4612
            ],
            [
              -50.0379,
              -22.4631
            ],
            [
              -50.0374,
              -22.4654
            ],
            [
              -50.0348,
              -22.4681
            ],
            [
              -50.0335,
              -22.4724
            ],
            [
              -50.0309,
              -22.4755
            ],
            [
              -50.0232,
              -22.48
            ],
            [
              -50.0221,
              -22.4818
            ],
            [
              -50.0233,
              -22.4825
            ],
            [
              -50.0302,
              -22.4823
            ],
            [
              -50.0324,
              -22.4831
            ],
            [
              -50.0355,
              -22.4838
            ],
            [
              -50.0366,
              -22.4848
            ],
            [
              -50.0379,
              -22.4881
            ],
            [
              -50.039,
              -22.4893
            ],
            [
              -50.0424,
              -22.4894
            ],
            [
              -50.0445,
              -22.4882
            ],
            [
              -50.0475,
              -22.4885
            ],
            [
              -50.0511,
              -22.4879
            ],
            [
              -50.0521,
              -22.4865
            ],
            [
              -50.0536,
              -22.4865
            ],
            [
              -50.0554,
              -22.4895
            ],
            [
              -50.0567,
              -22.4909
            ],
            [
              -50.0573,
              -22.4925
            ],
            [
              -50.0588,
              -22.4939
            ],
            [
              -50.0605,
              -22.4962
            ],
            [
              -50.0607,
              -22.4989
            ]
          ]
        ]
      },
      "properties": {
        "codarea": "3533700",
        "nome_municipio": "Ocauçu",
        "codigo_ibge": 3533700
      }
    },
    {
      "type": "Feature",
      "geometry": {
        "type": "Polygon",
        "coordinates": [
          [
            [
              -49.7355,
              -22.3823
            ],
            [
              -49.7394,
              -22.3807
            ],
            [
              -49.7416,
              -22.3815
            ],
            [
              -49.7462,
              -22.3789
            ],
            [
              -49.749,
              -22.3767
            ],
            [
              -49.75,
              -22.3751
            ],
            [
              -49.7509,
              -22.3693
            ],
            [
              -49.7499,
              -22.3661
            ],
            [
              -49.7513,
              -22.3618
            ],
            [
              -49.7511,
              -22.3593
            ],
            [
              -49.7497,
              -22.3565
            ],
            [
              -49.7506,
              -22.3546
            ],
            [
              -49.7499,
              -22.3532
            ],
            [
              -49.7503,
              -22.3518
            ],
            [
              -49.7542,
              -22.3537
            ],
            [
              -49.7551,
              -22.3537
            ],
            [
              -49.758,
              -22.3522
            ],
            [
              -49.7594,
              -22.3527
            ],
            [
              -49.7612,
              -22.3541
            ],
            [
              -49.7645,
              -22.3549
            ],
            [
              -49.7671,
              -22.355
            ],
            [
              -49.7689,
              -22.3542
            ],
            [
              -49.7696,
              -22.3546
            ],
            [
              -49.7725,
              -22.3541
            ],
            [
              -49.774,
              -22.3545
            ],
            [
              -49.7759,
              -22.3532
            ],
            [
              -49.7779,
              -22.354
            ],
            [
              -49.7791,
              -22.3534
            ],
            [
              -49.782,
              -22.3533
            ],
            [
              -49.783,
              -22.3521
            ],
            [
              -49.7846,
              -22.3514
            ],
            [
              -49.7859,
              -22.3517
            ],
            [
              -49.7879,
              -22.351
            ],
            [
              -49.7887,
              -22.3518
            ],
            [
              -49.7899,
              -22.3511
            ],
            [
              -49.7916,
              -22.3513
            ],
            [
              -49.7918,
              -22.353
            ],
            [
              -49.7961,
              -22.3548
            ],
            [
              -49.7979,
              -22.3535
            ],
            [
              -49.8002,
              -22.3535
            ],
            [
              -49.8003,
              -22.3544
            ],
            [
              -49.8025,
              -22.3552
            ],
            [
              -49.8052,
              -22.355
            ],
            [
              -49.8064,
              -22.3556
            ],
            [
              -49.8092,
              -22.3557
            ],
            [
              -49.8107,
              -22.3554
            ],
            [
              -49.8118,
              -22.3563
            ],
            [
              -49.8134,
              -22.3585
            ],
            [
              -49.8148,
              -22.3592
            ],
            [
              -49.8169,
              -22.3591
            ],
            [
              -49.8191,
              -22.3598
            ],
            [
              -49.8217,
              -22.3598
            ],
            [
              -49.8226,
              -22.3585
            ],
            [
              -49.8252,
              -22.3578
            ],
            [
              -49.8269,
              -22.3586
            ],
            [
              -49.8297,
              -22.3582
            ],
            [
              -49.8298,
              -22.3587
            ],
            [
              -49.8325,
              -22.3598
            ],
            [
              -49.8347,
              -22.3589
            ],
            [
              -49.8358,
              -22.3592
            ],
            [
              -49.8378,
              -22.3584
            ],
            [
              -49.838,
              -22.3564
            ],
            [
              -49.842,
              -22.3544
            ],
            [
              -49.845,
              -22.3534
            ],
            [
              -49.8459,
              -22.3554
            ],
            [
              -49.8477,
              -22.3562
            ],
            [
              -49.8495,
              -22.3565
            ],
            [
              -49.8497,
              -22.3554
            ],
            [
              -49.8519,
              -22.3552
            ],
            [
              -49.8547,
              -22.3569
            ],
            [
              -49.8531,
              -22.3579
            ],
            [
              -49.8527,
              -22.3602
            ],
            [
              -49.8536,
              -22.3606
            ],
            [
              -49.8541,
              -22.3627
            ],
            [
              -49.8536,
              -22.3657
            ],
            [
              -49.8549,
              -22.3667
            ],
            [
              -49.8542,
              -22.3675
            ],
            [
              -49.8549,
              -22.3699
            ],
            [
              -49.8541,
              -22.3713
            ],
            [
              -49.8539,
              -22.373
            ],
            [
              -49.8547,
              -22.3748
            ],
            [
              -49.8526,
              -22.3761
            ],
            [
              -49.8538,
              -22.3787
            ],
            [
              -49.8532,
              -22.3808
            ],
            [
              -49.8539,
              -22.3819
            ],
            [
              -49.8537,
              -22.3842
            ],
            [
              -49.853,
              -22.3874
            ],
            [
              -49.8533,
              -22.3885
            ],
            [
              -49.8544,
              -22.3892
            ],
            [
              -49.8549,
              -22.3905
            ],
            [
              -49.8546,
              -22.3921
            ],
            [
              -49.8553,
              -22.3938
            ],
            [
              -49.8551,
              -22.3965
            ],
            [
              -49.853,
              -22.3982
            ],
            [
              -49.8517,
              -22.4009
            ],
            [
              -49.8534,
              -22.4047
            ],
            [
              -49.8527,
              -22.4071
            ],
            [
              -49.8543,
              -22.4094
            ],
            [
              -49.8551,
              -22.4125
            ],
            [
              -49.8554,
              -22.4173
            ],
            [
              -49.8565,
              -22.4211
            ],
            [
              -49.8561,
              -22.4229
            ],
            [
              -49.8548,
              -22.4247
            ],
            [
              -49.8549,
              -22.4269
            ],
            [
              -49.8545,
              -22.4292
            ],
            [
              -49.8551,
              -22.4316
            ],
            [
              -49.856,
              -22.4336
            ],
            [
              -49.8573,
              -22.4355
            ],
            [
              -49.8575,
              -22.438
            ],
            [
              -49.8594,
              -22.4416
            ],
            [
              -49.8597,
              -22.4446
            ],
            [
              -49.8618,
              -22.4477
            ],
            [
              -49.8619,
              -22.4509
            ],
            [
              -49.8626,
              -22.4526
            ],
            [
              -49.8667,
              -22.4537
            ],
            [
              -49.8691,
              -22.4539
            ],
            [
              -49.8714,
              -22.4554
            ],
            [
              -49.8722,
              -22.4571
            ],
            [
              -49.8714,
              -22.4592
            ],
            [
              -49.8695,
              -22.4616
            ],
            [
              -49.8678,
              -22.4632
            ],
            [
              -49.8674,
              -22.465
            ],
            [
              -49.8687,
              -22.4668
            ],
            [
              -49.87,
              -22.4698
            ],
            [
              -49.873,
              -22.4716
            ],
            [
              -49.8752,
              -22.4722
            ],
            [
              -49.8768,
              -22.474
            ],
            [
              -49.8769,
              -22.4764
            ],
            [
              -49.8761,
              -22.4782
            ],
            [
              -49.8768,
              -22.4822
            ],
            [
              -49.8747,
              -22.4846
            ],
            [
              -49.876,
              -22.4894
            ],
            [
              -49.8807,
              -22.4944
            ],
            [
              -49.8809,
              -22.4958
            ],
            [
              -49.8847,
              -22.4988
            ],
            [
              -49.8857,
              -22.5018
            ],
            [
              -49.8854,
              -22.5058
            ],
            [
              -49.8828,
              -22.506
            ],
            [
              -49.8794,
              -22.5071
            ],
            [
              -49.8777,
              -22.5082
            ],
            [
              -49.8751,
              -22.5104
            ],
            [
              -49.8721,
              -22.5114
            ],
            [
              -49.867,
              -22.5121
            ],
            [
              -49.864,
              -22.5132
            ],
            [
              -49.8577,
              -22.5131
            ],
            [
              -49.8551,
              -22.5117
            ],
            [
              -49.8535,
              -22.5116
            ],
            [
              -49.8504,
              -22.5148
            ],
            [
              -49.8493,
              -22.517
            ],
            [
              -49.8494,
              -22.5196
            ],
            [
              -49.8506,
              -22.5213
            ],
            [
              -49.8508,
              -22.5227
            ],
            [
              -49.8495,
              -22.5235
            ],
            [
              -49.8454,
              -22.5228
            ],
            [
              -49.8421,
              -22.5228
            ],
            [
              -49.8395,
              -22.5223
            ],
            [
              -49.8355,
              -22.5194
            ],
            [
              -49.8337,
              -22.5194
            ],
            [
              -49.8305,
              -22.5226
            ],
            [
              -49.8286,
              -22.5238
            ],
            [
              -49.8247,
              -22.5259
            ],
            [
              -49.8236,
              -22.5262
            ],
            [
              -49.8186,
              -22.5268
            ],
            [
              -49.8176,
              -22.5261
            ],
            [
              -49.8189,
              -22.5248
            ],
            [
              -49.8199,
              -22.5216
            ],
            [
              -49.8186,
              -22.5212
            ],
            [
              -49.8171,
              -22.5194
            ],
            [
              -49.8188,
              -22.5183
            ],
            [
              -49.8205,
              -22.516
            ],
            [
              -49.8204,
              -22.5153
            ],
            [
              -49.8187,
              -22.5137
            ],
            [
              -49.8177,
              -22.5113
            ],
            [
              -49.8199,
              -22.5097
            ],
            [
              -49.8199,
              -22.5074
            ],
            [
              -49.8181,
              -22.5031
            ],
            [
              -49.8161,
              -22.5012
            ],
            [
              -49.8141,
              -22.4984
            ],
            [
              -49.8112,
              -22.4975
            ],
            [
              -49.8101,
              -22.4967
            ],
            [
              -49.8086,
              -22.4943
            ],
            [
              -49.8066,
              -22.4899
            ],
            [
              -49.8053,
              -22.4886
            ],
            [
              -49.8043,
              -22.4852
            ],
            [
              -49.8042,
              -22.4827
            ],
            [
              -49.805,
              -22.4808
            ],
            [
              -49.8042,
              -22.4761
            ],
            [
              -49.8045,
              -22.4751
            ],
            [
              -49.8038,
              -22.4738
            ],
            [
              -49.8039,
              -22.4726
            ],
            [
              -49.8021,
              -22.4709
            ],
            [
              -49.8032,
              -22.469
            ],
            [
              -49.8024,
              -22.4667
            ],
            [
              -49.8006,
              -22.4643
            ],
            [
              -49.8013,
              -22.4625
            ],
            [
              -49.8004,
              -22.4606
            ],
            [
              -49.8013,
              -22.4581
            ],
            [
              -49.8019,
              -22.4546
            ],
            [
              -49.8009,
              -22.4532
            ],
            [
              -49.8005,
              -22.4511
            ],
            [
              -49.8004,
              -22.4473
            ],
            [
              -49.7997,
              -22.4452
            ],
            [
              -49.7975,
              -22.4439
            ],
            [
              -49.7963,
              -22.4405
            ],
            [
              -49.7957,
              -22.4377
            ],
            [
              -49.7941,
              -22.437
            ],
            [
              -49.7903,
              -22.4367
            ],
            [
              -49.7895,
              -22.4371
            ],
            [
              -49.7867,
              -22.4365
            ],
            [
              -49.7843,
              -22.435
            ],
            [
              -49.7827,
              -22.435
            ],
            [
              -49.7822,
              -22.4331
            ],
            [
              -49.7803,
              -22.4306
            ],
            [
              -49.7796,
              -22.4303
            ],
            [
              -49.7757,
              -22.4301
            ],
            [
              -49.7733,
              -22.4302
            ],
            [
              -49.7703,
              -22.4284
            ],
            [
              -49.7687,
              -22.4266
            ],
            [
              -49.7687,
              -22.424
            ],
            [
              -49.7674,
              -22.4221
            ],
            [
              -49.7648,
              -22.4199
            ],
            [
              -49.7636,
              -22.4179
            ],
            [
              -49.7633,
              -22.4164
            ],
            [
              -49.764,
              -22.4145
            ],
            [
              -49.763,
              -22.4127
            ],
            [
              -49.7537,
              -22.4123
            ],
            [
              -49.7526,
              -22.4118
            ],
            [
              -49.7516,
              -22.4102
            ],
            [
              -49.7499,
              -22.4086
            ],
            [
              -49.7483,
              -22.4055
            ],
            [
              -49.7455,
              -22.4061
            ],
            [
              -49.7399,
              -22.4065
            ],
            [
              -49.7415,
              -22.4019
            ],
            [
              -49.7434,
              -22.3991
            ],
            [
              -49.7439,
              -22.397
            ],
            [
              -49.746,
              -22.3939
            ],
            [
              -49.7462,
              -22.3929
            ],
            [
              -49.7411,
              -22.3873
            ],
            [
              -49.7393,
              -22.3869
            ],
            [
              -49.7355,
              -22.3823
            ]
          ]
        ]
      },
      "properties": {
        "codarea": "3527801",
        "nome_municipio": "Lupércio",
        "codigo_ibge": 3527801
      }
    },
    {
      "type": "Feature",
      "geometry": {
        "type": "Polygon",
        "coordinates": [
          [
            [
              -49.6285,
              -22.4692
            ],
            [
              -49.6276,
              -22.4704
            ],
            [
              -49.627,
              -22.4725
            ],
            [
              -49.6249,
              -22.4751
            ],
            [
              -49.6216,
              -22.4758
            ],
            [
              -49.6172,
              -22.4787
            ],
            [
              -49.616,
              -22.48
            ],
            [
              -49.6144,
              -22.4832
            ],
            [
              -49.6131,
              -22.4844
            ],
            [
              -49.61,
              -22.485
            ],
            [
              -49.609,
              -22.4856
            ],
            [
              -49.6096,
              -22.4883
            ],
            [
              -49.6108,
              -22.4896
            ],
            [
              -49.611,
              -22.4908
            ],
            [
              -49.6088,
              -22.4938
            ],
            [
              -49.6083,
              -22.4965
            ],
            [
              -49.6089,
              -22.4972
            ],
            [
              -49.611,
              -22.4974
            ],
            [
              -49.6122,
              -22.4982
            ],
            [
              -49.6126,
              -22.5017
            ],
            [
              -49.6159,
              -22.5087
            ],
            [
              -49.6162,
              -22.5101
            ],
            [
              -49.6159,
              -22.5125
            ],
            [
              -49.6151,
              -22.5143
            ],
            [
              -49.6162,
              -22.5179
            ],
            [
              -49.616,
              -22.5191
            ],
            [
              -49.6137,
              -22.5222
            ],
            [
              -49.6129,
              -22.5229
            ],
            [
              -49.6108,
              -22.5261
            ],
            [
              -49.61,
              -22.5287
            ],
            [
              -49.6075,
              -22.5305
            ],
            [
              -49.607,
              -22.5317
            ],
            [
              -49.6074,
              -22.5335
            ],
            [
              -49.607,
              -22.5356
            ],
            [
              -49.6037,
              -22.5362
            ],
            [
              -49.6017,
              -22.537
            ],
            [
              -49.5981,
              -22.5406
            ],
            [
              -49.5963,
              -22.5416
            ],
            [
              -49.5955,
              -22.5432
            ],
            [
              -49.5927,
              -22.5465
            ],
            [
              -49.5914,
              -22.5501
            ],
            [
              -49.5896,
              -22.5518
            ],
            [
              -49.5877,
              -22.5525
            ],
            [
              -49.5862,
              -22.5539
            ],
            [
              -49.5862,
              -22.5551
            ],
            [
              -49.5851,
              -22.5575
            ],
            [
              -49.5796,
              -22.5613
            ],
            [
              -49.578,
              -22.5612
            ],
            [
              -49.5763,
              -22.5606
            ],
            [
              -49.5743,
              -22.5615
            ],
            [
              -49.5714,
              -22.5642
            ],
            [
              -49.5705,
              -22.566
            ],
            [
              -49.5695,
              -22.5664
            ],
            [
              -49.5668,
              -22.5685
            ],
            [
              -49.565,
              -22.5706
            ],
            [
              -49.5651,
              -22.5734
            ],
            [
              -49.5662,
              -22.575
            ],
            [
              -49.5625,
              -22.5761
            ],
            [
              -49.5603,
              -22.5754
            ],
            [
              -49.559,
              -22.5698
            ],
            [
              -49.558,
              -22.5698
            ],
            [
              -49.5578,
              -22.5671
            ],
            [
              -49.5588,
              -22.5655
            ],
            [
              -49.5575,
              -22.5644
            ],
            [
              -49.5568,
              -22.5611
            ],
            [
              -49.5543,
              -22.5583
            ],
            [
              -49.5528,
              -22.5585
            ],
            [
              -49.5497,
              -22.5612
            ],
            [
              -49.5475,
              -22.5611
            ],
            [
              -49.5464,
              -22.5631
            ],
            [
              -49.5454,
              -22.5638
            ],
            [
              -49.5429,
              -22.5633
            ],
            [
              -49.5404,
              -22.5605
            ],
            [
              -49.5389,
              -22.5577
            ],
            [
              -49.5389,
              -22.5567
            ],
            [
              -49.5409,
              -22.5536
            ],
            [
              -49.5426,
              -22.5535
            ],
            [
              -49.5445,
              -22.5519
            ],
            [
              -49.5442,
              -22.5502
            ],
            [
              -49.543,
              -22.5474
            ],
            [
              -49.5404,
              -22.5473
            ],
            [
              -49.5396,
              -22.5465
            ],
            [
              -49.5341,
              -22.5467
            ],
            [
              -49.5345,
              -22.5458
            ],
            [
              -49.5332,
              -22.5412
            ],
            [
              -49.5314,
              -22.5381
            ],
            [
              -49.5301,
              -22.5367
            ],
            [
              -49.5287,
              -22.5372
            ],
            [
              -49.5264,
              -22.5364
            ],
            [
              -49.5247,
              -22.5347
            ],
            [
              -49.5241,
              -22.5312
            ],
            [
              -49.5267,
              -22.5292
            ],
            [
              -49.5272,
              -22.5281
            ],
            [
              -49.5267,
              -22.5243
            ],
            [
              -49.5256,
              -22.5227
            ],
            [
              -49.5236,
              -22.5221
            ],
            [
              -49.5201,
              -22.5238
            ],
            [
              -49.5191,
              -22.5223
            ],
            [
              -49.5199,
              -22.519
            ],
            [
              -49.5186,
              -22.519
            ],
            [
              -49.5173,
              -22.5182
            ],
            [
              -49.5152,
              -22.5177
            ],
            [
              -49.5154,
              -22.5167
            ],
            [
              -49.5137,
              -22.516
            ],
            [
              -49.5118,
              -22.5165
            ],
            [
              -49.5107,
              -22.5177
            ],
            [
              -49.5093,
              -22.518
            ],
            [
              -49.5071,
              -22.5126
            ],
            [
              -49.505,
              -22.5131
            ],
            [
              -49.5048,
              -22.5142
            ],
            [
              -49.503,
              -22.5138
            ],
            [
              -49.5013,
              -22.5111
            ],
            [
              -49.4991,
              -22.5106
            ],
            [
              -49.499,
              -22.5099
            ],
            [
              -49.4926,
              -22.5085
            ],
            [
              -49.4898,
              -22.5098
            ],
            [
              -49.486,
              -22.5085
            ],
            [
              -49.485,
              -22.5078
            ],
            [
              -49.4842,
              -22.5046
            ],
            [
              -49.4846,
              -22.5031
            ],
            [
              -49.4847,
              -22.5015
            ],
            [
              -49.4858,
              -22.5002
            ],
            [
              -49.4849,
              -22.4994
            ],
            [
              -49.4846,
              -22.4977
            ],
            [
              -49.4868,
              -22.4972
            ],
            [
              -49.4892,
              -22.4953
            ],
            [
              -49.4892,
              -22.4922
            ],
            [
              -49.4913,
              -22.4905
            ],
            [
              -49.4902,
              -22.4891
            ],
            [
              -49.4904,
              -22.487
            ],
            [
              -49.4917,
              -22.4857
            ],
            [
              -49.4934,
              -22.4852
            ],
            [
              -49.4953,
              -22.4853
            ],
            [
              -49.4953,
              -22.4839
            ],
            [
              -49.497,
              -22.4813
            ],
            [
              -49.5004,
              -22.4808
            ],
            [
              -49.5025,
              -22.4801
            ],
            [
              -49.5033,
              -22.4787
            ],
            [
              -49.4988,
              -22.4739
            ],
            [
              -49.4986,
              -22.4732
            ],
            [
              -49.5002,
              -22.4707
            ],
            [
              -49.5029,
              -22.4699
            ],
            [
              -49.5039,
              -22.4677
            ],
            [
              -49.5024,
              -22.4657
            ],
            [
              -49.4998,
              -22.4604
            ],
            [
              -49.4982,
              -22.4561
            ],
            [
              -49.4981,
              -22.4539
            ],
            [
              -49.4971,
              -22.4499
            ],
            [
              -49.4945,
              -22.4462
            ],
            [
              -49.4928,
              -22.4446
            ],
            [
              -49.492,
              -22.4411
            ],
            [
              -49.4902,
              -22.4404
            ],
            [
              -49.4896,
              -22.4393
            ],
            [
              -49.4895,
              -22.4363
            ],
            [
              -49.4901,
              -22.4343
            ],
            [
              -49.4898,
              -22.4323
            ],
            [
              -49.4873,
              -22.4303
            ],
            [
              -49.4856,
              -22.4284
            ],
            [
              -49.4839,
              -22.4275
            ],
            [
              -49.4812,
              -22.4269
            ],
            [
              -49.4794,
              -22.4252
            ],
            [
              -49.4774,
              -22.4226
            ],
            [
              -49.4768,
              -22.4194
            ],
            [
              -49.4772,
              -22.4179
            ],
            [
              -49.4803,
              -22.4136
            ],
            [
              -49.4814,
              -22.4109
            ],
            [
              -49.4819,
              -22.4071
            ],
            [
              -49.4813,
              -22.4022
            ],
            [
              -49.4813,
              -22.401
            ],
            [
              -49.4805,
              -22.3976
            ],
            [
              -49.4807,
              -22.3965
            ],
            [
              -49.4828,
              -22.3944
            ],
            [
              -49.4845,
              -22.3941
            ],
            [
              -49.4869,
              -22.3949
            ],
            [
              -49.4894,
              -22.3962
            ],
            [
              -49.4924,
              -22.3955
            ],
            [
              -49.4944,
              -22.3955
            ],
            [
              -49.4961,
              -22.3972
            ],
            [
              -49.4979,
              -22.3999
            ],
            [
              -49.4991,
              -22.4004
            ],
            [
              -49.5007,
              -22.3993
            ],
            [
              -49.5015,
              -22.3971
            ],
            [
              -49.5024,
              -22.3958
            ],
            [
              -49.5036,
              -22.3956
            ],
            [
              -49.5082,
              -22.3966
            ],
            [
              -49.5128,
              -22.3957
            ],
            [
              -49.5159,
              -22.3952
            ],
            [
              -49.5176,
              -22.3939
            ],
            [
              -49.5198,
              -22.3936
            ],
            [
              -49.5245,
              -22.3935
            ],
            [
              -49.5284,
              -22.394
            ],
            [
              -49.5324,
              -22.3953
            ],
            [
              -49.5347,
              -22.395
            ],
            [
              -49.5389,
              -22.3927
            ],
            [
              -49.541,
              -22.3922
            ],
            [
              -49.5438,
              -22.391
            ],
            [
              -49.5476,
              -22.3909
            ],
            [
              -49.5525,
              -22.3914
            ],
            [
              -49.5538,
              -22.3923
            ],
            [
              -49.5564,
              -22.392
            ],
            [
              -49.5581,
              -22.3911
            ],
            [
              -49.5609,
              -22.3902
            ],
            [
              -49.5627,
              -22.3892
            ],
            [
              -49.5666,
              -22.3858
            ],
            [
              -49.5694,
              -22.3836
            ],
            [
              -49.5703,
              -22.3854
            ],
            [
              -49.57,
              -22.3884
            ],
            [
              -49.5701,
              -22.3903
            ],
            [
              -49.5713,
              -22.3927
            ],
            [
              -49.5717,
              -22.3968
            ],
            [
              -49.571,
              -22.399
            ],
            [
              -49.5722,
              -22.4038
            ],
            [
              -49.5751,
              -22.4078
            ],
            [
              -49.5755,
              -22.4149
            ],
            [
              -49.5761,
              -22.4171
            ],
            [
              -49.5777,
              -22.4191
            ],
            [
              -49.5816,
              -22.4234
            ],
            [
              -49.5822,
              -22.4249
            ],
            [
              -49.5836,
              -22.4256
            ],
            [
              -49.5853,
              -22.4256
            ],
            [
              -49.5886,
              -22.4277
            ],
            [
              -49.5902,
              -22.4296
            ],
            [
              -49.594,
              -22.4324
            ],
            [
              -49.5953,
              -22.4339
            ],
            [
              -49.5965,
              -22.4343
            ],
            [
              -49.5981,
              -22.4364
            ],
            [
              -49.6003,
              -22.4382
            ],
            [
              -49.6012,
              -22.4409
            ],
            [
              -49.6019,
              -22.4419
            ],
            [
              -49.6039,
              -22.4431
            ],
            [
              -49.6039,
              -22.4447
            ],
            [
              -49.6048,
              -22.4461
            ],
            [
              -49.6055,
              -22.4484
            ],
            [
              -49.6035,
              -22.4509
            ],
            [
              -49.6041,
              -22.4536
            ],
            [
              -49.5989,
              -22.4545
            ],
            [
              -49.5968,
              -22.4538
            ],
            [
              -49.5956,
              -22.4561
            ],
            [
              -49.5965,
              -22.4581
            ],
            [
              -49.5962,
              -22.4594
            ],
            [
              -49.5971,
              -22.4599
            ],
            [
              -49.6001,
              -22.4597
            ],
            [
              -49.6023,
              -22.4608
            ],
            [
              -49.6102,
              -22.4662
            ],
            [
              -49.6134,
              -22.4668
            ],
            [
              -49.6167,
              -22.4679
            ],
            [
              -49.62,
              -22.4682
            ],
            [
              -49.6229,
              -22.4672
            ],
            [
              -49.6252,
              -22.4674
            ],
            [
              -49.6273,
              -22.4689
            ],
            [
              -49.6285,
              -22.4692
            ]
          ]
        ]
      },
      "properties": {
        "codarea": "3527504",
        "nome_municipio": "Lucianópolis",
        "codigo_ibge": 3527504
      }
    },
    {
      "type": "Feature",
      "geometry": {
        "type": "Polygon",
        "coordinates": [
          [
            [
              -49.4592,
              -22.3375
            ],
            [
              -49.4595,
              -22.3352
            ],
            [
              -49.4615,
              -22.3329
            ],
            [
              -49.4655,
              -22.3306
            ],
            [
              -49.4664,
              -22.3298
            ],
            [
              -49.471,
              -22.3265
            ],
            [
              -49.4721,
              -22.3263
            ],
            [
              -49.476,
              -22.3263
            ],
            [
              -49.4769,
              -22.3253
            ],
            [
              -49.4771,
              -22.3238
            ],
            [
              -49.4789,
              -22.3214
            ],
            [
              -49.4806,
              -22.3198
            ],
            [
              -49.4828,
              -22.319
            ],
            [
              -49.4871,
              -22.3184
            ],
            [
              -49.4901,
              -22.3195
            ],
            [
              -49.4917,
              -22.3193
            ],
            [
              -49.4926,
              -22.3179
            ],
            [
              -49.4948,
              -22.3108
            ],
            [
              -49.4956,
              -22.3101
            ],
            [
              -49.4976,
              -22.31
            ],
            [
              -49.4985,
              -22.3112
            ],
            [
              -49.4991,
              -22.3144
            ],
            [
              -49.4998,
              -22.3152
            ],
            [
              -49.5018,
              -22.3154
            ],
            [
              -49.5031,
              -22.3167
            ],
            [
              -49.5042,
              -22.3188
            ],
            [
              -49.5053,
              -22.3192
            ],
            [
              -49.5089,
              -22.3189
            ],
            [
              -49.5125,
              -22.32
            ],
            [
              -49.5185,
              -22.3193
            ],
            [
              -49.5198,
              -22.3196
            ],
            [
              -49.5266,
              -22.3203
            ],
            [
              -49.5327,
              -22.3205
            ],
            [
              -49.5367,
              -22.3209
            ],
            [
              -49.5372,
              -22.3212
            ],
            [
              -49.545,
              -22.3298
            ],
            [
              -49.5469,
              -22.3302
            ],
            [
              -49.552,
              -22.3282
            ],
            [
              -49.5554,
              -22.3276
            ],
            [
              -49.5574,
              -22.3268
            ],
            [
              -49.5586,
              -22.327
            ],
            [
              -49.5642,
              -22.3256
            ],
            [
              -49.5651,
              -22.3257
            ],
            [
              -49.5709,
              -22.3246
            ],
            [
              -49.5706,
              -22.3259
            ],
            [
              -49.571,
              -22.3293
            ],
            [
              -49.5718,
              -22.3308
            ],
            [
              -49.5747,
              -22.3339
            ],
            [
              -49.5771,
              -22.3342
            ],
            [
              -49.5778,
              -22.3376
            ],
            [
              -49.5768,
              -22.3408
            ],
            [
              -49.5746,
              -22.3433
            ],
            [
              -49.5745,
              -22.3444
            ],
            [
              -49.5776,
              -22.3467
            ],
            [
              -49.5777,
              -22.3495
            ],
            [
              -49.5793,
              -22.3518
            ],
            [
              -49.5824,
              -22.3534
            ],
            [
              -49.5845,
              -22.3556
            ],
            [
              -49.5853,
              -22.3597
            ],
            [
              -49.5847,
              -22.3641
            ],
            [
              -49.5875,
              -22.3657
            ],
            [
              -49.5901,
              -22.3657
            ],
            [
              -49.5943,
              -22.3674
            ],
            [
              -49.5968,
              -22.3668
            ],
            [
              -49.6004,
              -22.3686
            ],
            [
              -49.6007,
              -22.3704
            ],
            [
              -49.5994,
              -22.3736
            ],
            [
              -49.6001,
              -22.3776
            ],
            [
              -49.6006,
              -22.3783
            ],
            [
              -49.6029,
              -22.3788
            ],
            [
              -49.604,
              -22.3823
            ],
            [
              -49.6053,
              -22.3853
            ],
            [
              -49.6068,
              -22.3867
            ],
            [
              -49.6071,
              -22.3891
            ],
            [
              -49.6082,
              -22.3901
            ],
            [
              -49.6091,
              -22.3923
            ],
            [
              -49.6083,
              -22.393
            ],
            [
              -49.6067,
              -22.3965
            ],
            [
              -49.6051,
              -22.3977
            ],
            [
              -49.6028,
              -22.3989
            ],
            [
              -49.6034,
              -22.4018
            ],
            [
              -49.6014,
              -22.4068
            ],
            [
              -49.602,
              -22.4086
            ],
            [
              -49.6031,
              -22.4098
            ],
            [
              -49.6036,
              -22.4122
            ],
            [
              -49.6025,
              -22.415
            ],
            [
              -49.6049,
              -22.4155
            ],
            [
              -49.6056,
              -22.4176
            ],
            [
              -49.6077,
              -22.4172
            ],
            [
              -49.609,
              -22.4163
            ],
            [
              -49.6104,
              -22.4169
            ],
            [
              -49.6133,
              -22.421
            ],
            [
              -49.6161,
              -22.4226
            ],
            [
              -49.619,
              -22.4251
            ],
            [
              -49.6191,
              -22.4275
            ],
            [
              -49.6182,
              -22.4284
            ],
            [
              -49.6176,
              -22.4303
            ],
            [
              -49.6139,
              -22.4342
            ],
            [
              -49.6133,
              -22.4355
            ],
            [
              -49.6148,
              -22.4373
            ],
            [
              -49.6145,
              -22.4389
            ],
            [
              -49.613,
              -22.4394
            ],
            [
              -49.6105,
              -22.4388
            ],
            [
              -49.6087,
              -22.4391
            ],
            [
              -49.6051,
              -22.4415
            ],
            [
              -49.6039,
              -22.4431
            ],
            [
              -49.6019,
              -22.4419
            ],
            [
              -49.6012,
              -22.4409
            ],
            [
              -49.6003,
              -22.4382
            ],
            [
              -49.5981,
              -22.4364
            ],
            [
              -49.5965,
              -22.4343
            ],
            [
              -49.5953,
              -22.4339
            ],
            [
              -49.594,
              -22.4324
            ],
            [
              -49.5902,
              -22.4296
            ],
            [
              -49.5886,
              -22.4277
            ],
            [
              -49.5853,
              -22.4256
            ],
            [
              -49.5836,
              -22.4256
            ],
            [
              -49.5822,
              -22.4249
            ],
            [
              -49.5816,
              -22.4234
            ],
            [
              -49.5777,
              -22.4191
            ],
            [
              -49.5761,
              -22.4171
            ],
            [
              -49.5755,
              -22.4149
            ],
            [
              -49.5751,
              -22.4078
            ],
            [
              -49.5722,
              -22.4038
            ],
            [
              -49.571,
              -22.399
            ],
            [
              -49.5717,
              -22.3968
            ],
            [
              -49.5713,
              -22.3927
            ],
            [
              -49.5701,
              -22.3903
            ],
            [
              -49.57,
              -22.3884
            ],
            [
              -49.5703,
              -22.3854
            ],
            [
              -49.5694,
              -22.3836
            ],
            [
              -49.5666,
              -22.3858
            ],
            [
              -49.5627,
              -22.3892
            ],
            [
              -49.5609,
              -22.3902
            ],
            [
              -49.5581,
              -22.3911
            ],
            [
              -49.5564,
              -22.392
            ],
            [
              -49.5538,
              -22.3923
            ],
            [
              -49.5525,
              -22.3914
            ],
            [
              -49.5476,
              -22.3909
            ],
            [
              -49.5438,
              -22.391
            ],
            [
              -49.541,
              -22.3922
            ],
            [
              -49.5389,
              -22.3927
            ],
            [
              -49.5347,
              -22.395
            ],
            [
              -49.5324,
              -22.3953
            ],
            [
              -49.5284,
              -22.394
            ],
            [
              -49.5245,
              -22.3935
            ],
            [
              -49.5198,
              -22.3936
            ],
            [
              -49.5176,
              -22.3939
            ],
            [
              -49.5159,
              -22.3952
            ],
            [
              -49.5128,
              -22.3957
            ],
            [
              -49.5148,
              -22.3913
            ],
            [
              -49.514,
              -22.391
            ],
            [
              -49.5109,
              -22.3907
            ],
            [
              -49.5095,
              -22.3903
            ],
            [
              -49.506,
              -22.3881
            ],
            [
              -49.504,
              -22.3878
            ],
            [
              -49.502,
              -22.3866
            ],
            [
              -49.4992,
              -22.3854
            ],
            [
              -49.4982,
              -22.384
            ],
            [
              -49.4955,
              -22.3833
            ],
            [
              -49.4936,
              -22.3811
            ],
            [
              -49.4929,
              -22.3783
            ],
            [
              -49.4913,
              -22.3766
            ],
            [
              -49.4909,
              -22.3729
            ],
            [
              -49.4883,
              -22.3703
            ],
            [
              -49.4874,
              -22.3691
            ],
            [
              -49.4857,
              -22.3679
            ],
            [
              -49.4828,
              -22.3648
            ],
            [
              -49.4825,
              -22.3635
            ],
            [
              -49.4832,
              -22.3613
            ],
            [
              -49.4832,
              -22.3571
            ],
            [
              -49.482,
              -22.3555
            ],
            [
              -49.4782,
              -22.3544
            ],
            [
              -49.4755,
              -22.3532
            ],
            [
              -49.474,
              -22.3518
            ],
            [
              -49.4744,
              -22.3485
            ],
            [
              -49.4738,
              -22.3468
            ],
            [
              -49.4714,
              -22.3448
            ],
            [
              -49.4705,
              -22.3417
            ],
            [
              -49.4686,
              -22.3409
            ],
            [
              -49.4664,
              -22.3392
            ],
            [
              -49.4656,
              -22.337
            ],
            [
              -49.4641,
              -22.3358
            ],
            [
              -49.461,
              -22.3354
            ],
            [
              -49.4592,
              -22.3375
            ]
          ]
        ]
      },
      "properties": {
        "codarea": "3515657",
        "nome_municipio": "Fernão",
        "codigo_ibge": 3515657
      }
    }
  ]
}