{
  "type": "FeatureCollection",
  "nome_ig": "Terra Indígena Andirá-Marau",
  "municipios_lista": "aveiro;barreirinha;itaituba;maues;parintins",
  "features": [
    {
      "type": "Feature",
      "geometry": {
        "type": "Polygon",
        "coordinates": [
          [
            [
              -56.9138,
              -3.5623
            ],
            [
              -56.922,
              -3.5582
            ],
            [
              -56.93,
              -3.5607
            ],
            [
              -56.9378,
              -3.5663
            ],
            [
              -56.9435,
              -3.5717
            ],
            [
              -56.9483,
              -3.5777
            ],
            [
              -56.9571,
              -3.5785
            ],
            [
              -56.9651,
              -3.5825
            ],
            [
              -56.9742,
              -3.5838
            ],
            [
              -56.9819,
              -3.5784
            ],
            [
              -56.9897,
              -3.5767
            ],
            [
              -56.9953,
              -3.5819
            ],
            [
              -57.0004,
              -3.5898
            ],
            [
              -57.007,
              -3.5962
            ],
            [
              -57.0228,
              -3.6024
            ],
            [
              -57.0325,
              -3.5999
            ],
            [
              -57.0447,
              -3.5954
            ],
            [
              -57.0565,
              -3.5951
            ],
            [
              -57.064,
              -3.5922
            ],
            [
              -57.0721,
              -3.5934
            ],
            [
              -57.0791,
              -3.599
            ],
            [
              -57.0884,
              -3.6018
            ],
            [
              -57.0988,
              -3.5994
            ],
            [
              -57.1057,
              -3.5948
            ],
            [
              -57.1142,
              -3.5953
            ],
            [
              -57.1221,
              -3.602
            ],
            [
              -57.1151,
              -3.6216
            ],
            [
              -57.1167,
              -3.6317
            ],
            [
              -57.124,
              -3.6357
            ],
            [
              -57.1329,
              -3.6375
            ],
            [
              -57.1375,
              -3.6465
            ],
            [
              -57.1425,
              -3.6534
            ],
            [
              -57.1469,
              -3.6615
            ],
            [
              -57.1544,
              -3.6626
            ],
            [
              -57.1622,
              -3.6605
            ],
            [
              -57.1819,
              -3.6595
            ],
            [
              -57.1902,
              -3.6624
            ],
            [
              -57.1959,
              -3.67
            ],
            [
              -57.2,
              -3.6767
            ],
            [
              -57.2136,
              -3.6755
            ],
            [
              -57.2254,
              -3.6717
            ],
            [
              -57.231,
              -3.665
            ],
            [
              -57.2451,
              -3.6739
            ],
            [
              -57.2527,
              -3.664
            ],
            [
              -57.2583,
              -3.6511
            ],
            [
              -57.2577,
              -3.6427
            ],
            [
              -57.2546,
              -3.6346
            ],
            [
              -57.2538,
              -3.625
            ],
            [
              -57.262,
              -3.6165
            ],
            [
              -57.2668,
              -3.6071
            ],
            [
              -57.2783,
              -3.6071
            ],
            [
              -57.2843,
              -3.6119
            ],
            [
              -57.2948,
              -3.611
            ],
            [
              -57.3005,
              -3.5958
            ],
            [
              -57.3083,
              -3.5905
            ],
            [
              -57.3172,
              -3.5913
            ],
            [
              -57.3261,
              -3.5881
            ],
            [
              -57.332,
              -3.5794
            ],
            [
              -57.3402,
              -3.5707
            ],
            [
              -57.344,
              -3.5627
            ],
            [
              -57.3432,
              -3.5544
            ],
            [
              -57.3494,
              -3.5494
            ],
            [
              -57.3591,
              -3.5442
            ],
            [
              -57.3599,
              -3.5358
            ],
            [
              -57.3627,
              -3.5237
            ],
            [
              -57.3702,
              -3.5139
            ],
            [
              -57.3781,
              -3.5136
            ],
            [
              -57.3909,
              -3.5085
            ],
            [
              -57.4093,
              -3.5071
            ],
            [
              -57.4194,
              -3.5051
            ],
            [
              -57.435,
              -3.5003
            ],
            [
              -57.4452,
              -3.4835
            ],
            [
              -57.4549,
              -3.4789
            ],
            [
              -57.4597,
              -3.4717
            ],
            [
              -57.4653,
              -3.4612
            ],
            [
              -57.4757,
              -3.4554
            ],
            [
              -57.4875,
              -3.4434
            ],
            [
              -57.4944,
              -3.4245
            ],
            [
              -57.4981,
              -3.4178
            ],
            [
              -57.5004,
              -3.4047
            ],
            [
              -57.5026,
              -3.3957
            ],
            [
              -57.5012,
              -3.3863
            ],
            [
              -57.5065,
              -3.3778
            ],
            [
              -57.5096,
              -3.3701
            ],
            [
              -57.5091,
              -3.3586
            ],
            [
              -57.5105,
              -3.3503
            ],
            [
              -57.5158,
              -3.3428
            ],
            [
              -57.5176,
              -3.3328
            ],
            [
              -57.5159,
              -3.3245
            ],
            [
              -57.5288,
              -3.3169
            ],
            [
              -57.5395,
              -3.3153
            ],
            [
              -57.549,
              -3.3159
            ],
            [
              -57.5582,
              -3.3182
            ],
            [
              -57.5675,
              -3.3215
            ],
            [
              -57.5761,
              -3.3306
            ],
            [
              -57.5793,
              -3.3394
            ],
            [
              -57.5894,
              -3.34
            ],
            [
              -57.597,
              -3.3243
            ],
            [
              -57.602,
              -3.3155
            ],
            [
              -57.611,
              -3.3109
            ],
            [
              -57.6218,
              -3.3061
            ],
            [
              -57.6275,
              -3.2986
            ],
            [
              -57.6287,
              -3.2904
            ],
            [
              -57.6226,
              -3.2789
            ],
            [
              -57.6248,
              -3.2697
            ],
            [
              -57.6255,
              -3.2571
            ],
            [
              -57.6366,
              -3.2482
            ],
            [
              -57.6382,
              -3.2291
            ],
            [
              -57.6385,
              -3.2119
            ],
            [
              -57.6366,
              -3.1926
            ],
            [
              -57.6336,
              -3.1789
            ],
            [
              -57.6275,
              -3.1693
            ],
            [
              -57.6186,
              -3.1734
            ],
            [
              -57.6097,
              -3.1685
            ],
            [
              -57.6153,
              -3.1587
            ],
            [
              -57.6166,
              -3.1433
            ],
            [
              -57.6162,
              -3.1337
            ],
            [
              -57.6535,
              -3.1337
            ],
            [
              -57.7229,
              -3.1336
            ],
            [
              -57.7959,
              -3.1336
            ],
            [
              -57.793,
              -3.1542
            ],
            [
              -57.7943,
              -3.1666
            ],
            [
              -57.8034,
              -3.1817
            ],
            [
              -57.8057,
              -3.1899
            ],
            [
              -57.8074,
              -3.2011
            ],
            [
              -57.8102,
              -3.2092
            ],
            [
              -57.8093,
              -3.2249
            ],
            [
              -57.816,
              -3.2309
            ],
            [
              -57.8256,
              -3.2454
            ],
            [
              -57.8316,
              -3.2689
            ],
            [
              -57.835,
              -3.2777
            ],
            [
              -57.8435,
              -3.2843
            ],
            [
              -57.8506,
              -3.279
            ],
            [
              -57.8622,
              -3.2819
            ],
            [
              -57.8688,
              -3.2878
            ],
            [
              -57.878,
              -3.2933
            ],
            [
              -57.8925,
              -3.2891
            ],
            [
              -57.9006,
              -3.2843
            ],
            [
              -57.9099,
              -3.2903
            ],
            [
              -57.9133,
              -3.302
            ],
            [
              -57.9247,
              -3.3119
            ],
            [
              -57.9307,
              -3.3211
            ],
            [
              -57.9348,
              -3.3307
            ],
            [
              -57.9413,
              -3.3397
            ],
            [
              -57.9508,
              -3.3442
            ],
            [
              -57.9628,
              -3.3443
            ],
            [
              -57.9764,
              -3.3419
            ],
            [
              -57.9903,
              -3.3423
            ],
            [
              -58.0003,
              -3.3438
            ],
            [
              -58.0088,
              -3.3422
            ],
            [
              -58.0291,
              -3.3409
            ],
            [
              -58.0364,
              -3.3438
            ],
            [
              -58.0425,
              -3.3489
            ],
            [
              -58.0523,
              -3.3417
            ],
            [
              -58.0623,
              -3.3393
            ],
            [
              -58.0705,
              -3.3064
            ],
            [
              -58.0797,
              -3.3163
            ],
            [
              -58.0887,
              -3.3151
            ],
            [
              -58.0917,
              -3.3256
            ],
            [
              -58.0878,
              -3.3349
            ],
            [
              -58.0972,
              -3.3372
            ],
            [
              -58.1017,
              -3.3434
            ],
            [
              -58.1082,
              -3.3483
            ],
            [
              -58.1169,
              -3.3493
            ],
            [
              -58.1233,
              -3.3433
            ],
            [
              -58.1506,
              -3.3451
            ],
            [
              -58.1587,
              -3.3516
            ],
            [
              -58.1678,
              -3.3538
            ],
            [
              -58.1737,
              -3.3606
            ],
            [
              -58.1771,
              -3.3677
            ],
            [
              -58.1746,
              -3.3765
            ],
            [
              -58.1772,
              -3.3857
            ],
            [
              -58.1739,
              -3.4055
            ],
            [
              -58.174,
              -3.4146
            ],
            [
              -58.1758,
              -3.4228
            ],
            [
              -58.1786,
              -3.4299
            ],
            [
              -58.1797,
              -3.4383
            ],
            [
              -58.1752,
              -3.4464
            ],
            [
              -58.1813,
              -3.4534
            ],
            [
              -58.1831,
              -3.461
            ],
            [
              -58.1809,
              -3.4687
            ],
            [
              -58.1818,
              -3.4789
            ],
            [
              -58.1814,
              -3.4966
            ],
            [
              -58.2487,
              -3.4979
            ],
            [
              -58.3703,
              -3.5003
            ],
            [
              -58.3705,
              -3.5101
            ],
            [
              -58.3648,
              -3.5153
            ],
            [
              -58.3718,
              -3.5281
            ],
            [
              -58.3784,
              -3.532
            ],
            [
              -58.3813,
              -3.542
            ],
            [
              -58.3857,
              -3.5532
            ],
            [
              -58.3838,
              -3.5619
            ],
            [
              -58.3774,
              -3.57
            ],
            [
              -58.3693,
              -3.5778
            ],
            [
              -58.3629,
              -3.5827
            ],
            [
              -58.3576,
              -3.5769
            ],
            [
              -58.3496,
              -3.5828
            ],
            [
              -58.348,
              -3.5828
            ],
            [
              -58.3462,
              -3.5821
            ],
            [
              -58.3414,
              -3.5811
            ],
            [
              -58.3373,
              -3.5811
            ],
            [
              -58.3351,
              -3.582
            ],
            [
              -58.3309,
              -3.585
            ],
            [
              -58.327,
              -3.5849
            ],
            [
              -58.3246,
              -3.5854
            ],
            [
              -58.3232,
              -3.5862
            ],
            [
              -58.322,
              -3.5886
            ],
            [
              -58.32,
              -3.5905
            ],
            [
              -58.318,
              -3.5914
            ],
            [
              -58.316,
              -3.5914
            ],
            [
              -58.3113,
              -3.5923
            ],
            [
              -58.3071,
              -3.5935
            ],
            [
              -58.3012,
              -3.5961
            ],
            [
              -58.2981,
              -3.597
            ],
            [
              -58.2958,
              -3.5966
            ],
            [
              -58.293,
              -3.595
            ],
            [
              -58.293,
              -3.5908
            ],
            [
              -58.2917,
              -3.5877
            ],
            [
              -58.29,
              -3.5868
            ],
            [
              -58.2873,
              -3.5868
            ],
            [
              -58.2863,
              -3.5876
            ],
            [
              -58.284,
              -3.5945
            ],
            [
              -58.282,
              -3.5974
            ],
            [
              -58.2799,
              -3.5989
            ],
            [
              -58.277,
              -3.5999
            ],
            [
              -58.2739,
              -3.6013
            ],
            [
              -58.2696,
              -3.6028
            ],
            [
              -58.2605,
              -3.6029
            ],
            [
              -58.2588,
              -3.6028
            ],
            [
              -58.257,
              -3.6034
            ],
            [
              -58.2554,
              -3.6061
            ],
            [
              -58.2531,
              -3.6072
            ],
            [
              -58.2504,
              -3.6062
            ],
            [
              -58.2471,
              -3.6067
            ],
            [
              -58.2407,
              -3.6111
            ],
            [
              -58.2366,
              -3.6121
            ],
            [
              -58.2347,
              -3.612
            ],
            [
              -58.2271,
              -3.6101
            ],
            [
              -58.2261,
              -3.6112
            ],
            [
              -58.228,
              -3.6156
            ],
            [
              -58.2308,
              -3.6272
            ],
            [
              -58.2295,
              -3.6453
            ],
            [
              -58.229,
              -3.6489
            ],
            [
              -58.2283,
              -3.6513
            ],
            [
              -58.2265,
              -3.653
            ],
            [
              -58.2224,
              -3.6557
            ],
            [
              -58.2162,
              -3.6592
            ],
            [
              -58.21,
              -3.6623
            ],
            [
              -58.2037,
              -3.6648
            ],
            [
              -58.2011,
              -3.6666
            ],
            [
              -58.1991,
              -3.6706
            ],
            [
              -58.1989,
              -3.6728
            ],
            [
              -58.2002,
              -3.681
            ],
            [
              -58.2013,
              -3.6844
            ],
            [
              -58.2081,
              -3.6939
            ],
            [
              -58.2103,
              -3.6965
            ],
            [
              -58.2133,
              -3.6973
            ],
            [
              -58.2169,
              -3.6973
            ],
            [
              -58.2203,
              -3.6961
            ],
            [
              -58.2238,
              -3.6945
            ],
            [
              -58.2304,
              -3.6926
            ],
            [
              -58.2405,
              -3.6908
            ],
            [
              -58.2484,
              -3.6882
            ],
            [
              -58.2518,
              -3.6875
            ],
            [
              -58.2541,
              -3.6873
            ],
            [
              -58.2663,
              -3.6874
            ],
            [
              -58.2758,
              -3.6884
            ],
            [
              -58.282,
              -3.6893
            ],
            [
              -58.2866,
              -3.6903
            ],
            [
              -58.294,
              -3.6925
            ],
            [
              -58.2964,
              -3.6944
            ],
            [
              -58.2975,
              -3.6962
            ],
            [
              -58.2987,
              -3.6997
            ],
            [
              -58.3016,
              -3.719
            ],
            [
              -58.3021,
              -3.7214
            ],
            [
              -58.3044,
              -3.7268
            ],
            [
              -58.3048,
              -3.7313
            ],
            [
              -58.3052,
              -3.7334
            ],
            [
              -58.3063,
              -3.7367
            ],
            [
              -58.3076,
              -3.7392
            ],
            [
              -58.3092,
              -3.7435
            ],
            [
              -58.3093,
              -3.7447
            ],
            [
              -58.3086,
              -3.7463
            ],
            [
              -58.3086,
              -3.7483
            ],
            [
              -58.3091,
              -3.7506
            ],
            [
              -58.3079,
              -3.7529
            ],
            [
              -58.3072,
              -3.7555
            ],
            [
              -58.3015,
              -3.7613
            ],
            [
              -58.2996,
              -3.7625
            ],
            [
              -58.2991,
              -3.7635
            ],
            [
              -58.2993,
              -3.7658
            ],
            [
              -58.3007,
              -3.7665
            ],
            [
              -58.3035,
              -3.7666
            ],
            [
              -58.305,
              -3.7672
            ],
            [
              -58.3059,
              -3.769
            ],
            [
              -58.3053,
              -3.7716
            ],
            [
              -58.3035,
              -3.7735
            ],
            [
              -58.3004,
              -3.7747
            ],
            [
              -58.2983,
              -3.7752
            ],
            [
              -58.2946,
              -3.7752
            ],
            [
              -58.2931,
              -3.7759
            ],
            [
              -58.2923,
              -3.7776
            ],
            [
              -58.2921,
              -3.7824
            ],
            [
              -58.2914,
              -3.7859
            ],
            [
              -58.2896,
              -3.7921
            ],
            [
              -58.2892,
              -3.7962
            ],
            [
              -58.2892,
              -3.7982
            ],
            [
              -58.2905,
              -3.8032
            ],
            [
              -58.2906,
              -3.8048
            ],
            [
              -58.29,
              -3.8073
            ],
            [
              -58.2891,
              -3.809
            ],
            [
              -58.2868,
              -3.8117
            ],
            [
              -58.2863,
              -3.8128
            ],
            [
              -58.2872,
              -3.8152
            ],
            [
              -58.2906,
              -3.8183
            ],
            [
              -58.2912,
              -3.8201
            ],
            [
              -58.2912,
              -3.8228
            ],
            [
              -58.2918,
              -3.8246
            ],
            [
              -58.2927,
              -3.8255
            ],
            [
              -58.2949,
              -3.8263
            ],
            [
              -58.2971,
              -3.8263
            ],
            [
              -58.2998,
              -3.8253
            ],
            [
              -58.3017,
              -3.8238
            ],
            [
              -58.303,
              -3.8241
            ],
            [
              -58.305,
              -3.8272
            ],
            [
              -58.3073,
              -3.8295
            ],
            [
              -58.3093,
              -3.8304
            ],
            [
              -58.3121,
              -3.8308
            ],
            [
              -58.3147,
              -3.8319
            ],
            [
              -58.3151,
              -3.8338
            ],
            [
              -58.3139,
              -3.8365
            ],
            [
              -58.3139,
              -3.8384
            ],
            [
              -58.3147,
              -3.84
            ],
            [
              -58.3166,
              -3.8399
            ],
            [
              -58.3195,
              -3.839
            ],
            [
              -58.3216,
              -3.839
            ],
            [
              -58.3229,
              -3.8395
            ],
            [
              -58.3222,
              -3.8418
            ],
            [
              -58.3199,
              -3.8432
            ],
            [
              -58.318,
              -3.8439
            ],
            [
              -58.3171,
              -3.8452
            ],
            [
              -58.3174,
              -3.8477
            ],
            [
              -58.3185,
              -3.8485
            ],
            [
              -58.3204,
              -3.8489
            ],
            [
              -58.3216,
              -3.85
            ],
            [
              -58.3214,
              -3.8515
            ],
            [
              -58.3202,
              -3.8535
            ],
            [
              -58.3204,
              -3.8565
            ],
            [
              -58.3226,
              -3.8588
            ],
            [
              -58.324,
              -3.8611
            ],
            [
              -58.3251,
              -3.8654
            ],
            [
              -58.3264,
              -3.8676
            ],
            [
              -58.3283,
              -3.8684
            ],
            [
              -58.3312,
              -3.8684
            ],
            [
              -58.3331,
              -3.8704
            ],
            [
              -58.3349,
              -3.8712
            ],
            [
              -58.3408,
              -3.8724
            ],
            [
              -58.3414,
              -3.8753
            ],
            [
              -58.342,
              -3.877
            ],
            [
              -58.3452,
              -3.8782
            ],
            [
              -58.3457,
              -3.8796
            ],
            [
              -58.3457,
              -3.8816
            ],
            [
              -58.3438,
              -3.8849
            ],
            [
              -58.344,
              -3.8862
            ],
            [
              -58.3467,
              -3.8866
            ],
            [
              -58.3506,
              -3.886
            ],
            [
              -58.3545,
              -3.886
            ],
            [
              -58.3567,
              -3.8865
            ],
            [
              -58.3609,
              -3.889
            ],
            [
              -58.363,
              -3.8893
            ],
            [
              -58.365,
              -3.8864
            ],
            [
              -58.3662,
              -3.8868
            ],
            [
              -58.3673,
              -3.8893
            ],
            [
              -58.3687,
              -3.8903
            ],
            [
              -58.3713,
              -3.8901
            ],
            [
              -58.38,
              -3.8905
            ],
            [
              -58.384,
              -3.8915
            ],
            [
              -58.3907,
              -3.8934
            ],
            [
              -58.3921,
              -3.8946
            ],
            [
              -58.3954,
              -3.8966
            ],
            [
              -58.3975,
              -3.8969
            ],
            [
              -58.4002,
              -3.8963
            ],
            [
              -58.4036,
              -3.895
            ],
            [
              -58.407,
              -3.8948
            ],
            [
              -58.4098,
              -3.896
            ],
            [
              -58.4108,
              -3.8976
            ],
            [
              -58.4108,
              -3.9025
            ],
            [
              -58.4121,
              -3.9053
            ],
            [
              -58.4164,
              -3.9064
            ],
            [
              -58.4181,
              -3.9091
            ],
            [
              -58.4184,
              -3.9117
            ],
            [
              -58.4197,
              -3.9136
            ],
            [
              -58.4221,
              -3.914
            ],
            [
              -58.4246,
              -3.9117
            ],
            [
              -58.4258,
              -3.9124
            ],
            [
              -58.4264,
              -3.9147
            ],
            [
              -58.4275,
              -3.9159
            ],
            [
              -58.4296,
              -3.9156
            ],
            [
              -58.4339,
              -3.9137
            ],
            [
              -58.4363,
              -3.9116
            ],
            [
              -58.4376,
              -3.9109
            ],
            [
              -58.4414,
              -3.9111
            ],
            [
              -58.4426,
              -3.9117
            ],
            [
              -58.4448,
              -3.9138
            ],
            [
              -58.4461,
              -3.9146
            ],
            [
              -58.4497,
              -3.9161
            ],
            [
              -58.4545,
              -3.9176
            ],
            [
              -58.4561,
              -3.9184
            ],
            [
              -58.4605,
              -3.9219
            ],
            [
              -58.4647,
              -3.9247
            ],
            [
              -58.4666,
              -3.9272
            ],
            [
              -58.4663,
              -3.9299
            ],
            [
              -58.4638,
              -3.9315
            ],
            [
              -58.4611,
              -3.9323
            ],
            [
              -58.4592,
              -3.934
            ],
            [
              -58.4592,
              -3.9359
            ],
            [
              -58.4601,
              -3.9367
            ],
            [
              -58.4637,
              -3.938
            ],
            [
              -58.4642,
              -3.939
            ],
            [
              -58.4644,
              -3.9419
            ],
            [
              -58.4637,
              -3.9436
            ],
            [
              -58.461,
              -3.9458
            ],
            [
              -58.4596,
              -3.9487
            ],
            [
              -58.4593,
              -3.9504
            ],
            [
              -58.4591,
              -3.9548
            ],
            [
              -58.4585,
              -3.9565
            ],
            [
              -58.4572,
              -3.9586
            ],
            [
              -58.4539,
              -3.9597
            ],
            [
              -58.4513,
              -3.9597
            ],
            [
              -58.4492,
              -3.9603
            ],
            [
              -58.4459,
              -3.9621
            ],
            [
              -58.4424,
              -3.9632
            ],
            [
              -58.4383,
              -3.9638
            ],
            [
              -58.436,
              -3.9638
            ],
            [
              -58.4335,
              -3.9647
            ],
            [
              -58.4319,
              -3.9673
            ],
            [
              -58.4316,
              -3.9693
            ],
            [
              -58.4301,
              -3.9732
            ],
            [
              -58.4327,
              -3.9763
            ],
            [
              -58.4334,
              -3.9785
            ],
            [
              -58.4334,
              -3.9806
            ],
            [
              -58.4341,
              -3.9858
            ],
            [
              -58.4348,
              -3.9893
            ],
            [
              -58.4346,
              -3.9903
            ],
            [
              -58.4333,
              -3.991
            ],
            [
              -58.4311,
              -3.9911
            ],
            [
              -58.4282,
              -3.9898
            ],
            [
              -58.4249,
              -3.9855
            ],
            [
              -58.4239,
              -3.9849
            ],
            [
              -58.422,
              -3.9847
            ],
            [
              -58.4196,
              -3.9835
            ],
            [
              -58.4172,
              -3.9831
            ],
            [
              -58.4158,
              -3.9836
            ],
            [
              -58.4151,
              -3.9848
            ],
            [
              -58.4152,
              -3.9875
            ],
            [
              -58.4162,
              -3.9895
            ],
            [
              -58.4173,
              -3.9907
            ],
            [
              -58.4206,
              -3.9928
            ],
            [
              -58.4226,
              -3.9946
            ],
            [
              -58.4231,
              -3.9965
            ],
            [
              -58.4222,
              -3.9975
            ],
            [
              -58.4204,
              -3.9987
            ],
            [
              -58.4166,
              -3.9986
            ],
            [
              -58.4138,
              -3.9993
            ],
            [
              -58.4118,
              -3.9994
            ],
            [
              -58.4092,
              -3.9988
            ],
            [
              -58.4076,
              -3.995
            ],
            [
              -58.406,
              -3.995
            ],
            [
              -58.4055,
              -3.9959
            ],
            [
              -58.4053,
              -3.9994
            ],
            [
              -58.4042,
              -4.0023
            ],
            [
              -58.4017,
              -4.0026
            ],
            [
              -58.4005,
              -4.0041
            ],
            [
              -58.4004,
              -4.0058
            ],
            [
              -58.4015,
              -4.0099
            ],
            [
              -58.4008,
              -4.0111
            ],
            [
              -58.3982,
              -4.0113
            ],
            [
              -58.3957,
              -4.0126
            ],
            [
              -58.3937,
              -4.0125
            ],
            [
              -58.3931,
              -4.013
            ],
            [
              -58.3938,
              -4.0156
            ],
            [
              -58.3938,
              -4.0169
            ],
            [
              -58.3918,
              -4.017
            ],
            [
              -58.3883,
              -4.0134
            ],
            [
              -58.3866,
              -4.0093
            ],
            [
              -58.3854,
              -4.0086
            ],
            [
              -58.3844,
              -4.0089
            ],
            [
              -58.3831,
              -4.0129
            ],
            [
              -58.3831,
              -4.0153
            ],
            [
              -58.3835,
              -4.0183
            ],
            [
              -58.3844,
              -4.0208
            ],
            [
              -58.3844,
              -4.0222
            ],
            [
              -58.3825,
              -4.0221
            ],
            [
              -58.3811,
              -4.0195
            ],
            [
              -58.3788,
              -4.0195
            ],
            [
              -58.3785,
              -4.0208
            ],
            [
              -58.3788,
              -4.0239
            ],
            [
              -58.3798,
              -4.0257
            ],
            [
              -58.3796,
              -4.0275
            ],
            [
              -58.3775,
              -4.0281
            ],
            [
              -58.3764,
              -4.0296
            ],
            [
              -58.3766,
              -4.0324
            ],
            [
              -58.3737,
              -4.0382
            ],
            [
              -58.368,
              -4.0408
            ],
            [
              -58.3608,
              -4.0457
            ],
            [
              -58.3591,
              -4.0471
            ],
            [
              -58.3551,
              -4.0494
            ],
            [
              -58.3552,
              -4.0513
            ],
            [
              -58.3564,
              -4.0528
            ],
            [
              -58.3565,
              -4.055
            ],
            [
              -58.3558,
              -4.0576
            ],
            [
              -58.3549,
              -4.0583
            ],
            [
              -58.3522,
              -4.0583
            ],
            [
              -58.3503,
              -4.0572
            ],
            [
              -58.3479,
              -4.057
            ],
            [
              -58.346,
              -4.0578
            ],
            [
              -58.3453,
              -4.0596
            ],
            [
              -58.3458,
              -4.0622
            ],
            [
              -58.3482,
              -4.0641
            ],
            [
              -58.3487,
              -4.0653
            ],
            [
              -58.3485,
              -4.0684
            ],
            [
              -58.3469,
              -4.0702
            ],
            [
              -58.3424,
              -4.0717
            ],
            [
              -58.3417,
              -4.0721
            ],
            [
              -58.3387,
              -4.0726
            ],
            [
              -58.3362,
              -4.0736
            ],
            [
              -58.3351,
              -4.075
            ],
            [
              -58.3356,
              -4.0821
            ],
            [
              -58.3349,
              -4.0886
            ],
            [
              -58.3345,
              -4.0904
            ],
            [
              -58.332,
              -4.0949
            ],
            [
              -58.3297,
              -4.0967
            ],
            [
              -58.3275,
              -4.0974
            ],
            [
              -58.3242,
              -4.0974
            ],
            [
              -58.3232,
              -4.0978
            ],
            [
              -58.3218,
              -4.1001
            ],
            [
              -58.3217,
              -4.1039
            ],
            [
              -58.3213,
              -4.1062
            ],
            [
              -58.3199,
              -4.1079
            ],
            [
              -58.3161,
              -4.1086
            ],
            [
              -58.3141,
              -4.1093
            ],
            [
              -58.3123,
              -4.1119
            ],
            [
              -58.3084,
              -4.1178
            ],
            [
              -58.3084,
              -4.1197
            ],
            [
              -58.3089,
              -4.1211
            ],
            [
              -58.3106,
              -4.1218
            ],
            [
              -58.3114,
              -4.1242
            ],
            [
              -58.3115,
              -4.1283
            ],
            [
              -58.3121,
              -4.1308
            ],
            [
              -58.314,
              -4.1333
            ],
            [
              -58.3174,
              -4.1347
            ],
            [
              -58.3212,
              -4.1345
            ],
            [
              -58.3226,
              -4.1353
            ],
            [
              -58.3229,
              -4.1371
            ],
            [
              -58.3221,
              -4.1397
            ],
            [
              -58.3211,
              -4.142
            ],
            [
              -58.3185,
              -4.1445
            ],
            [
              -58.3156,
              -4.1458
            ],
            [
              -58.3136,
              -4.1462
            ],
            [
              -58.3088,
              -4.1503
            ],
            [
              -58.3083,
              -4.1528
            ],
            [
              -58.307,
              -4.1557
            ],
            [
              -58.3045,
              -4.1568
            ],
            [
              -58.3005,
              -4.1566
            ],
            [
              -58.2972,
              -4.1572
            ],
            [
              -58.2952,
              -4.1587
            ],
            [
              -58.2944,
              -4.1607
            ],
            [
              -58.2934,
              -4.1618
            ],
            [
              -58.2922,
              -4.1622
            ],
            [
              -58.2895,
              -4.1622
            ],
            [
              -58.286,
              -4.1605
            ],
            [
              -58.2835,
              -4.1606
            ],
            [
              -58.2815,
              -4.1615
            ],
            [
              -58.2798,
              -4.1642
            ],
            [
              -58.2785,
              -4.168
            ],
            [
              -58.2784,
              -4.1703
            ],
            [
              -58.2793,
              -4.1737
            ],
            [
              -58.2794,
              -4.1757
            ],
            [
              -58.2775,
              -4.1771
            ],
            [
              -58.2754,
              -4.177
            ],
            [
              -58.2737,
              -4.1759
            ],
            [
              -58.2717,
              -4.1761
            ],
            [
              -58.2711,
              -4.1773
            ],
            [
              -58.2711,
              -4.1789
            ],
            [
              -58.2721,
              -4.1825
            ],
            [
              -58.272,
              -4.1843
            ],
            [
              -58.2701,
              -4.1892
            ],
            [
              -58.2701,
              -4.192
            ],
            [
              -58.2698,
              -4.1936
            ],
            [
              -58.2662,
              -4.1986
            ],
            [
              -58.2645,
              -4.1989
            ],
            [
              -58.2611,
              -4.1982
            ],
            [
              -58.2595,
              -4.2004
            ],
            [
              -58.2582,
              -4.2008
            ],
            [
              -58.2579,
              -4.2024
            ],
            [
              -58.2601,
              -4.2049
            ],
            [
              -58.259,
              -4.2063
            ],
            [
              -58.2597,
              -4.2082
            ],
            [
              -58.2596,
              -4.2095
            ],
            [
              -58.2583,
              -4.2117
            ],
            [
              -58.2574,
              -4.214
            ],
            [
              -58.2574,
              -4.2175
            ],
            [
              -58.2563,
              -4.2196
            ],
            [
              -58.255,
              -4.2206
            ],
            [
              -58.2548,
              -4.223
            ],
            [
              -58.2536,
              -4.2243
            ],
            [
              -58.2536,
              -4.2261
            ],
            [
              -58.2524,
              -4.2266
            ],
            [
              -58.2519,
              -4.2282
            ],
            [
              -58.249,
              -4.2285
            ],
            [
              -58.2481,
              -4.2311
            ],
            [
              -58.2455,
              -4.2307
            ],
            [
              -58.2437,
              -4.2316
            ],
            [
              -58.2425,
              -4.2316
            ],
            [
              -58.2413,
              -4.2325
            ],
            [
              -58.2379,
              -4.2335
            ],
            [
              -58.2278,
              -4.2275
            ],
            [
              -58.2194,
              -4.2317
            ],
            [
              -58.2122,
              -4.2231
            ],
            [
              -58.2053,
              -4.2168
            ],
            [
              -58.1987,
              -4.2225
            ],
            [
              -58.1909,
              -4.2204
            ],
            [
              -58.1836,
              -4.2176
            ],
            [
              -58.1739,
              -4.2201
            ],
            [
              -58.1623,
              -4.2277
            ],
            [
              -58.1554,
              -4.2401
            ],
            [
              -58.1537,
              -4.246
            ],
            [
              -58.1196,
              -4.3708
            ],
            [
              -58.1179,
              -4.3729
            ],
            [
              -58.117,
              -4.3754
            ],
            [
              -58.1168,
              -4.3781
            ],
            [
              -58.1169,
              -4.3799
            ],
            [
              -58.1242,
              -4.39
            ],
            [
              -58.128,
              -4.3942
            ],
            [
              -58.1294,
              -4.3963
            ],
            [
              -58.1312,
              -4.4006
            ],
            [
              -58.1327,
              -4.4099
            ],
            [
              -58.1327,
              -4.4132
            ],
            [
              -58.1321,
              -4.4149
            ],
            [
              -58.1276,
              -4.4133
            ],
            [
              -58.1255,
              -4.4132
            ],
            [
              -58.1228,
              -4.4151
            ],
            [
              -58.1219,
              -4.4161
            ],
            [
              -58.1218,
              -4.4183
            ],
            [
              -58.1234,
              -4.4229
            ],
            [
              -58.124,
              -4.4235
            ],
            [
              -58.1254,
              -4.4283
            ],
            [
              -58.127,
              -4.4308
            ],
            [
              -58.1277,
              -4.4312
            ],
            [
              -58.1309,
              -4.4315
            ],
            [
              -58.1342,
              -4.4311
            ],
            [
              -58.1373,
              -4.4311
            ],
            [
              -58.1446,
              -4.4324
            ],
            [
              -58.1502,
              -4.4331
            ],
            [
              -58.1522,
              -4.4338
            ],
            [
              -58.1523,
              -4.4351
            ],
            [
              -58.1513,
              -4.4379
            ],
            [
              -58.151,
              -4.4407
            ],
            [
              -58.1527,
              -4.4437
            ],
            [
              -58.1553,
              -4.4447
            ],
            [
              -58.159,
              -4.4453
            ],
            [
              -58.1615,
              -4.4466
            ],
            [
              -58.1639,
              -4.4498
            ],
            [
              -58.1672,
              -4.4514
            ],
            [
              -58.1723,
              -4.4507
            ],
            [
              -58.175,
              -4.4507
            ],
            [
              -58.1801,
              -4.4527
            ],
            [
              -58.1825,
              -4.4545
            ],
            [
              -58.1837,
              -4.4565
            ],
            [
              -58.1838,
              -4.4587
            ],
            [
              -58.1829,
              -4.4631
            ],
            [
              -58.183,
              -4.4659
            ],
            [
              -58.1835,
              -4.4695
            ],
            [
              -58.1829,
              -4.4717
            ],
            [
              -58.1809,
              -4.4738
            ],
            [
              -58.1775,
              -4.4743
            ],
            [
              -58.1751,
              -4.4763
            ],
            [
              -58.1742,
              -4.4795
            ],
            [
              -58.1738,
              -4.4822
            ],
            [
              -58.1739,
              -4.4846
            ],
            [
              -58.1752,
              -4.4889
            ],
            [
              -58.1762,
              -4.491
            ],
            [
              -58.1786,
              -4.4945
            ],
            [
              -58.1815,
              -4.498
            ],
            [
              -58.1834,
              -4.4992
            ],
            [
              -58.1859,
              -4.4984
            ],
            [
              -58.1911,
              -4.4946
            ],
            [
              -58.1951,
              -4.4907
            ],
            [
              -58.1974,
              -4.4888
            ],
            [
              -58.1996,
              -4.488
            ],
            [
              -58.203,
              -4.4881
            ],
            [
              -58.2044,
              -4.4889
            ],
            [
              -58.2056,
              -4.4903
            ],
            [
              -58.2081,
              -4.4957
            ],
            [
              -58.2077,
              -4.4979
            ],
            [
              -58.2067,
              -4.4996
            ],
            [
              -58.2033,
              -4.5027
            ],
            [
              -58.2016,
              -4.5081
            ],
            [
              -58.2019,
              -4.5102
            ],
            [
              -58.2044,
              -4.5125
            ],
            [
              -58.2066,
              -4.5129
            ],
            [
              -58.211,
              -4.5119
            ],
            [
              -58.2135,
              -4.5126
            ],
            [
              -58.2148,
              -4.5143
            ],
            [
              -58.2152,
              -4.5175
            ],
            [
              -58.2142,
              -4.5209
            ],
            [
              -58.211,
              -4.5247
            ],
            [
              -58.209,
              -4.5282
            ],
            [
              -58.2076,
              -4.5339
            ],
            [
              -58.2054,
              -4.5398
            ],
            [
              -58.2028,
              -4.5432
            ],
            [
              -58.2023,
              -4.5464
            ],
            [
              -58.2028,
              -4.5481
            ],
            [
              -58.2057,
              -4.5515
            ],
            [
              -58.2063,
              -4.5536
            ],
            [
              -58.2079,
              -4.554
            ],
            [
              -58.2088,
              -4.5528
            ],
            [
              -58.2091,
              -4.5493
            ],
            [
              -58.2096,
              -4.5476
            ],
            [
              -58.2111,
              -4.5451
            ],
            [
              -58.2144,
              -4.5434
            ],
            [
              -58.2186,
              -4.5428
            ],
            [
              -58.2216,
              -4.5437
            ],
            [
              -58.2234,
              -4.5439
            ],
            [
              -58.2296,
              -4.5473
            ],
            [
              -58.2336,
              -4.5509
            ],
            [
              -58.2345,
              -4.5523
            ],
            [
              -58.2351,
              -4.5547
            ],
            [
              -58.236,
              -4.5642
            ],
            [
              -58.2357,
              -4.5713
            ],
            [
              -58.2352,
              -4.5734
            ],
            [
              -58.2336,
              -4.5776
            ],
            [
              -58.2318,
              -4.5811
            ],
            [
              -58.2297,
              -4.5826
            ],
            [
              -58.2255,
              -4.5843
            ],
            [
              -58.2209,
              -4.5859
            ],
            [
              -58.2194,
              -4.587
            ],
            [
              -58.2188,
              -4.5884
            ],
            [
              -58.2188,
              -4.5905
            ],
            [
              -58.2204,
              -4.5946
            ],
            [
              -58.2217,
              -4.5966
            ],
            [
              -58.2231,
              -4.5978
            ],
            [
              -58.2279,
              -4.6012
            ],
            [
              -58.2306,
              -4.6024
            ],
            [
              -58.2336,
              -4.6026
            ],
            [
              -58.2391,
              -4.6019
            ],
            [
              -58.2456,
              -4.5999
            ],
            [
              -58.2534,
              -4.597
            ],
            [
              -58.2562,
              -4.5964
            ],
            [
              -58.2578,
              -4.5969
            ],
            [
              -58.2595,
              -4.5981
            ],
            [
              -58.2603,
              -4.6
            ],
            [
              -58.2632,
              -4.6021
            ],
            [
              -58.2638,
              -4.6039
            ],
            [
              -58.2639,
              -4.6071
            ],
            [
              -58.2642,
              -4.6131
            ],
            [
              -58.2637,
              -4.6153
            ],
            [
              -58.2622,
              -4.6173
            ],
            [
              -58.258,
              -4.6191
            ],
            [
              -58.2558,
              -4.6217
            ],
            [
              -58.2552,
              -4.6234
            ],
            [
              -58.2565,
              -4.6291
            ],
            [
              -58.2562,
              -4.6324
            ],
            [
              -58.2555,
              -4.6335
            ],
            [
              -58.2537,
              -4.6349
            ],
            [
              -58.2504,
              -4.6354
            ],
            [
              -58.2498,
              -4.6373
            ],
            [
              -58.2501,
              -4.6383
            ],
            [
              -58.2526,
              -4.6395
            ],
            [
              -58.2565,
              -4.6386
            ],
            [
              -58.2581,
              -4.6386
            ],
            [
              -58.2596,
              -4.6393
            ],
            [
              -58.2611,
              -4.6409
            ],
            [
              -58.2619,
              -4.6423
            ],
            [
              -58.2627,
              -4.6466
            ],
            [
              -58.2635,
              -4.6481
            ],
            [
              -58.2675,
              -4.6507
            ],
            [
              -58.2694,
              -4.6529
            ],
            [
              -58.2711,
              -4.6555
            ],
            [
              -58.2706,
              -4.6574
            ],
            [
              -58.2683,
              -4.6587
            ],
            [
              -58.2671,
              -4.6603
            ],
            [
              -58.2669,
              -4.6615
            ],
            [
              -58.2675,
              -4.6669
            ],
            [
              -58.2674,
              -4.669
            ],
            [
              -58.2662,
              -4.6718
            ],
            [
              -58.2662,
              -4.6735
            ],
            [
              -58.267,
              -4.6742
            ],
            [
              -58.2686,
              -4.6743
            ],
            [
              -58.271,
              -4.6732
            ],
            [
              -58.2729,
              -4.6741
            ],
            [
              -58.2731,
              -4.6755
            ],
            [
              -58.2697,
              -4.6771
            ],
            [
              -58.2681,
              -4.679
            ],
            [
              -58.2695,
              -4.683
            ],
            [
              -58.2697,
              -4.6847
            ],
            [
              -58.2691,
              -4.6872
            ],
            [
              -58.2674,
              -4.6892
            ],
            [
              -58.2666,
              -4.6929
            ],
            [
              -58.2671,
              -4.6943
            ],
            [
              -58.269,
              -4.6964
            ],
            [
              -58.2687,
              -4.698
            ],
            [
              -58.2677,
              -4.7
            ],
            [
              -58.2668,
              -4.7037
            ],
            [
              -58.2673,
              -4.7064
            ],
            [
              -58.2682,
              -4.7081
            ],
            [
              -58.2695,
              -4.7095
            ],
            [
              -58.2723,
              -4.7101
            ],
            [
              -58.274,
              -4.7098
            ],
            [
              -58.2777,
              -4.7077
            ],
            [
              -58.2794,
              -4.7074
            ],
            [
              -58.281,
              -4.7078
            ],
            [
              -58.2867,
              -4.711
            ],
            [
              -58.2871,
              -4.7118
            ],
            [
              -58.2863,
              -4.7132
            ],
            [
              -58.2851,
              -4.7132
            ],
            [
              -58.2817,
              -4.7118
            ],
            [
              -58.2801,
              -4.7115
            ],
            [
              -58.2787,
              -4.7119
            ],
            [
              -58.2766,
              -4.7139
            ],
            [
              -58.276,
              -4.715
            ],
            [
              -58.2763,
              -4.7166
            ],
            [
              -58.2781,
              -4.7176
            ],
            [
              -58.28,
              -4.7197
            ],
            [
              -58.2801,
              -4.722
            ],
            [
              -58.2786,
              -4.723
            ],
            [
              -58.2771,
              -4.7226
            ],
            [
              -58.2737,
              -4.7191
            ],
            [
              -58.2712,
              -4.7184
            ],
            [
              -58.2691,
              -4.7204
            ],
            [
              -58.2695,
              -4.7227
            ],
            [
              -58.271,
              -4.725
            ],
            [
              -58.2723,
              -4.725
            ],
            [
              -58.2742,
              -4.7265
            ],
            [
              -58.2751,
              -4.7301
            ],
            [
              -58.2751,
              -4.7341
            ],
            [
              -58.2762,
              -4.736
            ],
            [
              -58.2783,
              -4.7362
            ],
            [
              -58.2808,
              -4.7353
            ],
            [
              -58.2828,
              -4.7332
            ],
            [
              -58.2858,
              -4.7322
            ],
            [
              -58.2878,
              -4.7324
            ],
            [
              -58.2907,
              -4.7349
            ],
            [
              -58.2924,
              -4.7399
            ],
            [
              -58.2933,
              -4.7416
            ],
            [
              -58.2947,
              -4.7431
            ],
            [
              -58.2993,
              -4.7475
            ],
            [
              -58.3007,
              -4.7496
            ],
            [
              -58.3012,
              -4.7517
            ],
            [
              -58.3009,
              -4.7539
            ],
            [
              -58.298,
              -4.7595
            ],
            [
              -58.2967,
              -4.7629
            ],
            [
              -58.2962,
              -4.7667
            ],
            [
              -58.2964,
              -4.7738
            ],
            [
              -58.2971,
              -4.7783
            ],
            [
              -58.298,
              -4.782
            ],
            [
              -58.2995,
              -4.7863
            ],
            [
              -58.3013,
              -4.7899
            ],
            [
              -58.3045,
              -4.7952
            ],
            [
              -58.3059,
              -4.8006
            ],
            [
              -58.3062,
              -4.8069
            ],
            [
              -58.3058,
              -4.8162
            ],
            [
              -58.3058,
              -4.8177
            ],
            [
              -58.3069,
              -4.8192
            ],
            [
              -58.3103,
              -4.8226
            ],
            [
              -58.313,
              -4.8266
            ],
            [
              -58.315,
              -4.8264
            ],
            [
              -58.3158,
              -4.8233
            ],
            [
              -58.3158,
              -4.8181
            ],
            [
              -58.3154,
              -4.8157
            ],
            [
              -58.3154,
              -4.8128
            ],
            [
              -58.318,
              -4.8091
            ],
            [
              -58.3211,
              -4.8076
            ],
            [
              -58.3224,
              -4.808
            ],
            [
              -58.3257,
              -4.8106
            ],
            [
              -58.3292,
              -4.8146
            ],
            [
              -58.331,
              -4.8178
            ],
            [
              -58.3306,
              -4.8194
            ],
            [
              -58.3284,
              -4.8229
            ],
            [
              -58.3271,
              -4.8255
            ],
            [
              -58.326,
              -4.8295
            ],
            [
              -58.3257,
              -4.8324
            ],
            [
              -58.3256,
              -4.8385
            ],
            [
              -58.3259,
              -4.8397
            ],
            [
              -58.331,
              -4.8416
            ],
            [
              -58.3345,
              -4.8436
            ],
            [
              -58.3355,
              -4.8448
            ],
            [
              -58.3358,
              -4.8474
            ],
            [
              -58.3374,
              -4.8493
            ],
            [
              -58.3388,
              -4.8497
            ],
            [
              -58.344,
              -4.8476
            ],
            [
              -58.3484,
              -4.8475
            ],
            [
              -58.3504,
              -4.848
            ],
            [
              -58.3524,
              -4.8498
            ],
            [
              -58.3529,
              -4.8541
            ],
            [
              -58.3526,
              -4.8552
            ],
            [
              -58.3539,
              -4.8566
            ],
            [
              -58.3554,
              -4.8565
            ],
            [
              -58.3614,
              -4.8522
            ],
            [
              -58.3629,
              -4.8508
            ],
            [
              -58.3642,
              -4.8507
            ],
            [
              -58.3655,
              -4.8516
            ],
            [
              -58.3659,
              -4.8527
            ],
            [
              -58.3653,
              -4.8548
            ],
            [
              -58.3591,
              -4.8647
            ],
            [
              -58.3567,
              -4.868
            ],
            [
              -58.3552,
              -4.8725
            ],
            [
              -58.3534,
              -4.8748
            ],
            [
              -58.35,
              -4.8763
            ],
            [
              -58.3478,
              -4.878
            ],
            [
              -58.3462,
              -4.8801
            ],
            [
              -58.3447,
              -4.8827
            ],
            [
              -58.3434,
              -4.888
            ],
            [
              -58.3418,
              -4.8918
            ],
            [
              -58.3436,
              -4.8959
            ],
            [
              -58.349,
              -4.8997
            ],
            [
              -58.3511,
              -4.9001
            ],
            [
              -58.3534,
              -4.8997
            ],
            [
              -58.3569,
              -4.897
            ],
            [
              -58.3578,
              -4.8953
            ],
            [
              -58.3581,
              -4.893
            ],
            [
              -58.3579,
              -4.8906
            ],
            [
              -58.357,
              -4.8889
            ],
            [
              -58.3588,
              -4.8877
            ],
            [
              -58.3604,
              -4.888
            ],
            [
              -58.3627,
              -4.8896
            ],
            [
              -58.3641,
              -4.8912
            ],
            [
              -58.3654,
              -4.8937
            ],
            [
              -58.3653,
              -4.8954
            ],
            [
              -58.3626,
              -4.9017
            ],
            [
              -58.3618,
              -4.9058
            ],
            [
              -58.3609,
              -4.9134
            ],
            [
              -58.362,
              -4.9151
            ],
            [
              -58.368,
              -4.9169
            ],
            [
              -58.3738,
              -4.9192
            ],
            [
              -58.3776,
              -4.9203
            ],
            [
              -58.3791,
              -4.9202
            ],
            [
              -58.3843,
              -4.9191
            ],
            [
              -58.386,
              -4.9191
            ],
            [
              -58.3898,
              -4.9199
            ],
            [
              -58.396,
              -4.9199
            ],
            [
              -58.396,
              -4.9217
            ],
            [
              -58.3905,
              -4.9243
            ],
            [
              -58.3882,
              -4.9266
            ],
            [
              -58.3858,
              -4.9297
            ],
            [
              -58.3843,
              -4.9321
            ],
            [
              -58.3839,
              -4.9339
            ],
            [
              -58.3838,
              -4.938
            ],
            [
              -58.3843,
              -4.9439
            ],
            [
              -58.3833,
              -4.9452
            ],
            [
              -58.3793,
              -4.9465
            ],
            [
              -58.3764,
              -4.9477
            ],
            [
              -58.3747,
              -4.9488
            ],
            [
              -58.3735,
              -4.9522
            ],
            [
              -58.3739,
              -4.9536
            ],
            [
              -58.3753,
              -4.9557
            ],
            [
              -58.3768,
              -4.9566
            ],
            [
              -58.3779,
              -4.9564
            ],
            [
              -58.3806,
              -4.9548
            ],
            [
              -58.3833,
              -4.9548
            ],
            [
              -58.385,
              -4.9558
            ],
            [
              -58.3888,
              -4.9606
            ],
            [
              -58.3909,
              -4.9616
            ],
            [
              -58.3944,
              -4.9622
            ],
            [
              -58.3978,
              -4.9623
            ],
            [
              -58.3995,
              -4.9627
            ],
            [
              -58.402,
              -4.9645
            ],
            [
              -58.4034,
              -4.967
            ],
            [
              -58.4034,
              -4.972
            ],
            [
              -58.4029,
              -4.976
            ],
            [
              -58.4041,
              -4.983
            ],
            [
              -58.4036,
              -4.9865
            ],
            [
              -58.4042,
              -4.9883
            ],
            [
              -58.4094,
              -4.9892
            ],
            [
              -58.4117,
              -4.9902
            ],
            [
              -58.4135,
              -4.9919
            ],
            [
              -58.4136,
              -4.9929
            ],
            [
              -58.4118,
              -4.9956
            ],
            [
              -58.4101,
              -4.9975
            ],
            [
              -58.4091,
              -4.9992
            ],
            [
              -58.4085,
              -5.0029
            ],
            [
              -58.4089,
              -5.009
            ],
            [
              -58.4081,
              -5.0133
            ],
            [
              -58.4087,
              -5.0143
            ],
            [
              -58.4107,
              -5.0155
            ],
            [
              -58.4143,
              -5.0161
            ],
            [
              -58.4188,
              -5.0178
            ],
            [
              -58.4229,
              -5.0201
            ],
            [
              -58.4254,
              -5.0224
            ],
            [
              -58.4285,
              -5.0266
            ],
            [
              -58.4296,
              -5.0288
            ],
            [
              -58.4313,
              -5.0329
            ],
            [
              -58.4314,
              -5.035
            ],
            [
              -58.43,
              -5.0407
            ],
            [
              -58.4287,
              -5.0472
            ],
            [
              -58.43,
              -5.0488
            ],
            [
              -58.4316,
              -5.0482
            ],
            [
              -58.4369,
              -5.0417
            ],
            [
              -58.4386,
              -5.0398
            ],
            [
              -58.4411,
              -5.0376
            ],
            [
              -58.4428,
              -5.0366
            ],
            [
              -58.4467,
              -5.0363
            ],
            [
              -58.4488,
              -5.0372
            ],
            [
              -58.4504,
              -5.0395
            ],
            [
              -58.45,
              -5.0419
            ],
            [
              -58.4492,
              -5.0453
            ],
            [
              -58.4474,
              -5.0503
            ],
            [
              -58.4458,
              -5.0535
            ],
            [
              -58.4451,
              -5.0568
            ],
            [
              -58.4436,
              -5.0596
            ],
            [
              -58.4394,
              -5.0638
            ],
            [
              -58.4383,
              -5.0651
            ],
            [
              -58.4363,
              -5.0664
            ],
            [
              -58.4356,
              -5.0676
            ],
            [
              -58.4362,
              -5.07
            ],
            [
              -58.4388,
              -5.0724
            ],
            [
              -58.4409,
              -5.0735
            ],
            [
              -58.4444,
              -5.0742
            ],
            [
              -58.4502,
              -5.0736
            ],
            [
              -58.4535,
              -5.0739
            ],
            [
              -58.4564,
              -5.0736
            ],
            [
              -58.4578,
              -5.0723
            ],
            [
              -58.4589,
              -5.0705
            ],
            [
              -58.4617,
              -5.0686
            ],
            [
              -58.4633,
              -5.0681
            ],
            [
              -58.4664,
              -5.0688
            ],
            [
              -58.4687,
              -5.0702
            ],
            [
              -58.4702,
              -5.0718
            ],
            [
              -58.4731,
              -5.0759
            ],
            [
              -58.4741,
              -5.0777
            ],
            [
              -58.4745,
              -5.0792
            ],
            [
              -58.4742,
              -5.0831
            ],
            [
              -58.4734,
              -5.0854
            ],
            [
              -58.4723,
              -5.0863
            ],
            [
              -58.4688,
              -5.0874
            ],
            [
              -58.4684,
              -5.0883
            ],
            [
              -58.4689,
              -5.0897
            ],
            [
              -58.4701,
              -5.0905
            ],
            [
              -58.4716,
              -5.0906
            ],
            [
              -58.4797,
              -5.0861
            ],
            [
              -58.4879,
              -5.0844
            ],
            [
              -58.4905,
              -5.0847
            ],
            [
              -58.4942,
              -5.087
            ],
            [
              -58.4971,
              -5.0899
            ],
            [
              -58.4987,
              -5.0924
            ],
            [
              -58.4996,
              -5.096
            ],
            [
              -58.4996,
              -5.098
            ],
            [
              -58.4992,
              -5.1001
            ],
            [
              -58.4975,
              -5.1011
            ],
            [
              -58.4958,
              -5.1007
            ],
            [
              -58.4943,
              -5.0998
            ],
            [
              -58.4907,
              -5.0984
            ],
            [
              -58.4888,
              -5.0982
            ],
            [
              -58.4858,
              -5.0994
            ],
            [
              -58.4826,
              -5.1029
            ],
            [
              -58.4799,
              -5.1037
            ],
            [
              -58.4773,
              -5.1039
            ],
            [
              -58.4765,
              -5.1056
            ],
            [
              -58.4765,
              -5.107
            ],
            [
              -58.4779,
              -5.1088
            ],
            [
              -58.4826,
              -5.1122
            ],
            [
              -58.486,
              -5.1139
            ],
            [
              -58.4884,
              -5.1146
            ],
            [
              -58.4913,
              -5.1143
            ],
            [
              -58.4927,
              -5.113
            ],
            [
              -58.4943,
              -5.1101
            ],
            [
              -58.4958,
              -5.1083
            ],
            [
              -58.4981,
              -5.1066
            ],
            [
              -58.5026,
              -5.1036
            ],
            [
              -58.504,
              -5.1032
            ],
            [
              -58.5057,
              -5.1034
            ],
            [
              -58.5077,
              -5.1059
            ],
            [
              -58.5131,
              -5.1109
            ],
            [
              -58.5153,
              -5.1143
            ],
            [
              -58.5159,
              -5.1158
            ],
            [
              -58.5155,
              -5.1191
            ],
            [
              -58.513,
              -5.1247
            ],
            [
              -58.5116,
              -5.1273
            ],
            [
              -58.5092,
              -5.1303
            ],
            [
              -58.5086,
              -5.1329
            ],
            [
              -58.5096,
              -5.1348
            ],
            [
              -58.5123,
              -5.1363
            ],
            [
              -58.5152,
              -5.1364
            ],
            [
              -58.5166,
              -5.1357
            ],
            [
              -58.5178,
              -5.1341
            ],
            [
              -58.5203,
              -5.1301
            ],
            [
              -58.5244,
              -5.1271
            ],
            [
              -58.528,
              -5.1266
            ],
            [
              -58.532,
              -5.1274
            ],
            [
              -58.5337,
              -5.1294
            ],
            [
              -58.535,
              -5.1363
            ],
            [
              -58.535,
              -5.1381
            ],
            [
              -58.5367,
              -5.1399
            ],
            [
              -58.5398,
              -5.1419
            ],
            [
              -58.5423,
              -5.1431
            ],
            [
              -58.5441,
              -5.142
            ],
            [
              -58.5444,
              -5.1404
            ],
            [
              -58.5441,
              -5.1355
            ],
            [
              -58.5445,
              -5.132
            ],
            [
              -58.5459,
              -5.1275
            ],
            [
              -58.5471,
              -5.1261
            ],
            [
              -58.5502,
              -5.1265
            ],
            [
              -58.5521,
              -5.1281
            ],
            [
              -58.5553,
              -5.129
            ],
            [
              -58.558,
              -5.1291
            ],
            [
              -58.5601,
              -5.1288
            ],
            [
              -58.5642,
              -5.1287
            ],
            [
              -58.5677,
              -5.1304
            ],
            [
              -58.5712,
              -5.1307
            ],
            [
              -58.5751,
              -5.1308
            ],
            [
              -58.5783,
              -5.1321
            ],
            [
              -58.58,
              -5.1333
            ],
            [
              -58.5808,
              -5.1358
            ],
            [
              -58.5803,
              -5.1375
            ],
            [
              -58.5792,
              -5.1383
            ],
            [
              -58.5756,
              -5.1389
            ],
            [
              -58.5713,
              -5.1407
            ],
            [
              -58.5681,
              -5.1437
            ],
            [
              -58.5656,
              -5.1465
            ],
            [
              -58.5647,
              -5.1494
            ],
            [
              -58.5642,
              -5.1531
            ],
            [
              -58.5623,
              -5.1549
            ],
            [
              -58.5638,
              -5.1557
            ],
            [
              -58.5656,
              -5.1558
            ],
            [
              -58.5687,
              -5.1552
            ],
            [
              -58.5704,
              -5.1552
            ],
            [
              -58.5721,
              -5.1566
            ],
            [
              -58.5728,
              -5.1595
            ],
            [
              -58.5748,
              -5.1611
            ],
            [
              -58.576,
              -5.1614
            ],
            [
              -58.5783,
              -5.1607
            ],
            [
              -58.5791,
              -5.1594
            ],
            [
              -58.5806,
              -5.1594
            ],
            [
              -58.5815,
              -5.1605
            ],
            [
              -58.5816,
              -5.1642
            ],
            [
              -58.5809,
              -5.1677
            ],
            [
              -58.5819,
              -5.1744
            ],
            [
              -58.5831,
              -5.1772
            ],
            [
              -58.5848,
              -5.1785
            ],
            [
              -58.5881,
              -5.1781
            ],
            [
              -58.5925,
              -5.1767
            ],
            [
              -58.5957,
              -5.1762
            ],
            [
              -58.597,
              -5.1769
            ],
            [
              -58.6008,
              -5.182
            ],
            [
              -58.6047,
              -5.1857
            ],
            [
              -58.6061,
              -5.1864
            ],
            [
              -58.6117,
              -5.1866
            ],
            [
              -58.6147,
              -5.1874
            ],
            [
              -58.6186,
              -5.1872
            ],
            [
              -58.6236,
              -5.1836
            ],
            [
              -58.6253,
              -5.1829
            ],
            [
              -58.628,
              -5.1825
            ],
            [
              -58.6338,
              -5.1821
            ],
            [
              -58.6375,
              -5.183
            ],
            [
              -58.639,
              -5.184
            ],
            [
              -58.6414,
              -5.1877
            ],
            [
              -58.6417,
              -5.1893
            ],
            [
              -58.6412,
              -5.1917
            ],
            [
              -58.6396,
              -5.1946
            ],
            [
              -58.6382,
              -5.1957
            ],
            [
              -58.6367,
              -5.1961
            ],
            [
              -58.6351,
              -5.1952
            ],
            [
              -58.6328,
              -5.1917
            ],
            [
              -58.6313,
              -5.1918
            ],
            [
              -58.6313,
              -5.1949
            ],
            [
              -58.6316,
              -5.1973
            ],
            [
              -58.6312,
              -5.1981
            ],
            [
              -58.6258,
              -5.2032
            ],
            [
              -58.6239,
              -5.206
            ],
            [
              -58.6219,
              -5.2096
            ],
            [
              -58.6213,
              -5.2164
            ],
            [
              -58.6217,
              -5.2188
            ],
            [
              -58.6225,
              -5.22
            ],
            [
              -58.6246,
              -5.2207
            ],
            [
              -58.6262,
              -5.2204
            ],
            [
              -58.6278,
              -5.219
            ],
            [
              -58.6288,
              -5.2171
            ],
            [
              -58.6311,
              -5.2144
            ],
            [
              -58.6325,
              -5.2135
            ],
            [
              -58.636,
              -5.2124
            ],
            [
              -58.6375,
              -5.2114
            ],
            [
              -58.6418,
              -5.2075
            ],
            [
              -58.6512,
              -5.204
            ],
            [
              -58.6534,
              -5.2034
            ],
            [
              -58.6564,
              -5.2043
            ],
            [
              -58.6566,
              -5.206
            ],
            [
              -58.6525,
              -5.2085
            ],
            [
              -58.6515,
              -5.2104
            ],
            [
              -58.6505,
              -5.2177
            ],
            [
              -58.6502,
              -5.2224
            ],
            [
              -58.6501,
              -5.2271
            ],
            [
              -58.6514,
              -5.2303
            ],
            [
              -58.6525,
              -5.231
            ],
            [
              -58.6544,
              -5.2307
            ],
            [
              -58.659,
              -5.2284
            ],
            [
              -58.6668,
              -5.2269
            ],
            [
              -58.6695,
              -5.2266
            ],
            [
              -58.6752,
              -5.2267
            ],
            [
              -58.6798,
              -5.2251
            ],
            [
              -58.6816,
              -5.2214
            ],
            [
              -58.6831,
              -5.2196
            ],
            [
              -58.6841,
              -5.2196
            ],
            [
              -58.6877,
              -5.2207
            ],
            [
              -58.6886,
              -5.2221
            ],
            [
              -58.6884,
              -5.2236
            ],
            [
              -58.6859,
              -5.229
            ],
            [
              -58.6857,
              -5.2306
            ],
            [
              -58.6865,
              -5.2313
            ],
            [
              -58.6913,
              -5.2326
            ],
            [
              -58.6923,
              -5.2334
            ],
            [
              -58.6927,
              -5.2346
            ],
            [
              -58.6924,
              -5.2366
            ],
            [
              -58.6915,
              -5.2398
            ],
            [
              -58.6921,
              -5.2414
            ],
            [
              -58.6935,
              -5.2419
            ],
            [
              -58.6944,
              -5.2414
            ],
            [
              -58.697,
              -5.2385
            ],
            [
              -58.6992,
              -5.237
            ],
            [
              -58.7005,
              -5.2356
            ],
            [
              -58.703,
              -5.2357
            ],
            [
              -58.705,
              -5.237
            ],
            [
              -58.7058,
              -5.2389
            ],
            [
              -58.7045,
              -5.2432
            ],
            [
              -58.7033,
              -5.245
            ],
            [
              -58.7009,
              -5.2473
            ],
            [
              -58.6998,
              -5.2479
            ],
            [
              -58.6984,
              -5.2508
            ],
            [
              -58.6981,
              -5.2535
            ],
            [
              -58.6983,
              -5.2558
            ],
            [
              -58.7025,
              -5.261
            ],
            [
              -58.7039,
              -5.2632
            ],
            [
              -58.7061,
              -5.2649
            ],
            [
              -58.7117,
              -5.2668
            ],
            [
              -58.7155,
              -5.2672
            ],
            [
              -58.7182,
              -5.2666
            ],
            [
              -58.7232,
              -5.2651
            ],
            [
              -58.7291,
              -5.2641
            ],
            [
              -58.7304,
              -5.2652
            ],
            [
              -58.7303,
              -5.2684
            ],
            [
              -58.7293,
              -5.2694
            ],
            [
              -58.7253,
              -5.2708
            ],
            [
              -58.7216,
              -5.2731
            ],
            [
              -58.7197,
              -5.2748
            ],
            [
              -58.7192,
              -5.2762
            ],
            [
              -58.7175,
              -5.2788
            ],
            [
              -58.7149,
              -5.2802
            ],
            [
              -58.7146,
              -5.2818
            ],
            [
              -58.7154,
              -5.2829
            ],
            [
              -58.7182,
              -5.2854
            ],
            [
              -58.7198,
              -5.2874
            ],
            [
              -58.7233,
              -5.2885
            ],
            [
              -58.7258,
              -5.2885
            ],
            [
              -58.7309,
              -5.2888
            ],
            [
              -58.7345,
              -5.2902
            ],
            [
              -58.7371,
              -5.2925
            ],
            [
              -58.7404,
              -5.2972
            ],
            [
              -58.7413,
              -5.2993
            ],
            [
              -58.7423,
              -5.3031
            ],
            [
              -58.7419,
              -5.3043
            ],
            [
              -58.7403,
              -5.3063
            ],
            [
              -58.7374,
              -5.3078
            ],
            [
              -58.7352,
              -5.3082
            ],
            [
              -58.7333,
              -5.3076
            ],
            [
              -58.729,
              -5.3052
            ],
            [
              -58.726,
              -5.3054
            ],
            [
              -58.7226,
              -5.3073
            ],
            [
              -58.7211,
              -5.3073
            ],
            [
              -58.7177,
              -5.3053
            ],
            [
              -58.7163,
              -5.3071
            ],
            [
              -58.7181,
              -5.3114
            ],
            [
              -58.7186,
              -5.3134
            ],
            [
              -58.7178,
              -5.3164
            ],
            [
              -58.7185,
              -5.3169
            ],
            [
              -58.7203,
              -5.3153
            ],
            [
              -58.7219,
              -5.3144
            ],
            [
              -58.7234,
              -5.3144
            ],
            [
              -58.7264,
              -5.3158
            ],
            [
              -58.7309,
              -5.3229
            ],
            [
              -58.7336,
              -5.3244
            ],
            [
              -58.7347,
              -5.3253
            ],
            [
              -58.7361,
              -5.3279
            ],
            [
              -58.738,
              -5.33
            ],
            [
              -58.7378,
              -5.3308
            ],
            [
              -58.7353,
              -5.3344
            ],
            [
              -58.7363,
              -5.3371
            ],
            [
              -58.7365,
              -5.3387
            ],
            [
              -58.7405,
              -5.3391
            ],
            [
              -58.7419,
              -5.3384
            ],
            [
              -58.7429,
              -5.3368
            ],
            [
              -58.744,
              -5.3339
            ],
            [
              -58.744,
              -5.3323
            ],
            [
              -58.7452,
              -5.3302
            ],
            [
              -58.7466,
              -5.3296
            ],
            [
              -58.7512,
              -5.3293
            ],
            [
              -58.7532,
              -5.3298
            ],
            [
              -58.7574,
              -5.3328
            ],
            [
              -58.7604,
              -5.3356
            ],
            [
              -58.7626,
              -5.337
            ],
            [
              -58.7645,
              -5.3375
            ],
            [
              -58.7665,
              -5.3374
            ],
            [
              -58.7678,
              -5.3359
            ],
            [
              -58.7671,
              -5.3349
            ],
            [
              -58.7648,
              -5.333
            ],
            [
              -58.7609,
              -5.3312
            ],
            [
              -58.7606,
              -5.3303
            ],
            [
              -58.7627,
              -5.3292
            ],
            [
              -58.7643,
              -5.3295
            ],
            [
              -58.7704,
              -5.3286
            ],
            [
              -58.7715,
              -5.3287
            ],
            [
              -58.7762,
              -5.3301
            ],
            [
              -58.7772,
              -5.3321
            ],
            [
              -58.7768,
              -5.336
            ],
            [
              -58.778,
              -5.3395
            ],
            [
              -58.7792,
              -5.3416
            ],
            [
              -58.7803,
              -5.3417
            ],
            [
              -58.7825,
              -5.3382
            ],
            [
              -58.7832,
              -5.3378
            ],
            [
              -58.786,
              -5.3378
            ],
            [
              -58.7898,
              -5.3385
            ],
            [
              -58.7917,
              -5.3398
            ],
            [
              -58.7958,
              -5.3416
            ],
            [
              -58.7952,
              -5.3446
            ],
            [
              -58.7943,
              -5.3467
            ],
            [
              -58.7963,
              -5.3499
            ],
            [
              -58.798,
              -5.3501
            ],
            [
              -58.8008,
              -5.3477
            ],
            [
              -58.8015,
              -5.3461
            ],
            [
              -58.799,
              -5.3449
            ],
            [
              -58.7994,
              -5.3431
            ],
            [
              -58.8021,
              -5.34
            ],
            [
              -58.8035,
              -5.3361
            ],
            [
              -58.8036,
              -5.3329
            ],
            [
              -58.8044,
              -5.3325
            ],
            [
              -58.8066,
              -5.3335
            ],
            [
              -58.809,
              -5.3381
            ],
            [
              -58.8107,
              -5.3399
            ],
            [
              -58.8112,
              -5.3419
            ],
            [
              -58.8104,
              -5.3425
            ],
            [
              -58.8069,
              -5.3435
            ],
            [
              -58.8052,
              -5.3456
            ],
            [
              -58.8051,
              -5.3467
            ],
            [
              -58.8058,
              -5.3493
            ],
            [
              -58.8076,
              -5.3515
            ],
            [
              -58.8107,
              -5.3533
            ],
            [
              -58.8085,
              -5.3585
            ],
            [
              -58.808,
              -5.3609
            ],
            [
              -58.8081,
              -5.3627
            ],
            [
              -58.809,
              -5.3671
            ],
            [
              -58.8103,
              -5.3677
            ],
            [
              -58.8122,
              -5.3672
            ],
            [
              -58.8151,
              -5.3653
            ],
            [
              -58.8162,
              -5.3658
            ],
            [
              -58.8174,
              -5.369
            ],
            [
              -58.8172,
              -5.3705
            ],
            [
              -58.8164,
              -5.3714
            ],
            [
              -58.8137,
              -5.3725
            ],
            [
              -58.8124,
              -5.3725
            ],
            [
              -58.8073,
              -5.3712
            ],
            [
              -58.8045,
              -5.371
            ],
            [
              -58.8033,
              -5.372
            ],
            [
              -58.8025,
              -5.375
            ],
            [
              -58.8032,
              -5.3763
            ],
            [
              -58.8061,
              -5.3797
            ],
            [
              -58.8049,
              -5.3845
            ],
            [
              -58.8058,
              -5.3856
            ],
            [
              -58.8082,
              -5.3841
            ],
            [
              -58.8105,
              -5.3833
            ],
            [
              -58.8114,
              -5.3839
            ],
            [
              -58.8115,
              -5.3856
            ],
            [
              -58.8102,
              -5.389
            ],
            [
              -58.8105,
              -5.3902
            ],
            [
              -58.8118,
              -5.391
            ],
            [
              -58.8132,
              -5.394
            ],
            [
              -58.812,
              -5.3964
            ],
            [
              -58.8084,
              -5.3986
            ],
            [
              -58.8081,
              -5.3995
            ],
            [
              -58.8089,
              -5.4009
            ],
            [
              -58.8124,
              -5.401
            ],
            [
              -58.8154,
              -5.4027
            ],
            [
              -58.8172,
              -5.4026
            ],
            [
              -58.8191,
              -5.4012
            ],
            [
              -58.8195,
              -5.4
            ],
            [
              -58.8193,
              -5.3964
            ],
            [
              -58.8204,
              -5.3959
            ],
            [
              -58.8215,
              -5.4
            ],
            [
              -58.8227,
              -5.402
            ],
            [
              -58.8219,
              -5.4029
            ],
            [
              -58.8193,
              -5.4046
            ],
            [
              -58.8183,
              -5.4066
            ],
            [
              -58.8182,
              -5.408
            ],
            [
              -58.8187,
              -5.4106
            ],
            [
              -58.8172,
              -5.4123
            ],
            [
              -58.8156,
              -5.4127
            ],
            [
              -58.8136,
              -5.4102
            ],
            [
              -58.8122,
              -5.4097
            ],
            [
              -58.8086,
              -5.4101
            ],
            [
              -58.8058,
              -5.4098
            ],
            [
              -58.8051,
              -5.4103
            ],
            [
              -58.8041,
              -5.4139
            ],
            [
              -58.8045,
              -5.4153
            ],
            [
              -58.8075,
              -5.4171
            ],
            [
              -58.8095,
              -5.42
            ],
            [
              -58.8068,
              -5.4226
            ],
            [
              -58.8067,
              -5.4241
            ],
            [
              -58.8078,
              -5.4251
            ],
            [
              -58.8107,
              -5.4261
            ],
            [
              -58.8136,
              -5.4263
            ],
            [
              -58.8158,
              -5.4255
            ],
            [
              -58.8202,
              -5.4232
            ],
            [
              -58.8213,
              -5.4233
            ],
            [
              -58.822,
              -5.4267
            ],
            [
              -58.8218,
              -5.4301
            ],
            [
              -58.8222,
              -5.4324
            ],
            [
              -58.825,
              -5.4338
            ],
            [
              -58.8245,
              -5.4356
            ],
            [
              -58.8233,
              -5.4358
            ],
            [
              -58.8215,
              -5.435
            ],
            [
              -58.8202,
              -5.4365
            ],
            [
              -58.8207,
              -5.4376
            ],
            [
              -58.8231,
              -5.4386
            ],
            [
              -58.826,
              -5.4385
            ],
            [
              -58.8273,
              -5.4365
            ],
            [
              -58.8284,
              -5.4361
            ],
            [
              -58.8287,
              -5.4338
            ],
            [
              -58.8274,
              -5.432
            ],
            [
              -58.8293,
              -5.4302
            ],
            [
              -58.8318,
              -5.4308
            ],
            [
              -58.8336,
              -5.4327
            ],
            [
              -58.8343,
              -5.4349
            ],
            [
              -58.8343,
              -5.4367
            ],
            [
              -58.8329,
              -5.4381
            ],
            [
              -58.8297,
              -5.4388
            ],
            [
              -58.8278,
              -5.4397
            ],
            [
              -58.8271,
              -5.4408
            ],
            [
              -58.8269,
              -5.4424
            ],
            [
              -58.829,
              -5.4451
            ],
            [
              -58.833,
              -5.446
            ],
            [
              -58.8356,
              -5.448
            ],
            [
              -58.8354,
              -5.4499
            ],
            [
              -58.8377,
              -5.4516
            ],
            [
              -58.8383,
              -5.4536
            ],
            [
              -58.8374,
              -5.4562
            ],
            [
              -58.8359,
              -5.4556
            ],
            [
              -58.837,
              -5.454
            ],
            [
              -58.8368,
              -5.4527
            ],
            [
              -58.8354,
              -5.4527
            ],
            [
              -58.8339,
              -5.4543
            ],
            [
              -58.8338,
              -5.4562
            ],
            [
              -58.8326,
              -5.4573
            ],
            [
              -58.8329,
              -5.4606
            ],
            [
              -58.8314,
              -5.4624
            ],
            [
              -58.8309,
              -5.4643
            ],
            [
              -58.828,
              -5.4687
            ],
            [
              -58.828,
              -5.4697
            ],
            [
              -58.8302,
              -5.4701
            ],
            [
              -58.8324,
              -5.4714
            ],
            [
              -58.833,
              -5.4726
            ],
            [
              -58.8349,
              -5.4735
            ],
            [
              -58.8352,
              -5.475
            ],
            [
              -58.8343,
              -5.4767
            ],
            [
              -58.8344,
              -5.4782
            ],
            [
              -58.8373,
              -5.4781
            ],
            [
              -58.838,
              -5.4802
            ],
            [
              -58.834,
              -5.4829
            ],
            [
              -58.8336,
              -5.4849
            ],
            [
              -58.8351,
              -5.4869
            ],
            [
              -58.8377,
              -5.4885
            ],
            [
              -58.8384,
              -5.4908
            ],
            [
              -58.8393,
              -5.4954
            ],
            [
              -58.839,
              -5.4961
            ],
            [
              -58.8359,
              -5.4981
            ],
            [
              -58.8339,
              -5.5004
            ],
            [
              -58.8334,
              -5.5017
            ],
            [
              -58.8337,
              -5.505
            ],
            [
              -58.8359,
              -5.5081
            ],
            [
              -58.8382,
              -5.5097
            ],
            [
              -58.8402,
              -5.5102
            ],
            [
              -58.8426,
              -5.5085
            ],
            [
              -58.8465,
              -5.5087
            ],
            [
              -58.8488,
              -5.5079
            ],
            [
              -58.85,
              -5.5098
            ],
            [
              -58.8505,
              -5.512
            ],
            [
              -58.8511,
              -5.5132
            ],
            [
              -58.8542,
              -5.5132
            ],
            [
              -58.855,
              -5.5149
            ],
            [
              -58.854,
              -5.5161
            ],
            [
              -58.852,
              -5.5156
            ],
            [
              -58.8506,
              -5.5158
            ],
            [
              -58.8501,
              -5.5174
            ],
            [
              -58.8527,
              -5.5168
            ],
            [
              -58.8553,
              -5.5195
            ],
            [
              -58.8541,
              -5.5204
            ],
            [
              -58.8534,
              -5.5192
            ],
            [
              -58.85,
              -5.5211
            ],
            [
              -58.8512,
              -5.5223
            ],
            [
              -58.8525,
              -5.5217
            ],
            [
              -58.8525,
              -5.5241
            ],
            [
              -58.8541,
              -5.5241
            ],
            [
              -58.8547,
              -5.5251
            ],
            [
              -58.8529,
              -5.5285
            ],
            [
              -58.8532,
              -5.5294
            ],
            [
              -58.855,
              -5.5307
            ],
            [
              -58.8545,
              -5.532
            ],
            [
              -58.8527,
              -5.532
            ],
            [
              -58.8519,
              -5.5337
            ],
            [
              -58.8523,
              -5.535
            ],
            [
              -58.8539,
              -5.5356
            ],
            [
              -58.8535,
              -5.5373
            ],
            [
              -58.8506,
              -5.5385
            ],
            [
              -58.848,
              -5.5399
            ],
            [
              -58.8478,
              -5.5409
            ],
            [
              -58.8483,
              -5.5434
            ],
            [
              -58.8492,
              -5.544
            ],
            [
              -58.8515,
              -5.5443
            ],
            [
              -58.8529,
              -5.5452
            ],
            [
              -58.8538,
              -5.5469
            ],
            [
              -58.8512,
              -5.5493
            ],
            [
              -58.8512,
              -5.5504
            ],
            [
              -58.8523,
              -5.5521
            ],
            [
              -58.8513,
              -5.5535
            ],
            [
              -58.8507,
              -5.5578
            ],
            [
              -58.8497,
              -5.558
            ],
            [
              -58.8462,
              -5.5552
            ],
            [
              -58.8419,
              -5.5561
            ],
            [
              -58.8404,
              -5.5561
            ],
            [
              -58.8418,
              -5.5606
            ],
            [
              -58.8415,
              -5.5615
            ],
            [
              -58.8391,
              -5.5613
            ],
            [
              -58.8364,
              -5.5626
            ],
            [
              -58.8353,
              -5.5628
            ],
            [
              -58.8329,
              -5.5642
            ],
            [
              -58.8317,
              -5.5656
            ],
            [
              -58.8318,
              -5.5668
            ],
            [
              -58.8338,
              -5.5681
            ],
            [
              -58.8354,
              -5.5712
            ],
            [
              -58.8354,
              -5.5729
            ],
            [
              -58.8345,
              -5.5738
            ],
            [
              -58.832,
              -5.5736
            ],
            [
              -58.8276,
              -5.5754
            ],
            [
              -58.8268,
              -5.5764
            ],
            [
              -58.8264,
              -5.5784
            ],
            [
              -58.8267,
              -5.5816
            ],
            [
              -58.8244,
              -5.5851
            ],
            [
              -58.8246,
              -5.5864
            ],
            [
              -58.8258,
              -5.5877
            ],
            [
              -58.8269,
              -5.5907
            ],
            [
              -58.8263,
              -5.592
            ],
            [
              -58.8247,
              -5.5922
            ],
            [
              -58.8233,
              -5.5913
            ],
            [
              -58.8208,
              -5.5887
            ],
            [
              -58.8201,
              -5.5887
            ],
            [
              -58.8193,
              -5.5907
            ],
            [
              -58.8216,
              -5.5934
            ],
            [
              -58.8231,
              -5.5942
            ],
            [
              -58.8248,
              -5.596
            ],
            [
              -58.8252,
              -5.5971
            ],
            [
              -58.8241,
              -5.5988
            ],
            [
              -58.8208,
              -5.5991
            ],
            [
              -58.8192,
              -5.6007
            ],
            [
              -58.8193,
              -5.6021
            ],
            [
              -58.8203,
              -5.6037
            ],
            [
              -58.8215,
              -5.6046
            ],
            [
              -58.8246,
              -5.608
            ],
            [
              -58.8258,
              -5.6115
            ],
            [
              -58.8269,
              -5.6124
            ],
            [
              -58.827,
              -5.6137
            ],
            [
              -58.8259,
              -5.6155
            ],
            [
              -58.8258,
              -5.6165
            ],
            [
              -58.8274,
              -5.6208
            ],
            [
              -58.8271,
              -5.6228
            ],
            [
              -58.8285,
              -5.6242
            ],
            [
              -58.8285,
              -5.6267
            ],
            [
              -58.8281,
              -5.6281
            ],
            [
              -58.8284,
              -5.6292
            ],
            [
              -58.8302,
              -5.6301
            ],
            [
              -58.8305,
              -5.6315
            ],
            [
              -58.8278,
              -5.6329
            ],
            [
              -58.8283,
              -5.6338
            ],
            [
              -58.8313,
              -5.6354
            ],
            [
              -58.8319,
              -5.6363
            ],
            [
              -58.8323,
              -5.6396
            ],
            [
              -58.8329,
              -5.6404
            ],
            [
              -58.8329,
              -5.6425
            ],
            [
              -58.8322,
              -5.6466
            ],
            [
              -58.8327,
              -5.6476
            ],
            [
              -58.8326,
              -5.6512
            ],
            [
              -58.8317,
              -5.6532
            ],
            [
              -58.8303,
              -5.6541
            ],
            [
              -58.8303,
              -5.6555
            ],
            [
              -58.8329,
              -5.6564
            ],
            [
              -58.8356,
              -5.6584
            ],
            [
              -58.8365,
              -5.6594
            ],
            [
              -58.839,
              -5.6608
            ],
            [
              -58.8389,
              -5.6618
            ],
            [
              -58.8337,
              -5.6657
            ],
            [
              -58.8312,
              -5.6651
            ],
            [
              -58.8303,
              -5.6627
            ],
            [
              -58.8289,
              -5.6627
            ],
            [
              -58.8288,
              -5.6661
            ],
            [
              -58.8304,
              -5.6675
            ],
            [
              -58.832,
              -5.667
            ],
            [
              -58.8344,
              -5.6673
            ],
            [
              -58.836,
              -5.6687
            ],
            [
              -58.8371,
              -5.6687
            ],
            [
              -58.8398,
              -5.6674
            ],
            [
              -58.8425,
              -5.6673
            ],
            [
              -58.8455,
              -5.6682
            ],
            [
              -58.8466,
              -5.6693
            ],
            [
              -58.8461,
              -5.6727
            ],
            [
              -58.8437,
              -5.6752
            ],
            [
              -58.8399,
              -5.6778
            ],
            [
              -58.8385,
              -5.6782
            ],
            [
              -58.8359,
              -5.6782
            ],
            [
              -58.8332,
              -5.6745
            ],
            [
              -58.8314,
              -5.6747
            ],
            [
              -58.8302,
              -5.6763
            ],
            [
              -58.829,
              -5.6826
            ],
            [
              -58.8294,
              -5.6832
            ],
            [
              -58.833,
              -5.6849
            ],
            [
              -58.8344,
              -5.686
            ],
            [
              -58.8367,
              -5.686
            ],
            [
              -58.8374,
              -5.6877
            ],
            [
              -58.8364,
              -5.6895
            ],
            [
              -58.8344,
              -5.6902
            ],
            [
              -58.8305,
              -5.6926
            ],
            [
              -58.8288,
              -5.6929
            ],
            [
              -58.8282,
              -5.6942
            ],
            [
              -58.8285,
              -5.6953
            ],
            [
              -58.8308,
              -5.6981
            ],
            [
              -58.8316,
              -5.6981
            ],
            [
              -58.8329,
              -5.6964
            ],
            [
              -58.834,
              -5.6963
            ],
            [
              -58.8356,
              -5.699
            ],
            [
              -58.8357,
              -5.7009
            ],
            [
              -58.8354,
              -5.7038
            ],
            [
              -58.8368,
              -5.7052
            ],
            [
              -58.8363,
              -5.7065
            ],
            [
              -58.8344,
              -5.7083
            ],
            [
              -58.8324,
              -5.7086
            ],
            [
              -58.8302,
              -5.7077
            ],
            [
              -58.8291,
              -5.704
            ],
            [
              -58.8268,
              -5.7036
            ],
            [
              -58.8259,
              -5.7046
            ],
            [
              -58.8251,
              -5.7064
            ],
            [
              -58.8256,
              -5.709
            ],
            [
              -58.8264,
              -5.7098
            ],
            [
              -58.8283,
              -5.7106
            ],
            [
              -58.83,
              -5.712
            ],
            [
              -58.8312,
              -5.7136
            ],
            [
              -58.8316,
              -5.7154
            ],
            [
              -58.8311,
              -5.7162
            ],
            [
              -58.8295,
              -5.7162
            ],
            [
              -58.8285,
              -5.7155
            ],
            [
              -58.8279,
              -5.7131
            ],
            [
              -58.8263,
              -5.7133
            ],
            [
              -58.8242,
              -5.7153
            ],
            [
              -58.8233,
              -5.7171
            ],
            [
              -58.8217,
              -5.7167
            ],
            [
              -58.8206,
              -5.7174
            ],
            [
              -58.8206,
              -5.7206
            ],
            [
              -58.8201,
              -5.7224
            ],
            [
              -58.8179,
              -5.7251
            ],
            [
              -58.8179,
              -5.7263
            ],
            [
              -58.8194,
              -5.73
            ],
            [
              -58.8194,
              -5.7311
            ],
            [
              -58.8183,
              -5.7327
            ],
            [
              -58.8152,
              -5.7325
            ],
            [
              -58.8143,
              -5.7329
            ],
            [
              -58.8119,
              -5.7366
            ],
            [
              -58.8112,
              -5.7385
            ],
            [
              -58.8119,
              -5.7399
            ],
            [
              -58.8152,
              -5.7401
            ],
            [
              -58.8179,
              -5.7415
            ],
            [
              -58.8198,
              -5.7441
            ],
            [
              -58.819,
              -5.7478
            ],
            [
              -58.8184,
              -5.7485
            ],
            [
              -58.8213,
              -5.7522
            ],
            [
              -58.8212,
              -5.7546
            ],
            [
              -58.8228,
              -5.7597
            ],
            [
              -58.8229,
              -5.7625
            ],
            [
              -58.8222,
              -5.7637
            ],
            [
              -58.8224,
              -5.7651
            ],
            [
              -58.8243,
              -5.7651
            ],
            [
              -58.8256,
              -5.766
            ],
            [
              -58.8252,
              -5.7683
            ],
            [
              -58.8224,
              -5.769
            ],
            [
              -58.8212,
              -5.77
            ],
            [
              -58.8187,
              -5.7772
            ],
            [
              -58.8194,
              -5.7791
            ],
            [
              -58.8183,
              -5.7806
            ],
            [
              -58.8155,
              -5.7803
            ],
            [
              -58.8152,
              -5.7819
            ],
            [
              -58.8178,
              -5.7842
            ],
            [
              -58.818,
              -5.788
            ],
            [
              -58.8141,
              -5.7894
            ],
            [
              -58.8145,
              -5.7915
            ],
            [
              -58.8192,
              -5.7947
            ],
            [
              -58.8206,
              -5.796
            ],
            [
              -58.8233,
              -5.7977
            ],
            [
              -58.8243,
              -5.7978
            ],
            [
              -58.8278,
              -5.7966
            ],
            [
              -58.8298,
              -5.7964
            ],
            [
              -58.8303,
              -5.7969
            ],
            [
              -58.8312,
              -5.7998
            ],
            [
              -58.8306,
              -5.8022
            ],
            [
              -58.8293,
              -5.8024
            ],
            [
              -58.8275,
              -5.8018
            ],
            [
              -58.8259,
              -5.8017
            ],
            [
              -58.8244,
              -5.8037
            ],
            [
              -58.8243,
              -5.8053
            ],
            [
              -58.8253,
              -5.8088
            ],
            [
              -58.8254,
              -5.8103
            ],
            [
              -58.8233,
              -5.8113
            ],
            [
              -58.8236,
              -5.8122
            ],
            [
              -58.8259,
              -5.8123
            ],
            [
              -58.8278,
              -5.8116
            ],
            [
              -58.8296,
              -5.8115
            ],
            [
              -58.83,
              -5.8126
            ],
            [
              -58.8303,
              -5.8163
            ],
            [
              -58.8298,
              -5.8195
            ],
            [
              -58.8281,
              -5.8226
            ],
            [
              -58.8272,
              -5.8226
            ],
            [
              -58.8247,
              -5.8208
            ],
            [
              -58.8231,
              -5.8213
            ],
            [
              -58.8228,
              -5.8253
            ],
            [
              -58.8222,
              -5.8267
            ],
            [
              -58.8221,
              -5.8286
            ],
            [
              -58.8196,
              -5.8315
            ],
            [
              -58.8176,
              -5.8326
            ],
            [
              -58.8174,
              -5.8339
            ],
            [
              -58.8192,
              -5.8354
            ],
            [
              -58.8199,
              -5.8369
            ],
            [
              -58.8184,
              -5.8371
            ],
            [
              -58.8163,
              -5.8363
            ],
            [
              -58.8147,
              -5.8364
            ],
            [
              -58.8157,
              -5.8412
            ],
            [
              -58.8143,
              -5.8439
            ],
            [
              -58.8111,
              -5.8439
            ],
            [
              -58.8116,
              -5.8451
            ],
            [
              -58.8134,
              -5.8461
            ],
            [
              -58.8157,
              -5.848
            ],
            [
              -58.8188,
              -5.8479
            ],
            [
              -58.8202,
              -5.849
            ],
            [
              -58.8199,
              -5.8532
            ],
            [
              -58.8209,
              -5.8548
            ],
            [
              -58.8227,
              -5.8548
            ],
            [
              -58.8238,
              -5.8538
            ],
            [
              -58.8237,
              -5.8518
            ],
            [
              -58.8262,
              -5.8467
            ],
            [
              -58.827,
              -5.8462
            ],
            [
              -58.8288,
              -5.848
            ],
            [
              -58.8307,
              -5.8514
            ],
            [
              -58.831,
              -5.8531
            ],
            [
              -58.8295,
              -5.8555
            ],
            [
              -58.8275,
              -5.8565
            ],
            [
              -58.8258,
              -5.8579
            ],
            [
              -58.8243,
              -5.86
            ],
            [
              -58.8248,
              -5.8629
            ],
            [
              -58.8242,
              -5.8658
            ],
            [
              -58.8244,
              -5.8686
            ],
            [
              -58.8257,
              -5.8687
            ],
            [
              -58.828,
              -5.8663
            ],
            [
              -58.8279,
              -5.8655
            ],
            [
              -58.826,
              -5.8645
            ],
            [
              -58.8261,
              -5.8633
            ],
            [
              -58.8284,
              -5.8631
            ],
            [
              -58.8295,
              -5.8638
            ],
            [
              -58.8299,
              -5.8689
            ],
            [
              -58.8285,
              -5.8719
            ],
            [
              -58.8265,
              -5.8738
            ],
            [
              -58.8254,
              -5.8757
            ],
            [
              -58.826,
              -5.8775
            ],
            [
              -58.8278,
              -5.8777
            ],
            [
              -58.8293,
              -5.8761
            ],
            [
              -58.8302,
              -5.8772
            ],
            [
              -58.8288,
              -5.8799
            ],
            [
              -58.8272,
              -5.8811
            ],
            [
              -58.826,
              -5.8813
            ],
            [
              -58.8258,
              -5.8825
            ],
            [
              -58.8274,
              -5.8845
            ],
            [
              -58.8282,
              -5.8888
            ],
            [
              -58.8276,
              -5.8928
            ],
            [
              -58.8264,
              -5.8953
            ],
            [
              -58.8269,
              -5.8962
            ],
            [
              -58.8285,
              -5.896
            ],
            [
              -58.8283,
              -5.894
            ],
            [
              -58.8297,
              -5.894
            ],
            [
              -58.8323,
              -5.8982
            ],
            [
              -58.8342,
              -5.9006
            ],
            [
              -58.8342,
              -5.9025
            ],
            [
              -58.8322,
              -5.9033
            ],
            [
              -58.8302,
              -5.9025
            ],
            [
              -58.8277,
              -5.9022
            ],
            [
              -58.8253,
              -5.9014
            ],
            [
              -58.8232,
              -5.9014
            ],
            [
              -58.8207,
              -5.9049
            ],
            [
              -58.8192,
              -5.9051
            ],
            [
              -58.8164,
              -5.9029
            ],
            [
              -58.8164,
              -5.9017
            ],
            [
              -58.8188,
              -5.9013
            ],
            [
              -58.8192,
              -5.8988
            ],
            [
              -58.8193,
              -5.8942
            ],
            [
              -58.8174,
              -5.8932
            ],
            [
              -58.8153,
              -5.8944
            ],
            [
              -58.815,
              -5.8963
            ],
            [
              -58.8134,
              -5.8986
            ],
            [
              -58.811,
              -5.9027
            ],
            [
              -58.8094,
              -5.905
            ],
            [
              -58.809,
              -5.9067
            ],
            [
              -58.8124,
              -5.9098
            ],
            [
              -58.8139,
              -5.9103
            ],
            [
              -58.8168,
              -5.9105
            ],
            [
              -58.8183,
              -5.9109
            ],
            [
              -58.8195,
              -5.9126
            ],
            [
              -58.8192,
              -5.9148
            ],
            [
              -58.8173,
              -5.9171
            ],
            [
              -58.8144,
              -5.9186
            ],
            [
              -58.8129,
              -5.9204
            ],
            [
              -58.8139,
              -5.9239
            ],
            [
              -58.8129,
              -5.9256
            ],
            [
              -58.8137,
              -5.9271
            ],
            [
              -58.8164,
              -5.9263
            ],
            [
              -58.8188,
              -5.9262
            ],
            [
              -58.8238,
              -5.9288
            ],
            [
              -58.8247,
              -5.9295
            ],
            [
              -58.8246,
              -5.9308
            ],
            [
              -58.8219,
              -5.9309
            ],
            [
              -58.8199,
              -5.932
            ],
            [
              -58.8189,
              -5.9335
            ],
            [
              -58.8167,
              -5.9348
            ],
            [
              -58.8167,
              -5.9365
            ],
            [
              -58.8193,
              -5.9385
            ],
            [
              -58.8205,
              -5.9385
            ],
            [
              -58.8234,
              -5.9377
            ],
            [
              -58.8248,
              -5.9376
            ],
            [
              -58.8258,
              -5.9398
            ],
            [
              -58.8222,
              -5.9398
            ],
            [
              -58.8204,
              -5.941
            ],
            [
              -58.8201,
              -5.942
            ],
            [
              -58.8231,
              -5.9432
            ],
            [
              -58.824,
              -5.947
            ],
            [
              -58.8261,
              -5.9491
            ],
            [
              -58.8238,
              -5.9508
            ],
            [
              -58.8227,
              -5.9534
            ],
            [
              -58.8227,
              -5.9543
            ],
            [
              -58.8243,
              -5.9555
            ],
            [
              -58.8257,
              -5.9575
            ],
            [
              -58.827,
              -5.9583
            ],
            [
              -58.8268,
              -5.9593
            ],
            [
              -58.8251,
              -5.9605
            ],
            [
              -58.8229,
              -5.9614
            ],
            [
              -58.8234,
              -5.9631
            ],
            [
              -58.825,
              -5.9633
            ],
            [
              -58.8282,
              -5.9647
            ],
            [
              -58.829,
              -5.9657
            ],
            [
              -58.8288,
              -5.9675
            ],
            [
              -58.8274,
              -5.9682
            ],
            [
              -58.8236,
              -5.9688
            ],
            [
              -58.8205,
              -5.9703
            ],
            [
              -58.819,
              -5.9721
            ],
            [
              -58.8184,
              -5.9748
            ],
            [
              -58.8186,
              -5.9766
            ],
            [
              -58.8196,
              -5.9786
            ],
            [
              -58.8218,
              -5.979
            ],
            [
              -58.8273,
              -5.9772
            ],
            [
              -58.8306,
              -5.9771
            ],
            [
              -58.8316,
              -5.9781
            ],
            [
              -58.8305,
              -5.9794
            ],
            [
              -58.8272,
              -5.9801
            ],
            [
              -58.8273,
              -5.9816
            ],
            [
              -58.8283,
              -5.9834
            ],
            [
              -58.8285,
              -5.9848
            ],
            [
              -58.8279,
              -5.9871
            ],
            [
              -58.8304,
              -5.9878
            ],
            [
              -58.8323,
              -5.9871
            ],
            [
              -58.8337,
              -5.9856
            ],
            [
              -58.8344,
              -5.9856
            ],
            [
              -58.8365,
              -5.9888
            ],
            [
              -58.8361,
              -5.9907
            ],
            [
              -58.8346,
              -5.9899
            ],
            [
              -58.8336,
              -5.9901
            ],
            [
              -58.8327,
              -5.9924
            ],
            [
              -58.8338,
              -5.9943
            ],
            [
              -58.8342,
              -5.996
            ],
            [
              -58.8337,
              -5.9973
            ],
            [
              -58.8322,
              -5.9981
            ],
            [
              -58.8342,
              -5.9991
            ],
            [
              -58.8339,
              -6.0009
            ],
            [
              -58.83,
              -6.0011
            ],
            [
              -58.8308,
              -6.003
            ],
            [
              -58.8308,
              -6.0052
            ],
            [
              -58.8295,
              -6.0098
            ],
            [
              -58.8314,
              -6.0122
            ],
            [
              -58.8313,
              -6.0137
            ],
            [
              -58.8299,
              -6.0149
            ],
            [
              -58.8278,
              -6.016
            ],
            [
              -58.8251,
              -6.0193
            ],
            [
              -58.8217,
              -6.0219
            ],
            [
              -58.8188,
              -6.0201
            ],
            [
              -58.8168,
              -6.0179
            ],
            [
              -58.8154,
              -6.0173
            ],
            [
              -58.8132,
              -6.0173
            ],
            [
              -58.8114,
              -6.0181
            ],
            [
              -58.8109,
              -6.0198
            ],
            [
              -58.8124,
              -6.0211
            ],
            [
              -58.8153,
              -6.0243
            ],
            [
              -58.8165,
              -6.0269
            ],
            [
              -58.8168,
              -6.0291
            ],
            [
              -58.8138,
              -6.0336
            ],
            [
              -58.8117,
              -6.0352
            ],
            [
              -58.8113,
              -6.0364
            ],
            [
              -58.8113,
              -6.0397
            ],
            [
              -58.8101,
              -6.0416
            ],
            [
              -58.8088,
              -6.0427
            ],
            [
              -58.8098,
              -6.0445
            ],
            [
              -58.81,
              -6.0471
            ],
            [
              -58.8083,
              -6.0481
            ],
            [
              -58.8067,
              -6.047
            ],
            [
              -58.8055,
              -6.0469
            ],
            [
              -58.8045,
              -6.0483
            ],
            [
              -58.8055,
              -6.0497
            ],
            [
              -58.8049,
              -6.0512
            ],
            [
              -58.8039,
              -6.052
            ],
            [
              -58.8014,
              -6.0529
            ],
            [
              -58.8007,
              -6.0539
            ],
            [
              -58.8007,
              -6.0557
            ],
            [
              -58.8016,
              -6.0571
            ],
            [
              -58.8025,
              -6.0574
            ],
            [
              -58.8044,
              -6.055
            ],
            [
              -58.8056,
              -6.0549
            ],
            [
              -58.8061,
              -6.0569
            ],
            [
              -58.805,
              -6.0576
            ],
            [
              -58.8049,
              -6.0589
            ],
            [
              -58.8065,
              -6.0587
            ],
            [
              -58.8075,
              -6.0573
            ],
            [
              -58.8086,
              -6.0581
            ],
            [
              -58.81,
              -6.0623
            ],
            [
              -58.81,
              -6.0644
            ],
            [
              -58.8137,
              -6.0659
            ],
            [
              -58.8139,
              -6.0669
            ],
            [
              -58.815,
              -6.0682
            ],
            [
              -58.8135,
              -6.0707
            ],
            [
              -58.8114,
              -6.0716
            ],
            [
              -58.8106,
              -6.0725
            ],
            [
              -58.8067,
              -6.0743
            ],
            [
              -58.804,
              -6.0737
            ],
            [
              -58.8021,
              -6.0754
            ],
            [
              -58.8019,
              -6.0773
            ],
            [
              -58.8024,
              -6.0786
            ],
            [
              -58.8023,
              -6.0826
            ],
            [
              -58.8034,
              -6.0831
            ],
            [
              -58.805,
              -6.0819
            ],
            [
              -58.8081,
              -6.0859
            ],
            [
              -58.8082,
              -6.0868
            ],
            [
              -58.807,
              -6.0878
            ],
            [
              -58.804,
              -6.0881
            ],
            [
              -58.8039,
              -6.0905
            ],
            [
              -58.8055,
              -6.0908
            ],
            [
              -58.8079,
              -6.0892
            ],
            [
              -58.8092,
              -6.0913
            ],
            [
              -58.8086,
              -6.0947
            ],
            [
              -58.8091,
              -6.0996
            ],
            [
              -58.81,
              -6.1009
            ],
            [
              -58.8122,
              -6.1003
            ],
            [
              -58.8129,
              -6.1006
            ],
            [
              -58.8127,
              -6.1041
            ],
            [
              -58.8141,
              -6.107
            ],
            [
              -58.8157,
              -6.1084
            ],
            [
              -58.8182,
              -6.1095
            ],
            [
              -58.8192,
              -6.1114
            ],
            [
              -58.8185,
              -6.1127
            ],
            [
              -58.8184,
              -6.1141
            ],
            [
              -58.8149,
              -6.1142
            ],
            [
              -58.8155,
              -6.1157
            ],
            [
              -58.8169,
              -6.1163
            ],
            [
              -58.8198,
              -6.1192
            ],
            [
              -58.8212,
              -6.1219
            ],
            [
              -58.8232,
              -6.1244
            ],
            [
              -58.8244,
              -6.1248
            ],
            [
              -58.8256,
              -6.1231
            ],
            [
              -58.8267,
              -6.1226
            ],
            [
              -58.8277,
              -6.1246
            ],
            [
              -58.8294,
              -6.1255
            ],
            [
              -58.829,
              -6.1265
            ],
            [
              -58.8265,
              -6.1262
            ],
            [
              -58.825,
              -6.1273
            ],
            [
              -58.8253,
              -6.1288
            ],
            [
              -58.8276,
              -6.1297
            ],
            [
              -58.831,
              -6.1327
            ],
            [
              -58.8331,
              -6.1371
            ],
            [
              -58.833,
              -6.1382
            ],
            [
              -58.8313,
              -6.1396
            ],
            [
              -58.8294,
              -6.1387
            ],
            [
              -58.8286,
              -6.1404
            ],
            [
              -58.8311,
              -6.1414
            ],
            [
              -58.8317,
              -6.1422
            ],
            [
              -58.8324,
              -6.1449
            ],
            [
              -58.8345,
              -6.1464
            ],
            [
              -58.8349,
              -6.1473
            ],
            [
              -58.8349,
              -6.15
            ],
            [
              -58.8344,
              -6.1547
            ],
            [
              -58.835,
              -6.1554
            ],
            [
              -58.8365,
              -6.1553
            ],
            [
              -58.8384,
              -6.1564
            ],
            [
              -58.8394,
              -6.1576
            ],
            [
              -58.839,
              -6.1586
            ],
            [
              -58.8375,
              -6.1596
            ],
            [
              -58.8365,
              -6.1609
            ],
            [
              -58.836,
              -6.1629
            ],
            [
              -58.8361,
              -6.1652
            ],
            [
              -58.8376,
              -6.1675
            ],
            [
              -58.8381,
              -6.1704
            ],
            [
              -58.8411,
              -6.171
            ],
            [
              -58.8434,
              -6.1725
            ],
            [
              -58.8431,
              -6.174
            ],
            [
              -58.8416,
              -6.1747
            ],
            [
              -58.8389,
              -6.1749
            ],
            [
              -58.8385,
              -6.1762
            ],
            [
              -58.8394,
              -6.1784
            ],
            [
              -58.8415,
              -6.179
            ],
            [
              -58.8419,
              -6.1808
            ],
            [
              -58.8443,
              -6.1842
            ],
            [
              -58.8448,
              -6.1862
            ],
            [
              -58.8467,
              -6.1888
            ],
            [
              -58.8472,
              -6.1918
            ],
            [
              -58.8455,
              -6.192
            ],
            [
              -58.8455,
              -6.195
            ],
            [
              -58.8441,
              -6.1958
            ],
            [
              -58.8426,
              -6.1974
            ],
            [
              -58.8434,
              -6.2
            ],
            [
              -58.8457,
              -6.2028
            ],
            [
              -58.8458,
              -6.2038
            ],
            [
              -58.8448,
              -6.2058
            ],
            [
              -58.8454,
              -6.2074
            ],
            [
              -58.8471,
              -6.2071
            ],
            [
              -58.8484,
              -6.2107
            ],
            [
              -58.8475,
              -6.2127
            ],
            [
              -58.8496,
              -6.2123
            ],
            [
              -58.8534,
              -6.2126
            ],
            [
              -58.8544,
              -6.2123
            ],
            [
              -58.8542,
              -6.2148
            ],
            [
              -58.857,
              -6.2159
            ],
            [
              -58.8595,
              -6.2147
            ],
            [
              -58.86,
              -6.2184
            ],
            [
              -58.8638,
              -6.219
            ],
            [
              -58.8668,
              -6.2216
            ],
            [
              -58.8691,
              -6.2205
            ],
            [
              -58.8708,
              -6.2215
            ],
            [
              -58.8746,
              -6.2227
            ],
            [
              -58.8743,
              -6.2246
            ],
            [
              -58.877,
              -6.2249
            ],
            [
              -58.8758,
              -6.2264
            ],
            [
              -58.8771,
              -6.228
            ],
            [
              -58.877,
              -6.2293
            ],
            [
              -58.881,
              -6.2323
            ],
            [
              -58.885,
              -6.2325
            ],
            [
              -58.8833,
              -6.2365
            ],
            [
              -58.8838,
              -6.2384
            ],
            [
              -58.8859,
              -6.237
            ],
            [
              -58.8883,
              -6.2365
            ],
            [
              -58.8904,
              -6.2371
            ],
            [
              -58.8903,
              -6.2387
            ],
            [
              -58.8913,
              -6.2392
            ],
            [
              -58.892,
              -6.2408
            ],
            [
              -58.8952,
              -6.2437
            ],
            [
              -58.8943,
              -6.2454
            ],
            [
              -58.8945,
              -6.2463
            ],
            [
              -58.8967,
              -6.2467
            ],
            [
              -58.8959,
              -6.2481
            ],
            [
              -58.8973,
              -6.2494
            ],
            [
              -58.8976,
              -6.251
            ],
            [
              -58.8986,
              -6.252
            ],
            [
              -58.8999,
              -6.2513
            ],
            [
              -58.9006,
              -6.2497
            ],
            [
              -58.9011,
              -6.2473
            ],
            [
              -58.9034,
              -6.247
            ],
            [
              -58.9054,
              -6.2471
            ],
            [
              -58.9073,
              -6.2488
            ],
            [
              -58.9074,
              -6.2527
            ],
            [
              -58.9079,
              -6.2535
            ],
            [
              -58.9108,
              -6.2544
            ],
            [
              -58.9111,
              -6.2558
            ],
            [
              -58.9103,
              -6.2566
            ],
            [
              -58.9114,
              -6.2586
            ],
            [
              -58.9141,
              -6.2592
            ],
            [
              -58.9146,
              -6.2609
            ],
            [
              -58.9129,
              -6.2608
            ],
            [
              -58.9113,
              -6.2628
            ],
            [
              -58.9136,
              -6.2667
            ],
            [
              -58.9138,
              -6.2687
            ],
            [
              -58.9134,
              -6.27
            ],
            [
              -58.9148,
              -6.2721
            ],
            [
              -58.9165,
              -6.2728
            ],
            [
              -58.9162,
              -6.276
            ],
            [
              -58.9197,
              -6.2776
            ],
            [
              -58.9201,
              -6.2794
            ],
            [
              -58.9198,
              -6.2803
            ],
            [
              -58.9178,
              -6.282
            ],
            [
              -58.9173,
              -6.2833
            ],
            [
              -58.9194,
              -6.2846
            ],
            [
              -58.9195,
              -6.2855
            ],
            [
              -58.9185,
              -6.2879
            ],
            [
              -58.9172,
              -6.288
            ],
            [
              -58.9174,
              -6.2897
            ],
            [
              -58.9165,
              -6.2922
            ],
            [
              -58.9169,
              -6.2938
            ],
            [
              -58.9146,
              -6.2946
            ],
            [
              -58.9142,
              -6.2969
            ],
            [
              -58.9127,
              -6.3
            ],
            [
              -58.9124,
              -6.3022
            ],
            [
              -58.9132,
              -6.3033
            ],
            [
              -58.9148,
              -6.3039
            ],
            [
              -58.9131,
              -6.3054
            ],
            [
              -58.9131,
              -6.3073
            ],
            [
              -58.9108,
              -6.3064
            ],
            [
              -58.9103,
              -6.3079
            ],
            [
              -58.9086,
              -6.3072
            ],
            [
              -58.908,
              -6.3082
            ],
            [
              -58.9093,
              -6.3092
            ],
            [
              -58.9105,
              -6.3116
            ],
            [
              -58.9076,
              -6.3121
            ],
            [
              -58.9066,
              -6.3153
            ],
            [
              -58.9068,
              -6.3167
            ],
            [
              -58.908,
              -6.3181
            ],
            [
              -58.9064,
              -6.3201
            ],
            [
              -58.907,
              -6.3214
            ],
            [
              -58.9066,
              -6.3229
            ],
            [
              -58.9028,
              -6.3242
            ],
            [
              -58.9024,
              -6.3258
            ],
            [
              -58.8997,
              -6.3257
            ],
            [
              -58.898,
              -6.3267
            ],
            [
              -58.8963,
              -6.3298
            ],
            [
              -58.8948,
              -6.3301
            ],
            [
              -58.894,
              -6.3312
            ],
            [
              -58.8924,
              -6.3299
            ],
            [
              -58.8914,
              -6.3322
            ],
            [
              -58.8926,
              -6.333
            ],
            [
              -58.8929,
              -6.3347
            ],
            [
              -58.8906,
              -6.337
            ],
            [
              -58.8919,
              -6.3386
            ],
            [
              -58.8895,
              -6.3404
            ],
            [
              -58.8884,
              -6.3421
            ],
            [
              -58.8871,
              -6.342
            ],
            [
              -58.8869,
              -6.3446
            ],
            [
              -58.8847,
              -6.3446
            ],
            [
              -58.8831,
              -6.346
            ],
            [
              -58.8806,
              -6.3493
            ],
            [
              -58.8807,
              -6.3508
            ],
            [
              -58.88,
              -6.3537
            ],
            [
              -58.8792,
              -6.3539
            ],
            [
              -58.8769,
              -6.3531
            ],
            [
              -58.8757,
              -6.3513
            ],
            [
              -58.8741,
              -6.351
            ],
            [
              -58.8705,
              -6.3519
            ],
            [
              -58.8684,
              -6.3529
            ],
            [
              -58.8664,
              -6.355
            ],
            [
              -58.8645,
              -6.3581
            ],
            [
              -58.8644,
              -6.3599
            ],
            [
              -58.8656,
              -6.36
            ],
            [
              -58.8657,
              -6.3613
            ],
            [
              -58.8624,
              -6.3634
            ],
            [
              -58.8599,
              -6.3657
            ],
            [
              -58.8586,
              -6.3692
            ],
            [
              -58.8587,
              -6.3711
            ],
            [
              -58.86,
              -6.3736
            ],
            [
              -58.8587,
              -6.3743
            ],
            [
              -58.8537,
              -6.3727
            ],
            [
              -58.8526,
              -6.3743
            ],
            [
              -58.8529,
              -6.3766
            ],
            [
              -58.8549,
              -6.3785
            ],
            [
              -58.8553,
              -6.3815
            ],
            [
              -58.8466,
              -6.3935
            ],
            [
              -58.8481,
              -6.4013
            ],
            [
              -58.8449,
              -6.4083
            ],
            [
              -58.8399,
              -6.415
            ],
            [
              -58.8371,
              -6.4227
            ],
            [
              -58.8362,
              -6.4307
            ],
            [
              -58.8344,
              -6.4389
            ],
            [
              -58.8336,
              -6.4473
            ],
            [
              -58.8339,
              -6.4553
            ],
            [
              -58.836,
              -6.4629
            ],
            [
              -58.8359,
              -6.4709
            ],
            [
              -58.8426,
              -6.4847
            ],
            [
              -58.8455,
              -6.492
            ],
            [
              -58.8465,
              -6.5004
            ],
            [
              -58.8491,
              -6.5082
            ],
            [
              -58.8552,
              -6.5136
            ],
            [
              -58.8623,
              -6.5279
            ],
            [
              -58.8632,
              -6.536
            ],
            [
              -58.8669,
              -6.5435
            ],
            [
              -58.8671,
              -6.5518
            ],
            [
              -58.8665,
              -6.5603
            ],
            [
              -58.871,
              -6.5671
            ],
            [
              -58.8701,
              -6.583
            ],
            [
              -58.8747,
              -6.5895
            ],
            [
              -58.8722,
              -6.5975
            ],
            [
              -58.873,
              -6.6056
            ],
            [
              -58.8706,
              -6.6132
            ],
            [
              -58.8665,
              -6.6201
            ],
            [
              -58.8645,
              -6.6282
            ],
            [
              -58.8652,
              -6.6365
            ],
            [
              -58.8679,
              -6.6437
            ],
            [
              -58.8681,
              -6.6519
            ],
            [
              -58.867,
              -6.6595
            ],
            [
              -58.8686,
              -6.6677
            ],
            [
              -58.868,
              -6.6754
            ],
            [
              -58.8653,
              -6.6825
            ],
            [
              -58.8639,
              -6.6899
            ],
            [
              -58.8588,
              -6.7055
            ],
            [
              -58.8471,
              -6.7166
            ],
            [
              -58.843,
              -6.7231
            ],
            [
              -58.8378,
              -6.7287
            ],
            [
              -58.8351,
              -6.7362
            ],
            [
              -58.8327,
              -6.7448
            ],
            [
              -58.8256,
              -6.7494
            ],
            [
              -58.8196,
              -6.7546
            ],
            [
              -58.8119,
              -6.759
            ],
            [
              -58.7999,
              -6.7706
            ],
            [
              -58.7941,
              -6.7767
            ],
            [
              -58.7888,
              -6.7923
            ],
            [
              -58.7879,
              -6.8001
            ],
            [
              -58.7886,
              -6.8078
            ],
            [
              -58.7874,
              -6.8243
            ],
            [
              -58.785,
              -6.8323
            ],
            [
              -58.7759,
              -6.8454
            ],
            [
              -58.7698,
              -6.8504
            ],
            [
              -58.7678,
              -6.8583
            ],
            [
              -58.7592,
              -6.8567
            ],
            [
              -58.7516,
              -6.8571
            ],
            [
              -58.7509,
              -6.8647
            ],
            [
              -58.7463,
              -6.8713
            ],
            [
              -58.7444,
              -6.8792
            ],
            [
              -58.744,
              -6.8869
            ],
            [
              -58.7366,
              -6.8911
            ],
            [
              -58.733,
              -6.8986
            ],
            [
              -58.725,
              -6.9018
            ],
            [
              -58.7181,
              -6.906
            ],
            [
              -58.7063,
              -6.9168
            ],
            [
              -58.6983,
              -6.9213
            ],
            [
              -58.6892,
              -6.9228
            ],
            [
              -58.6816,
              -6.9233
            ],
            [
              -58.6756,
              -6.9284
            ],
            [
              -58.6717,
              -6.9357
            ],
            [
              -58.6626,
              -6.9491
            ],
            [
              -58.6579,
              -6.9556
            ],
            [
              -58.6523,
              -6.9619
            ],
            [
              -58.6508,
              -6.97
            ],
            [
              -58.6508,
              -6.9781
            ],
            [
              -58.6469,
              -6.9849
            ],
            [
              -58.6422,
              -6.9914
            ],
            [
              -58.6387,
              -6.999
            ],
            [
              -58.6328,
              -7.008
            ],
            [
              -58.6244,
              -7.0035
            ],
            [
              -58.6171,
              -7.0057
            ],
            [
              -58.6133,
              -7.0132
            ],
            [
              -58.6071,
              -7.0309
            ],
            [
              -58.6016,
              -7.0373
            ],
            [
              -58.5919,
              -7.0388
            ],
            [
              -58.5831,
              -7.0358
            ],
            [
              -58.5825,
              -7.0452
            ],
            [
              -58.5747,
              -7.0498
            ],
            [
              -58.5675,
              -7.0329
            ],
            [
              -58.5599,
              -7.032
            ],
            [
              -58.5511,
              -7.0364
            ],
            [
              -58.5418,
              -7.0361
            ],
            [
              -58.535,
              -7.0429
            ],
            [
              -58.5322,
              -7.0521
            ],
            [
              -58.5231,
              -7.055
            ],
            [
              -58.5145,
              -7.0538
            ],
            [
              -58.5071,
              -7.0485
            ],
            [
              -58.4967,
              -7.0521
            ],
            [
              -58.4941,
              -7.0599
            ],
            [
              -58.4929,
              -7.068
            ],
            [
              -58.5004,
              -7.0927
            ],
            [
              -58.5063,
              -7.1143
            ],
            [
              -58.511,
              -7.1212
            ],
            [
              -58.5181,
              -7.1279
            ],
            [
              -58.5254,
              -7.1301
            ],
            [
              -58.53,
              -7.1384
            ],
            [
              -58.5325,
              -7.1466
            ],
            [
              -58.5364,
              -7.1556
            ],
            [
              -58.5379,
              -7.1653
            ],
            [
              -58.5324,
              -7.1724
            ],
            [
              -58.5265,
              -7.1792
            ],
            [
              -58.529,
              -7.1865
            ],
            [
              -58.5381,
              -7.1899
            ],
            [
              -58.5476,
              -7.1927
            ],
            [
              -58.5553,
              -7.1943
            ],
            [
              -58.5639,
              -7.1989
            ],
            [
              -58.5599,
              -7.2054
            ],
            [
              -58.5527,
              -7.2115
            ],
            [
              -58.5466,
              -7.2184
            ],
            [
              -58.5376,
              -7.2217
            ],
            [
              -58.5314,
              -7.2284
            ],
            [
              -58.5297,
              -7.2376
            ],
            [
              -58.5378,
              -7.2531
            ],
            [
              -58.5422,
              -7.2598
            ],
            [
              -58.5493,
              -7.2626
            ],
            [
              -58.5564,
              -7.2693
            ],
            [
              -58.5595,
              -7.2785
            ],
            [
              -58.5651,
              -7.2835
            ],
            [
              -58.574,
              -7.2876
            ],
            [
              -58.5725,
              -7.296
            ],
            [
              -58.5669,
              -7.3037
            ],
            [
              -58.5635,
              -7.3106
            ],
            [
              -58.5588,
              -7.3169
            ],
            [
              -58.5518,
              -7.3214
            ],
            [
              -58.5466,
              -7.327
            ],
            [
              -58.5442,
              -7.3344
            ],
            [
              -58.5404,
              -7.3425
            ],
            [
              -58.5003,
              -7.3501
            ],
            [
              -58.1933,
              -7.3441
            ],
            [
              -58.1474,
              -7.3432
            ],
            [
              -58.1543,
              -7.3323
            ],
            [
              -58.1606,
              -7.3261
            ],
            [
              -58.1658,
              -7.3196
            ],
            [
              -58.17,
              -7.3132
            ],
            [
              -58.1719,
              -7.3055
            ],
            [
              -58.1731,
              -7.2895
            ],
            [
              -58.1743,
              -7.2805
            ],
            [
              -58.1748,
              -7.2714
            ],
            [
              -58.174,
              -7.2638
            ],
            [
              -58.1689,
              -7.2481
            ],
            [
              -58.1678,
              -7.2392
            ],
            [
              -58.1681,
              -7.2313
            ],
            [
              -58.1698,
              -7.2222
            ],
            [
              -58.1746,
              -7.2053
            ],
            [
              -58.1766,
              -7.195
            ],
            [
              -58.1781,
              -7.189
            ],
            [
              -58.181,
              -7.1817
            ],
            [
              -58.1899,
              -7.1684
            ],
            [
              -58.1954,
              -7.1624
            ],
            [
              -58.1997,
              -7.1558
            ],
            [
              -58.2069,
              -7.1414
            ],
            [
              -58.2095,
              -7.1343
            ],
            [
              -58.2163,
              -7.1283
            ],
            [
              -58.2228,
              -7.1243
            ],
            [
              -58.2298,
              -7.1095
            ],
            [
              -58.2399,
              -7.0955
            ],
            [
              -58.2459,
              -7.0889
            ],
            [
              -58.2528,
              -7.0834
            ],
            [
              -58.2686,
              -7.0795
            ],
            [
              -58.2758,
              -7.0744
            ],
            [
              -58.2822,
              -7.0685
            ],
            [
              -58.2883,
              -7.0617
            ],
            [
              -58.3007,
              -7.0415
            ],
            [
              -58.3045,
              -7.0343
            ],
            [
              -58.3129,
              -7.0189
            ],
            [
              -58.325,
              -7.0004
            ],
            [
              -58.3303,
              -6.9938
            ],
            [
              -58.3354,
              -6.9864
            ],
            [
              -58.3414,
              -6.9804
            ],
            [
              -58.3482,
              -6.975
            ],
            [
              -58.3556,
              -6.9717
            ],
            [
              -58.3643,
              -6.9708
            ],
            [
              -58.3724,
              -6.971
            ],
            [
              -58.3802,
              -6.9705
            ],
            [
              -58.3866,
              -6.9653
            ],
            [
              -58.3896,
              -6.9569
            ],
            [
              -58.3941,
              -6.9501
            ],
            [
              -58.3999,
              -6.9451
            ],
            [
              -58.407,
              -6.9404
            ],
            [
              -58.4126,
              -6.9343
            ],
            [
              -58.4175,
              -6.9273
            ],
            [
              -58.4234,
              -6.9202
            ],
            [
              -58.4346,
              -6.9088
            ],
            [
              -58.4397,
              -6.8926
            ],
            [
              -58.4428,
              -6.8853
            ],
            [
              -58.4456,
              -6.8769
            ],
            [
              -58.4558,
              -6.8528
            ],
            [
              -58.4629,
              -6.8373
            ],
            [
              -58.4653,
              -6.8292
            ],
            [
              -58.4681,
              -6.8125
            ],
            [
              -58.4707,
              -6.8036
            ],
            [
              -58.4785,
              -6.7891
            ],
            [
              -58.4818,
              -6.7814
            ],
            [
              -58.4816,
              -6.7734
            ],
            [
              -58.4803,
              -6.7656
            ],
            [
              -58.4802,
              -6.7484
            ],
            [
              -58.4785,
              -6.7322
            ],
            [
              -58.4783,
              -6.724
            ],
            [
              -58.4793,
              -6.7074
            ],
            [
              -58.4785,
              -6.6996
            ],
            [
              -58.471,
              -6.6851
            ],
            [
              -58.4689,
              -6.6776
            ],
            [
              -58.4652,
              -6.67
            ],
            [
              -58.4598,
              -6.6636
            ],
            [
              -58.4535,
              -6.6578
            ],
            [
              -58.4476,
              -6.6513
            ],
            [
              -58.4355,
              -6.6304
            ],
            [
              -58.4318,
              -6.6228
            ],
            [
              -58.4273,
              -6.6162
            ],
            [
              -58.4218,
              -6.6107
            ],
            [
              -58.4148,
              -6.6056
            ],
            [
              -58.4077,
              -6.6009
            ],
            [
              -58.3935,
              -6.5922
            ],
            [
              -58.3872,
              -6.5869
            ],
            [
              -58.3806,
              -6.5805
            ],
            [
              -58.3735,
              -6.576
            ],
            [
              -58.3575,
              -6.5682
            ],
            [
              -58.3499,
              -6.5624
            ],
            [
              -58.3397,
              -6.5485
            ],
            [
              -58.3356,
              -6.5409
            ],
            [
              -58.3323,
              -6.533
            ],
            [
              -58.3312,
              -6.5244
            ],
            [
              -58.3307,
              -6.5164
            ],
            [
              -58.3292,
              -6.5083
            ],
            [
              -58.3271,
              -6.5004
            ],
            [
              -58.32,
              -6.495
            ],
            [
              -58.3105,
              -6.4939
            ],
            [
              -58.3017,
              -6.4959
            ],
            [
              -58.2931,
              -6.4939
            ],
            [
              -58.2861,
              -6.4901
            ],
            [
              -58.2726,
              -6.4813
            ],
            [
              -58.2667,
              -6.4756
            ],
            [
              -58.2626,
              -6.4689
            ],
            [
              -58.2553,
              -6.4541
            ],
            [
              -58.1738,
              -6.279
            ],
            [
              -58.0341,
              -5.9784
            ],
            [
              -58.0336,
              -5.9781
            ],
            [
              -57.874,
              -5.6298
            ],
            [
              -57.8606,
              -5.6007
            ],
            [
              -57.8371,
              -5.5494
            ],
            [
              -57.7718,
              -5.4071
            ],
            [
              -57.704,
              -5.2593
            ],
            [
              -57.6738,
              -5.1934
            ],
            [
              -57.6599,
              -5.1632
            ],
            [
              -57.5856,
              -5.0007
            ],
            [
              -57.5236,
              -4.8698
            ],
            [
              -57.4754,
              -4.7675
            ],
            [
              -57.3502,
              -4.5018
            ],
            [
              -57.2536,
              -4.2968
            ],
            [
              -57.2524,
              -4.2939
            ],
            [
              -57.2326,
              -4.248
            ],
            [
              -57.2136,
              -4.2116
            ],
            [
              -57.2107,
              -4.2055
            ],
            [
              -57.1302,
              -4.0343
            ],
            [
              -57.1143,
              -4.0005
            ],
            [
              -57.0862,
              -3.941
            ],
            [
              -57.0373,
              -3.8372
            ],
            [
              -57.0132,
              -3.7861
            ],
            [
              -57.0005,
              -3.7591
            ],
            [
              -56.9561,
              -3.6586
            ],
            [
              -56.9138,
              -3.5623
            ]
          ]
        ]
      },
      "properties": {
        "codarea": "1302900",
        "nome_municipio": "Maués",
        "codigo_ibge": 1302900
      }
    },
    {
      "type": "Feature",
      "geometry": {
        "type": "Polygon",
        "coordinates": [
          [
            [
              -56.8101,
              -3.333
            ],
            [
              -56.815,
              -3.3276
            ],
            [
              -56.822,
              -3.3237
            ],
            [
              -56.8281,
              -3.3236
            ],
            [
              -56.8382,
              -3.3224
            ],
            [
              -56.8434,
              -3.3167
            ],
            [
              -56.845,
              -3.3139
            ],
            [
              -56.8469,
              -3.3068
            ],
            [
              -56.852,
              -3.301
            ],
            [
              -56.8607,
              -3.3017
            ],
            [
              -56.8629,
              -3.2993
            ],
            [
              -56.8671,
              -3.2972
            ],
            [
              -56.8796,
              -3.3019
            ],
            [
              -56.8871,
              -3.3013
            ],
            [
              -56.8972,
              -3.2969
            ],
            [
              -56.9179,
              -3.2853
            ],
            [
              -56.9255,
              -3.282
            ],
            [
              -56.9293,
              -3.2798
            ],
            [
              -56.931,
              -3.278
            ],
            [
              -56.9379,
              -3.2691
            ],
            [
              -56.9389,
              -3.2574
            ],
            [
              -56.9402,
              -3.2497
            ],
            [
              -56.9396,
              -3.2442
            ],
            [
              -56.9405,
              -3.2372
            ],
            [
              -56.9418,
              -3.2335
            ],
            [
              -56.9436,
              -3.2302
            ],
            [
              -56.9463,
              -3.2276
            ],
            [
              -56.9518,
              -3.224
            ],
            [
              -56.9576,
              -3.2194
            ],
            [
              -56.9609,
              -3.2176
            ],
            [
              -56.9629,
              -3.2147
            ],
            [
              -56.9642,
              -3.2134
            ],
            [
              -56.9662,
              -3.2088
            ],
            [
              -56.9671,
              -3.2074
            ],
            [
              -56.97,
              -3.2057
            ],
            [
              -56.9726,
              -3.2062
            ],
            [
              -56.9753,
              -3.2093
            ],
            [
              -56.9775,
              -3.2131
            ],
            [
              -56.9786,
              -3.2144
            ],
            [
              -56.9823,
              -3.2169
            ],
            [
              -56.987,
              -3.2177
            ],
            [
              -56.9893,
              -3.2177
            ],
            [
              -56.9933,
              -3.2182
            ],
            [
              -57.0003,
              -3.2156
            ],
            [
              -57.0059,
              -3.2147
            ],
            [
              -57.0122,
              -3.2148
            ],
            [
              -57.0262,
              -3.2169
            ],
            [
              -57.036,
              -3.2151
            ],
            [
              -57.042,
              -3.2126
            ],
            [
              -57.0456,
              -3.209
            ],
            [
              -57.0459,
              -3.2077
            ],
            [
              -57.0451,
              -3.2024
            ],
            [
              -57.043,
              -3.1979
            ],
            [
              -57.0411,
              -3.1932
            ],
            [
              -57.0408,
              -3.1904
            ],
            [
              -57.0414,
              -3.1892
            ],
            [
              -57.0444,
              -3.1866
            ],
            [
              -57.0467,
              -3.1855
            ],
            [
              -57.0479,
              -3.1833
            ],
            [
              -57.0479,
              -3.1798
            ],
            [
              -57.0476,
              -3.1786
            ],
            [
              -57.0456,
              -3.1753
            ],
            [
              -57.0377,
              -3.1601
            ],
            [
              -57.021,
              -3.1389
            ],
            [
              -57.0221,
              -3.1332
            ],
            [
              -57.0221,
              -3.1305
            ],
            [
              -57.0206,
              -3.1205
            ],
            [
              -57.0184,
              -3.1144
            ],
            [
              -57.0154,
              -3.1079
            ],
            [
              -57.0127,
              -3.1041
            ],
            [
              -57.0101,
              -3.0983
            ],
            [
              -57.0083,
              -3.0927
            ],
            [
              -57.0066,
              -3.0892
            ],
            [
              -57.0032,
              -3.0833
            ],
            [
              -56.9997,
              -3.0783
            ],
            [
              -56.9979,
              -3.0761
            ],
            [
              -56.9961,
              -3.0724
            ],
            [
              -56.9961,
              -3.0705
            ],
            [
              -56.9975,
              -3.0629
            ],
            [
              -56.9985,
              -3.0612
            ],
            [
              -57.0021,
              -3.057
            ],
            [
              -57.0021,
              -3.0542
            ],
            [
              -57.0009,
              -3.0506
            ],
            [
              -56.9998,
              -3.0485
            ],
            [
              -56.9973,
              -3.0456
            ],
            [
              -56.9966,
              -3.044
            ],
            [
              -56.9966,
              -3.0404
            ],
            [
              -56.9988,
              -3.0343
            ],
            [
              -56.9988,
              -3.0328
            ],
            [
              -57.0031,
              -3.0302
            ],
            [
              -57.011,
              -3.0266
            ],
            [
              -57.0193,
              -3.0194
            ],
            [
              -57.0243,
              -3.0202
            ],
            [
              -57.0336,
              -3.025
            ],
            [
              -57.0417,
              -3.03
            ],
            [
              -57.0459,
              -3.0299
            ],
            [
              -57.0469,
              -3.0262
            ],
            [
              -57.0405,
              -3.0205
            ],
            [
              -57.0307,
              -3.0139
            ],
            [
              -57.0307,
              -3.0103
            ],
            [
              -57.0247,
              -2.9955
            ],
            [
              -57.0201,
              -2.9818
            ],
            [
              -57.0186,
              -2.9719
            ],
            [
              -57.0184,
              -2.968
            ],
            [
              -57.0186,
              -2.9474
            ],
            [
              -57.0164,
              -2.9326
            ],
            [
              -57.0083,
              -2.9267
            ],
            [
              -56.999,
              -2.9222
            ],
            [
              -56.9912,
              -2.9222
            ],
            [
              -56.9833,
              -2.9198
            ],
            [
              -56.9771,
              -2.9111
            ],
            [
              -56.9678,
              -2.9062
            ],
            [
              -56.9545,
              -2.9101
            ],
            [
              -56.9479,
              -2.9101
            ],
            [
              -56.9401,
              -2.9068
            ],
            [
              -56.9266,
              -2.897
            ],
            [
              -56.9176,
              -2.8943
            ],
            [
              -56.9109,
              -2.8967
            ],
            [
              -56.8998,
              -2.8983
            ],
            [
              -56.8946,
              -2.9026
            ],
            [
              -56.885,
              -2.9083
            ],
            [
              -56.8765,
              -2.9061
            ],
            [
              -56.8724,
              -2.907
            ],
            [
              -56.8685,
              -2.9144
            ],
            [
              -56.8593,
              -2.9199
            ],
            [
              -56.8548,
              -2.9155
            ],
            [
              -56.8485,
              -2.9037
            ],
            [
              -56.8427,
              -2.8916
            ],
            [
              -56.8336,
              -2.878
            ],
            [
              -56.8336,
              -2.8728
            ],
            [
              -56.8353,
              -2.8623
            ],
            [
              -56.8358,
              -2.8541
            ],
            [
              -56.8304,
              -2.8409
            ],
            [
              -56.8221,
              -2.8177
            ],
            [
              -56.8201,
              -2.8015
            ],
            [
              -56.811,
              -2.7835
            ],
            [
              -56.7971,
              -2.7664
            ],
            [
              -56.7927,
              -2.7582
            ],
            [
              -56.7889,
              -2.7537
            ],
            [
              -56.7758,
              -2.7528
            ],
            [
              -56.7662,
              -2.7512
            ],
            [
              -56.7592,
              -2.7494
            ],
            [
              -56.7505,
              -2.7489
            ],
            [
              -56.7458,
              -2.7472
            ],
            [
              -56.7413,
              -2.7451
            ],
            [
              -56.7384,
              -2.7435
            ],
            [
              -56.7369,
              -2.7421
            ],
            [
              -56.7346,
              -2.7375
            ],
            [
              -56.7335,
              -2.7358
            ],
            [
              -56.7335,
              -2.7341
            ],
            [
              -56.7345,
              -2.7319
            ],
            [
              -56.7371,
              -2.7303
            ],
            [
              -56.7437,
              -2.728
            ],
            [
              -56.7494,
              -2.7262
            ],
            [
              -56.7542,
              -2.7245
            ],
            [
              -56.759,
              -2.7243
            ],
            [
              -56.7638,
              -2.7247
            ],
            [
              -56.7735,
              -2.7273
            ],
            [
              -56.7857,
              -2.7298
            ],
            [
              -56.7921,
              -2.7325
            ],
            [
              -56.8005,
              -2.7375
            ],
            [
              -56.8058,
              -2.7421
            ],
            [
              -56.8117,
              -2.7496
            ],
            [
              -56.8149,
              -2.7549
            ],
            [
              -56.818,
              -2.7592
            ],
            [
              -56.8197,
              -2.7628
            ],
            [
              -56.8218,
              -2.7642
            ],
            [
              -56.8246,
              -2.7644
            ],
            [
              -56.828,
              -2.7613
            ],
            [
              -56.8324,
              -2.7527
            ],
            [
              -56.8372,
              -2.7468
            ],
            [
              -56.8404,
              -2.7434
            ],
            [
              -56.8442,
              -2.7429
            ],
            [
              -56.8507,
              -2.744
            ],
            [
              -56.8561,
              -2.7472
            ],
            [
              -56.8623,
              -2.7512
            ],
            [
              -56.8751,
              -2.7606
            ],
            [
              -56.8837,
              -2.7671
            ],
            [
              -56.8904,
              -2.773
            ],
            [
              -56.8923,
              -2.7741
            ],
            [
              -56.8953,
              -2.7748
            ],
            [
              -56.9011,
              -2.7745
            ],
            [
              -56.9123,
              -2.7686
            ],
            [
              -56.9183,
              -2.7642
            ],
            [
              -56.9443,
              -2.7514
            ],
            [
              -56.9493,
              -2.7471
            ],
            [
              -56.9495,
              -2.745
            ],
            [
              -56.9478,
              -2.7443
            ],
            [
              -56.9454,
              -2.7449
            ],
            [
              -56.9444,
              -2.7442
            ],
            [
              -56.9444,
              -2.7427
            ],
            [
              -56.9433,
              -2.7417
            ],
            [
              -56.9419,
              -2.7394
            ],
            [
              -56.9398,
              -2.7381
            ],
            [
              -56.9361,
              -2.7373
            ],
            [
              -56.9339,
              -2.736
            ],
            [
              -56.9317,
              -2.7339
            ],
            [
              -56.93,
              -2.7311
            ],
            [
              -56.9261,
              -2.7291
            ],
            [
              -56.9267,
              -2.7271
            ],
            [
              -56.9264,
              -2.7257
            ],
            [
              -56.925,
              -2.7244
            ],
            [
              -56.9241,
              -2.7216
            ],
            [
              -56.925,
              -2.7201
            ],
            [
              -56.9277,
              -2.7191
            ],
            [
              -56.929,
              -2.718
            ],
            [
              -56.9289,
              -2.7169
            ],
            [
              -56.927,
              -2.7151
            ],
            [
              -56.9262,
              -2.7133
            ],
            [
              -56.9269,
              -2.7105
            ],
            [
              -56.9265,
              -2.708
            ],
            [
              -56.9252,
              -2.7062
            ],
            [
              -56.9222,
              -2.7043
            ],
            [
              -56.9209,
              -2.7018
            ],
            [
              -56.9201,
              -2.6988
            ],
            [
              -56.9179,
              -2.6977
            ],
            [
              -56.916,
              -2.6986
            ],
            [
              -56.9142,
              -2.6979
            ],
            [
              -56.914,
              -2.6966
            ],
            [
              -56.9148,
              -2.6947
            ],
            [
              -56.9166,
              -2.6925
            ],
            [
              -56.9168,
              -2.6899
            ],
            [
              -56.914,
              -2.6883
            ],
            [
              -56.9118,
              -2.6866
            ],
            [
              -56.9102,
              -2.6846
            ],
            [
              -56.9097,
              -2.6806
            ],
            [
              -56.9119,
              -2.6777
            ],
            [
              -56.9156,
              -2.6791
            ],
            [
              -56.9199,
              -2.6802
            ],
            [
              -56.9275,
              -2.6813
            ],
            [
              -56.9329,
              -2.6816
            ],
            [
              -56.9344,
              -2.681
            ],
            [
              -56.9361,
              -2.6776
            ],
            [
              -56.9372,
              -2.6726
            ],
            [
              -56.938,
              -2.6682
            ],
            [
              -56.9393,
              -2.6669
            ],
            [
              -56.9415,
              -2.6662
            ],
            [
              -56.9462,
              -2.6667
            ],
            [
              -56.9611,
              -2.6702
            ],
            [
              -56.9702,
              -2.6739
            ],
            [
              -56.9797,
              -2.6781
            ],
            [
              -56.9819,
              -2.6795
            ],
            [
              -56.9834,
              -2.6818
            ],
            [
              -56.9841,
              -2.6869
            ],
            [
              -56.9845,
              -2.6884
            ],
            [
              -56.9864,
              -2.6894
            ],
            [
              -56.9918,
              -2.6905
            ],
            [
              -57.0027,
              -2.6913
            ],
            [
              -57.0105,
              -2.6912
            ],
            [
              -57.0143,
              -2.6905
            ],
            [
              -57.0186,
              -2.6903
            ],
            [
              -57.0221,
              -2.6912
            ],
            [
              -57.0234,
              -2.692
            ],
            [
              -57.025,
              -2.6963
            ],
            [
              -57.0263,
              -2.7009
            ],
            [
              -57.0284,
              -2.7041
            ],
            [
              -57.0316,
              -2.7073
            ],
            [
              -57.037,
              -2.7108
            ],
            [
              -57.0421,
              -2.7129
            ],
            [
              -57.0537,
              -2.7145
            ],
            [
              -57.0569,
              -2.7155
            ],
            [
              -57.0629,
              -2.7185
            ],
            [
              -57.0669,
              -2.7211
            ],
            [
              -57.0689,
              -2.7218
            ],
            [
              -57.073,
              -2.7222
            ],
            [
              -57.0782,
              -2.7212
            ],
            [
              -57.0808,
              -2.7211
            ],
            [
              -57.0855,
              -2.7222
            ],
            [
              -57.0898,
              -2.7245
            ],
            [
              -57.0921,
              -2.7271
            ],
            [
              -57.0929,
              -2.7286
            ],
            [
              -57.094,
              -2.7289
            ],
            [
              -57.0958,
              -2.7282
            ],
            [
              -57.0976,
              -2.7258
            ],
            [
              -57.0997,
              -2.7222
            ],
            [
              -57.102,
              -2.719
            ],
            [
              -57.1041,
              -2.7176
            ],
            [
              -57.1055,
              -2.7173
            ],
            [
              -57.1082,
              -2.7182
            ],
            [
              -57.1103,
              -2.7205
            ],
            [
              -57.1126,
              -2.7217
            ],
            [
              -57.1162,
              -2.7227
            ],
            [
              -57.1204,
              -2.7222
            ],
            [
              -57.1277,
              -2.7198
            ],
            [
              -57.1328,
              -2.7197
            ],
            [
              -57.1362,
              -2.7182
            ],
            [
              -57.138,
              -2.7168
            ],
            [
              -57.1396,
              -2.7163
            ],
            [
              -57.1417,
              -2.7165
            ],
            [
              -57.1436,
              -2.7171
            ],
            [
              -57.1522,
              -2.7205
            ],
            [
              -57.1548,
              -2.7205
            ],
            [
              -57.1605,
              -2.7222
            ],
            [
              -57.1652,
              -2.7228
            ],
            [
              -57.1709,
              -2.7225
            ],
            [
              -57.1782,
              -2.7213
            ],
            [
              -57.1802,
              -2.7205
            ],
            [
              -57.1819,
              -2.7191
            ],
            [
              -57.1826,
              -2.7149
            ],
            [
              -57.1817,
              -2.7135
            ],
            [
              -57.1797,
              -2.7113
            ],
            [
              -57.1794,
              -2.7099
            ],
            [
              -57.1794,
              -2.7068
            ],
            [
              -57.179,
              -2.7052
            ],
            [
              -57.1792,
              -2.7016
            ],
            [
              -57.1782,
              -2.697
            ],
            [
              -57.1788,
              -2.6954
            ],
            [
              -57.1825,
              -2.6917
            ],
            [
              -57.1829,
              -2.6877
            ],
            [
              -57.1833,
              -2.6864
            ],
            [
              -57.1853,
              -2.6853
            ],
            [
              -57.1871,
              -2.6855
            ],
            [
              -57.1901,
              -2.6867
            ],
            [
              -57.1923,
              -2.6868
            ],
            [
              -57.1941,
              -2.685
            ],
            [
              -57.1955,
              -2.682
            ],
            [
              -57.1974,
              -2.6814
            ],
            [
              -57.202,
              -2.6841
            ],
            [
              -57.2044,
              -2.686
            ],
            [
              -57.2061,
              -2.6869
            ],
            [
              -57.2088,
              -2.6871
            ],
            [
              -57.2105,
              -2.6894
            ],
            [
              -57.2122,
              -2.6899
            ],
            [
              -57.2161,
              -2.6899
            ],
            [
              -57.218,
              -2.6922
            ],
            [
              -57.2199,
              -2.6934
            ],
            [
              -57.2237,
              -2.6935
            ],
            [
              -57.2267,
              -2.6922
            ],
            [
              -57.2302,
              -2.6894
            ],
            [
              -57.2361,
              -2.6862
            ],
            [
              -57.2448,
              -2.682
            ],
            [
              -57.2519,
              -2.6791
            ],
            [
              -57.2561,
              -2.6779
            ],
            [
              -57.2597,
              -2.6774
            ],
            [
              -57.2639,
              -2.6764
            ],
            [
              -57.266,
              -2.6753
            ],
            [
              -57.2679,
              -2.6733
            ],
            [
              -57.2726,
              -2.6668
            ],
            [
              -57.2758,
              -2.6646
            ],
            [
              -57.2782,
              -2.6638
            ],
            [
              -57.2813,
              -2.663
            ],
            [
              -57.2825,
              -2.6616
            ],
            [
              -57.2836,
              -2.6596
            ],
            [
              -57.2853,
              -2.6532
            ],
            [
              -57.2875,
              -2.6505
            ],
            [
              -57.2887,
              -2.6501
            ],
            [
              -57.2975,
              -2.6458
            ],
            [
              -57.2992,
              -2.6444
            ],
            [
              -57.3006,
              -2.6415
            ],
            [
              -57.2987,
              -2.6372
            ],
            [
              -57.2987,
              -2.636
            ],
            [
              -57.2997,
              -2.6349
            ],
            [
              -57.303,
              -2.6329
            ],
            [
              -57.3084,
              -2.6318
            ],
            [
              -57.3168,
              -2.631
            ],
            [
              -57.3197,
              -2.631
            ],
            [
              -57.3232,
              -2.6321
            ],
            [
              -57.327,
              -2.633
            ],
            [
              -57.3358,
              -2.6338
            ],
            [
              -57.3458,
              -2.634
            ],
            [
              -57.3477,
              -2.6343
            ],
            [
              -57.3498,
              -2.6352
            ],
            [
              -57.353,
              -2.638
            ],
            [
              -57.3562,
              -2.6406
            ],
            [
              -57.3589,
              -2.6424
            ],
            [
              -57.3613,
              -2.6434
            ],
            [
              -57.3682,
              -2.6441
            ],
            [
              -57.3736,
              -2.6444
            ],
            [
              -57.3764,
              -2.6439
            ],
            [
              -57.3829,
              -2.6402
            ],
            [
              -57.392,
              -2.6326
            ],
            [
              -57.3974,
              -2.6278
            ],
            [
              -57.3989,
              -2.6252
            ],
            [
              -57.3996,
              -2.6244
            ],
            [
              -57.4056,
              -2.6225
            ],
            [
              -57.4111,
              -2.622
            ],
            [
              -57.4128,
              -2.6212
            ],
            [
              -57.4131,
              -2.6196
            ],
            [
              -57.4112,
              -2.6172
            ],
            [
              -57.411,
              -2.6149
            ],
            [
              -57.4119,
              -2.6113
            ],
            [
              -57.4129,
              -2.6084
            ],
            [
              -57.4144,
              -2.6071
            ],
            [
              -57.4146,
              -2.6059
            ],
            [
              -57.4137,
              -2.6039
            ],
            [
              -57.4134,
              -2.5999
            ],
            [
              -57.4148,
              -2.5966
            ],
            [
              -57.4169,
              -2.5934
            ],
            [
              -57.4199,
              -2.5926
            ],
            [
              -57.4207,
              -2.5931
            ],
            [
              -57.429,
              -2.5898
            ],
            [
              -57.4491,
              -2.6044
            ],
            [
              -57.4498,
              -2.6053
            ],
            [
              -57.4492,
              -2.6081
            ],
            [
              -57.4479,
              -2.6098
            ],
            [
              -57.4452,
              -2.6099
            ],
            [
              -57.4425,
              -2.6096
            ],
            [
              -57.4401,
              -2.6107
            ],
            [
              -57.4383,
              -2.6142
            ],
            [
              -57.4378,
              -2.6181
            ],
            [
              -57.4382,
              -2.6204
            ],
            [
              -57.4408,
              -2.6219
            ],
            [
              -57.4415,
              -2.6237
            ],
            [
              -57.4402,
              -2.6258
            ],
            [
              -57.4382,
              -2.627
            ],
            [
              -57.4333,
              -2.6357
            ],
            [
              -57.4317,
              -2.6408
            ],
            [
              -57.4321,
              -2.6442
            ],
            [
              -57.434,
              -2.6468
            ],
            [
              -57.4391,
              -2.6498
            ],
            [
              -57.442,
              -2.6522
            ],
            [
              -57.4446,
              -2.6558
            ],
            [
              -57.4483,
              -2.6603
            ],
            [
              -57.4493,
              -2.6641
            ],
            [
              -57.4485,
              -2.6692
            ],
            [
              -57.4485,
              -2.6716
            ],
            [
              -57.4498,
              -2.6736
            ],
            [
              -57.4536,
              -2.6756
            ],
            [
              -57.4568,
              -2.6762
            ],
            [
              -57.4583,
              -2.6776
            ],
            [
              -57.4589,
              -2.6827
            ],
            [
              -57.4584,
              -2.6913
            ],
            [
              -57.4576,
              -2.6949
            ],
            [
              -57.4561,
              -2.6958
            ],
            [
              -57.4505,
              -2.6969
            ],
            [
              -57.4488,
              -2.6964
            ],
            [
              -57.4478,
              -2.6949
            ],
            [
              -57.4461,
              -2.6935
            ],
            [
              -57.4438,
              -2.6934
            ],
            [
              -57.442,
              -2.6939
            ],
            [
              -57.4374,
              -2.697
            ],
            [
              -57.4327,
              -2.7029
            ],
            [
              -57.4306,
              -2.7073
            ],
            [
              -57.4287,
              -2.7094
            ],
            [
              -57.4262,
              -2.7097
            ],
            [
              -57.4246,
              -2.7089
            ],
            [
              -57.4245,
              -2.7066
            ],
            [
              -57.4234,
              -2.7046
            ],
            [
              -57.4218,
              -2.7043
            ],
            [
              -57.4202,
              -2.7062
            ],
            [
              -57.4186,
              -2.7096
            ],
            [
              -57.4179,
              -2.714
            ],
            [
              -57.4169,
              -2.7283
            ],
            [
              -57.4182,
              -2.7327
            ],
            [
              -57.4181,
              -2.7373
            ],
            [
              -57.4191,
              -2.7394
            ],
            [
              -57.4205,
              -2.7404
            ],
            [
              -57.4236,
              -2.7393
            ],
            [
              -57.4303,
              -2.739
            ],
            [
              -57.4374,
              -2.7396
            ],
            [
              -57.4453,
              -2.7421
            ],
            [
              -57.4523,
              -2.7442
            ],
            [
              -57.4557,
              -2.7445
            ],
            [
              -57.4616,
              -2.748
            ],
            [
              -57.4665,
              -2.7516
            ],
            [
              -57.4741,
              -2.7609
            ],
            [
              -57.4836,
              -2.7692
            ],
            [
              -57.4895,
              -2.7763
            ],
            [
              -57.4924,
              -2.7907
            ],
            [
              -57.4939,
              -2.8072
            ],
            [
              -57.4876,
              -2.8068
            ],
            [
              -57.4816,
              -2.8084
            ],
            [
              -57.4786,
              -2.8101
            ],
            [
              -57.476,
              -2.8122
            ],
            [
              -57.4763,
              -2.8164
            ],
            [
              -57.4739,
              -2.8184
            ],
            [
              -57.4709,
              -2.82
            ],
            [
              -57.4683,
              -2.8226
            ],
            [
              -57.4636,
              -2.8264
            ],
            [
              -57.4542,
              -2.8313
            ],
            [
              -57.4467,
              -2.8368
            ],
            [
              -57.4399,
              -2.8411
            ],
            [
              -57.4365,
              -2.8438
            ],
            [
              -57.4377,
              -2.8447
            ],
            [
              -57.4399,
              -2.8454
            ],
            [
              -57.4423,
              -2.8454
            ],
            [
              -57.4438,
              -2.8461
            ],
            [
              -57.4475,
              -2.8461
            ],
            [
              -57.4504,
              -2.8471
            ],
            [
              -57.4513,
              -2.8481
            ],
            [
              -57.4531,
              -2.8479
            ],
            [
              -57.4556,
              -2.8495
            ],
            [
              -57.458,
              -2.8529
            ],
            [
              -57.4592,
              -2.8536
            ],
            [
              -57.4609,
              -2.8538
            ],
            [
              -57.4632,
              -2.8549
            ],
            [
              -57.4657,
              -2.8552
            ],
            [
              -57.4663,
              -2.856
            ],
            [
              -57.468,
              -2.8564
            ],
            [
              -57.4707,
              -2.8579
            ],
            [
              -57.4723,
              -2.8582
            ],
            [
              -57.4733,
              -2.8571
            ],
            [
              -57.4744,
              -2.857
            ],
            [
              -57.4755,
              -2.8588
            ],
            [
              -57.475,
              -2.86
            ],
            [
              -57.4733,
              -2.8613
            ],
            [
              -57.4734,
              -2.8628
            ],
            [
              -57.4752,
              -2.8636
            ],
            [
              -57.4758,
              -2.8654
            ],
            [
              -57.4779,
              -2.8671
            ],
            [
              -57.48,
              -2.8699
            ],
            [
              -57.4824,
              -2.871
            ],
            [
              -57.4674,
              -2.9488
            ],
            [
              -57.4667,
              -2.9498
            ],
            [
              -57.4648,
              -2.9509
            ],
            [
              -57.4628,
              -2.951
            ],
            [
              -57.4613,
              -2.9519
            ],
            [
              -57.4602,
              -2.9519
            ],
            [
              -57.4545,
              -2.95
            ],
            [
              -57.4509,
              -2.947
            ],
            [
              -57.4477,
              -2.9466
            ],
            [
              -57.445,
              -2.9451
            ],
            [
              -57.4426,
              -2.9446
            ],
            [
              -57.4407,
              -2.9438
            ],
            [
              -57.4371,
              -2.9429
            ],
            [
              -57.434,
              -2.9419
            ],
            [
              -57.4322,
              -2.9409
            ],
            [
              -57.4268,
              -2.9395
            ],
            [
              -57.425,
              -2.9395
            ],
            [
              -57.4242,
              -2.9401
            ],
            [
              -57.4216,
              -2.9434
            ],
            [
              -57.4203,
              -2.9443
            ],
            [
              -57.4181,
              -2.9451
            ],
            [
              -57.4164,
              -2.9449
            ],
            [
              -57.4129,
              -2.9428
            ],
            [
              -57.411,
              -2.9411
            ],
            [
              -57.4103,
              -2.9391
            ],
            [
              -57.4081,
              -2.9364
            ],
            [
              -57.4075,
              -2.9333
            ],
            [
              -57.4043,
              -2.9314
            ],
            [
              -57.4023,
              -2.9263
            ],
            [
              -57.3987,
              -2.9199
            ],
            [
              -57.3978,
              -2.917
            ],
            [
              -57.3947,
              -2.9154
            ],
            [
              -57.3925,
              -2.915
            ],
            [
              -57.3889,
              -2.9149
            ],
            [
              -57.3868,
              -2.9143
            ],
            [
              -57.3848,
              -2.9143
            ],
            [
              -57.3833,
              -2.9151
            ],
            [
              -57.3826,
              -2.9164
            ],
            [
              -57.3823,
              -2.9183
            ],
            [
              -57.3828,
              -2.9205
            ],
            [
              -57.3821,
              -2.9223
            ],
            [
              -57.3785,
              -2.9224
            ],
            [
              -57.3775,
              -2.9214
            ],
            [
              -57.377,
              -2.9191
            ],
            [
              -57.3748,
              -2.9153
            ],
            [
              -57.3712,
              -2.9135
            ],
            [
              -57.3678,
              -2.9132
            ],
            [
              -57.3659,
              -2.9125
            ],
            [
              -57.3616,
              -2.912
            ],
            [
              -57.3574,
              -2.9122
            ],
            [
              -57.3547,
              -2.9114
            ],
            [
              -57.3536,
              -2.9115
            ],
            [
              -57.352,
              -2.9134
            ],
            [
              -57.3516,
              -2.9147
            ],
            [
              -57.3532,
              -2.9167
            ],
            [
              -57.3529,
              -2.9202
            ],
            [
              -57.3542,
              -2.9218
            ],
            [
              -57.355,
              -2.9243
            ],
            [
              -57.3552,
              -2.9282
            ],
            [
              -57.3541,
              -2.9305
            ],
            [
              -57.3541,
              -2.9327
            ],
            [
              -57.3534,
              -2.9376
            ],
            [
              -57.3554,
              -2.9398
            ],
            [
              -57.3564,
              -2.9422
            ],
            [
              -57.3568,
              -2.9452
            ],
            [
              -57.3604,
              -2.949
            ],
            [
              -57.3618,
              -2.9495
            ],
            [
              -57.3636,
              -2.9515
            ],
            [
              -57.3652,
              -2.9521
            ],
            [
              -57.3661,
              -2.9532
            ],
            [
              -57.3687,
              -2.9552
            ],
            [
              -57.3705,
              -2.9562
            ],
            [
              -57.3718,
              -2.9587
            ],
            [
              -57.3733,
              -2.9598
            ],
            [
              -57.3743,
              -2.9616
            ],
            [
              -57.3741,
              -2.963
            ],
            [
              -57.3758,
              -2.9643
            ],
            [
              -57.379,
              -2.9659
            ],
            [
              -57.3797,
              -2.9671
            ],
            [
              -57.3788,
              -2.9699
            ],
            [
              -57.3806,
              -2.9722
            ],
            [
              -57.382,
              -2.9734
            ],
            [
              -57.3834,
              -2.9758
            ],
            [
              -57.383,
              -2.977
            ],
            [
              -57.3831,
              -2.9794
            ],
            [
              -57.3842,
              -2.9801
            ],
            [
              -57.3843,
              -2.9813
            ],
            [
              -57.3864,
              -2.9815
            ],
            [
              -57.3873,
              -2.9805
            ],
            [
              -57.3885,
              -2.9813
            ],
            [
              -57.3885,
              -2.9828
            ],
            [
              -57.392,
              -2.983
            ],
            [
              -57.3934,
              -2.9841
            ],
            [
              -57.3972,
              -2.9859
            ],
            [
              -57.3987,
              -2.9882
            ],
            [
              -57.4001,
              -2.9889
            ],
            [
              -57.4025,
              -2.9895
            ],
            [
              -57.4035,
              -2.9905
            ],
            [
              -57.4048,
              -2.9928
            ],
            [
              -57.4067,
              -2.9944
            ],
            [
              -57.4076,
              -2.9969
            ],
            [
              -57.4071,
              -2.9984
            ],
            [
              -57.4044,
              -3.0002
            ],
            [
              -57.4024,
              -3.0024
            ],
            [
              -57.4033,
              -3.0042
            ],
            [
              -57.4053,
              -3.0046
            ],
            [
              -57.4068,
              -3.0058
            ],
            [
              -57.4076,
              -3.0095
            ],
            [
              -57.4087,
              -3.0122
            ],
            [
              -57.4098,
              -3.0131
            ],
            [
              -57.4106,
              -3.0162
            ],
            [
              -57.412,
              -3.0184
            ],
            [
              -57.4149,
              -3.0193
            ],
            [
              -57.4174,
              -3.019
            ],
            [
              -57.4214,
              -3.0171
            ],
            [
              -57.427,
              -3.0131
            ],
            [
              -57.4281,
              -3.0108
            ],
            [
              -57.4295,
              -3.0051
            ],
            [
              -57.4304,
              -3.0047
            ],
            [
              -57.4329,
              -3.0074
            ],
            [
              -57.4346,
              -3.0068
            ],
            [
              -57.4372,
              -3.0089
            ],
            [
              -57.4402,
              -3.0109
            ],
            [
              -57.4439,
              -3.0147
            ],
            [
              -57.4449,
              -3.0153
            ],
            [
              -57.4483,
              -3.0158
            ],
            [
              -57.4494,
              -3.0169
            ],
            [
              -57.4518,
              -3.021
            ],
            [
              -57.4534,
              -3.0218
            ],
            [
              -57.4583,
              -3.0215
            ],
            [
              -57.4596,
              -3.0221
            ],
            [
              -57.4634,
              -3.0251
            ],
            [
              -57.4641,
              -3.0266
            ],
            [
              -57.4641,
              -3.0289
            ],
            [
              -57.4632,
              -3.0302
            ],
            [
              -57.4623,
              -3.0302
            ],
            [
              -57.4599,
              -3.0314
            ],
            [
              -57.4595,
              -3.0344
            ],
            [
              -57.4576,
              -3.1624
            ],
            [
              -57.457,
              -3.2065
            ],
            [
              -57.4561,
              -3.2664
            ],
            [
              -57.4486,
              -3.2689
            ],
            [
              -57.4227,
              -3.2886
            ],
            [
              -57.4141,
              -3.2811
            ],
            [
              -57.4038,
              -3.2764
            ],
            [
              -57.3974,
              -3.2843
            ],
            [
              -57.394,
              -3.2959
            ],
            [
              -57.3959,
              -3.3045
            ],
            [
              -57.3954,
              -3.3168
            ],
            [
              -57.3921,
              -3.3237
            ],
            [
              -57.3834,
              -3.3269
            ],
            [
              -57.3739,
              -3.3327
            ],
            [
              -57.3719,
              -3.3433
            ],
            [
              -57.3731,
              -3.3512
            ],
            [
              -57.3713,
              -3.3621
            ],
            [
              -57.3645,
              -3.3697
            ],
            [
              -57.3629,
              -3.3798
            ],
            [
              -57.3646,
              -3.3872
            ],
            [
              -57.367,
              -3.4046
            ],
            [
              -57.3666,
              -3.4136
            ],
            [
              -57.3645,
              -3.4236
            ],
            [
              -57.361,
              -3.4304
            ],
            [
              -57.3586,
              -3.4387
            ],
            [
              -57.3597,
              -3.4521
            ],
            [
              -57.3687,
              -3.4689
            ],
            [
              -57.3717,
              -3.4781
            ],
            [
              -57.372,
              -3.4886
            ],
            [
              -57.3715,
              -3.5002
            ],
            [
              -57.3702,
              -3.5139
            ],
            [
              -57.3627,
              -3.5237
            ],
            [
              -57.3599,
              -3.5358
            ],
            [
              -57.3591,
              -3.5442
            ],
            [
              -57.3494,
              -3.5494
            ],
            [
              -57.3432,
              -3.5544
            ],
            [
              -57.344,
              -3.5627
            ],
            [
              -57.3402,
              -3.5707
            ],
            [
              -57.332,
              -3.5794
            ],
            [
              -57.3261,
              -3.5881
            ],
            [
              -57.3172,
              -3.5913
            ],
            [
              -57.3083,
              -3.5905
            ],
            [
              -57.3005,
              -3.5958
            ],
            [
              -57.2948,
              -3.611
            ],
            [
              -57.2843,
              -3.6119
            ],
            [
              -57.2783,
              -3.6071
            ],
            [
              -57.2668,
              -3.6071
            ],
            [
              -57.262,
              -3.6165
            ],
            [
              -57.2538,
              -3.625
            ],
            [
              -57.2546,
              -3.6346
            ],
            [
              -57.2577,
              -3.6427
            ],
            [
              -57.2583,
              -3.6511
            ],
            [
              -57.2527,
              -3.664
            ],
            [
              -57.2451,
              -3.6739
            ],
            [
              -57.231,
              -3.665
            ],
            [
              -57.2254,
              -3.6717
            ],
            [
              -57.2136,
              -3.6755
            ],
            [
              -57.2,
              -3.6767
            ],
            [
              -57.1959,
              -3.67
            ],
            [
              -57.1902,
              -3.6624
            ],
            [
              -57.1819,
              -3.6595
            ],
            [
              -57.1622,
              -3.6605
            ],
            [
              -57.1544,
              -3.6626
            ],
            [
              -57.1469,
              -3.6615
            ],
            [
              -57.1425,
              -3.6534
            ],
            [
              -57.1375,
              -3.6465
            ],
            [
              -57.1329,
              -3.6375
            ],
            [
              -57.124,
              -3.6357
            ],
            [
              -57.1167,
              -3.6317
            ],
            [
              -57.1151,
              -3.6216
            ],
            [
              -57.1221,
              -3.602
            ],
            [
              -57.1142,
              -3.5953
            ],
            [
              -57.1057,
              -3.5948
            ],
            [
              -57.0988,
              -3.5994
            ],
            [
              -57.0884,
              -3.6018
            ],
            [
              -57.0791,
              -3.599
            ],
            [
              -57.0721,
              -3.5934
            ],
            [
              -57.064,
              -3.5922
            ],
            [
              -57.0565,
              -3.5951
            ],
            [
              -57.0447,
              -3.5954
            ],
            [
              -57.0325,
              -3.5999
            ],
            [
              -57.0228,
              -3.6024
            ],
            [
              -57.007,
              -3.5962
            ],
            [
              -57.0004,
              -3.5898
            ],
            [
              -56.9953,
              -3.5819
            ],
            [
              -56.9897,
              -3.5767
            ],
            [
              -56.9819,
              -3.5784
            ],
            [
              -56.9742,
              -3.5838
            ],
            [
              -56.9651,
              -3.5825
            ],
            [
              -56.9571,
              -3.5785
            ],
            [
              -56.9483,
              -3.5777
            ],
            [
              -56.9435,
              -3.5717
            ],
            [
              -56.9378,
              -3.5663
            ],
            [
              -56.93,
              -3.5607
            ],
            [
              -56.922,
              -3.5582
            ],
            [
              -56.9138,
              -3.5623
            ],
            [
              -56.8872,
              -3.499
            ],
            [
              -56.8334,
              -3.3842
            ],
            [
              -56.8097,
              -3.3335
            ],
            [
              -56.8101,
              -3.333
            ]
          ]
        ]
      },
      "properties": {
        "codarea": "1300508",
        "nome_municipio": "Barreirinha",
        "codigo_ibge": 1300508
      }
    },
    {
      "type": "Feature",
      "geometry": {
        "type": "Polygon",
        "coordinates": [
          [
            [
              -57.429,
              -2.5898
            ],
            [
              -57.4207,
              -2.5931
            ],
            [
              -57.4199,
              -2.5926
            ],
            [
              -57.4169,
              -2.5934
            ],
            [
              -57.4148,
              -2.5966
            ],
            [
              -57.4134,
              -2.5999
            ],
            [
              -57.4137,
              -2.6039
            ],
            [
              -57.4146,
              -2.6059
            ],
            [
              -57.4144,
              -2.6071
            ],
            [
              -57.4129,
              -2.6084
            ],
            [
              -57.4119,
              -2.6113
            ],
            [
              -57.411,
              -2.6149
            ],
            [
              -57.4112,
              -2.6172
            ],
            [
              -57.4131,
              -2.6196
            ],
            [
              -57.4128,
              -2.6212
            ],
            [
              -57.4111,
              -2.622
            ],
            [
              -57.4056,
              -2.6225
            ],
            [
              -57.3996,
              -2.6244
            ],
            [
              -57.3989,
              -2.6252
            ],
            [
              -57.3974,
              -2.6278
            ],
            [
              -57.392,
              -2.6326
            ],
            [
              -57.3829,
              -2.6402
            ],
            [
              -57.3764,
              -2.6439
            ],
            [
              -57.3736,
              -2.6444
            ],
            [
              -57.3682,
              -2.6441
            ],
            [
              -57.3613,
              -2.6434
            ],
            [
              -57.3589,
              -2.6424
            ],
            [
              -57.3562,
              -2.6406
            ],
            [
              -57.353,
              -2.638
            ],
            [
              -57.3498,
              -2.6352
            ],
            [
              -57.3477,
              -2.6343
            ],
            [
              -57.3458,
              -2.634
            ],
            [
              -57.3358,
              -2.6338
            ],
            [
              -57.327,
              -2.633
            ],
            [
              -57.3232,
              -2.6321
            ],
            [
              -57.3197,
              -2.631
            ],
            [
              -57.3168,
              -2.631
            ],
            [
              -57.3084,
              -2.6318
            ],
            [
              -57.303,
              -2.6329
            ],
            [
              -57.2997,
              -2.6349
            ],
            [
              -57.2987,
              -2.636
            ],
            [
              -57.2987,
              -2.6372
            ],
            [
              -57.3006,
              -2.6415
            ],
            [
              -57.2992,
              -2.6444
            ],
            [
              -57.2975,
              -2.6458
            ],
            [
              -57.2887,
              -2.6501
            ],
            [
              -57.2875,
              -2.6505
            ],
            [
              -57.2853,
              -2.6532
            ],
            [
              -57.2836,
              -2.6596
            ],
            [
              -57.2825,
              -2.6616
            ],
            [
              -57.2813,
              -2.663
            ],
            [
              -57.2782,
              -2.6638
            ],
            [
              -57.2758,
              -2.6646
            ],
            [
              -57.2726,
              -2.6668
            ],
            [
              -57.2679,
              -2.6733
            ],
            [
              -57.266,
              -2.6753
            ],
            [
              -57.2639,
              -2.6764
            ],
            [
              -57.2597,
              -2.6774
            ],
            [
              -57.2561,
              -2.6779
            ],
            [
              -57.2519,
              -2.6791
            ],
            [
              -57.2448,
              -2.682
            ],
            [
              -57.2361,
              -2.6862
            ],
            [
              -57.2302,
              -2.6894
            ],
            [
              -57.2267,
              -2.6922
            ],
            [
              -57.2237,
              -2.6935
            ],
            [
              -57.2199,
              -2.6934
            ],
            [
              -57.218,
              -2.6922
            ],
            [
              -57.2161,
              -2.6899
            ],
            [
              -57.2122,
              -2.6899
            ],
            [
              -57.2105,
              -2.6894
            ],
            [
              -57.2088,
              -2.6871
            ],
            [
              -57.2061,
              -2.6869
            ],
            [
              -57.2044,
              -2.686
            ],
            [
              -57.202,
              -2.6841
            ],
            [
              -57.1974,
              -2.6814
            ],
            [
              -57.1955,
              -2.682
            ],
            [
              -57.1941,
              -2.685
            ],
            [
              -57.1923,
              -2.6868
            ],
            [
              -57.1901,
              -2.6867
            ],
            [
              -57.1871,
              -2.6855
            ],
            [
              -57.1853,
              -2.6853
            ],
            [
              -57.1833,
              -2.6864
            ],
            [
              -57.1829,
              -2.6877
            ],
            [
              -57.1825,
              -2.6917
            ],
            [
              -57.1788,
              -2.6954
            ],
            [
              -57.1782,
              -2.697
            ],
            [
              -57.1792,
              -2.7016
            ],
            [
              -57.179,
              -2.7052
            ],
            [
              -57.1794,
              -2.7068
            ],
            [
              -57.1794,
              -2.7099
            ],
            [
              -57.1797,
              -2.7113
            ],
            [
              -57.1817,
              -2.7135
            ],
            [
              -57.1826,
              -2.7149
            ],
            [
              -57.1819,
              -2.7191
            ],
            [
              -57.1802,
              -2.7205
            ],
            [
              -57.1782,
              -2.7213
            ],
            [
              -57.1709,
              -2.7225
            ],
            [
              -57.1652,
              -2.7228
            ],
            [
              -57.1605,
              -2.7222
            ],
            [
              -57.1548,
              -2.7205
            ],
            [
              -57.1522,
              -2.7205
            ],
            [
              -57.1436,
              -2.7171
            ],
            [
              -57.1417,
              -2.7165
            ],
            [
              -57.1396,
              -2.7163
            ],
            [
              -57.138,
              -2.7168
            ],
            [
              -57.1362,
              -2.7182
            ],
            [
              -57.1328,
              -2.7197
            ],
            [
              -57.1277,
              -2.7198
            ],
            [
              -57.1204,
              -2.7222
            ],
            [
              -57.1162,
              -2.7227
            ],
            [
              -57.1126,
              -2.7217
            ],
            [
              -57.1103,
              -2.7205
            ],
            [
              -57.1082,
              -2.7182
            ],
            [
              -57.1055,
              -2.7173
            ],
            [
              -57.1041,
              -2.7176
            ],
            [
              -57.102,
              -2.719
            ],
            [
              -57.0997,
              -2.7222
            ],
            [
              -57.0976,
              -2.7258
            ],
            [
              -57.0958,
              -2.7282
            ],
            [
              -57.094,
              -2.7289
            ],
            [
              -57.0929,
              -2.7286
            ],
            [
              -57.0921,
              -2.7271
            ],
            [
              -57.0898,
              -2.7245
            ],
            [
              -57.0855,
              -2.7222
            ],
            [
              -57.0808,
              -2.7211
            ],
            [
              -57.0782,
              -2.7212
            ],
            [
              -57.073,
              -2.7222
            ],
            [
              -57.0689,
              -2.7218
            ],
            [
              -57.0669,
              -2.7211
            ],
            [
              -57.0629,
              -2.7185
            ],
            [
              -57.0569,
              -2.7155
            ],
            [
              -57.0537,
              -2.7145
            ],
            [
              -57.0421,
              -2.7129
            ],
            [
              -57.037,
              -2.7108
            ],
            [
              -57.0316,
              -2.7073
            ],
            [
              -57.0284,
              -2.7041
            ],
            [
              -57.0263,
              -2.7009
            ],
            [
              -57.025,
              -2.6963
            ],
            [
              -57.0234,
              -2.692
            ],
            [
              -57.0221,
              -2.6912
            ],
            [
              -57.0186,
              -2.6903
            ],
            [
              -57.0143,
              -2.6905
            ],
            [
              -57.0105,
              -2.6912
            ],
            [
              -57.0027,
              -2.6913
            ],
            [
              -56.9918,
              -2.6905
            ],
            [
              -56.9864,
              -2.6894
            ],
            [
              -56.9845,
              -2.6884
            ],
            [
              -56.9841,
              -2.6869
            ],
            [
              -56.9834,
              -2.6818
            ],
            [
              -56.9819,
              -2.6795
            ],
            [
              -56.9797,
              -2.6781
            ],
            [
              -56.9702,
              -2.6739
            ],
            [
              -56.9611,
              -2.6702
            ],
            [
              -56.9462,
              -2.6667
            ],
            [
              -56.9415,
              -2.6662
            ],
            [
              -56.9393,
              -2.6669
            ],
            [
              -56.938,
              -2.6682
            ],
            [
              -56.9372,
              -2.6726
            ],
            [
              -56.9361,
              -2.6776
            ],
            [
              -56.9344,
              -2.681
            ],
            [
              -56.9329,
              -2.6816
            ],
            [
              -56.9275,
              -2.6813
            ],
            [
              -56.9199,
              -2.6802
            ],
            [
              -56.9156,
              -2.6791
            ],
            [
              -56.9119,
              -2.6777
            ],
            [
              -56.9097,
              -2.6806
            ],
            [
              -56.9102,
              -2.6846
            ],
            [
              -56.9118,
              -2.6866
            ],
            [
              -56.914,
              -2.6883
            ],
            [
              -56.9168,
              -2.6899
            ],
            [
              -56.9166,
              -2.6925
            ],
            [
              -56.9148,
              -2.6947
            ],
            [
              -56.914,
              -2.6966
            ],
            [
              -56.9142,
              -2.6979
            ],
            [
              -56.916,
              -2.6986
            ],
            [
              -56.9179,
              -2.6977
            ],
            [
              -56.9201,
              -2.6988
            ],
            [
              -56.9209,
              -2.7018
            ],
            [
              -56.9222,
              -2.7043
            ],
            [
              -56.9252,
              -2.7062
            ],
            [
              -56.9265,
              -2.708
            ],
            [
              -56.9269,
              -2.7105
            ],
            [
              -56.9262,
              -2.7133
            ],
            [
              -56.927,
              -2.7151
            ],
            [
              -56.9289,
              -2.7169
            ],
            [
              -56.929,
              -2.718
            ],
            [
              -56.9277,
              -2.7191
            ],
            [
              -56.925,
              -2.7201
            ],
            [
              -56.9241,
              -2.7216
            ],
            [
              -56.925,
              -2.7244
            ],
            [
              -56.9264,
              -2.7257
            ],
            [
              -56.9267,
              -2.7271
            ],
            [
              -56.9261,
              -2.7291
            ],
            [
              -56.93,
              -2.7311
            ],
            [
              -56.9317,
              -2.7339
            ],
            [
              -56.9339,
              -2.736
            ],
            [
              -56.9361,
              -2.7373
            ],
            [
              -56.9398,
              -2.7381
            ],
            [
              -56.9419,
              -2.7394
            ],
            [
              -56.9433,
              -2.7417
            ],
            [
              -56.9444,
              -2.7427
            ],
            [
              -56.9444,
              -2.7442
            ],
            [
              -56.9454,
              -2.7449
            ],
            [
              -56.9478,
              -2.7443
            ],
            [
              -56.9495,
              -2.745
            ],
            [
              -56.9493,
              -2.7471
            ],
            [
              -56.9443,
              -2.7514
            ],
            [
              -56.9183,
              -2.7642
            ],
            [
              -56.9123,
              -2.7686
            ],
            [
              -56.9011,
              -2.7745
            ],
            [
              -56.8953,
              -2.7748
            ],
            [
              -56.8923,
              -2.7741
            ],
            [
              -56.8904,
              -2.773
            ],
            [
              -56.8837,
              -2.7671
            ],
            [
              -56.8751,
              -2.7606
            ],
            [
              -56.8623,
              -2.7512
            ],
            [
              -56.8561,
              -2.7472
            ],
            [
              -56.8507,
              -2.744
            ],
            [
              -56.8442,
              -2.7429
            ],
            [
              -56.8404,
              -2.7434
            ],
            [
              -56.8372,
              -2.7468
            ],
            [
              -56.8324,
              -2.7527
            ],
            [
              -56.828,
              -2.7613
            ],
            [
              -56.8246,
              -2.7644
            ],
            [
              -56.8218,
              -2.7642
            ],
            [
              -56.8197,
              -2.7628
            ],
            [
              -56.818,
              -2.7592
            ],
            [
              -56.8149,
              -2.7549
            ],
            [
              -56.8117,
              -2.7496
            ],
            [
              -56.8058,
              -2.7421
            ],
            [
              -56.8005,
              -2.7375
            ],
            [
              -56.7921,
              -2.7325
            ],
            [
              -56.7857,
              -2.7298
            ],
            [
              -56.7735,
              -2.7273
            ],
            [
              -56.7638,
              -2.7247
            ],
            [
              -56.759,
              -2.7243
            ],
            [
              -56.7542,
              -2.7245
            ],
            [
              -56.7494,
              -2.7262
            ],
            [
              -56.7437,
              -2.728
            ],
            [
              -56.7371,
              -2.7303
            ],
            [
              -56.7345,
              -2.7319
            ],
            [
              -56.7335,
              -2.7341
            ],
            [
              -56.7335,
              -2.7358
            ],
            [
              -56.7346,
              -2.7375
            ],
            [
              -56.7369,
              -2.7421
            ],
            [
              -56.7384,
              -2.7435
            ],
            [
              -56.7413,
              -2.7451
            ],
            [
              -56.7458,
              -2.7472
            ],
            [
              -56.7505,
              -2.7489
            ],
            [
              -56.7592,
              -2.7494
            ],
            [
              -56.7662,
              -2.7512
            ],
            [
              -56.7758,
              -2.7528
            ],
            [
              -56.7889,
              -2.7537
            ],
            [
              -56.7927,
              -2.7582
            ],
            [
              -56.7971,
              -2.7664
            ],
            [
              -56.811,
              -2.7835
            ],
            [
              -56.8201,
              -2.8015
            ],
            [
              -56.8221,
              -2.8177
            ],
            [
              -56.8304,
              -2.8409
            ],
            [
              -56.8358,
              -2.8541
            ],
            [
              -56.8353,
              -2.8623
            ],
            [
              -56.8336,
              -2.8728
            ],
            [
              -56.8336,
              -2.878
            ],
            [
              -56.8427,
              -2.8916
            ],
            [
              -56.8485,
              -2.9037
            ],
            [
              -56.8548,
              -2.9155
            ],
            [
              -56.8593,
              -2.9199
            ],
            [
              -56.8685,
              -2.9144
            ],
            [
              -56.8724,
              -2.907
            ],
            [
              -56.8765,
              -2.9061
            ],
            [
              -56.885,
              -2.9083
            ],
            [
              -56.8946,
              -2.9026
            ],
            [
              -56.8998,
              -2.8983
            ],
            [
              -56.9109,
              -2.8967
            ],
            [
              -56.9176,
              -2.8943
            ],
            [
              -56.9266,
              -2.897
            ],
            [
              -56.9401,
              -2.9068
            ],
            [
              -56.9479,
              -2.9101
            ],
            [
              -56.9545,
              -2.9101
            ],
            [
              -56.9678,
              -2.9062
            ],
            [
              -56.9771,
              -2.9111
            ],
            [
              -56.9833,
              -2.9198
            ],
            [
              -56.9912,
              -2.9222
            ],
            [
              -56.999,
              -2.9222
            ],
            [
              -57.0083,
              -2.9267
            ],
            [
              -57.0164,
              -2.9326
            ],
            [
              -57.0186,
              -2.9474
            ],
            [
              -57.0184,
              -2.968
            ],
            [
              -57.0186,
              -2.9719
            ],
            [
              -57.0201,
              -2.9818
            ],
            [
              -57.0247,
              -2.9955
            ],
            [
              -57.0307,
              -3.0103
            ],
            [
              -57.0307,
              -3.0139
            ],
            [
              -57.0405,
              -3.0205
            ],
            [
              -57.0469,
              -3.0262
            ],
            [
              -57.0459,
              -3.0299
            ],
            [
              -57.0417,
              -3.03
            ],
            [
              -57.0336,
              -3.025
            ],
            [
              -57.0243,
              -3.0202
            ],
            [
              -57.0193,
              -3.0194
            ],
            [
              -57.011,
              -3.0266
            ],
            [
              -57.0031,
              -3.0302
            ],
            [
              -56.9988,
              -3.0328
            ],
            [
              -56.9988,
              -3.0343
            ],
            [
              -56.9966,
              -3.0404
            ],
            [
              -56.9966,
              -3.044
            ],
            [
              -56.9973,
              -3.0456
            ],
            [
              -56.9998,
              -3.0485
            ],
            [
              -57.0009,
              -3.0506
            ],
            [
              -57.0021,
              -3.0542
            ],
            [
              -57.0021,
              -3.057
            ],
            [
              -56.9985,
              -3.0612
            ],
            [
              -56.9975,
              -3.0629
            ],
            [
              -56.9961,
              -3.0705
            ],
            [
              -56.9961,
              -3.0724
            ],
            [
              -56.9979,
              -3.0761
            ],
            [
              -56.9997,
              -3.0783
            ],
            [
              -57.0032,
              -3.0833
            ],
            [
              -57.0066,
              -3.0892
            ],
            [
              -57.0083,
              -3.0927
            ],
            [
              -57.0101,
              -3.0983
            ],
            [
              -57.0127,
              -3.1041
            ],
            [
              -57.0154,
              -3.1079
            ],
            [
              -57.0184,
              -3.1144
            ],
            [
              -57.0206,
              -3.1205
            ],
            [
              -57.0221,
              -3.1305
            ],
            [
              -57.0221,
              -3.1332
            ],
            [
              -57.021,
              -3.1389
            ],
            [
              -57.0377,
              -3.1601
            ],
            [
              -57.0456,
              -3.1753
            ],
            [
              -57.0476,
              -3.1786
            ],
            [
              -57.0479,
              -3.1798
            ],
            [
              -57.0479,
              -3.1833
            ],
            [
              -57.0467,
              -3.1855
            ],
            [
              -57.0444,
              -3.1866
            ],
            [
              -57.0414,
              -3.1892
            ],
            [
              -57.0408,
              -3.1904
            ],
            [
              -57.0411,
              -3.1932
            ],
            [
              -57.043,
              -3.1979
            ],
            [
              -57.0451,
              -3.2024
            ],
            [
              -57.0459,
              -3.2077
            ],
            [
              -57.0456,
              -3.209
            ],
            [
              -57.042,
              -3.2126
            ],
            [
              -57.036,
              -3.2151
            ],
            [
              -57.0262,
              -3.2169
            ],
            [
              -57.0122,
              -3.2148
            ],
            [
              -57.0059,
              -3.2147
            ],
            [
              -57.0003,
              -3.2156
            ],
            [
              -56.9933,
              -3.2182
            ],
            [
              -56.9893,
              -3.2177
            ],
            [
              -56.987,
              -3.2177
            ],
            [
              -56.9823,
              -3.2169
            ],
            [
              -56.9786,
              -3.2144
            ],
            [
              -56.9775,
              -3.2131
            ],
            [
              -56.9753,
              -3.2093
            ],
            [
              -56.9726,
              -3.2062
            ],
            [
              -56.97,
              -3.2057
            ],
            [
              -56.9671,
              -3.2074
            ],
            [
              -56.9662,
              -3.2088
            ],
            [
              -56.9642,
              -3.2134
            ],
            [
              -56.9629,
              -3.2147
            ],
            [
              -56.9609,
              -3.2176
            ],
            [
              -56.9576,
              -3.2194
            ],
            [
              -56.9518,
              -3.224
            ],
            [
              -56.9463,
              -3.2276
            ],
            [
              -56.9436,
              -3.2302
            ],
            [
              -56.9418,
              -3.2335
            ],
            [
              -56.9405,
              -3.2372
            ],
            [
              -56.9396,
              -3.2442
            ],
            [
              -56.9402,
              -3.2497
            ],
            [
              -56.9389,
              -3.2574
            ],
            [
              -56.9379,
              -3.2691
            ],
            [
              -56.931,
              -3.278
            ],
            [
              -56.9293,
              -3.2798
            ],
            [
              -56.9255,
              -3.282
            ],
            [
              -56.9179,
              -3.2853
            ],
            [
              -56.8972,
              -3.2969
            ],
            [
              -56.8871,
              -3.3013
            ],
            [
              -56.8796,
              -3.3019
            ],
            [
              -56.8671,
              -3.2972
            ],
            [
              -56.8629,
              -3.2993
            ],
            [
              -56.8607,
              -3.3017
            ],
            [
              -56.852,
              -3.301
            ],
            [
              -56.8469,
              -3.3068
            ],
            [
              -56.845,
              -3.3139
            ],
            [
              -56.8434,
              -3.3167
            ],
            [
              -56.8382,
              -3.3224
            ],
            [
              -56.8281,
              -3.3236
            ],
            [
              -56.822,
              -3.3237
            ],
            [
              -56.815,
              -3.3276
            ],
            [
              -56.8101,
              -3.333
            ],
            [
              -56.7919,
              -3.2944
            ],
            [
              -56.7679,
              -3.2429
            ],
            [
              -56.7629,
              -3.2322
            ],
            [
              -56.7235,
              -3.1466
            ],
            [
              -56.6563,
              -3.0004
            ],
            [
              -56.6478,
              -2.9814
            ],
            [
              -56.6482,
              -2.981
            ],
            [
              -56.6098,
              -2.8963
            ],
            [
              -56.5759,
              -2.8241
            ],
            [
              -56.5587,
              -2.7867
            ],
            [
              -56.5364,
              -2.7384
            ],
            [
              -56.5005,
              -2.6605
            ],
            [
              -56.4876,
              -2.6329
            ],
            [
              -56.4622,
              -2.5786
            ],
            [
              -56.4263,
              -2.5016
            ],
            [
              -56.4021,
              -2.4565
            ],
            [
              -56.4079,
              -2.4502
            ],
            [
              -56.4157,
              -2.4478
            ],
            [
              -56.4246,
              -2.4492
            ],
            [
              -56.4254,
              -2.4491
            ],
            [
              -56.4322,
              -2.446
            ],
            [
              -56.4375,
              -2.4402
            ],
            [
              -56.449,
              -2.4375
            ],
            [
              -56.4547,
              -2.4365
            ],
            [
              -56.4566,
              -2.4356
            ],
            [
              -56.4623,
              -2.4339
            ],
            [
              -56.4645,
              -2.4316
            ],
            [
              -56.4656,
              -2.4231
            ],
            [
              -56.4599,
              -2.4149
            ],
            [
              -56.4547,
              -2.4093
            ],
            [
              -56.4496,
              -2.4015
            ],
            [
              -56.4257,
              -2.3692
            ],
            [
              -56.4208,
              -2.3602
            ],
            [
              -56.4185,
              -2.3552
            ],
            [
              -56.4168,
              -2.3476
            ],
            [
              -56.4164,
              -2.3365
            ],
            [
              -56.4144,
              -2.3261
            ],
            [
              -56.4128,
              -2.3217
            ],
            [
              -56.4042,
              -2.3055
            ],
            [
              -56.4008,
              -2.2999
            ],
            [
              -56.3973,
              -2.2923
            ],
            [
              -56.394,
              -2.2862
            ],
            [
              -56.3892,
              -2.2785
            ],
            [
              -56.4102,
              -2.2749
            ],
            [
              -56.4104,
              -2.2738
            ],
            [
              -56.4096,
              -2.2714
            ],
            [
              -56.4038,
              -2.2653
            ],
            [
              -56.4031,
              -2.2641
            ],
            [
              -56.4033,
              -2.2624
            ],
            [
              -56.4051,
              -2.2611
            ],
            [
              -56.406,
              -2.2615
            ],
            [
              -56.4122,
              -2.2674
            ],
            [
              -56.4174,
              -2.2743
            ],
            [
              -56.419,
              -2.2772
            ],
            [
              -56.4198,
              -2.2777
            ],
            [
              -56.4246,
              -2.2772
            ],
            [
              -56.4287,
              -2.2752
            ],
            [
              -56.4347,
              -2.2777
            ],
            [
              -56.4408,
              -2.2797
            ],
            [
              -56.4445,
              -2.2805
            ],
            [
              -56.4479,
              -2.28
            ],
            [
              -56.4505,
              -2.2787
            ],
            [
              -56.4539,
              -2.2759
            ],
            [
              -56.4577,
              -2.2718
            ],
            [
              -56.4609,
              -2.2692
            ],
            [
              -56.4622,
              -2.2676
            ],
            [
              -56.4642,
              -2.2645
            ],
            [
              -56.4668,
              -2.261
            ],
            [
              -56.4693,
              -2.2596
            ],
            [
              -56.4716,
              -2.2598
            ],
            [
              -56.4759,
              -2.2647
            ],
            [
              -56.4785,
              -2.2661
            ],
            [
              -56.4819,
              -2.2672
            ],
            [
              -56.4881,
              -2.2666
            ],
            [
              -56.4914,
              -2.2657
            ],
            [
              -56.4929,
              -2.2647
            ],
            [
              -56.4937,
              -2.263
            ],
            [
              -56.4937,
              -2.2569
            ],
            [
              -56.4946,
              -2.2505
            ],
            [
              -56.4951,
              -2.2497
            ],
            [
              -56.4996,
              -2.2486
            ],
            [
              -56.5123,
              -2.243
            ],
            [
              -56.515,
              -2.2422
            ],
            [
              -56.5169,
              -2.2425
            ],
            [
              -56.5194,
              -2.2437
            ],
            [
              -56.5272,
              -2.25
            ],
            [
              -56.534,
              -2.2552
            ],
            [
              -56.5386,
              -2.2595
            ],
            [
              -56.5402,
              -2.2617
            ],
            [
              -56.5407,
              -2.2656
            ],
            [
              -56.5398,
              -2.2684
            ],
            [
              -56.5379,
              -2.2717
            ],
            [
              -56.5356,
              -2.2749
            ],
            [
              -56.5326,
              -2.2807
            ],
            [
              -56.5326,
              -2.2839
            ],
            [
              -56.5339,
              -2.2855
            ],
            [
              -56.5399,
              -2.2898
            ],
            [
              -56.5478,
              -2.2947
            ],
            [
              -56.5614,
              -2.3024
            ],
            [
              -56.5701,
              -2.3081
            ],
            [
              -56.5826,
              -2.3197
            ],
            [
              -56.5863,
              -2.3224
            ],
            [
              -56.5906,
              -2.325
            ],
            [
              -56.5931,
              -2.3256
            ],
            [
              -56.5952,
              -2.3253
            ],
            [
              -56.5991,
              -2.3241
            ],
            [
              -56.6097,
              -2.3191
            ],
            [
              -56.618,
              -2.3183
            ],
            [
              -56.6211,
              -2.3191
            ],
            [
              -56.6237,
              -2.3205
            ],
            [
              -56.6277,
              -2.3256
            ],
            [
              -56.6306,
              -2.3313
            ],
            [
              -56.6351,
              -2.3404
            ],
            [
              -56.6376,
              -2.3478
            ],
            [
              -56.639,
              -2.351
            ],
            [
              -56.6433,
              -2.357
            ],
            [
              -56.6472,
              -2.359
            ],
            [
              -56.6555,
              -2.3622
            ],
            [
              -56.6639,
              -2.3642
            ],
            [
              -56.6715,
              -2.3666
            ],
            [
              -56.6755,
              -2.3689
            ],
            [
              -56.6776,
              -2.3715
            ],
            [
              -56.6775,
              -2.3746
            ],
            [
              -56.6769,
              -2.3765
            ],
            [
              -56.6734,
              -2.3813
            ],
            [
              -56.6734,
              -2.3834
            ],
            [
              -56.6741,
              -2.3852
            ],
            [
              -56.6756,
              -2.3859
            ],
            [
              -56.68,
              -2.3842
            ],
            [
              -56.6842,
              -2.3822
            ],
            [
              -56.6892,
              -2.379
            ],
            [
              -56.6956,
              -2.3769
            ],
            [
              -56.7013,
              -2.3756
            ],
            [
              -56.7079,
              -2.3736
            ],
            [
              -56.7173,
              -2.3719
            ],
            [
              -56.724,
              -2.3746
            ],
            [
              -56.7277,
              -2.3767
            ],
            [
              -56.7359,
              -2.3792
            ],
            [
              -56.7426,
              -2.3795
            ],
            [
              -56.7563,
              -2.3793
            ],
            [
              -56.7635,
              -2.3804
            ],
            [
              -56.7776,
              -2.3839
            ],
            [
              -56.7804,
              -2.3854
            ],
            [
              -56.7816,
              -2.3881
            ],
            [
              -56.7813,
              -2.3902
            ],
            [
              -56.7789,
              -2.393
            ],
            [
              -56.7755,
              -2.3966
            ],
            [
              -56.7726,
              -2.402
            ],
            [
              -56.7707,
              -2.4086
            ],
            [
              -56.7699,
              -2.4145
            ],
            [
              -56.7701,
              -2.4166
            ],
            [
              -56.7712,
              -2.4191
            ],
            [
              -56.7732,
              -2.4201
            ],
            [
              -56.7765,
              -2.4195
            ],
            [
              -56.779,
              -2.4182
            ],
            [
              -56.7834,
              -2.4167
            ],
            [
              -56.7938,
              -2.414
            ],
            [
              -56.8169,
              -2.4084
            ],
            [
              -56.8214,
              -2.4071
            ],
            [
              -56.8324,
              -2.4068
            ],
            [
              -56.8341,
              -2.4071
            ],
            [
              -56.839,
              -2.4087
            ],
            [
              -56.8414,
              -2.4099
            ],
            [
              -56.8428,
              -2.4116
            ],
            [
              -56.8441,
              -2.4139
            ],
            [
              -56.8454,
              -2.4179
            ],
            [
              -56.8462,
              -2.4193
            ],
            [
              -56.8487,
              -2.4209
            ],
            [
              -56.854,
              -2.4226
            ],
            [
              -56.8607,
              -2.423
            ],
            [
              -56.8623,
              -2.4226
            ],
            [
              -56.8646,
              -2.4202
            ],
            [
              -56.8652,
              -2.4183
            ],
            [
              -56.8653,
              -2.4137
            ],
            [
              -56.8628,
              -2.4081
            ],
            [
              -56.8635,
              -2.4059
            ],
            [
              -56.8655,
              -2.4036
            ],
            [
              -56.8701,
              -2.4014
            ],
            [
              -56.8728,
              -2.4007
            ],
            [
              -56.876,
              -2.4005
            ],
            [
              -56.8797,
              -2.4007
            ],
            [
              -56.8809,
              -2.4016
            ],
            [
              -56.8816,
              -2.4037
            ],
            [
              -56.8809,
              -2.4067
            ],
            [
              -56.8782,
              -2.4141
            ],
            [
              -56.8779,
              -2.4158
            ],
            [
              -56.8782,
              -2.4186
            ],
            [
              -56.8801,
              -2.4236
            ],
            [
              -56.8829,
              -2.425
            ],
            [
              -56.8844,
              -2.4253
            ],
            [
              -56.8877,
              -2.4255
            ],
            [
              -56.8892,
              -2.4261
            ],
            [
              -56.9487,
              -2.4256
            ],
            [
              -56.9481,
              -2.4244
            ],
            [
              -56.9473,
              -2.4192
            ],
            [
              -56.945,
              -2.4176
            ],
            [
              -56.9424,
              -2.4168
            ],
            [
              -56.9409,
              -2.4158
            ],
            [
              -56.939,
              -2.4152
            ],
            [
              -56.9357,
              -2.4158
            ],
            [
              -56.9333,
              -2.4156
            ],
            [
              -56.9305,
              -2.4145
            ],
            [
              -56.9275,
              -2.4124
            ],
            [
              -56.9269,
              -2.4108
            ],
            [
              -56.9271,
              -2.4093
            ],
            [
              -56.9286,
              -2.4073
            ],
            [
              -56.9306,
              -2.4059
            ],
            [
              -56.9311,
              -2.404
            ],
            [
              -56.9304,
              -2.4008
            ],
            [
              -56.9304,
              -2.3988
            ],
            [
              -56.9312,
              -2.3973
            ],
            [
              -56.9354,
              -2.3948
            ],
            [
              -56.9359,
              -2.3942
            ],
            [
              -56.9353,
              -2.3923
            ],
            [
              -56.9358,
              -2.3876
            ],
            [
              -56.9312,
              -2.3828
            ],
            [
              -56.9288,
              -2.3779
            ],
            [
              -56.9271,
              -2.3729
            ],
            [
              -56.9268,
              -2.3684
            ],
            [
              -56.9285,
              -2.3707
            ],
            [
              -56.9322,
              -2.3737
            ],
            [
              -56.9374,
              -2.3773
            ],
            [
              -56.94,
              -2.3771
            ],
            [
              -56.9419,
              -2.3757
            ],
            [
              -56.9451,
              -2.3702
            ],
            [
              -56.9471,
              -2.3678
            ],
            [
              -56.9513,
              -2.3668
            ],
            [
              -56.9536,
              -2.3672
            ],
            [
              -56.9603,
              -2.3717
            ],
            [
              -56.9646,
              -2.3754
            ],
            [
              -56.967,
              -2.3786
            ],
            [
              -56.9694,
              -2.3808
            ],
            [
              -56.9757,
              -2.3813
            ],
            [
              -56.9788,
              -2.3823
            ],
            [
              -56.9874,
              -2.383
            ],
            [
              -56.9939,
              -2.382
            ],
            [
              -56.9995,
              -2.3786
            ],
            [
              -57.0027,
              -2.3776
            ],
            [
              -57.0044,
              -2.3767
            ],
            [
              -57.008,
              -2.3767
            ],
            [
              -57.0102,
              -2.377
            ],
            [
              -57.0117,
              -2.3779
            ],
            [
              -57.0124,
              -2.3789
            ],
            [
              -57.0147,
              -2.3793
            ],
            [
              -57.0172,
              -2.3792
            ],
            [
              -57.0181,
              -2.3785
            ],
            [
              -57.0214,
              -2.3774
            ],
            [
              -57.0229,
              -2.3764
            ],
            [
              -57.026,
              -2.3766
            ],
            [
              -57.0273,
              -2.3775
            ],
            [
              -57.0312,
              -2.3789
            ],
            [
              -57.0336,
              -2.3788
            ],
            [
              -57.0364,
              -2.3791
            ],
            [
              -57.0376,
              -2.3783
            ],
            [
              -57.0397,
              -2.3756
            ],
            [
              -57.0432,
              -2.3721
            ],
            [
              -57.0467,
              -2.3699
            ],
            [
              -57.0475,
              -2.3686
            ],
            [
              -57.0476,
              -2.3657
            ],
            [
              -57.0504,
              -2.3617
            ],
            [
              -57.0532,
              -2.3598
            ],
            [
              -57.0578,
              -2.3559
            ],
            [
              -57.0628,
              -2.3538
            ],
            [
              -57.0674,
              -2.351
            ],
            [
              -57.072,
              -2.3495
            ],
            [
              -57.0738,
              -2.3493
            ],
            [
              -57.0806,
              -2.3473
            ],
            [
              -57.0862,
              -2.3458
            ],
            [
              -57.0883,
              -2.3447
            ],
            [
              -57.0897,
              -2.3425
            ],
            [
              -57.0978,
              -2.3367
            ],
            [
              -57.1033,
              -2.334
            ],
            [
              -57.114,
              -2.3326
            ],
            [
              -57.1279,
              -2.3326
            ],
            [
              -57.1318,
              -2.3335
            ],
            [
              -57.1353,
              -2.3334
            ],
            [
              -57.1409,
              -2.3361
            ],
            [
              -57.1434,
              -2.3364
            ],
            [
              -57.1474,
              -2.3358
            ],
            [
              -57.151,
              -2.3358
            ],
            [
              -57.165,
              -2.3311
            ],
            [
              -57.1682,
              -2.3308
            ],
            [
              -57.172,
              -2.3319
            ],
            [
              -57.1777,
              -2.3356
            ],
            [
              -57.1806,
              -2.3391
            ],
            [
              -57.1816,
              -2.3411
            ],
            [
              -57.1817,
              -2.3446
            ],
            [
              -57.1839,
              -2.3537
            ],
            [
              -57.1873,
              -2.3583
            ],
            [
              -57.1911,
              -2.3648
            ],
            [
              -57.1967,
              -2.3659
            ],
            [
              -57.1995,
              -2.3669
            ],
            [
              -57.2033,
              -2.3693
            ],
            [
              -57.2051,
              -2.371
            ],
            [
              -57.208,
              -2.3744
            ],
            [
              -57.2104,
              -2.3846
            ],
            [
              -57.2129,
              -2.3879
            ],
            [
              -57.2178,
              -2.3917
            ],
            [
              -57.2191,
              -2.3918
            ],
            [
              -57.2222,
              -2.3912
            ],
            [
              -57.2261,
              -2.3895
            ],
            [
              -57.2387,
              -2.3802
            ],
            [
              -57.2398,
              -2.3792
            ],
            [
              -57.2421,
              -2.3741
            ],
            [
              -57.2456,
              -2.3712
            ],
            [
              -57.2544,
              -2.3616
            ],
            [
              -57.2581,
              -2.3524
            ],
            [
              -57.2616,
              -2.35
            ],
            [
              -57.2634,
              -2.3498
            ],
            [
              -57.3245,
              -2.363
            ],
            [
              -57.4062,
              -2.3807
            ],
            [
              -57.4086,
              -2.3814
            ],
            [
              -57.3915,
              -2.3918
            ],
            [
              -57.3839,
              -2.3979
            ],
            [
              -57.3665,
              -2.4074
            ],
            [
              -57.3615,
              -2.4107
            ],
            [
              -57.3533,
              -2.4163
            ],
            [
              -57.3496,
              -2.4196
            ],
            [
              -57.3432,
              -2.4268
            ],
            [
              -57.3371,
              -2.4346
            ],
            [
              -57.3335,
              -2.4409
            ],
            [
              -57.3317,
              -2.4476
            ],
            [
              -57.331,
              -2.4536
            ],
            [
              -57.331,
              -2.4556
            ],
            [
              -57.3304,
              -2.4578
            ],
            [
              -57.3264,
              -2.4621
            ],
            [
              -57.3136,
              -2.4744
            ],
            [
              -57.2892,
              -2.4892
            ],
            [
              -57.3158,
              -2.5076
            ],
            [
              -57.429,
              -2.5898
            ]
          ]
        ]
      },
      "properties": {
        "codarea": "1303403",
        "nome_municipio": "Parintins",
        "codigo_ibge": 1303403
      }
    },
    {
      "type": "Feature",
      "geometry": {
        "type": "Polygon",
        "coordinates": [
          [
            [
              -55.6542,
              -4.0907
            ],
            [
              -55.6596,
              -4.0869
            ],
            [
              -55.6704,
              -4.0855
            ],
            [
              -55.6731,
              -4.0791
            ],
            [
              -55.672,
              -4.0736
            ],
            [
              -55.6758,
              -4.0699
            ],
            [
              -55.6814,
              -4.066
            ],
            [
              -55.6875,
              -4.0651
            ],
            [
              -55.6984,
              -4.0556
            ],
            [
              -55.7014,
              -4.055
            ],
            [
              -55.707,
              -4.0561
            ],
            [
              -55.7101,
              -4.0537
            ],
            [
              -55.7135,
              -4.0544
            ],
            [
              -55.7177,
              -4.0518
            ],
            [
              -55.7214,
              -4.0504
            ],
            [
              -55.7267,
              -4.0442
            ],
            [
              -55.7248,
              -4.0377
            ],
            [
              -55.7255,
              -4.0324
            ],
            [
              -55.7351,
              -4.024
            ],
            [
              -55.737,
              -4.0187
            ],
            [
              -55.741,
              -4.0147
            ],
            [
              -55.7434,
              -4.0035
            ],
            [
              -55.7467,
              -4.0013
            ],
            [
              -55.7508,
              -4.0049
            ],
            [
              -55.7571,
              -4.0035
            ],
            [
              -55.762,
              -4.0063
            ],
            [
              -55.7642,
              -4.0037
            ],
            [
              -55.7691,
              -4.0033
            ],
            [
              -55.7723,
              -4.008
            ],
            [
              -55.7764,
              -4.0098
            ],
            [
              -55.7822,
              -4.0077
            ],
            [
              -55.7858,
              -4.0084
            ],
            [
              -55.7901,
              -4.0055
            ],
            [
              -55.7968,
              -4.0074
            ],
            [
              -55.7988,
              -4.0105
            ],
            [
              -55.8022,
              -4.0117
            ],
            [
              -55.8116,
              -4.0113
            ],
            [
              -55.8203,
              -4.0151
            ],
            [
              -55.8268,
              -4.0174
            ],
            [
              -55.83,
              -4.0162
            ],
            [
              -55.8383,
              -4.0148
            ],
            [
              -55.8412,
              -4.0083
            ],
            [
              -55.8408,
              -4.0021
            ],
            [
              -55.8436,
              -4.0004
            ],
            [
              -55.8467,
              -3.9994
            ],
            [
              -55.8458,
              -3.99
            ],
            [
              -55.8447,
              -3.9861
            ],
            [
              -55.8431,
              -3.9831
            ],
            [
              -55.8435,
              -3.9785
            ],
            [
              -55.8458,
              -3.9763
            ],
            [
              -55.8467,
              -3.9732
            ],
            [
              -55.8406,
              -3.966
            ],
            [
              -55.8373,
              -3.9656
            ],
            [
              -55.8345,
              -3.9642
            ],
            [
              -55.8365,
              -3.961
            ],
            [
              -55.839,
              -3.9542
            ],
            [
              -55.8406,
              -3.9513
            ],
            [
              -55.8435,
              -3.9494
            ],
            [
              -55.8464,
              -3.949
            ],
            [
              -55.8518,
              -3.9471
            ],
            [
              -55.851,
              -3.9438
            ],
            [
              -55.8517,
              -3.9397
            ],
            [
              -55.8542,
              -3.9381
            ],
            [
              -55.8535,
              -3.9346
            ],
            [
              -55.8545,
              -3.9317
            ],
            [
              -55.8541,
              -3.9285
            ],
            [
              -55.8577,
              -3.9285
            ],
            [
              -55.8606,
              -3.93
            ],
            [
              -55.8644,
              -3.9292
            ],
            [
              -55.8643,
              -3.9258
            ],
            [
              -55.8679,
              -3.9155
            ],
            [
              -55.8703,
              -3.9135
            ],
            [
              -55.8752,
              -3.9079
            ],
            [
              -55.8783,
              -3.9058
            ],
            [
              -55.8816,
              -3.9042
            ],
            [
              -55.8849,
              -3.9042
            ],
            [
              -55.888,
              -3.9153
            ],
            [
              -55.8917,
              -3.9179
            ],
            [
              -55.8935,
              -3.9217
            ],
            [
              -55.8923,
              -3.925
            ],
            [
              -55.8924,
              -3.9283
            ],
            [
              -55.8972,
              -3.9296
            ],
            [
              -55.8974,
              -3.9351
            ],
            [
              -55.9009,
              -3.9341
            ],
            [
              -55.9039,
              -3.932
            ],
            [
              -55.9057,
              -3.9283
            ],
            [
              -55.9067,
              -3.9249
            ],
            [
              -55.9094,
              -3.9276
            ],
            [
              -55.9136,
              -3.9378
            ],
            [
              -55.9162,
              -3.9412
            ],
            [
              -55.9191,
              -3.9424
            ],
            [
              -55.9226,
              -3.9427
            ],
            [
              -55.9251,
              -3.9407
            ],
            [
              -55.9235,
              -3.9377
            ],
            [
              -55.9193,
              -3.9325
            ],
            [
              -55.9178,
              -3.9299
            ],
            [
              -55.9193,
              -3.9262
            ],
            [
              -55.9223,
              -3.9273
            ],
            [
              -55.9261,
              -3.9264
            ],
            [
              -55.9297,
              -3.925
            ],
            [
              -55.9281,
              -3.9221
            ],
            [
              -55.9222,
              -3.9195
            ],
            [
              -55.9227,
              -3.9164
            ],
            [
              -55.9255,
              -3.9143
            ],
            [
              -55.9267,
              -3.9114
            ],
            [
              -55.9292,
              -3.9082
            ],
            [
              -55.9257,
              -3.8988
            ],
            [
              -55.9237,
              -3.8964
            ],
            [
              -55.9264,
              -3.8942
            ],
            [
              -55.9298,
              -3.8957
            ],
            [
              -55.9328,
              -3.8979
            ],
            [
              -55.9383,
              -3.8993
            ],
            [
              -55.9404,
              -3.9019
            ],
            [
              -55.9471,
              -3.8998
            ],
            [
              -55.9511,
              -3.895
            ],
            [
              -55.9547,
              -3.8883
            ],
            [
              -55.9537,
              -3.881
            ],
            [
              -55.9544,
              -3.8773
            ],
            [
              -55.9564,
              -3.8743
            ],
            [
              -55.9588,
              -3.8717
            ],
            [
              -55.9619,
              -3.871
            ],
            [
              -55.9693,
              -3.8703
            ],
            [
              -55.9722,
              -3.8715
            ],
            [
              -55.9799,
              -3.8713
            ],
            [
              -55.982,
              -3.8679
            ],
            [
              -55.9845,
              -3.8624
            ],
            [
              -55.9874,
              -3.8613
            ],
            [
              -55.9906,
              -3.8613
            ],
            [
              -55.9933,
              -3.8634
            ],
            [
              -55.9948,
              -3.866
            ],
            [
              -56.0005,
              -3.8632
            ],
            [
              -56.0047,
              -3.8632
            ],
            [
              -56.0079,
              -3.8607
            ],
            [
              -56.0088,
              -3.8578
            ],
            [
              -56.0113,
              -3.8548
            ],
            [
              -56.0181,
              -3.8543
            ],
            [
              -56.0246,
              -3.8549
            ],
            [
              -56.0278,
              -3.8558
            ],
            [
              -56.0294,
              -3.8589
            ],
            [
              -56.0271,
              -3.8651
            ],
            [
              -56.028,
              -3.8724
            ],
            [
              -56.0264,
              -3.8807
            ],
            [
              -56.0272,
              -3.8837
            ],
            [
              -56.0307,
              -3.8861
            ],
            [
              -56.0321,
              -3.8892
            ],
            [
              -56.0326,
              -3.8923
            ],
            [
              -56.0348,
              -3.8983
            ],
            [
              -56.0351,
              -3.9011
            ],
            [
              -56.036,
              -3.9083
            ],
            [
              -56.0381,
              -3.9106
            ],
            [
              -56.045,
              -3.9122
            ],
            [
              -56.0511,
              -3.9143
            ],
            [
              -56.0532,
              -3.9173
            ],
            [
              -56.0559,
              -3.9186
            ],
            [
              -56.0595,
              -3.919
            ],
            [
              -56.0599,
              -3.9228
            ],
            [
              -56.0609,
              -3.9259
            ],
            [
              -56.0637,
              -3.9284
            ],
            [
              -56.0665,
              -3.9303
            ],
            [
              -56.0686,
              -3.9336
            ],
            [
              -56.069,
              -3.9366
            ],
            [
              -56.071,
              -3.9402
            ],
            [
              -56.0745,
              -3.9405
            ],
            [
              -56.077,
              -3.9424
            ],
            [
              -56.0801,
              -3.9429
            ],
            [
              -56.083,
              -3.9414
            ],
            [
              -56.086,
              -3.9412
            ],
            [
              -56.0888,
              -3.9437
            ],
            [
              -56.0879,
              -3.9471
            ],
            [
              -56.0914,
              -3.9471
            ],
            [
              -56.0977,
              -3.9505
            ],
            [
              -56.1052,
              -3.9571
            ],
            [
              -56.1135,
              -3.9623
            ],
            [
              -56.117,
              -3.9629
            ],
            [
              -56.12,
              -3.9623
            ],
            [
              -56.1237,
              -3.9634
            ],
            [
              -56.1254,
              -3.9658
            ],
            [
              -56.1284,
              -3.9679
            ],
            [
              -56.1312,
              -3.9666
            ],
            [
              -56.1338,
              -3.9679
            ],
            [
              -56.1335,
              -3.9714
            ],
            [
              -56.1339,
              -3.9744
            ],
            [
              -56.1369,
              -3.976
            ],
            [
              -56.1401,
              -3.9771
            ],
            [
              -56.1466,
              -3.9784
            ],
            [
              -56.1486,
              -3.981
            ],
            [
              -56.1514,
              -3.9832
            ],
            [
              -56.1552,
              -3.9835
            ],
            [
              -56.1561,
              -3.9866
            ],
            [
              -56.1558,
              -3.9896
            ],
            [
              -56.153,
              -3.9916
            ],
            [
              -56.1465,
              -3.99
            ],
            [
              -56.1437,
              -3.9888
            ],
            [
              -56.142,
              -3.9917
            ],
            [
              -56.1417,
              -3.9948
            ],
            [
              -56.1379,
              -3.9939
            ],
            [
              -56.1373,
              -3.9968
            ],
            [
              -56.1409,
              -4.0028
            ],
            [
              -56.1436,
              -4.0046
            ],
            [
              -56.1497,
              -4.0068
            ],
            [
              -56.1529,
              -4.0071
            ],
            [
              -56.1561,
              -4.0093
            ],
            [
              -56.1581,
              -4.0117
            ],
            [
              -56.1616,
              -4.0181
            ],
            [
              -56.1637,
              -4.0205
            ],
            [
              -56.1669,
              -4.0229
            ],
            [
              -56.1695,
              -4.0212
            ],
            [
              -56.1724,
              -4.0173
            ],
            [
              -56.1759,
              -4.0216
            ],
            [
              -56.1757,
              -4.0245
            ],
            [
              -56.1781,
              -4.0272
            ],
            [
              -56.1749,
              -4.0281
            ],
            [
              -56.1724,
              -4.0297
            ],
            [
              -56.1735,
              -4.0325
            ],
            [
              -56.1753,
              -4.0352
            ],
            [
              -56.1787,
              -4.0366
            ],
            [
              -56.1812,
              -4.0387
            ],
            [
              -56.1846,
              -4.0407
            ],
            [
              -56.1899,
              -4.0454
            ],
            [
              -56.1912,
              -4.0484
            ],
            [
              -56.1906,
              -4.0523
            ],
            [
              -56.1931,
              -4.0548
            ],
            [
              -56.1931,
              -4.0577
            ],
            [
              -56.1942,
              -4.061
            ],
            [
              -56.1986,
              -4.0661
            ],
            [
              -56.1997,
              -4.0694
            ],
            [
              -56.1988,
              -4.0726
            ],
            [
              -56.1924,
              -4.0741
            ],
            [
              -56.1873,
              -4.0759
            ],
            [
              -56.1852,
              -4.078
            ],
            [
              -56.1851,
              -4.081
            ],
            [
              -56.1876,
              -4.083
            ],
            [
              -56.1905,
              -4.0842
            ],
            [
              -56.1921,
              -4.0872
            ],
            [
              -56.1916,
              -4.0908
            ],
            [
              -56.1905,
              -4.0942
            ],
            [
              -56.1889,
              -4.0967
            ],
            [
              -56.1904,
              -4.1
            ],
            [
              -56.1929,
              -4.1026
            ],
            [
              -56.1967,
              -4.1047
            ],
            [
              -56.2006,
              -4.1051
            ],
            [
              -56.2035,
              -4.1059
            ],
            [
              -56.2042,
              -4.1095
            ],
            [
              -56.2069,
              -4.1123
            ],
            [
              -56.2102,
              -4.1133
            ],
            [
              -56.2166,
              -4.1136
            ],
            [
              -56.2195,
              -4.1144
            ],
            [
              -56.2215,
              -4.1116
            ],
            [
              -56.2252,
              -4.1108
            ],
            [
              -56.228,
              -4.1119
            ],
            [
              -56.2306,
              -4.1145
            ],
            [
              -56.2335,
              -4.1161
            ],
            [
              -56.236,
              -4.1184
            ],
            [
              -56.2368,
              -4.1215
            ],
            [
              -56.236,
              -4.1244
            ],
            [
              -56.2386,
              -4.1273
            ],
            [
              -56.2419,
              -4.1284
            ],
            [
              -56.2418,
              -4.1317
            ],
            [
              -56.2394,
              -4.1339
            ],
            [
              -56.239,
              -4.1368
            ],
            [
              -56.2368,
              -4.1392
            ],
            [
              -56.2342,
              -4.1407
            ],
            [
              -56.2325,
              -4.1438
            ],
            [
              -56.2347,
              -4.1458
            ],
            [
              -56.2367,
              -4.1529
            ],
            [
              -56.2378,
              -4.1557
            ],
            [
              -56.2418,
              -4.1576
            ],
            [
              -56.2493,
              -4.158
            ],
            [
              -56.2529,
              -4.1588
            ],
            [
              -56.2559,
              -4.1604
            ],
            [
              -56.258,
              -4.1631
            ],
            [
              -56.2591,
              -4.1663
            ],
            [
              -56.2572,
              -4.1729
            ],
            [
              -56.2584,
              -4.1766
            ],
            [
              -56.2626,
              -4.1779
            ],
            [
              -56.2653,
              -4.1756
            ],
            [
              -56.2693,
              -4.1704
            ],
            [
              -56.2698,
              -4.1674
            ],
            [
              -56.2684,
              -4.1641
            ],
            [
              -56.2691,
              -4.1605
            ],
            [
              -56.2723,
              -4.1612
            ],
            [
              -56.2796,
              -4.159
            ],
            [
              -56.2838,
              -4.1598
            ],
            [
              -56.2939,
              -4.1654
            ],
            [
              -56.2968,
              -4.1696
            ],
            [
              -56.3033,
              -4.172
            ],
            [
              -56.3073,
              -4.1729
            ],
            [
              -56.311,
              -4.1725
            ],
            [
              -56.3156,
              -4.1667
            ],
            [
              -56.3186,
              -4.1651
            ],
            [
              -56.321,
              -4.1624
            ],
            [
              -56.3271,
              -4.1598
            ],
            [
              -56.3328,
              -4.155
            ],
            [
              -56.3355,
              -4.1533
            ],
            [
              -56.3419,
              -4.1559
            ],
            [
              -56.3435,
              -4.1529
            ],
            [
              -56.344,
              -4.146
            ],
            [
              -56.3464,
              -4.1429
            ],
            [
              -56.3498,
              -4.1433
            ],
            [
              -56.3528,
              -4.1424
            ],
            [
              -56.3524,
              -4.1389
            ],
            [
              -56.3535,
              -4.136
            ],
            [
              -56.3606,
              -4.1335
            ],
            [
              -56.3671,
              -4.1341
            ],
            [
              -56.3702,
              -4.1348
            ],
            [
              -56.3734,
              -4.1348
            ],
            [
              -56.3765,
              -4.1333
            ],
            [
              -56.3792,
              -4.1357
            ],
            [
              -56.3861,
              -4.1365
            ],
            [
              -56.389,
              -4.1349
            ],
            [
              -56.3911,
              -4.1329
            ],
            [
              -56.3942,
              -4.1312
            ],
            [
              -56.4013,
              -4.1309
            ],
            [
              -56.4053,
              -4.1359
            ],
            [
              -56.4084,
              -4.1355
            ],
            [
              -56.4103,
              -4.1331
            ],
            [
              -56.414,
              -4.132
            ],
            [
              -56.4205,
              -4.1325
            ],
            [
              -56.4265,
              -4.1344
            ],
            [
              -56.4288,
              -4.1367
            ],
            [
              -56.4272,
              -4.1402
            ],
            [
              -56.4309,
              -4.1459
            ],
            [
              -56.4338,
              -4.147
            ],
            [
              -56.4367,
              -4.1454
            ],
            [
              -56.4391,
              -4.1434
            ],
            [
              -56.4409,
              -4.1412
            ],
            [
              -56.4441,
              -4.1397
            ],
            [
              -56.4451,
              -4.1425
            ],
            [
              -56.4468,
              -4.1454
            ],
            [
              -56.45,
              -4.1445
            ],
            [
              -56.4527,
              -4.1429
            ],
            [
              -56.4561,
              -4.1431
            ],
            [
              -56.4588,
              -4.1413
            ],
            [
              -56.4622,
              -4.1355
            ],
            [
              -56.4641,
              -4.133
            ],
            [
              -56.4666,
              -4.1311
            ],
            [
              -56.4684,
              -4.1286
            ],
            [
              -56.4718,
              -4.128
            ],
            [
              -56.4748,
              -4.1294
            ],
            [
              -56.4772,
              -4.1312
            ],
            [
              -56.4773,
              -4.1344
            ],
            [
              -56.4756,
              -4.1408
            ],
            [
              -56.478,
              -4.1437
            ],
            [
              -56.4788,
              -4.1471
            ],
            [
              -56.4788,
              -4.1504
            ],
            [
              -56.4804,
              -4.1531
            ],
            [
              -56.4835,
              -4.1532
            ],
            [
              -56.4862,
              -4.1512
            ],
            [
              -56.4897,
              -4.1502
            ],
            [
              -56.4878,
              -4.1441
            ],
            [
              -56.4886,
              -4.141
            ],
            [
              -56.4919,
              -4.1425
            ],
            [
              -56.4948,
              -4.1445
            ],
            [
              -56.4977,
              -4.1437
            ],
            [
              -56.5059,
              -4.148
            ],
            [
              -56.5094,
              -4.1477
            ],
            [
              -56.5126,
              -4.1482
            ],
            [
              -56.5181,
              -4.1514
            ],
            [
              -56.5179,
              -4.1554
            ],
            [
              -56.5166,
              -4.1588
            ],
            [
              -56.52,
              -4.1623
            ],
            [
              -56.5258,
              -4.1646
            ],
            [
              -56.5281,
              -4.1665
            ],
            [
              -56.5267,
              -4.1695
            ],
            [
              -56.5286,
              -4.174
            ],
            [
              -56.5328,
              -4.1757
            ],
            [
              -56.5321,
              -4.1792
            ],
            [
              -56.5306,
              -4.1836
            ],
            [
              -56.5305,
              -4.1882
            ],
            [
              -56.5293,
              -4.1915
            ],
            [
              -56.5265,
              -4.1936
            ],
            [
              -56.5263,
              -4.1967
            ],
            [
              -56.53,
              -4.199
            ],
            [
              -56.5276,
              -4.2013
            ],
            [
              -56.5204,
              -4.2022
            ],
            [
              -56.5193,
              -4.2049
            ],
            [
              -56.5199,
              -4.2085
            ],
            [
              -56.5233,
              -4.2083
            ],
            [
              -56.5255,
              -4.2061
            ],
            [
              -56.5283,
              -4.2072
            ],
            [
              -56.5281,
              -4.211
            ],
            [
              -56.5289,
              -4.2157
            ],
            [
              -56.5254,
              -4.2242
            ],
            [
              -56.5254,
              -4.2272
            ],
            [
              -56.527,
              -4.2338
            ],
            [
              -56.5286,
              -4.2366
            ],
            [
              -56.5327,
              -4.2381
            ],
            [
              -56.5327,
              -4.2413
            ],
            [
              -56.5375,
              -4.2433
            ],
            [
              -56.541,
              -4.2432
            ],
            [
              -56.5439,
              -4.2422
            ],
            [
              -56.5479,
              -4.2441
            ],
            [
              -56.5505,
              -4.2462
            ],
            [
              -56.5555,
              -4.2538
            ],
            [
              -56.5562,
              -4.2568
            ],
            [
              -56.5558,
              -4.263
            ],
            [
              -56.5517,
              -4.2771
            ],
            [
              -56.5519,
              -4.2911
            ],
            [
              -56.5514,
              -4.3003
            ],
            [
              -56.5547,
              -4.3004
            ],
            [
              -56.5573,
              -4.2963
            ],
            [
              -56.557,
              -4.2923
            ],
            [
              -56.5615,
              -4.2883
            ],
            [
              -56.5646,
              -4.2896
            ],
            [
              -56.5681,
              -4.2929
            ],
            [
              -56.5741,
              -4.2941
            ],
            [
              -56.5774,
              -4.2927
            ],
            [
              -56.5807,
              -4.2931
            ],
            [
              -56.5853,
              -4.2962
            ],
            [
              -56.5852,
              -4.3009
            ],
            [
              -56.5881,
              -4.3015
            ],
            [
              -56.5912,
              -4.3051
            ],
            [
              -56.5943,
              -4.3051
            ],
            [
              -56.6002,
              -4.3037
            ],
            [
              -56.6078,
              -4.3043
            ],
            [
              -56.6108,
              -4.3028
            ],
            [
              -56.6143,
              -4.2996
            ],
            [
              -56.6185,
              -4.2985
            ],
            [
              -56.6255,
              -4.3013
            ],
            [
              -56.6285,
              -4.3015
            ],
            [
              -56.6293,
              -4.2974
            ],
            [
              -56.6313,
              -4.2942
            ],
            [
              -56.6345,
              -4.2915
            ],
            [
              -56.6349,
              -4.2882
            ],
            [
              -56.6364,
              -4.2834
            ],
            [
              -56.6403,
              -4.2825
            ],
            [
              -56.6407,
              -4.2786
            ],
            [
              -56.6447,
              -4.2692
            ],
            [
              -56.6485,
              -4.2686
            ],
            [
              -56.6487,
              -4.265
            ],
            [
              -56.6503,
              -4.2622
            ],
            [
              -56.6531,
              -4.2603
            ],
            [
              -56.6548,
              -4.2568
            ],
            [
              -56.6523,
              -4.2501
            ],
            [
              -56.6542,
              -4.2466
            ],
            [
              -56.6587,
              -4.2449
            ],
            [
              -56.6615,
              -4.2428
            ],
            [
              -56.6721,
              -4.246
            ],
            [
              -56.671,
              -4.2423
            ],
            [
              -56.6725,
              -4.2397
            ],
            [
              -56.6702,
              -4.2358
            ],
            [
              -56.6739,
              -4.2339
            ],
            [
              -56.6793,
              -4.2328
            ],
            [
              -56.6893,
              -4.2365
            ],
            [
              -56.6926,
              -4.239
            ],
            [
              -56.6981,
              -4.2418
            ],
            [
              -56.702,
              -4.2468
            ],
            [
              -56.7051,
              -4.2479
            ],
            [
              -56.7089,
              -4.2461
            ],
            [
              -56.7109,
              -4.2422
            ],
            [
              -56.7107,
              -4.2366
            ],
            [
              -56.7124,
              -4.2331
            ],
            [
              -56.7131,
              -4.2283
            ],
            [
              -56.7162,
              -4.2265
            ],
            [
              -56.7159,
              -4.2223
            ],
            [
              -56.7147,
              -4.2193
            ],
            [
              -56.7157,
              -4.2146
            ],
            [
              -56.7158,
              -4.2106
            ],
            [
              -56.7173,
              -4.2059
            ],
            [
              -56.7162,
              -4.2023
            ],
            [
              -56.7203,
              -4.1964
            ],
            [
              -56.7212,
              -4.1925
            ],
            [
              -56.7237,
              -4.1903
            ],
            [
              -56.7257,
              -4.1867
            ],
            [
              -56.7264,
              -4.1825
            ],
            [
              -56.7229,
              -4.1754
            ],
            [
              -56.7258,
              -4.1743
            ],
            [
              -56.7278,
              -4.1711
            ],
            [
              -56.7259,
              -4.1677
            ],
            [
              -56.7265,
              -4.1634
            ],
            [
              -56.7323,
              -4.1578
            ],
            [
              -56.7313,
              -4.1544
            ],
            [
              -56.7311,
              -4.1501
            ],
            [
              -56.7334,
              -4.1466
            ],
            [
              -56.7331,
              -4.1425
            ],
            [
              -56.7335,
              -4.1384
            ],
            [
              -56.7317,
              -4.1341
            ],
            [
              -56.7282,
              -4.1329
            ],
            [
              -56.7248,
              -4.1309
            ],
            [
              -56.7258,
              -4.1269
            ],
            [
              -56.7258,
              -4.1236
            ],
            [
              -56.7248,
              -4.118
            ],
            [
              -56.7262,
              -4.114
            ],
            [
              -56.7213,
              -4.1096
            ],
            [
              -56.7211,
              -4.1053
            ],
            [
              -56.7235,
              -4.1021
            ],
            [
              -56.7273,
              -4.0996
            ],
            [
              -56.7284,
              -4.0965
            ],
            [
              -56.7283,
              -4.0926
            ],
            [
              -56.7252,
              -4.0888
            ],
            [
              -56.7223,
              -4.0865
            ],
            [
              -56.7214,
              -4.0832
            ],
            [
              -56.7278,
              -4.0748
            ],
            [
              -56.7315,
              -4.0715
            ],
            [
              -56.7347,
              -4.0677
            ],
            [
              -56.7362,
              -4.0628
            ],
            [
              -56.7392,
              -4.0621
            ],
            [
              -56.7435,
              -4.0627
            ],
            [
              -56.7461,
              -4.0605
            ],
            [
              -56.7494,
              -4.0611
            ],
            [
              -56.749,
              -4.0579
            ],
            [
              -56.7461,
              -4.0549
            ],
            [
              -56.7462,
              -4.0518
            ],
            [
              -56.7448,
              -4.0491
            ],
            [
              -56.7429,
              -4.0467
            ],
            [
              -56.7455,
              -4.0444
            ],
            [
              -56.7462,
              -4.041
            ],
            [
              -56.7477,
              -4.0372
            ],
            [
              -56.7489,
              -4.0305
            ],
            [
              -56.751,
              -4.0282
            ],
            [
              -56.7523,
              -4.0248
            ],
            [
              -56.7585,
              -4.0226
            ],
            [
              -56.7619,
              -4.0207
            ],
            [
              -56.7637,
              -4.0175
            ],
            [
              -56.7664,
              -4.0147
            ],
            [
              -56.7765,
              -4.0095
            ],
            [
              -56.7873,
              -4.0126
            ],
            [
              -56.7905,
              -4.0112
            ],
            [
              -56.7982,
              -4.0108
            ],
            [
              -56.8017,
              -4.0125
            ],
            [
              -56.8048,
              -4.0132
            ],
            [
              -56.8107,
              -4.0111
            ],
            [
              -56.8152,
              -4.0101
            ],
            [
              -56.8204,
              -4.0138
            ],
            [
              -56.823,
              -4.0124
            ],
            [
              -56.8248,
              -4.0097
            ],
            [
              -56.8251,
              -4.0059
            ],
            [
              -56.8281,
              -4.0002
            ],
            [
              -56.8279,
              -3.9936
            ],
            [
              -56.827,
              -3.9902
            ],
            [
              -56.825,
              -3.9874
            ],
            [
              -56.8233,
              -3.9835
            ],
            [
              -56.8238,
              -3.9791
            ],
            [
              -56.8255,
              -3.9747
            ],
            [
              -56.8262,
              -3.9712
            ],
            [
              -56.8261,
              -3.9674
            ],
            [
              -56.8248,
              -3.9619
            ],
            [
              -56.8231,
              -3.9581
            ],
            [
              -56.8239,
              -3.9548
            ],
            [
              -56.8265,
              -3.9534
            ],
            [
              -56.8338,
              -3.952
            ],
            [
              -56.837,
              -3.9423
            ],
            [
              -56.8373,
              -3.9376
            ],
            [
              -56.8385,
              -3.9335
            ],
            [
              -56.8414,
              -3.9311
            ],
            [
              -56.8454,
              -3.9295
            ],
            [
              -56.8497,
              -3.9299
            ],
            [
              -56.8523,
              -3.9324
            ],
            [
              -56.8554,
              -3.9323
            ],
            [
              -56.8623,
              -3.9279
            ],
            [
              -56.8709,
              -3.925
            ],
            [
              -56.8749,
              -3.922
            ],
            [
              -56.8775,
              -3.9191
            ],
            [
              -56.8782,
              -3.915
            ],
            [
              -56.878,
              -3.9095
            ],
            [
              -56.877,
              -3.9029
            ],
            [
              -56.8771,
              -3.894
            ],
            [
              -56.8797,
              -3.8867
            ],
            [
              -56.8808,
              -3.8824
            ],
            [
              -56.8796,
              -3.8785
            ],
            [
              -56.8778,
              -3.8758
            ],
            [
              -56.8775,
              -3.8674
            ],
            [
              -56.8803,
              -3.8598
            ],
            [
              -56.8815,
              -3.8553
            ],
            [
              -56.8784,
              -3.8479
            ],
            [
              -56.8765,
              -3.838
            ],
            [
              -56.8737,
              -3.8315
            ],
            [
              -56.8727,
              -3.8274
            ],
            [
              -56.873,
              -3.8244
            ],
            [
              -56.8758,
              -3.8218
            ],
            [
              -56.8933,
              -3.8182
            ],
            [
              -56.8956,
              -3.8163
            ],
            [
              -56.8975,
              -3.8113
            ],
            [
              -56.8976,
              -3.8076
            ],
            [
              -56.8972,
              -3.8036
            ],
            [
              -56.8949,
              -3.7932
            ],
            [
              -56.8967,
              -3.7885
            ],
            [
              -56.9018,
              -3.784
            ],
            [
              -56.9029,
              -3.7807
            ],
            [
              -56.9024,
              -3.7773
            ],
            [
              -56.9025,
              -3.7741
            ],
            [
              -56.9057,
              -3.7723
            ],
            [
              -56.9074,
              -3.7698
            ],
            [
              -56.9058,
              -3.7657
            ],
            [
              -56.904,
              -3.7633
            ],
            [
              -56.9069,
              -3.7522
            ],
            [
              -56.9062,
              -3.7454
            ],
            [
              -56.9041,
              -3.743
            ],
            [
              -56.901,
              -3.7408
            ],
            [
              -56.8989,
              -3.7377
            ],
            [
              -56.898,
              -3.734
            ],
            [
              -56.8967,
              -3.7314
            ],
            [
              -56.8944,
              -3.7295
            ],
            [
              -56.894,
              -3.7258
            ],
            [
              -56.8931,
              -3.7225
            ],
            [
              -56.8909,
              -3.7187
            ],
            [
              -56.8901,
              -3.7159
            ],
            [
              -56.8885,
              -3.7128
            ],
            [
              -56.8877,
              -3.709
            ],
            [
              -56.8876,
              -3.7048
            ],
            [
              -56.8887,
              -3.7012
            ],
            [
              -56.8947,
              -3.6912
            ],
            [
              -56.8977,
              -3.6885
            ],
            [
              -56.9017,
              -3.6862
            ],
            [
              -56.9072,
              -3.6843
            ],
            [
              -56.9135,
              -3.6829
            ],
            [
              -56.9161,
              -3.6815
            ],
            [
              -56.9263,
              -3.6777
            ],
            [
              -56.9329,
              -3.6725
            ],
            [
              -56.9365,
              -3.6702
            ],
            [
              -56.9406,
              -3.6685
            ],
            [
              -56.9485,
              -3.6669
            ],
            [
              -56.9513,
              -3.6646
            ],
            [
              -56.9561,
              -3.6586
            ],
            [
              -57.0005,
              -3.7591
            ],
            [
              -57.0132,
              -3.7861
            ],
            [
              -57.0373,
              -3.8372
            ],
            [
              -57.0862,
              -3.941
            ],
            [
              -57.1143,
              -4.0005
            ],
            [
              -57.1302,
              -4.0343
            ],
            [
              -57.2107,
              -4.2055
            ],
            [
              -57.2136,
              -4.2116
            ],
            [
              -57.2326,
              -4.248
            ],
            [
              -57.2524,
              -4.2939
            ],
            [
              -57.2536,
              -4.2968
            ],
            [
              -57.3502,
              -4.5018
            ],
            [
              -57.4754,
              -4.7675
            ],
            [
              -57.5236,
              -4.8698
            ],
            [
              -57.5856,
              -5.0007
            ],
            [
              -57.6599,
              -5.1632
            ],
            [
              -57.6738,
              -5.1934
            ],
            [
              -57.704,
              -5.2593
            ],
            [
              -57.7718,
              -5.4071
            ],
            [
              -57.8371,
              -5.5494
            ],
            [
              -57.8606,
              -5.6007
            ],
            [
              -57.8578,
              -5.599
            ],
            [
              -57.8521,
              -5.5979
            ],
            [
              -57.8463,
              -5.5935
            ],
            [
              -57.8386,
              -5.5783
            ],
            [
              -57.836,
              -5.5754
            ],
            [
              -57.8312,
              -5.5725
            ],
            [
              -57.828,
              -5.5681
            ],
            [
              -57.8248,
              -5.5611
            ],
            [
              -57.8209,
              -5.558
            ],
            [
              -57.8117,
              -5.559
            ],
            [
              -57.7992,
              -5.5597
            ],
            [
              -57.7858,
              -5.5597
            ],
            [
              -57.7812,
              -5.5616
            ],
            [
              -57.7784,
              -5.5678
            ],
            [
              -57.7772,
              -5.5749
            ],
            [
              -57.7746,
              -5.5795
            ],
            [
              -57.7707,
              -5.5817
            ],
            [
              -57.7657,
              -5.5833
            ],
            [
              -57.7575,
              -5.5811
            ],
            [
              -57.7484,
              -5.5726
            ],
            [
              -57.7446,
              -5.5652
            ],
            [
              -57.74,
              -5.5583
            ],
            [
              -57.731,
              -5.5524
            ],
            [
              -57.7225,
              -5.5493
            ],
            [
              -57.7144,
              -5.5475
            ],
            [
              -57.7076,
              -5.5508
            ],
            [
              -57.702,
              -5.5585
            ],
            [
              -57.7011,
              -5.5645
            ],
            [
              -57.701,
              -5.5696
            ],
            [
              -57.6995,
              -5.5726
            ],
            [
              -57.7036,
              -5.5764
            ],
            [
              -57.7089,
              -5.5826
            ],
            [
              -57.7101,
              -5.5884
            ],
            [
              -57.7102,
              -5.5937
            ],
            [
              -57.7121,
              -5.6003
            ],
            [
              -57.7206,
              -5.6131
            ],
            [
              -57.7252,
              -5.6224
            ],
            [
              -57.7235,
              -5.6307
            ],
            [
              -57.7128,
              -5.635
            ],
            [
              -57.7015,
              -5.6357
            ],
            [
              -57.6694,
              -5.6268
            ],
            [
              -57.6587,
              -5.626
            ],
            [
              -57.6533,
              -5.631
            ],
            [
              -57.6512,
              -5.638
            ],
            [
              -57.6494,
              -5.6515
            ],
            [
              -57.6469,
              -5.6504
            ],
            [
              -57.6466,
              -5.6457
            ],
            [
              -57.6448,
              -5.6366
            ],
            [
              -57.6419,
              -5.6302
            ],
            [
              -57.6385,
              -5.6246
            ],
            [
              -57.632,
              -5.6192
            ],
            [
              -57.6245,
              -5.6144
            ],
            [
              -57.6217,
              -5.6083
            ],
            [
              -57.6179,
              -5.6022
            ],
            [
              -57.6128,
              -5.5962
            ],
            [
              -57.6091,
              -5.5903
            ],
            [
              -57.608,
              -5.5889
            ],
            [
              -57.6047,
              -5.587
            ],
            [
              -57.6007,
              -5.5836
            ],
            [
              -57.5979,
              -5.5799
            ],
            [
              -57.5942,
              -5.5764
            ],
            [
              -57.5866,
              -5.5726
            ],
            [
              -57.5819,
              -5.5692
            ],
            [
              -57.5768,
              -5.5671
            ],
            [
              -57.5704,
              -5.5655
            ],
            [
              -57.5627,
              -5.5631
            ],
            [
              -57.5572,
              -5.5604
            ],
            [
              -57.5443,
              -5.5603
            ],
            [
              -57.5329,
              -5.5546
            ],
            [
              -57.5212,
              -5.5454
            ],
            [
              -57.514,
              -5.5515
            ],
            [
              -57.5124,
              -5.552
            ],
            [
              -57.5075,
              -5.5485
            ],
            [
              -57.5049,
              -5.5458
            ],
            [
              -57.5011,
              -5.5453
            ],
            [
              -57.4842,
              -5.5484
            ],
            [
              -57.4809,
              -5.5484
            ],
            [
              -57.4737,
              -5.5447
            ],
            [
              -57.4716,
              -5.5478
            ],
            [
              -57.4621,
              -5.5517
            ],
            [
              -57.4447,
              -5.5581
            ],
            [
              -57.441,
              -5.5607
            ],
            [
              -57.437,
              -5.5663
            ],
            [
              -57.436,
              -5.5695
            ],
            [
              -57.4307,
              -5.5744
            ],
            [
              -57.4297,
              -5.5787
            ],
            [
              -57.4279,
              -5.5825
            ],
            [
              -57.4242,
              -5.5866
            ],
            [
              -57.4179,
              -5.5887
            ],
            [
              -57.4098,
              -5.5921
            ],
            [
              -57.4049,
              -5.5932
            ],
            [
              -57.3897,
              -5.6003
            ],
            [
              -57.3792,
              -5.608
            ],
            [
              -57.3772,
              -5.6104
            ],
            [
              -57.3718,
              -5.6142
            ],
            [
              -57.3647,
              -5.6176
            ],
            [
              -57.3576,
              -5.6197
            ],
            [
              -57.3521,
              -5.6192
            ],
            [
              -57.3473,
              -5.618
            ],
            [
              -57.3393,
              -5.617
            ],
            [
              -57.3249,
              -5.6184
            ],
            [
              -57.3171,
              -5.6178
            ],
            [
              -57.2963,
              -5.6213
            ],
            [
              -57.2858,
              -5.6251
            ],
            [
              -57.2789,
              -5.6247
            ],
            [
              -57.283,
              -5.6382
            ],
            [
              -57.282,
              -5.6507
            ],
            [
              -57.2833,
              -5.6578
            ],
            [
              -57.2859,
              -5.6637
            ],
            [
              -57.291,
              -5.6686
            ],
            [
              -57.301,
              -5.6771
            ],
            [
              -57.3109,
              -5.6925
            ],
            [
              -57.3145,
              -5.7005
            ],
            [
              -57.3192,
              -5.7162
            ],
            [
              -57.3204,
              -5.7232
            ],
            [
              -57.3198,
              -5.7291
            ],
            [
              -57.3186,
              -5.7329
            ],
            [
              -57.3151,
              -5.7384
            ],
            [
              -57.3107,
              -5.742
            ],
            [
              -57.2985,
              -5.7493
            ],
            [
              -57.2926,
              -5.7535
            ],
            [
              -57.2894,
              -5.7581
            ],
            [
              -57.2891,
              -5.7678
            ],
            [
              -57.2872,
              -5.775
            ],
            [
              -57.284,
              -5.7799
            ],
            [
              -57.281,
              -5.7883
            ],
            [
              -57.278,
              -5.7941
            ],
            [
              -57.2723,
              -5.8024
            ],
            [
              -57.2706,
              -5.8103
            ],
            [
              -57.2692,
              -5.8133
            ],
            [
              -57.267,
              -5.8144
            ],
            [
              -57.2632,
              -5.8144
            ],
            [
              -57.2548,
              -5.8112
            ],
            [
              -57.2529,
              -5.8115
            ],
            [
              -57.2516,
              -5.8166
            ],
            [
              -57.2481,
              -5.8252
            ],
            [
              -57.2451,
              -5.8275
            ],
            [
              -57.2406,
              -5.8299
            ],
            [
              -57.2354,
              -5.8313
            ],
            [
              -57.2306,
              -5.8319
            ],
            [
              -57.2207,
              -5.8353
            ],
            [
              -57.2089,
              -5.8436
            ],
            [
              -57.203,
              -5.8486
            ],
            [
              -57.198,
              -5.8518
            ],
            [
              -57.1967,
              -5.8588
            ],
            [
              -57.1944,
              -5.8622
            ],
            [
              -57.1869,
              -5.8651
            ],
            [
              -57.1798,
              -5.8657
            ],
            [
              -57.1731,
              -5.8647
            ],
            [
              -57.1672,
              -5.8647
            ],
            [
              -57.1603,
              -5.8666
            ],
            [
              -57.1564,
              -5.8688
            ],
            [
              -57.1511,
              -5.8709
            ],
            [
              -57.1388,
              -5.8717
            ],
            [
              -57.1263,
              -5.874
            ],
            [
              -57.1211,
              -5.877
            ],
            [
              -57.1168,
              -5.8808
            ],
            [
              -57.1129,
              -5.883
            ],
            [
              -57.1079,
              -5.8824
            ],
            [
              -57.1026,
              -5.8804
            ],
            [
              -57.0975,
              -5.8794
            ],
            [
              -57.0934,
              -5.8845
            ],
            [
              -57.09,
              -5.891
            ],
            [
              -57.0823,
              -5.8973
            ],
            [
              -57.0766,
              -5.9011
            ],
            [
              -57.0705,
              -5.9041
            ],
            [
              -57.0657,
              -5.9059
            ],
            [
              -57.0617,
              -5.9058
            ],
            [
              -57.0472,
              -5.8991
            ],
            [
              -57.0301,
              -5.8973
            ],
            [
              -57.0261,
              -5.8985
            ],
            [
              -57.0247,
              -5.9043
            ],
            [
              -57.0257,
              -5.9098
            ],
            [
              -57.0251,
              -5.913
            ],
            [
              -57.0209,
              -5.9154
            ],
            [
              -57.0156,
              -5.9174
            ],
            [
              -57.0116,
              -5.9179
            ],
            [
              -57.0062,
              -5.9165
            ],
            [
              -57.0034,
              -5.9209
            ],
            [
              -57.0015,
              -5.9229
            ],
            [
              -56.9993,
              -5.9261
            ],
            [
              -56.9941,
              -5.929
            ],
            [
              -56.9783,
              -5.9291
            ],
            [
              -56.9654,
              -5.9324
            ],
            [
              -56.9604,
              -5.9367
            ],
            [
              -56.9585,
              -5.9399
            ],
            [
              -56.9572,
              -5.9441
            ],
            [
              -56.9588,
              -5.9456
            ],
            [
              -56.9641,
              -5.9542
            ],
            [
              -56.9647,
              -5.9634
            ],
            [
              -56.9657,
              -5.969
            ],
            [
              -56.9715,
              -5.9834
            ],
            [
              -56.9724,
              -5.987
            ],
            [
              -56.9711,
              -5.9905
            ],
            [
              -56.9692,
              -5.9907
            ],
            [
              -56.9589,
              -5.9898
            ],
            [
              -56.9498,
              -5.9897
            ],
            [
              -56.9448,
              -5.9892
            ],
            [
              -56.9424,
              -5.9896
            ],
            [
              -56.9391,
              -5.9917
            ],
            [
              -56.9368,
              -5.9926
            ],
            [
              -56.9356,
              -5.9984
            ],
            [
              -56.9309,
              -6.0032
            ],
            [
              -56.9252,
              -6.0073
            ],
            [
              -56.9205,
              -6.0102
            ],
            [
              -56.9149,
              -6.0128
            ],
            [
              -56.901,
              -6.0119
            ],
            [
              -56.8949,
              -6.0125
            ],
            [
              -56.8718,
              -6.0068
            ],
            [
              -56.8675,
              -6.0067
            ],
            [
              -56.8645,
              -6.0074
            ],
            [
              -56.8535,
              -6.0039
            ],
            [
              -56.846,
              -6.0046
            ],
            [
              -56.8412,
              -6.0045
            ],
            [
              -56.8374,
              -6.0032
            ],
            [
              -56.8349,
              -6.0004
            ],
            [
              -56.8305,
              -5.9857
            ],
            [
              -56.8285,
              -5.9814
            ],
            [
              -56.8084,
              -5.9814
            ],
            [
              -56.8011,
              -5.9819
            ],
            [
              -56.783,
              -5.9806
            ],
            [
              -56.7728,
              -5.9776
            ],
            [
              -56.7635,
              -5.9729
            ],
            [
              -56.7475,
              -5.9738
            ],
            [
              -56.7422,
              -5.9734
            ],
            [
              -56.7383,
              -5.9721
            ],
            [
              -56.7341,
              -5.9683
            ],
            [
              -56.7277,
              -5.9657
            ],
            [
              -56.7217,
              -5.9674
            ],
            [
              -56.7109,
              -5.9691
            ],
            [
              -56.7035,
              -5.9687
            ],
            [
              -56.6916,
              -5.969
            ],
            [
              -56.6817,
              -5.9719
            ],
            [
              -56.673,
              -5.978
            ],
            [
              -56.6655,
              -5.9805
            ],
            [
              -56.6553,
              -5.9812
            ],
            [
              -56.6492,
              -5.9829
            ],
            [
              -56.6353,
              -5.9884
            ],
            [
              -56.6332,
              -5.9914
            ],
            [
              -56.6299,
              -5.9944
            ],
            [
              -56.6243,
              -5.9955
            ],
            [
              -56.6185,
              -5.9951
            ],
            [
              -56.6154,
              -5.9956
            ],
            [
              -56.6082,
              -5.9958
            ],
            [
              -56.6013,
              -5.9973
            ],
            [
              -56.5991,
              -5.9989
            ],
            [
              -56.5976,
              -5.9987
            ],
            [
              -56.5976,
              -6.0054
            ],
            [
              -56.5984,
              -6.0125
            ],
            [
              -56.6033,
              -6.0202
            ],
            [
              -56.6125,
              -6.0218
            ],
            [
              -56.6159,
              -6.0211
            ],
            [
              -56.6226,
              -6.0184
            ],
            [
              -56.6254,
              -6.0189
            ],
            [
              -56.6283,
              -6.0209
            ],
            [
              -56.6287,
              -6.0238
            ],
            [
              -56.6275,
              -6.0268
            ],
            [
              -56.6276,
              -6.0302
            ],
            [
              -56.6293,
              -6.0344
            ],
            [
              -56.6338,
              -6.0379
            ],
            [
              -56.6378,
              -6.0392
            ],
            [
              -56.6414,
              -6.0422
            ],
            [
              -56.6435,
              -6.0452
            ],
            [
              -56.6515,
              -6.048
            ],
            [
              -56.6558,
              -6.0475
            ],
            [
              -56.6592,
              -6.0439
            ],
            [
              -56.6631,
              -6.0437
            ],
            [
              -56.6677,
              -6.0475
            ],
            [
              -56.6703,
              -6.0522
            ],
            [
              -56.6745,
              -6.0582
            ],
            [
              -56.6779,
              -6.0616
            ],
            [
              -56.6873,
              -6.0664
            ],
            [
              -56.6898,
              -6.0669
            ],
            [
              -56.6906,
              -6.0674
            ],
            [
              -56.6945,
              -6.0678
            ],
            [
              -56.6987,
              -6.0628
            ],
            [
              -56.7025,
              -6.0617
            ],
            [
              -56.7041,
              -6.0631
            ],
            [
              -56.7074,
              -6.0678
            ],
            [
              -56.7123,
              -6.0714
            ],
            [
              -56.7146,
              -6.0693
            ],
            [
              -56.724,
              -6.0727
            ],
            [
              -56.7232,
              -6.077
            ],
            [
              -56.7217,
              -6.0809
            ],
            [
              -56.7217,
              -6.0842
            ],
            [
              -56.7231,
              -6.0915
            ],
            [
              -56.7233,
              -6.0975
            ],
            [
              -56.7287,
              -6.1127
            ],
            [
              -56.738,
              -6.1193
            ],
            [
              -56.7473,
              -6.1293
            ],
            [
              -56.7488,
              -6.1316
            ],
            [
              -56.7488,
              -6.1344
            ],
            [
              -56.7522,
              -6.1405
            ],
            [
              -56.7545,
              -6.1536
            ],
            [
              -56.754,
              -6.1563
            ],
            [
              -56.7525,
              -6.1588
            ],
            [
              -56.7502,
              -6.1608
            ],
            [
              -56.7437,
              -6.168
            ],
            [
              -56.7407,
              -6.1736
            ],
            [
              -56.7358,
              -6.176
            ],
            [
              -56.7318,
              -6.179
            ],
            [
              -56.7288,
              -6.1824
            ],
            [
              -56.7265,
              -6.1864
            ],
            [
              -56.7262,
              -6.1902
            ],
            [
              -56.7289,
              -6.1934
            ],
            [
              -56.739,
              -6.2037
            ],
            [
              -56.7416,
              -6.208
            ],
            [
              -56.7396,
              -6.2128
            ],
            [
              -56.7393,
              -6.2151
            ],
            [
              -56.7414,
              -6.2242
            ],
            [
              -56.7409,
              -6.2254
            ],
            [
              -56.7366,
              -6.2299
            ],
            [
              -56.7361,
              -6.2319
            ],
            [
              -56.7388,
              -6.2332
            ],
            [
              -56.7404,
              -6.2347
            ],
            [
              -56.7392,
              -6.2406
            ],
            [
              -56.7363,
              -6.2464
            ],
            [
              -56.7354,
              -6.2536
            ],
            [
              -56.7353,
              -6.2633
            ],
            [
              -56.7342,
              -6.2642
            ],
            [
              -56.7281,
              -6.2653
            ],
            [
              -56.7271,
              -6.2667
            ],
            [
              -56.7268,
              -6.2698
            ],
            [
              -56.7282,
              -6.2725
            ],
            [
              -56.729,
              -6.2766
            ],
            [
              -56.7284,
              -6.2794
            ],
            [
              -56.7249,
              -6.2804
            ],
            [
              -56.721,
              -6.2801
            ],
            [
              -56.7184,
              -6.2805
            ],
            [
              -56.7208,
              -6.288
            ],
            [
              -56.7214,
              -6.2943
            ],
            [
              -56.7237,
              -6.3006
            ],
            [
              -56.7295,
              -6.3068
            ],
            [
              -56.7404,
              -6.3127
            ],
            [
              -56.743,
              -6.3167
            ],
            [
              -56.743,
              -6.3209
            ],
            [
              -56.7424,
              -6.3242
            ],
            [
              -56.7431,
              -6.329
            ],
            [
              -56.7516,
              -6.3331
            ],
            [
              -56.754,
              -6.3357
            ],
            [
              -56.761,
              -6.3522
            ],
            [
              -56.7645,
              -6.358
            ],
            [
              -56.7654,
              -6.3606
            ],
            [
              -56.7688,
              -6.365
            ],
            [
              -56.7751,
              -6.3696
            ],
            [
              -56.7786,
              -6.3709
            ],
            [
              -56.7834,
              -6.3736
            ],
            [
              -56.7848,
              -6.3786
            ],
            [
              -56.7841,
              -6.3891
            ],
            [
              -56.7907,
              -6.3909
            ],
            [
              -56.7913,
              -6.3956
            ],
            [
              -56.7902,
              -6.3992
            ],
            [
              -56.7864,
              -6.4063
            ],
            [
              -56.788,
              -6.4091
            ],
            [
              -56.7913,
              -6.4111
            ],
            [
              -56.7967,
              -6.4129
            ],
            [
              -56.8008,
              -6.4155
            ],
            [
              -56.8022,
              -6.4206
            ],
            [
              -56.8017,
              -6.4287
            ],
            [
              -56.8009,
              -6.4326
            ],
            [
              -56.8009,
              -6.4371
            ],
            [
              -56.802,
              -6.4403
            ],
            [
              -56.807,
              -6.4448
            ],
            [
              -56.8083,
              -6.4477
            ],
            [
              -56.8077,
              -6.4538
            ],
            [
              -56.8081,
              -6.4566
            ],
            [
              -56.8104,
              -6.458
            ],
            [
              -56.8169,
              -6.4566
            ],
            [
              -56.8237,
              -6.4577
            ],
            [
              -56.8256,
              -6.4612
            ],
            [
              -56.8278,
              -6.4673
            ],
            [
              -56.8262,
              -6.47
            ],
            [
              -56.8212,
              -6.4735
            ],
            [
              -56.822,
              -6.4764
            ],
            [
              -56.8267,
              -6.4817
            ],
            [
              -56.8293,
              -6.4836
            ],
            [
              -56.8366,
              -6.4872
            ],
            [
              -56.8363,
              -6.4914
            ],
            [
              -56.84,
              -6.4948
            ],
            [
              -56.8405,
              -6.4959
            ],
            [
              -56.8406,
              -6.4992
            ],
            [
              -56.8391,
              -6.5023
            ],
            [
              -56.8327,
              -6.5068
            ],
            [
              -56.8337,
              -6.5101
            ],
            [
              -56.8365,
              -6.5148
            ],
            [
              -56.839,
              -6.5205
            ],
            [
              -56.8414,
              -6.5241
            ],
            [
              -56.8439,
              -6.525
            ],
            [
              -56.8464,
              -6.5227
            ],
            [
              -56.8482,
              -6.5226
            ],
            [
              -56.851,
              -6.5274
            ],
            [
              -56.8513,
              -6.5292
            ],
            [
              -56.8508,
              -6.5344
            ],
            [
              -56.8495,
              -6.5376
            ],
            [
              -56.8443,
              -6.5396
            ],
            [
              -56.8456,
              -6.5434
            ],
            [
              -56.8479,
              -6.546
            ],
            [
              -56.8508,
              -6.5518
            ],
            [
              -56.8512,
              -6.5598
            ],
            [
              -56.8524,
              -6.5638
            ],
            [
              -56.8545,
              -6.5658
            ],
            [
              -56.8569,
              -6.5779
            ],
            [
              -56.8567,
              -6.5852
            ],
            [
              -56.8564,
              -6.5875
            ],
            [
              -56.8543,
              -6.5939
            ],
            [
              -56.8532,
              -6.5947
            ],
            [
              -56.8477,
              -6.5967
            ],
            [
              -56.8444,
              -6.6
            ],
            [
              -56.8424,
              -6.6061
            ],
            [
              -56.8348,
              -6.6164
            ],
            [
              -56.8356,
              -6.618
            ],
            [
              -56.8409,
              -6.6212
            ],
            [
              -56.8441,
              -6.6199
            ],
            [
              -56.8481,
              -6.6198
            ],
            [
              -56.8478,
              -6.6255
            ],
            [
              -56.85,
              -6.6335
            ],
            [
              -56.852,
              -6.6385
            ],
            [
              -56.8526,
              -6.642
            ],
            [
              -56.8539,
              -6.6448
            ],
            [
              -56.858,
              -6.6462
            ],
            [
              -56.8631,
              -6.6488
            ],
            [
              -56.8658,
              -6.6523
            ],
            [
              -56.8677,
              -6.6588
            ],
            [
              -56.8662,
              -6.6614
            ],
            [
              -56.8654,
              -6.665
            ],
            [
              -56.8657,
              -6.6667
            ],
            [
              -56.8708,
              -6.6666
            ],
            [
              -56.8752,
              -6.665
            ],
            [
              -56.8805,
              -6.6656
            ],
            [
              -56.8842,
              -6.6686
            ],
            [
              -56.8841,
              -6.6728
            ],
            [
              -56.8824,
              -6.6808
            ],
            [
              -56.8783,
              -6.6867
            ],
            [
              -56.8772,
              -6.6899
            ],
            [
              -56.8774,
              -6.6926
            ],
            [
              -56.8795,
              -6.6966
            ],
            [
              -56.8818,
              -6.699
            ],
            [
              -56.8857,
              -6.7008
            ],
            [
              -56.8888,
              -6.7004
            ],
            [
              -56.8907,
              -6.6995
            ],
            [
              -56.893,
              -6.7005
            ],
            [
              -56.8904,
              -6.7043
            ],
            [
              -56.8869,
              -6.7071
            ],
            [
              -56.8814,
              -6.7137
            ],
            [
              -56.8756,
              -6.7176
            ],
            [
              -56.8742,
              -6.7232
            ],
            [
              -56.8725,
              -6.7263
            ],
            [
              -56.8697,
              -6.7297
            ],
            [
              -56.8666,
              -6.7326
            ],
            [
              -56.8662,
              -6.7349
            ],
            [
              -56.8676,
              -6.7438
            ],
            [
              -56.8623,
              -6.748
            ],
            [
              -56.8614,
              -6.7508
            ],
            [
              -56.8615,
              -6.7538
            ],
            [
              -56.8637,
              -6.7575
            ],
            [
              -56.8645,
              -6.7618
            ],
            [
              -56.8642,
              -6.7668
            ],
            [
              -56.8658,
              -6.7761
            ],
            [
              -56.8641,
              -6.7769
            ],
            [
              -56.862,
              -6.777
            ],
            [
              -56.8615,
              -6.7801
            ],
            [
              -56.8632,
              -6.7833
            ],
            [
              -56.8631,
              -6.787
            ],
            [
              -56.8614,
              -6.7906
            ],
            [
              -56.8586,
              -6.7945
            ],
            [
              -56.8557,
              -6.7959
            ],
            [
              -56.8521,
              -6.7987
            ],
            [
              -56.8487,
              -6.805
            ],
            [
              -56.8483,
              -6.808
            ],
            [
              -56.8507,
              -6.8157
            ],
            [
              -56.8508,
              -6.8241
            ],
            [
              -56.8503,
              -6.8276
            ],
            [
              -56.8464,
              -6.8307
            ],
            [
              -56.8472,
              -6.8342
            ],
            [
              -56.8472,
              -6.8388
            ],
            [
              -56.8451,
              -6.8445
            ],
            [
              -56.8441,
              -6.85
            ],
            [
              -56.845,
              -6.8541
            ],
            [
              -56.8488,
              -6.8629
            ],
            [
              -56.8497,
              -6.8689
            ],
            [
              -56.8513,
              -6.8725
            ],
            [
              -56.8555,
              -6.8793
            ],
            [
              -56.8627,
              -6.8833
            ],
            [
              -56.8609,
              -6.8877
            ],
            [
              -56.8638,
              -6.8896
            ],
            [
              -56.8684,
              -6.8912
            ],
            [
              -56.8739,
              -6.8938
            ],
            [
              -56.8787,
              -6.8948
            ],
            [
              -56.8804,
              -6.8947
            ],
            [
              -56.8807,
              -6.8923
            ],
            [
              -56.8824,
              -6.8927
            ],
            [
              -56.8852,
              -6.8978
            ],
            [
              -56.8863,
              -6.9028
            ],
            [
              -56.8869,
              -6.9082
            ],
            [
              -56.8848,
              -6.9115
            ],
            [
              -56.8819,
              -6.9122
            ],
            [
              -56.8797,
              -6.9141
            ],
            [
              -56.8813,
              -6.9168
            ],
            [
              -56.8845,
              -6.9195
            ],
            [
              -56.8873,
              -6.9226
            ],
            [
              -56.8865,
              -6.925
            ],
            [
              -56.8832,
              -6.9257
            ],
            [
              -56.8838,
              -6.9274
            ],
            [
              -56.8872,
              -6.9301
            ],
            [
              -56.8896,
              -6.9339
            ],
            [
              -56.8932,
              -6.9454
            ],
            [
              -56.8928,
              -6.9499
            ],
            [
              -56.8913,
              -6.9535
            ],
            [
              -56.8881,
              -6.9551
            ],
            [
              -56.8873,
              -6.9572
            ],
            [
              -56.8897,
              -6.9578
            ],
            [
              -56.8948,
              -6.9554
            ],
            [
              -56.8984,
              -6.9545
            ],
            [
              -56.9018,
              -6.955
            ],
            [
              -56.9046,
              -6.9573
            ],
            [
              -56.9066,
              -6.96
            ],
            [
              -56.9063,
              -6.9639
            ],
            [
              -56.9048,
              -6.9673
            ],
            [
              -56.904,
              -6.9718
            ],
            [
              -56.9002,
              -6.9801
            ],
            [
              -56.8963,
              -6.9834
            ],
            [
              -56.8911,
              -6.9852
            ],
            [
              -56.8914,
              -6.9861
            ],
            [
              -56.8942,
              -6.9867
            ],
            [
              -56.895,
              -6.9874
            ],
            [
              -56.8929,
              -6.9898
            ],
            [
              -56.8925,
              -6.9909
            ],
            [
              -56.8936,
              -6.992
            ],
            [
              -56.8975,
              -6.9933
            ],
            [
              -56.897,
              -6.9954
            ],
            [
              -56.8951,
              -6.9968
            ],
            [
              -56.8958,
              -6.9991
            ],
            [
              -56.8981,
              -7.0009
            ],
            [
              -56.9004,
              -7.0016
            ],
            [
              -56.904,
              -7.007
            ],
            [
              -56.9066,
              -7.0082
            ],
            [
              -56.9072,
              -7.0072
            ],
            [
              -56.9067,
              -7.0027
            ],
            [
              -56.9071,
              -7.0014
            ],
            [
              -56.9081,
              -7.0015
            ],
            [
              -56.909,
              -7.0027
            ],
            [
              -56.91,
              -7.0059
            ],
            [
              -56.9115,
              -7.0147
            ],
            [
              -56.913,
              -7.0191
            ],
            [
              -56.9128,
              -7.0231
            ],
            [
              -56.912,
              -7.0242
            ],
            [
              -56.9128,
              -7.0255
            ],
            [
              -56.9144,
              -7.0252
            ],
            [
              -56.9169,
              -7.0236
            ],
            [
              -56.9174,
              -7.0238
            ],
            [
              -56.9167,
              -7.0274
            ],
            [
              -56.9172,
              -7.0282
            ],
            [
              -56.9217,
              -7.0296
            ],
            [
              -56.9244,
              -7.0317
            ],
            [
              -56.9263,
              -7.0341
            ],
            [
              -56.9278,
              -7.0345
            ],
            [
              -56.9293,
              -7.0341
            ],
            [
              -56.9311,
              -7.0355
            ],
            [
              -56.9302,
              -7.0445
            ],
            [
              -56.9312,
              -7.047
            ],
            [
              -56.9323,
              -7.0472
            ],
            [
              -56.9331,
              -7.0433
            ],
            [
              -56.9341,
              -7.0433
            ],
            [
              -56.9355,
              -7.0455
            ],
            [
              -56.9399,
              -7.0462
            ],
            [
              -56.945,
              -7.0488
            ],
            [
              -56.9463,
              -7.0491
            ],
            [
              -56.9472,
              -7.0478
            ],
            [
              -56.9481,
              -7.0487
            ],
            [
              -56.9466,
              -7.0545
            ],
            [
              -56.9484,
              -7.0632
            ],
            [
              -56.9472,
              -7.0681
            ],
            [
              -56.9478,
              -7.0691
            ],
            [
              -56.9515,
              -7.0676
            ],
            [
              -56.9529,
              -7.064
            ],
            [
              -56.9557,
              -7.0665
            ],
            [
              -56.9601,
              -7.073
            ],
            [
              -56.9615,
              -7.0711
            ],
            [
              -56.9673,
              -7.0748
            ],
            [
              -56.9687,
              -7.0738
            ],
            [
              -56.9679,
              -7.0711
            ],
            [
              -56.9684,
              -7.0702
            ],
            [
              -56.9715,
              -7.0728
            ],
            [
              -56.9719,
              -7.0748
            ],
            [
              -56.9731,
              -7.0758
            ],
            [
              -56.9739,
              -7.0775
            ],
            [
              -56.976,
              -7.0796
            ],
            [
              -56.9784,
              -7.0834
            ],
            [
              -56.9799,
              -7.0849
            ],
            [
              -56.981,
              -7.0848
            ],
            [
              -56.9811,
              -7.087
            ],
            [
              -56.9822,
              -7.0881
            ],
            [
              -56.9884,
              -7.0883
            ],
            [
              -56.9909,
              -7.0891
            ],
            [
              -56.9944,
              -7.0883
            ],
            [
              -56.9962,
              -7.0887
            ],
            [
              -56.9969,
              -7.0897
            ],
            [
              -56.995,
              -7.0956
            ],
            [
              -56.9983,
              -7.096
            ],
            [
              -57.0005,
              -7.0998
            ],
            [
              -57.0011,
              -7.1116
            ],
            [
              -57.0015,
              -7.113
            ],
            [
              -57.0031,
              -7.1137
            ],
            [
              -57.0051,
              -7.1135
            ],
            [
              -57.0095,
              -7.1119
            ],
            [
              -57.0114,
              -7.1124
            ],
            [
              -57.0122,
              -7.1153
            ],
            [
              -57.0135,
              -7.1162
            ],
            [
              -57.0142,
              -7.1178
            ],
            [
              -57.014,
              -7.1216
            ],
            [
              -57.0147,
              -7.1225
            ],
            [
              -57.017,
              -7.1221
            ],
            [
              -57.0172,
              -7.1228
            ],
            [
              -57.0179,
              -7.1285
            ],
            [
              -57.0159,
              -7.1285
            ],
            [
              -57.0159,
              -7.1298
            ],
            [
              -57.018,
              -7.131
            ],
            [
              -57.0194,
              -7.1308
            ],
            [
              -57.0198,
              -7.129
            ],
            [
              -57.0216,
              -7.1282
            ],
            [
              -57.0238,
              -7.1292
            ],
            [
              -57.0263,
              -7.1288
            ],
            [
              -57.0272,
              -7.1277
            ],
            [
              -57.0287,
              -7.1273
            ],
            [
              -57.0297,
              -7.1277
            ],
            [
              -57.0297,
              -7.1292
            ],
            [
              -57.0272,
              -7.1328
            ],
            [
              -57.0271,
              -7.1349
            ],
            [
              -57.0279,
              -7.1356
            ],
            [
              -57.0301,
              -7.1355
            ],
            [
              -57.0313,
              -7.136
            ],
            [
              -57.0406,
              -7.1412
            ],
            [
              -57.0393,
              -7.1434
            ],
            [
              -57.0386,
              -7.1477
            ],
            [
              -57.0359,
              -7.149
            ],
            [
              -57.0349,
              -7.1491
            ],
            [
              -57.0341,
              -7.1471
            ],
            [
              -57.0332,
              -7.1473
            ],
            [
              -57.0325,
              -7.1488
            ],
            [
              -57.0335,
              -7.1524
            ],
            [
              -57.0336,
              -7.154
            ],
            [
              -57.0308,
              -7.1555
            ],
            [
              -57.0299,
              -7.155
            ],
            [
              -57.0288,
              -7.1534
            ],
            [
              -57.028,
              -7.1546
            ],
            [
              -57.0292,
              -7.1555
            ],
            [
              -57.0337,
              -7.1568
            ],
            [
              -57.0357,
              -7.1581
            ],
            [
              -57.0363,
              -7.1611
            ],
            [
              -57.0382,
              -7.1658
            ],
            [
              -57.037,
              -7.1701
            ],
            [
              -57.0371,
              -7.1731
            ],
            [
              -57.0401,
              -7.1739
            ],
            [
              -57.0403,
              -7.181
            ],
            [
              -57.0422,
              -7.182
            ],
            [
              -57.0466,
              -7.1807
            ],
            [
              -57.0475,
              -7.1811
            ],
            [
              -57.0462,
              -7.1831
            ],
            [
              -57.046,
              -7.1855
            ],
            [
              -57.0451,
              -7.1876
            ],
            [
              -57.0453,
              -7.1886
            ],
            [
              -57.0482,
              -7.1924
            ],
            [
              -57.0483,
              -7.1945
            ],
            [
              -57.053,
              -7.1986
            ],
            [
              -57.0527,
              -7.2004
            ],
            [
              -57.0534,
              -7.2014
            ],
            [
              -57.0566,
              -7.2008
            ],
            [
              -57.0599,
              -7.1985
            ],
            [
              -57.0604,
              -7.1992
            ],
            [
              -57.0601,
              -7.2025
            ],
            [
              -57.0621,
              -7.2048
            ],
            [
              -57.0622,
              -7.2058
            ],
            [
              -57.0613,
              -7.2075
            ],
            [
              -57.0622,
              -7.2081
            ],
            [
              -57.0643,
              -7.2078
            ],
            [
              -57.0649,
              -7.2091
            ],
            [
              -57.0628,
              -7.2096
            ],
            [
              -57.0626,
              -7.2107
            ],
            [
              -57.0634,
              -7.2141
            ],
            [
              -57.0629,
              -7.2162
            ],
            [
              -57.0635,
              -7.2185
            ],
            [
              -57.0625,
              -7.2213
            ],
            [
              -57.0636,
              -7.2231
            ],
            [
              -57.0662,
              -7.2217
            ],
            [
              -57.0682,
              -7.2248
            ],
            [
              -57.0658,
              -7.2292
            ],
            [
              -57.0652,
              -7.2315
            ],
            [
              -57.0664,
              -7.2323
            ],
            [
              -57.0684,
              -7.2298
            ],
            [
              -57.0705,
              -7.228
            ],
            [
              -57.0719,
              -7.2275
            ],
            [
              -57.073,
              -7.2278
            ],
            [
              -57.0755,
              -7.2299
            ],
            [
              -57.0767,
              -7.2301
            ],
            [
              -57.0782,
              -7.2291
            ],
            [
              -57.0812,
              -7.2329
            ],
            [
              -57.0844,
              -7.2346
            ],
            [
              -57.0861,
              -7.2361
            ],
            [
              -57.0883,
              -7.2361
            ],
            [
              -57.0898,
              -7.2349
            ],
            [
              -57.0918,
              -7.2363
            ],
            [
              -57.0924,
              -7.2373
            ],
            [
              -57.0911,
              -7.2402
            ],
            [
              -57.0916,
              -7.2412
            ],
            [
              -57.0944,
              -7.2425
            ],
            [
              -57.0956,
              -7.2424
            ],
            [
              -57.1045,
              -7.2382
            ],
            [
              -57.1069,
              -7.2358
            ],
            [
              -57.109,
              -7.2368
            ],
            [
              -57.1112,
              -7.2389
            ],
            [
              -57.1128,
              -7.242
            ],
            [
              -57.116,
              -7.2453
            ],
            [
              -57.1175,
              -7.2486
            ],
            [
              -57.1182,
              -7.2492
            ],
            [
              -57.1211,
              -7.2501
            ],
            [
              -57.1245,
              -7.2498
            ],
            [
              -57.1254,
              -7.2519
            ],
            [
              -57.1297,
              -7.2546
            ],
            [
              -57.1308,
              -7.2561
            ],
            [
              -57.1327,
              -7.2568
            ],
            [
              -57.1351,
              -7.2589
            ],
            [
              -57.135,
              -7.2599
            ],
            [
              -57.1369,
              -7.2609
            ],
            [
              -57.1367,
              -7.262
            ],
            [
              -57.1332,
              -7.2657
            ],
            [
              -57.1351,
              -7.2691
            ],
            [
              -57.1352,
              -7.2703
            ],
            [
              -57.137,
              -7.2706
            ],
            [
              -57.1375,
              -7.2715
            ],
            [
              -57.1374,
              -7.2735
            ],
            [
              -57.1392,
              -7.2748
            ],
            [
              -57.139,
              -7.278
            ],
            [
              -57.1367,
              -7.2798
            ],
            [
              -57.1364,
              -7.2816
            ],
            [
              -57.1365,
              -7.2843
            ],
            [
              -57.1337,
              -7.2849
            ],
            [
              -57.1342,
              -7.2866
            ],
            [
              -57.1372,
              -7.2862
            ],
            [
              -57.1427,
              -7.2819
            ],
            [
              -57.1438,
              -7.2819
            ],
            [
              -57.1447,
              -7.283
            ],
            [
              -57.1447,
              -7.2855
            ],
            [
              -57.1432,
              -7.2889
            ],
            [
              -57.145,
              -7.2901
            ],
            [
              -57.1451,
              -7.2913
            ],
            [
              -57.1435,
              -7.2936
            ],
            [
              -57.1452,
              -7.2944
            ],
            [
              -57.1452,
              -7.2963
            ],
            [
              -57.1458,
              -7.2982
            ],
            [
              -57.1453,
              -7.3
            ],
            [
              -57.1471,
              -7.3002
            ],
            [
              -57.1489,
              -7.3039
            ],
            [
              -57.1515,
              -7.3069
            ],
            [
              -57.156,
              -7.3091
            ],
            [
              -57.1594,
              -7.3097
            ],
            [
              -57.1607,
              -7.3116
            ],
            [
              -57.1598,
              -7.3142
            ],
            [
              -57.1564,
              -7.3163
            ],
            [
              -57.1554,
              -7.3217
            ],
            [
              -57.1557,
              -7.324
            ],
            [
              -57.1573,
              -7.3264
            ],
            [
              -57.1607,
              -7.3282
            ],
            [
              -57.1622,
              -7.3301
            ],
            [
              -57.1645,
              -7.33
            ],
            [
              -57.1666,
              -7.3282
            ],
            [
              -57.1686,
              -7.3285
            ],
            [
              -57.1694,
              -7.3311
            ],
            [
              -57.1666,
              -7.3355
            ],
            [
              -57.1669,
              -7.337
            ],
            [
              -57.1687,
              -7.3375
            ],
            [
              -57.1711,
              -7.3365
            ],
            [
              -57.1734,
              -7.3349
            ],
            [
              -57.1747,
              -7.3347
            ],
            [
              -57.1754,
              -7.3355
            ],
            [
              -57.1754,
              -7.3375
            ],
            [
              -57.1778,
              -7.3401
            ],
            [
              -57.1789,
              -7.3422
            ],
            [
              -57.1791,
              -7.3433
            ],
            [
              -57.1773,
              -7.3463
            ],
            [
              -57.1772,
              -7.3534
            ],
            [
              -57.1824,
              -7.3546
            ],
            [
              -57.1828,
              -7.3568
            ],
            [
              -57.1819,
              -7.3595
            ],
            [
              -57.1825,
              -7.3602
            ],
            [
              -57.186,
              -7.3601
            ],
            [
              -57.1882,
              -7.3626
            ],
            [
              -57.1882,
              -7.3649
            ],
            [
              -57.1899,
              -7.3703
            ],
            [
              -57.1914,
              -7.3717
            ],
            [
              -57.1925,
              -7.3735
            ],
            [
              -57.1926,
              -7.3786
            ],
            [
              -57.1917,
              -7.3805
            ],
            [
              -57.1932,
              -7.3829
            ],
            [
              -57.1946,
              -7.3841
            ],
            [
              -57.1949,
              -7.3859
            ],
            [
              -57.1965,
              -7.3879
            ],
            [
              -57.1971,
              -7.3911
            ],
            [
              -57.1982,
              -7.3927
            ],
            [
              -57.1968,
              -7.3954
            ],
            [
              -57.2,
              -7.3984
            ],
            [
              -57.2,
              -7.4001
            ],
            [
              -57.1988,
              -7.4017
            ],
            [
              -57.1987,
              -7.4026
            ],
            [
              -57.2016,
              -7.4074
            ],
            [
              -57.202,
              -7.4088
            ],
            [
              -57.2021,
              -7.4128
            ],
            [
              -57.2012,
              -7.4149
            ],
            [
              -57.2024,
              -7.419
            ],
            [
              -57.2029,
              -7.4233
            ],
            [
              -57.1992,
              -7.4275
            ],
            [
              -57.1978,
              -7.4316
            ],
            [
              -57.1967,
              -7.4333
            ],
            [
              -57.1948,
              -7.4338
            ],
            [
              -57.1936,
              -7.4351
            ],
            [
              -57.1941,
              -7.4453
            ],
            [
              -57.1953,
              -7.4493
            ],
            [
              -57.1942,
              -7.451
            ],
            [
              -57.1922,
              -7.4588
            ],
            [
              -57.192,
              -7.4598
            ],
            [
              -57.1929,
              -7.4618
            ],
            [
              -57.1915,
              -7.4631
            ],
            [
              -57.1933,
              -7.4642
            ],
            [
              -57.193,
              -7.4666
            ],
            [
              -57.1936,
              -7.4677
            ],
            [
              -57.1953,
              -7.4684
            ],
            [
              -57.1982,
              -7.4706
            ],
            [
              -57.198,
              -7.4729
            ],
            [
              -57.1986,
              -7.4775
            ],
            [
              -57.1985,
              -7.4803
            ],
            [
              -57.1968,
              -7.4821
            ],
            [
              -57.1964,
              -7.4833
            ],
            [
              -57.1976,
              -7.4852
            ],
            [
              -57.1979,
              -7.4875
            ],
            [
              -57.1989,
              -7.4897
            ],
            [
              -57.1988,
              -7.4907
            ],
            [
              -57.1957,
              -7.4946
            ],
            [
              -57.1951,
              -7.4967
            ],
            [
              -57.1931,
              -7.4974
            ],
            [
              -57.1926,
              -7.4981
            ],
            [
              -57.1903,
              -7.4981
            ],
            [
              -57.1889,
              -7.4996
            ],
            [
              -57.189,
              -7.5014
            ],
            [
              -57.1878,
              -7.5032
            ],
            [
              -57.1868,
              -7.5036
            ],
            [
              -57.1832,
              -7.5028
            ],
            [
              -57.1822,
              -7.5029
            ],
            [
              -57.1804,
              -7.5043
            ],
            [
              -57.1793,
              -7.5043
            ],
            [
              -57.1783,
              -7.5062
            ],
            [
              -57.1763,
              -7.5053
            ],
            [
              -57.1741,
              -7.5063
            ],
            [
              -57.1693,
              -7.5066
            ],
            [
              -57.1591,
              -7.5171
            ],
            [
              -57.1548,
              -7.5247
            ],
            [
              -57.1492,
              -7.5292
            ],
            [
              -57.1464,
              -7.5276
            ],
            [
              -57.1411,
              -7.5308
            ],
            [
              -57.1386,
              -7.5315
            ],
            [
              -57.1355,
              -7.5334
            ],
            [
              -57.1279,
              -7.5344
            ],
            [
              -57.1247,
              -7.5357
            ],
            [
              -57.1199,
              -7.5366
            ],
            [
              -57.1166,
              -7.5377
            ],
            [
              -57.1153,
              -7.5384
            ],
            [
              -57.1124,
              -7.5414
            ],
            [
              -57.1077,
              -7.5444
            ],
            [
              -57.1018,
              -7.5491
            ],
            [
              -57.0927,
              -7.5515
            ],
            [
              -57.0905,
              -7.5531
            ],
            [
              -57.089,
              -7.5552
            ],
            [
              -57.0865,
              -7.5558
            ],
            [
              -57.0845,
              -7.555
            ],
            [
              -57.0814,
              -7.5554
            ],
            [
              -57.0787,
              -7.5533
            ],
            [
              -57.0775,
              -7.5517
            ],
            [
              -57.0722,
              -7.5533
            ],
            [
              -57.0681,
              -7.5536
            ],
            [
              -57.0652,
              -7.555
            ],
            [
              -57.0639,
              -7.557
            ],
            [
              -57.0622,
              -7.561
            ],
            [
              -57.0581,
              -7.5668
            ],
            [
              -57.0562,
              -7.5703
            ],
            [
              -57.0472,
              -7.5753
            ],
            [
              -57.0467,
              -7.5778
            ],
            [
              -57.047,
              -7.5829
            ],
            [
              -57.0461,
              -7.5859
            ],
            [
              -57.0434,
              -7.5887
            ],
            [
              -57.0402,
              -7.5898
            ],
            [
              -57.0381,
              -7.5914
            ],
            [
              -57.0379,
              -7.5939
            ],
            [
              -57.0392,
              -7.5968
            ],
            [
              -57.043,
              -7.6013
            ],
            [
              -57.044,
              -7.6032
            ],
            [
              -57.044,
              -7.6042
            ],
            [
              -57.039,
              -7.6135
            ],
            [
              -57.0364,
              -7.6224
            ],
            [
              -57.0391,
              -7.625
            ],
            [
              -57.038,
              -7.6313
            ],
            [
              -57.0384,
              -7.6354
            ],
            [
              -57.0415,
              -7.6388
            ],
            [
              -57.0412,
              -7.6406
            ],
            [
              -57.0391,
              -7.6442
            ],
            [
              -57.0369,
              -7.6466
            ],
            [
              -57.0309,
              -7.6466
            ],
            [
              -57.0294,
              -7.6481
            ],
            [
              -57.0285,
              -7.6508
            ],
            [
              -57.0228,
              -7.6531
            ],
            [
              -57.0142,
              -7.6602
            ],
            [
              -57.0094,
              -7.6626
            ],
            [
              -57.006,
              -7.6636
            ],
            [
              -57.004,
              -7.6633
            ],
            [
              -57.0003,
              -7.6614
            ],
            [
              -57.0007,
              -7.6523
            ],
            [
              -56.9961,
              -7.6526
            ],
            [
              -56.9878,
              -7.6542
            ],
            [
              -56.9845,
              -7.6561
            ],
            [
              -56.976,
              -7.6657
            ],
            [
              -56.9716,
              -7.6759
            ],
            [
              -56.9635,
              -7.6849
            ],
            [
              -56.9616,
              -7.6938
            ],
            [
              -56.9592,
              -7.6983
            ],
            [
              -56.9577,
              -7.7026
            ],
            [
              -56.9573,
              -7.7109
            ],
            [
              -56.9547,
              -7.7187
            ],
            [
              -56.9528,
              -7.7225
            ],
            [
              -56.9511,
              -7.7247
            ],
            [
              -56.9489,
              -7.726
            ],
            [
              -56.9462,
              -7.7258
            ],
            [
              -56.9445,
              -7.7226
            ],
            [
              -56.9435,
              -7.7189
            ],
            [
              -56.9412,
              -7.7153
            ],
            [
              -56.9395,
              -7.7145
            ],
            [
              -56.9352,
              -7.7158
            ],
            [
              -56.9314,
              -7.7185
            ],
            [
              -56.9291,
              -7.721
            ],
            [
              -56.9264,
              -7.727
            ],
            [
              -56.9259,
              -7.7346
            ],
            [
              -56.9243,
              -7.7445
            ],
            [
              -56.9227,
              -7.7476
            ],
            [
              -56.9198,
              -7.7516
            ],
            [
              -56.9167,
              -7.7537
            ],
            [
              -56.9094,
              -7.7569
            ],
            [
              -56.9077,
              -7.7614
            ],
            [
              -56.9077,
              -7.7691
            ],
            [
              -56.9042,
              -7.778
            ],
            [
              -56.9016,
              -7.7823
            ],
            [
              -56.8951,
              -7.7897
            ],
            [
              -56.8915,
              -7.7932
            ],
            [
              -56.8878,
              -7.7958
            ],
            [
              -56.8849,
              -7.7985
            ],
            [
              -56.8837,
              -7.8017
            ],
            [
              -56.885,
              -7.815
            ],
            [
              -56.8856,
              -7.8192
            ],
            [
              -56.8877,
              -7.8229
            ],
            [
              -56.8933,
              -7.8252
            ],
            [
              -56.8984,
              -7.8244
            ],
            [
              -56.9039,
              -7.8214
            ],
            [
              -56.9085,
              -7.82
            ],
            [
              -56.9147,
              -7.821
            ],
            [
              -56.9175,
              -7.8257
            ],
            [
              -56.9192,
              -7.8336
            ],
            [
              -56.9187,
              -7.8378
            ],
            [
              -56.9189,
              -7.843
            ],
            [
              -56.922,
              -7.8483
            ],
            [
              -56.9286,
              -7.8538
            ],
            [
              -56.9326,
              -7.8582
            ],
            [
              -56.9394,
              -7.8672
            ],
            [
              -56.9415,
              -7.8709
            ],
            [
              -56.9434,
              -7.8753
            ],
            [
              -56.9429,
              -7.8875
            ],
            [
              -56.9415,
              -7.8954
            ],
            [
              -56.9399,
              -7.9016
            ],
            [
              -56.938,
              -7.908
            ],
            [
              -56.9362,
              -7.9121
            ],
            [
              -56.9315,
              -7.9181
            ],
            [
              -56.9261,
              -7.9265
            ],
            [
              -56.9223,
              -7.9301
            ],
            [
              -56.9178,
              -7.9328
            ],
            [
              -56.9099,
              -7.9389
            ],
            [
              -56.9029,
              -7.9465
            ],
            [
              -56.8972,
              -7.9595
            ],
            [
              -56.8952,
              -7.9729
            ],
            [
              -56.8952,
              -7.996
            ],
            [
              -56.8993,
              -8.0037
            ],
            [
              -56.8988,
              -8.0091
            ],
            [
              -56.8971,
              -8.0178
            ],
            [
              -56.8948,
              -8.0244
            ],
            [
              -56.8882,
              -8.0312
            ],
            [
              -56.8705,
              -8.0476
            ],
            [
              -56.8555,
              -8.0524
            ],
            [
              -56.8483,
              -8.0528
            ],
            [
              -56.8389,
              -8.0548
            ],
            [
              -56.8345,
              -8.0581
            ],
            [
              -56.8307,
              -8.0636
            ],
            [
              -56.8267,
              -8.0706
            ],
            [
              -56.8219,
              -8.0759
            ],
            [
              -56.8078,
              -8.0886
            ],
            [
              -56.8045,
              -8.0935
            ],
            [
              -56.7964,
              -8.1025
            ],
            [
              -56.7792,
              -8.116
            ],
            [
              -56.7722,
              -8.1205
            ],
            [
              -56.7642,
              -8.1241
            ],
            [
              -56.7535,
              -8.1266
            ],
            [
              -56.7444,
              -8.1294
            ],
            [
              -56.7282,
              -8.142
            ],
            [
              -56.7182,
              -8.1528
            ],
            [
              -56.7158,
              -8.1595
            ],
            [
              -56.7097,
              -8.1653
            ],
            [
              -56.7041,
              -8.1687
            ],
            [
              -56.6996,
              -8.1722
            ],
            [
              -56.6964,
              -8.1775
            ],
            [
              -56.6939,
              -8.1928
            ],
            [
              -56.6913,
              -8.201
            ],
            [
              -56.6851,
              -8.2044
            ],
            [
              -56.6776,
              -8.2046
            ],
            [
              -56.672,
              -8.2004
            ],
            [
              -56.6708,
              -8.1947
            ],
            [
              -56.6666,
              -8.1907
            ],
            [
              -56.6619,
              -8.1905
            ],
            [
              -56.657,
              -8.1917
            ],
            [
              -56.6505,
              -8.1941
            ],
            [
              -56.6369,
              -8.2003
            ],
            [
              -56.6309,
              -8.2069
            ],
            [
              -56.6299,
              -8.2119
            ],
            [
              -56.6318,
              -8.2222
            ],
            [
              -56.6328,
              -8.2311
            ],
            [
              -56.6327,
              -8.2377
            ],
            [
              -56.6345,
              -8.2487
            ],
            [
              -56.6322,
              -8.2516
            ],
            [
              -56.6169,
              -8.2538
            ],
            [
              -56.6025,
              -8.258
            ],
            [
              -56.6008,
              -8.2597
            ],
            [
              -56.5986,
              -8.2645
            ],
            [
              -56.5924,
              -8.267
            ],
            [
              -56.5814,
              -8.2642
            ],
            [
              -56.5747,
              -8.2632
            ],
            [
              -56.5669,
              -8.2629
            ],
            [
              -56.5554,
              -8.2684
            ],
            [
              -56.551,
              -8.2699
            ],
            [
              -56.544,
              -8.27
            ],
            [
              -56.533,
              -8.2607
            ],
            [
              -56.5269,
              -8.2606
            ],
            [
              -56.5212,
              -8.266
            ],
            [
              -56.5116,
              -8.2635
            ],
            [
              -56.505,
              -8.2641
            ],
            [
              -56.4948,
              -8.2685
            ],
            [
              -56.4806,
              -8.2734
            ],
            [
              -56.4784,
              -8.275
            ],
            [
              -56.48,
              -8.2844
            ],
            [
              -56.4753,
              -8.2867
            ],
            [
              -56.4674,
              -8.2864
            ],
            [
              -56.4576,
              -8.2933
            ],
            [
              -56.4511,
              -8.3023
            ],
            [
              -56.4409,
              -8.3127
            ],
            [
              -56.4341,
              -8.3154
            ],
            [
              -56.429,
              -8.3154
            ],
            [
              -56.4212,
              -8.3131
            ],
            [
              -56.414,
              -8.3085
            ],
            [
              -56.4041,
              -8.3041
            ],
            [
              -56.3982,
              -8.2997
            ],
            [
              -56.3874,
              -8.2904
            ],
            [
              -56.3859,
              -8.2806
            ],
            [
              -56.3843,
              -8.2744
            ],
            [
              -56.3819,
              -8.2681
            ],
            [
              -56.3732,
              -8.2609
            ],
            [
              -56.3712,
              -8.2556
            ],
            [
              -56.3717,
              -8.2536
            ],
            [
              -56.372,
              -8.2492
            ],
            [
              -56.3678,
              -8.2447
            ],
            [
              -56.3603,
              -8.2432
            ],
            [
              -56.3551,
              -8.2447
            ],
            [
              -56.3511,
              -8.2439
            ],
            [
              -56.3445,
              -8.2435
            ],
            [
              -56.3399,
              -8.2439
            ],
            [
              -56.3368,
              -8.2468
            ],
            [
              -56.3342,
              -8.2505
            ],
            [
              -56.3271,
              -8.2568
            ],
            [
              -56.3223,
              -8.2599
            ],
            [
              -56.3152,
              -8.2636
            ],
            [
              -56.313,
              -8.2657
            ],
            [
              -56.3127,
              -8.2687
            ],
            [
              -56.3114,
              -8.2726
            ],
            [
              -56.3057,
              -8.2805
            ],
            [
              -56.3028,
              -8.2839
            ],
            [
              -56.2997,
              -8.2867
            ],
            [
              -56.2965,
              -8.2907
            ],
            [
              -56.2942,
              -8.3091
            ],
            [
              -56.2905,
              -8.3152
            ],
            [
              -56.286,
              -8.3142
            ],
            [
              -56.2807,
              -8.3085
            ],
            [
              -56.2758,
              -8.3086
            ],
            [
              -56.2684,
              -8.3103
            ],
            [
              -56.2522,
              -8.3132
            ],
            [
              -56.2414,
              -8.3117
            ],
            [
              -56.2349,
              -8.3134
            ],
            [
              -56.231,
              -8.3193
            ],
            [
              -56.2301,
              -8.328
            ],
            [
              -56.2282,
              -8.3302
            ],
            [
              -56.2232,
              -8.3314
            ],
            [
              -56.2183,
              -8.3303
            ],
            [
              -56.2052,
              -8.3209
            ],
            [
              -56.1995,
              -8.3197
            ],
            [
              -56.1974,
              -8.3236
            ],
            [
              -56.1964,
              -8.329
            ],
            [
              -56.1931,
              -8.335
            ],
            [
              -56.1912,
              -8.3394
            ],
            [
              -56.1917,
              -8.3446
            ],
            [
              -56.1968,
              -8.3528
            ],
            [
              -56.1978,
              -8.3593
            ],
            [
              -56.1923,
              -8.374
            ],
            [
              -56.1892,
              -8.3777
            ],
            [
              -56.1764,
              -8.3827
            ],
            [
              -56.173,
              -8.387
            ],
            [
              -56.172,
              -8.3936
            ],
            [
              -56.1696,
              -8.3993
            ],
            [
              -56.1669,
              -8.4033
            ],
            [
              -56.1642,
              -8.4052
            ],
            [
              -56.1616,
              -8.4058
            ],
            [
              -56.1596,
              -8.4056
            ],
            [
              -56.1593,
              -8.2422
            ],
            [
              -56.1559,
              -8.2399
            ],
            [
              -56.1535,
              -8.2325
            ],
            [
              -56.1506,
              -8.2283
            ],
            [
              -56.143,
              -8.2051
            ],
            [
              -56.1418,
              -8.1953
            ],
            [
              -56.1446,
              -8.1885
            ],
            [
              -56.14,
              -8.183
            ],
            [
              -56.1359,
              -8.1805
            ],
            [
              -56.1311,
              -8.1765
            ],
            [
              -56.1272,
              -8.1671
            ],
            [
              -56.1337,
              -8.1595
            ],
            [
              -56.1367,
              -8.1492
            ],
            [
              -56.1297,
              -8.1282
            ],
            [
              -56.1253,
              -8.1264
            ],
            [
              -56.1227,
              -8.1235
            ],
            [
              -56.1155,
              -8.1211
            ],
            [
              -56.1133,
              -8.1159
            ],
            [
              -56.1103,
              -8.112
            ],
            [
              -56.1094,
              -8.1078
            ],
            [
              -56.1079,
              -8.1045
            ],
            [
              -56.1047,
              -8.1007
            ],
            [
              -56.1,
              -8.1003
            ],
            [
              -56.0943,
              -8.098
            ],
            [
              -56.0873,
              -8.0936
            ],
            [
              -56.086,
              -8.0889
            ],
            [
              -56.085,
              -8.0828
            ],
            [
              -56.0802,
              -8.0738
            ],
            [
              -56.0823,
              -8.0687
            ],
            [
              -56.0816,
              -8.0652
            ],
            [
              -56.0785,
              -8.0643
            ],
            [
              -56.0764,
              -8.0616
            ],
            [
              -56.0758,
              -8.0549
            ],
            [
              -56.0762,
              -8.0526
            ],
            [
              -56.0817,
              -8.0446
            ],
            [
              -56.0827,
              -8.0413
            ],
            [
              -56.0816,
              -8.0363
            ],
            [
              -56.0795,
              -8.0313
            ],
            [
              -56.0754,
              -8.0279
            ],
            [
              -56.0713,
              -8.026
            ],
            [
              -56.0702,
              -8.0247
            ],
            [
              -56.0707,
              -8.0224
            ],
            [
              -56.0678,
              -8.0193
            ],
            [
              -56.0647,
              -8.014
            ],
            [
              -56.064,
              -8.0091
            ],
            [
              -56.0643,
              -8.005
            ],
            [
              -56.0631,
              -8.0021
            ],
            [
              -56.06,
              -7.9971
            ],
            [
              -56.0579,
              -7.9923
            ],
            [
              -56.0578,
              -7.9902
            ],
            [
              -56.0583,
              -7.9868
            ],
            [
              -56.0596,
              -7.9836
            ],
            [
              -56.0593,
              -7.9792
            ],
            [
              -56.0617,
              -7.9757
            ],
            [
              -56.0622,
              -7.9737
            ],
            [
              -56.0618,
              -7.97
            ],
            [
              -56.0579,
              -7.9618
            ],
            [
              -56.0588,
              -7.9601
            ],
            [
              -56.0619,
              -7.9571
            ],
            [
              -56.0616,
              -7.956
            ],
            [
              -56.06,
              -7.9549
            ],
            [
              -56.0621,
              -7.9521
            ],
            [
              -56.0628,
              -7.9492
            ],
            [
              -56.0622,
              -7.9485
            ],
            [
              -56.0602,
              -7.9495
            ],
            [
              -56.0592,
              -7.9492
            ],
            [
              -56.0584,
              -7.9472
            ],
            [
              -56.0589,
              -7.9427
            ],
            [
              -56.0588,
              -7.9381
            ],
            [
              -56.0612,
              -7.9361
            ],
            [
              -56.065,
              -7.9372
            ],
            [
              -56.0669,
              -7.9364
            ],
            [
              -56.0684,
              -7.9332
            ],
            [
              -56.0722,
              -7.9295
            ],
            [
              -56.0693,
              -7.9279
            ],
            [
              -56.0706,
              -7.9263
            ],
            [
              -56.0726,
              -7.926
            ],
            [
              -56.0749,
              -7.9238
            ],
            [
              -56.0767,
              -7.9247
            ],
            [
              -56.0771,
              -7.9275
            ],
            [
              -56.0777,
              -7.9286
            ],
            [
              -56.0791,
              -7.9272
            ],
            [
              -56.0801,
              -7.927
            ],
            [
              -56.082,
              -7.928
            ],
            [
              -56.0848,
              -7.926
            ],
            [
              -56.0869,
              -7.9294
            ],
            [
              -56.0953,
              -7.9351
            ],
            [
              -56.0986,
              -7.9365
            ],
            [
              -56.1012,
              -7.937
            ],
            [
              -56.1051,
              -7.935
            ],
            [
              -56.1117,
              -7.9286
            ],
            [
              -56.1147,
              -7.9221
            ],
            [
              -56.115,
              -7.9199
            ],
            [
              -56.1171,
              -7.9185
            ],
            [
              -56.1172,
              -7.9172
            ],
            [
              -56.1157,
              -7.9142
            ],
            [
              -56.1127,
              -7.9105
            ],
            [
              -56.1109,
              -7.9061
            ],
            [
              -56.1107,
              -7.9038
            ],
            [
              -56.1117,
              -7.9013
            ],
            [
              -56.114,
              -7.8989
            ],
            [
              -56.1143,
              -7.898
            ],
            [
              -56.114,
              -7.8928
            ],
            [
              -56.1127,
              -7.8912
            ],
            [
              -56.1125,
              -7.8902
            ],
            [
              -56.114,
              -7.8888
            ],
            [
              -56.1138,
              -7.8872
            ],
            [
              -56.1126,
              -7.8853
            ],
            [
              -56.1117,
              -7.885
            ],
            [
              -56.1092,
              -7.8852
            ],
            [
              -56.1076,
              -7.8843
            ],
            [
              -56.107,
              -7.881
            ],
            [
              -56.1024,
              -7.8705
            ],
            [
              -56.1025,
              -7.8684
            ],
            [
              -56.104,
              -7.867
            ],
            [
              -56.1079,
              -7.8665
            ],
            [
              -56.1091,
              -7.8636
            ],
            [
              -56.1088,
              -7.8612
            ],
            [
              -56.1068,
              -7.858
            ],
            [
              -56.1084,
              -7.8568
            ],
            [
              -56.1091,
              -7.8549
            ],
            [
              -56.1115,
              -7.8468
            ],
            [
              -56.1118,
              -7.8428
            ],
            [
              -56.1125,
              -7.8409
            ],
            [
              -56.1203,
              -7.8343
            ],
            [
              -56.1218,
              -7.8316
            ],
            [
              -56.1215,
              -7.8298
            ],
            [
              -56.1195,
              -7.8269
            ],
            [
              -56.1205,
              -7.8255
            ],
            [
              -56.1226,
              -7.8262
            ],
            [
              -56.1245,
              -7.8257
            ],
            [
              -56.1279,
              -7.8238
            ],
            [
              -56.128,
              -7.8218
            ],
            [
              -56.1273,
              -7.8189
            ],
            [
              -56.1284,
              -7.8171
            ],
            [
              -56.1282,
              -7.8132
            ],
            [
              -56.1274,
              -7.8124
            ],
            [
              -56.1245,
              -7.8128
            ],
            [
              -56.123,
              -7.8112
            ],
            [
              -56.126,
              -7.807
            ],
            [
              -56.1279,
              -7.8058
            ],
            [
              -56.1294,
              -7.8061
            ],
            [
              -56.1341,
              -7.8087
            ],
            [
              -56.1369,
              -7.8097
            ],
            [
              -56.1392,
              -7.8095
            ],
            [
              -56.1403,
              -7.808
            ],
            [
              -56.1404,
              -7.8071
            ],
            [
              -56.1392,
              -7.8052
            ],
            [
              -56.139,
              -7.8032
            ],
            [
              -56.1428,
              -7.8009
            ],
            [
              -56.1454,
              -7.7973
            ],
            [
              -56.1478,
              -7.7923
            ],
            [
              -56.1503,
              -7.7815
            ],
            [
              -56.1484,
              -7.7783
            ],
            [
              -56.1487,
              -7.7733
            ],
            [
              -56.1471,
              -7.7726
            ],
            [
              -56.1474,
              -7.7707
            ],
            [
              -56.1469,
              -7.7687
            ],
            [
              -56.1485,
              -7.7676
            ],
            [
              -56.1488,
              -7.7667
            ],
            [
              -56.148,
              -7.7649
            ],
            [
              -56.1495,
              -7.7642
            ],
            [
              -56.1503,
              -7.7618
            ],
            [
              -56.1522,
              -7.7616
            ],
            [
              -56.1538,
              -7.7627
            ],
            [
              -56.1554,
              -7.7617
            ],
            [
              -56.1556,
              -7.7589
            ],
            [
              -56.154,
              -7.7546
            ],
            [
              -56.1561,
              -7.7542
            ],
            [
              -56.1569,
              -7.7534
            ],
            [
              -56.1556,
              -7.7471
            ],
            [
              -56.1556,
              -7.7451
            ],
            [
              -56.1543,
              -7.7436
            ],
            [
              -56.1542,
              -7.7425
            ],
            [
              -56.1563,
              -7.7377
            ],
            [
              -56.1579,
              -7.7363
            ],
            [
              -56.1592,
              -7.7385
            ],
            [
              -56.1602,
              -7.7389
            ],
            [
              -56.1588,
              -7.7287
            ],
            [
              -56.1583,
              -7.7276
            ],
            [
              -56.1571,
              -7.7273
            ],
            [
              -56.1553,
              -7.7277
            ],
            [
              -56.1542,
              -7.7262
            ],
            [
              -56.1531,
              -7.7279
            ],
            [
              -56.152,
              -7.7284
            ],
            [
              -56.1515,
              -7.7265
            ],
            [
              -56.1526,
              -7.7234
            ],
            [
              -56.1528,
              -7.7212
            ],
            [
              -56.1511,
              -7.7197
            ],
            [
              -56.1513,
              -7.7178
            ],
            [
              -56.1474,
              -7.7191
            ],
            [
              -56.146,
              -7.7179
            ],
            [
              -56.1463,
              -7.7162
            ],
            [
              -56.1492,
              -7.7156
            ],
            [
              -56.1497,
              -7.7146
            ],
            [
              -56.1489,
              -7.7124
            ],
            [
              -56.148,
              -7.7111
            ],
            [
              -56.1458,
              -7.7133
            ],
            [
              -56.1439,
              -7.7133
            ],
            [
              -56.1427,
              -7.7104
            ],
            [
              -56.1437,
              -7.7063
            ],
            [
              -56.1475,
              -7.6989
            ],
            [
              -56.1489,
              -7.6946
            ],
            [
              -56.1497,
              -7.6941
            ],
            [
              -56.1528,
              -7.6935
            ],
            [
              -56.1546,
              -7.6922
            ],
            [
              -56.1568,
              -7.6894
            ],
            [
              -56.1582,
              -7.6907
            ],
            [
              -56.1593,
              -7.691
            ],
            [
              -56.1605,
              -7.6893
            ],
            [
              -56.161,
              -7.6854
            ],
            [
              -56.1633,
              -7.6853
            ],
            [
              -56.1642,
              -7.6847
            ],
            [
              -56.1626,
              -7.681
            ],
            [
              -56.1625,
              -7.6797
            ],
            [
              -56.1653,
              -7.6784
            ],
            [
              -56.1651,
              -7.6764
            ],
            [
              -56.1669,
              -7.6745
            ],
            [
              -56.1679,
              -7.6703
            ],
            [
              -56.1673,
              -7.6696
            ],
            [
              -56.1643,
              -7.6698
            ],
            [
              -56.164,
              -7.6676
            ],
            [
              -56.1646,
              -7.6644
            ],
            [
              -56.1657,
              -7.6627
            ],
            [
              -56.1666,
              -7.6625
            ],
            [
              -56.1682,
              -7.6652
            ],
            [
              -56.17,
              -7.6651
            ],
            [
              -56.1706,
              -7.663
            ],
            [
              -56.1705,
              -7.66
            ],
            [
              -56.1722,
              -7.6588
            ],
            [
              -56.173,
              -7.6552
            ],
            [
              -56.1709,
              -7.6505
            ],
            [
              -56.1702,
              -7.6477
            ],
            [
              -56.1707,
              -7.6366
            ],
            [
              -56.1698,
              -7.6344
            ],
            [
              -56.1697,
              -7.6326
            ],
            [
              -56.1682,
              -7.6313
            ],
            [
              -56.1692,
              -7.6285
            ],
            [
              -56.1675,
              -7.6258
            ],
            [
              -56.1671,
              -7.6227
            ],
            [
              -56.1663,
              -7.6207
            ],
            [
              -56.1668,
              -7.6126
            ],
            [
              -56.165,
              -7.6078
            ],
            [
              -56.1664,
              -7.6067
            ],
            [
              -56.1698,
              -7.6076
            ],
            [
              -56.1713,
              -7.6062
            ],
            [
              -56.1715,
              -7.6042
            ],
            [
              -56.171,
              -7.6022
            ],
            [
              -56.1693,
              -7.5981
            ],
            [
              -56.1698,
              -7.596
            ],
            [
              -56.1711,
              -7.5945
            ],
            [
              -56.169,
              -7.5923
            ],
            [
              -56.1686,
              -7.5904
            ],
            [
              -56.17,
              -7.5893
            ],
            [
              -56.1695,
              -7.5885
            ],
            [
              -56.1675,
              -7.5879
            ],
            [
              -56.1677,
              -7.5849
            ],
            [
              -56.1708,
              -7.5857
            ],
            [
              -56.1716,
              -7.5851
            ],
            [
              -56.1723,
              -7.5831
            ],
            [
              -56.1723,
              -7.58
            ],
            [
              -56.171,
              -7.5769
            ],
            [
              -56.1715,
              -7.5761
            ],
            [
              -56.1717,
              -7.5721
            ],
            [
              -56.1744,
              -7.5712
            ],
            [
              -56.1752,
              -7.5705
            ],
            [
              -56.176,
              -7.5657
            ],
            [
              -56.1758,
              -7.5648
            ],
            [
              -56.1741,
              -7.5636
            ],
            [
              -56.1743,
              -7.56
            ],
            [
              -56.1748,
              -7.5585
            ],
            [
              -56.1759,
              -7.557
            ],
            [
              -56.1719,
              -7.555
            ],
            [
              -56.1708,
              -7.5551
            ],
            [
              -56.1681,
              -7.5568
            ],
            [
              -56.1667,
              -7.5557
            ],
            [
              -56.167,
              -7.5513
            ],
            [
              -56.1664,
              -7.5474
            ],
            [
              -56.1678,
              -7.5462
            ],
            [
              -56.1683,
              -7.5444
            ],
            [
              -56.1666,
              -7.5415
            ],
            [
              -56.1621,
              -7.5358
            ],
            [
              -56.1629,
              -7.5342
            ],
            [
              -56.1661,
              -7.5351
            ],
            [
              -56.1679,
              -7.5299
            ],
            [
              -56.1715,
              -7.5258
            ],
            [
              -56.1715,
              -7.5239
            ],
            [
              -56.1696,
              -7.5238
            ],
            [
              -56.171,
              -7.5212
            ],
            [
              -56.1711,
              -7.5192
            ],
            [
              -56.1706,
              -7.5166
            ],
            [
              -56.1732,
              -7.5153
            ],
            [
              -56.1724,
              -7.5095
            ],
            [
              -56.1686,
              -7.5094
            ],
            [
              -56.167,
              -7.509
            ],
            [
              -56.1658,
              -7.5071
            ],
            [
              -56.1658,
              -7.505
            ],
            [
              -56.1676,
              -7.499
            ],
            [
              -56.1676,
              -7.4975
            ],
            [
              -56.1695,
              -7.4956
            ],
            [
              -56.1682,
              -7.4932
            ],
            [
              -56.1693,
              -7.4901
            ],
            [
              -56.1752,
              -7.4841
            ],
            [
              -56.1803,
              -7.4822
            ],
            [
              -56.1816,
              -7.4833
            ],
            [
              -56.1821,
              -7.4819
            ],
            [
              -56.1811,
              -7.476
            ],
            [
              -56.18,
              -7.4747
            ],
            [
              -56.1783,
              -7.4736
            ],
            [
              -56.1799,
              -7.4702
            ],
            [
              -56.178,
              -7.4683
            ],
            [
              -56.1777,
              -7.4649
            ],
            [
              -56.1794,
              -7.4606
            ],
            [
              -56.1818,
              -7.4588
            ],
            [
              -56.1915,
              -7.4554
            ],
            [
              -56.1914,
              -7.4533
            ],
            [
              -56.188,
              -7.4549
            ],
            [
              -56.1872,
              -7.4543
            ],
            [
              -56.1869,
              -7.4525
            ],
            [
              -56.1893,
              -7.4515
            ],
            [
              -56.1867,
              -7.4491
            ],
            [
              -56.1876,
              -7.4477
            ],
            [
              -56.1909,
              -7.4464
            ],
            [
              -56.1945,
              -7.4442
            ],
            [
              -56.1958,
              -7.4407
            ],
            [
              -56.1952,
              -7.4373
            ],
            [
              -56.1935,
              -7.4346
            ],
            [
              -56.1914,
              -7.4336
            ],
            [
              -56.1969,
              -7.4323
            ],
            [
              -56.1998,
              -7.4319
            ],
            [
              -56.2023,
              -7.4323
            ],
            [
              -56.205,
              -7.4344
            ],
            [
              -56.2066,
              -7.4341
            ],
            [
              -56.2059,
              -7.4361
            ],
            [
              -56.2067,
              -7.4377
            ],
            [
              -56.208,
              -7.4381
            ],
            [
              -56.2095,
              -7.4372
            ],
            [
              -56.2103,
              -7.4359
            ],
            [
              -56.2098,
              -7.434
            ],
            [
              -56.2103,
              -7.4326
            ],
            [
              -56.2114,
              -7.4319
            ],
            [
              -56.2117,
              -7.4341
            ],
            [
              -56.2172,
              -7.4325
            ],
            [
              -56.2172,
              -7.4315
            ],
            [
              -56.216,
              -7.4306
            ],
            [
              -56.2141,
              -7.4315
            ],
            [
              -56.2132,
              -7.4289
            ],
            [
              -56.2141,
              -7.4277
            ],
            [
              -56.2208,
              -7.4264
            ],
            [
              -56.2221,
              -7.4268
            ],
            [
              -56.2238,
              -7.4251
            ],
            [
              -56.2247,
              -7.4249
            ],
            [
              -56.2252,
              -7.4234
            ],
            [
              -56.228,
              -7.4222
            ],
            [
              -56.2295,
              -7.4211
            ],
            [
              -56.2303,
              -7.4137
            ],
            [
              -56.2318,
              -7.4129
            ],
            [
              -56.232,
              -7.4116
            ],
            [
              -56.2334,
              -7.4098
            ],
            [
              -56.2329,
              -7.4089
            ],
            [
              -56.2287,
              -7.4081
            ],
            [
              -56.2272,
              -7.4063
            ],
            [
              -56.2269,
              -7.4041
            ],
            [
              -56.2272,
              -7.4025
            ],
            [
              -56.2294,
              -7.4002
            ],
            [
              -56.2316,
              -7.3988
            ],
            [
              -56.2324,
              -7.397
            ],
            [
              -56.2349,
              -7.3951
            ],
            [
              -56.2356,
              -7.3934
            ],
            [
              -56.2348,
              -7.3915
            ],
            [
              -56.233,
              -7.3899
            ],
            [
              -56.2329,
              -7.3888
            ],
            [
              -56.2351,
              -7.3851
            ],
            [
              -56.2377,
              -7.3833
            ],
            [
              -56.2377,
              -7.3788
            ],
            [
              -56.236,
              -7.3722
            ],
            [
              -56.2361,
              -7.3692
            ],
            [
              -56.241,
              -7.3669
            ],
            [
              -56.2466,
              -7.3635
            ],
            [
              -56.2476,
              -7.3625
            ],
            [
              -56.2478,
              -7.3569
            ],
            [
              -56.2458,
              -7.341
            ],
            [
              -56.2449,
              -7.3389
            ],
            [
              -56.2419,
              -7.3344
            ],
            [
              -56.2404,
              -7.3309
            ],
            [
              -56.2433,
              -7.3281
            ],
            [
              -56.246,
              -7.327
            ],
            [
              -56.2515,
              -7.3268
            ],
            [
              -56.2528,
              -7.3257
            ],
            [
              -56.2537,
              -7.3239
            ],
            [
              -56.2532,
              -7.3206
            ],
            [
              -56.2497,
              -7.317
            ],
            [
              -56.2445,
              -7.3152
            ],
            [
              -56.2416,
              -7.3134
            ],
            [
              -56.2409,
              -7.3116
            ],
            [
              -56.239,
              -7.3095
            ],
            [
              -56.2337,
              -7.3053
            ],
            [
              -56.2305,
              -7.3035
            ],
            [
              -56.2259,
              -7.3042
            ],
            [
              -56.2241,
              -7.3038
            ],
            [
              -56.2219,
              -7.3051
            ],
            [
              -56.2192,
              -7.3044
            ],
            [
              -56.2162,
              -7.3029
            ],
            [
              -56.216,
              -7.3005
            ],
            [
              -56.2182,
              -7.2962
            ],
            [
              -56.2186,
              -7.2919
            ],
            [
              -56.2154,
              -7.2864
            ],
            [
              -56.2113,
              -7.2776
            ],
            [
              -56.2057,
              -7.2721
            ],
            [
              -56.2047,
              -7.2647
            ],
            [
              -56.2063,
              -7.2605
            ],
            [
              -56.21,
              -7.2599
            ],
            [
              -56.2118,
              -7.26
            ],
            [
              -56.2145,
              -7.2614
            ],
            [
              -56.2172,
              -7.2652
            ],
            [
              -56.2208,
              -7.268
            ],
            [
              -56.2241,
              -7.2683
            ],
            [
              -56.2272,
              -7.2641
            ],
            [
              -56.2288,
              -7.2635
            ],
            [
              -56.2295,
              -7.2608
            ],
            [
              -56.2296,
              -7.2579
            ],
            [
              -56.2333,
              -7.2538
            ],
            [
              -56.2338,
              -7.2472
            ],
            [
              -56.2317,
              -7.242
            ],
            [
              -56.2314,
              -7.2378
            ],
            [
              -56.2264,
              -7.23
            ],
            [
              -56.2239,
              -7.2269
            ],
            [
              -56.2193,
              -7.2235
            ],
            [
              -56.2177,
              -7.2211
            ],
            [
              -56.2167,
              -7.2153
            ],
            [
              -56.2118,
              -7.2059
            ],
            [
              -56.2111,
              -7.2024
            ],
            [
              -56.2128,
              -7.201
            ],
            [
              -56.2164,
              -7.1996
            ],
            [
              -56.2305,
              -7.1841
            ],
            [
              -56.2332,
              -7.1798
            ],
            [
              -56.2317,
              -7.177
            ],
            [
              -56.2306,
              -7.1712
            ],
            [
              -56.2257,
              -7.1668
            ],
            [
              -56.2216,
              -7.1595
            ],
            [
              -56.218,
              -7.156
            ],
            [
              -56.2168,
              -7.1564
            ],
            [
              -56.2133,
              -7.1588
            ],
            [
              -56.2084,
              -7.1576
            ],
            [
              -56.2062,
              -7.1555
            ],
            [
              -56.2033,
              -7.1503
            ],
            [
              -56.1995,
              -7.1481
            ],
            [
              -56.1959,
              -7.1468
            ],
            [
              -56.1938,
              -7.1447
            ],
            [
              -56.1943,
              -7.1432
            ],
            [
              -56.1963,
              -7.1422
            ],
            [
              -56.2028,
              -7.1375
            ],
            [
              -56.2072,
              -7.1391
            ],
            [
              -56.2104,
              -7.138
            ],
            [
              -56.2122,
              -7.1366
            ],
            [
              -56.214,
              -7.1339
            ],
            [
              -56.2173,
              -7.1304
            ],
            [
              -56.2182,
              -7.128
            ],
            [
              -56.2172,
              -7.1267
            ],
            [
              -56.212,
              -7.1257
            ],
            [
              -56.2117,
              -7.125
            ],
            [
              -56.211,
              -7.1162
            ],
            [
              -56.212,
              -7.1152
            ],
            [
              -56.2169,
              -7.113
            ],
            [
              -56.2187,
              -7.1113
            ],
            [
              -56.2221,
              -7.1099
            ],
            [
              -56.2245,
              -7.1064
            ],
            [
              -56.2245,
              -7.1043
            ],
            [
              -56.2235,
              -7.1041
            ],
            [
              -56.222,
              -7.1057
            ],
            [
              -56.2202,
              -7.1047
            ],
            [
              -56.2167,
              -7.1044
            ],
            [
              -56.211,
              -7.1029
            ],
            [
              -56.2108,
              -7.1016
            ],
            [
              -56.2133,
              -7.093
            ],
            [
              -56.2135,
              -7.0897
            ],
            [
              -56.213,
              -7.0863
            ],
            [
              -56.2117,
              -7.0833
            ],
            [
              -56.2108,
              -7.0787
            ],
            [
              -56.214,
              -7.0731
            ],
            [
              -56.2195,
              -7.0664
            ],
            [
              -56.2253,
              -7.0617
            ],
            [
              -56.2284,
              -7.0587
            ],
            [
              -56.2309,
              -7.0538
            ],
            [
              -56.2312,
              -7.0478
            ],
            [
              -56.2319,
              -7.0458
            ],
            [
              -56.2332,
              -7.045
            ],
            [
              -56.2328,
              -7.0434
            ],
            [
              -56.2307,
              -7.0435
            ],
            [
              -56.2291,
              -7.043
            ],
            [
              -56.2283,
              -7.0421
            ],
            [
              -56.2283,
              -7.0388
            ],
            [
              -56.2288,
              -7.0368
            ],
            [
              -56.2275,
              -7.0272
            ],
            [
              -56.2266,
              -7.0259
            ],
            [
              -56.223,
              -7.0232
            ],
            [
              -56.2202,
              -7.0228
            ],
            [
              -56.2165,
              -7.0242
            ],
            [
              -56.2147,
              -7.0236
            ],
            [
              -56.2138,
              -7.0226
            ],
            [
              -56.2134,
              -7.0172
            ],
            [
              -56.2153,
              -7.0138
            ],
            [
              -56.2158,
              -7.0121
            ],
            [
              -56.2152,
              -7.0097
            ],
            [
              -56.2139,
              -7.0083
            ],
            [
              -56.2123,
              -7.0074
            ],
            [
              -56.207,
              -7.0018
            ],
            [
              -56.2075,
              -7.001
            ],
            [
              -56.2073,
              -6.999
            ],
            [
              -56.2058,
              -6.9968
            ],
            [
              -56.2053,
              -6.9946
            ],
            [
              -56.2089,
              -6.9805
            ],
            [
              -56.2122,
              -6.9751
            ],
            [
              -56.2137,
              -6.9695
            ],
            [
              -56.2143,
              -6.9622
            ],
            [
              -56.2131,
              -6.9508
            ],
            [
              -56.2134,
              -6.9455
            ],
            [
              -56.2104,
              -6.9396
            ],
            [
              -56.2072,
              -6.9381
            ],
            [
              -56.2002,
              -6.939
            ],
            [
              -56.1904,
              -6.9363
            ],
            [
              -56.181,
              -6.9343
            ],
            [
              -56.1752,
              -6.9337
            ],
            [
              -56.1714,
              -6.9323
            ],
            [
              -56.1676,
              -6.93
            ],
            [
              -56.1652,
              -6.9266
            ],
            [
              -56.1638,
              -6.9218
            ],
            [
              -56.1635,
              -6.9184
            ],
            [
              -56.1655,
              -6.9107
            ],
            [
              -56.1695,
              -6.9029
            ],
            [
              -56.1689,
              -6.8992
            ],
            [
              -56.1652,
              -6.8972
            ],
            [
              -56.1578,
              -6.8912
            ],
            [
              -56.1569,
              -6.8885
            ],
            [
              -56.1573,
              -6.8806
            ],
            [
              -56.1557,
              -6.8771
            ],
            [
              -56.1399,
              -6.8712
            ],
            [
              -56.1386,
              -6.8684
            ],
            [
              -56.1384,
              -6.8639
            ],
            [
              -56.1415,
              -6.8514
            ],
            [
              -56.142,
              -6.8391
            ],
            [
              -56.1414,
              -6.8262
            ],
            [
              -56.1435,
              -6.8183
            ],
            [
              -56.1479,
              -6.811
            ],
            [
              -56.1511,
              -6.8066
            ],
            [
              -56.1544,
              -6.8005
            ],
            [
              -56.1537,
              -6.7959
            ],
            [
              -56.1515,
              -6.7919
            ],
            [
              -56.1474,
              -6.7904
            ],
            [
              -56.1449,
              -6.7907
            ],
            [
              -56.1418,
              -6.7885
            ],
            [
              -56.1392,
              -6.7841
            ],
            [
              -56.1374,
              -6.7799
            ],
            [
              -56.1302,
              -6.7705
            ],
            [
              -56.1292,
              -6.7673
            ],
            [
              -56.1309,
              -6.7632
            ],
            [
              -56.1375,
              -6.7549
            ],
            [
              -56.143,
              -6.7504
            ],
            [
              -56.1449,
              -6.7461
            ],
            [
              -56.1465,
              -6.741
            ],
            [
              -56.1478,
              -6.7343
            ],
            [
              -56.148,
              -6.73
            ],
            [
              -56.1476,
              -6.7267
            ],
            [
              -56.1465,
              -6.7224
            ],
            [
              -56.1449,
              -6.7188
            ],
            [
              -56.1423,
              -6.7157
            ],
            [
              -56.1381,
              -6.7137
            ],
            [
              -56.1312,
              -6.7125
            ],
            [
              -56.1233,
              -6.7138
            ],
            [
              -56.1194,
              -6.7162
            ],
            [
              -56.1137,
              -6.7167
            ],
            [
              -56.1093,
              -6.7125
            ],
            [
              -56.1106,
              -6.71
            ],
            [
              -56.1146,
              -6.7053
            ],
            [
              -56.1159,
              -6.7007
            ],
            [
              -56.113,
              -6.694
            ],
            [
              -56.1093,
              -6.6893
            ],
            [
              -56.1065,
              -6.6833
            ],
            [
              -56.1035,
              -6.675
            ],
            [
              -56.1013,
              -6.6722
            ],
            [
              -56.0965,
              -6.6713
            ],
            [
              -56.0933,
              -6.6743
            ],
            [
              -56.093,
              -6.6815
            ],
            [
              -56.0923,
              -6.6852
            ],
            [
              -56.0868,
              -6.6849
            ],
            [
              -56.0824,
              -6.6819
            ],
            [
              -56.0775,
              -6.6767
            ],
            [
              -56.0673,
              -6.663
            ],
            [
              -56.0638,
              -6.6558
            ],
            [
              -56.0632,
              -6.6528
            ],
            [
              -56.0638,
              -6.65
            ],
            [
              -56.073,
              -6.6278
            ],
            [
              -56.0746,
              -6.6224
            ],
            [
              -56.0742,
              -6.6196
            ],
            [
              -56.0703,
              -6.611
            ],
            [
              -56.0694,
              -6.6056
            ],
            [
              -56.0666,
              -6.6023
            ],
            [
              -56.0628,
              -6.6011
            ],
            [
              -56.0584,
              -6.6007
            ],
            [
              -56.0572,
              -6.5999
            ],
            [
              -56.0588,
              -6.5959
            ],
            [
              -56.0588,
              -6.594
            ],
            [
              -56.0557,
              -6.5918
            ],
            [
              -56.0504,
              -6.5903
            ],
            [
              -56.047,
              -6.5902
            ],
            [
              -56.0314,
              -6.5926
            ],
            [
              -56.0262,
              -6.5939
            ],
            [
              -56.011,
              -6.6009
            ],
            [
              -56.0075,
              -6.6008
            ],
            [
              -56.0044,
              -6.5994
            ],
            [
              -56.0004,
              -6.595
            ],
            [
              -55.9991,
              -6.5922
            ],
            [
              -55.9972,
              -6.584
            ],
            [
              -55.9967,
              -6.5713
            ],
            [
              -55.996,
              -6.5686
            ],
            [
              -55.9882,
              -6.5663
            ],
            [
              -55.9866,
              -6.5669
            ],
            [
              -55.9792,
              -6.5677
            ],
            [
              -55.9726,
              -6.5676
            ],
            [
              -55.9622,
              -6.5629
            ],
            [
              -55.9592,
              -6.5623
            ],
            [
              -55.9553,
              -6.563
            ],
            [
              -55.9488,
              -6.5623
            ],
            [
              -55.9474,
              -6.5606
            ],
            [
              -55.9489,
              -6.5555
            ],
            [
              -55.9463,
              -6.5479
            ],
            [
              -55.9428,
              -6.5451
            ],
            [
              -55.9374,
              -6.5437
            ],
            [
              -55.9341,
              -6.5423
            ],
            [
              -55.9294,
              -6.5416
            ],
            [
              -55.9239,
              -6.539
            ],
            [
              -55.921,
              -6.536
            ],
            [
              -55.9188,
              -6.533
            ],
            [
              -55.9175,
              -6.5293
            ],
            [
              -55.916,
              -6.5269
            ],
            [
              -55.9143,
              -6.5257
            ],
            [
              -55.9088,
              -6.5272
            ],
            [
              -55.9018,
              -6.5342
            ],
            [
              -55.8982,
              -6.5357
            ],
            [
              -55.8945,
              -6.5365
            ],
            [
              -55.8909,
              -6.5365
            ],
            [
              -55.8889,
              -6.5345
            ],
            [
              -55.8879,
              -6.5317
            ],
            [
              -55.8857,
              -6.5308
            ],
            [
              -55.8825,
              -6.5304
            ],
            [
              -55.8778,
              -6.5279
            ],
            [
              -55.8758,
              -6.5194
            ],
            [
              -55.8744,
              -6.5171
            ],
            [
              -55.8702,
              -6.5135
            ],
            [
              -55.869,
              -6.5114
            ],
            [
              -55.8655,
              -6.5021
            ],
            [
              -55.8627,
              -6.4972
            ],
            [
              -55.8562,
              -6.4878
            ],
            [
              -55.8532,
              -6.4846
            ],
            [
              -55.8516,
              -6.4832
            ],
            [
              -55.8492,
              -6.4828
            ],
            [
              -55.8438,
              -6.4837
            ],
            [
              -55.8348,
              -6.484
            ],
            [
              -55.8298,
              -6.4816
            ],
            [
              -55.8235,
              -6.4752
            ],
            [
              -55.8179,
              -6.4711
            ],
            [
              -55.8125,
              -6.466
            ],
            [
              -55.81,
              -6.4597
            ],
            [
              -55.8023,
              -6.4459
            ],
            [
              -55.7978,
              -6.4435
            ],
            [
              -55.7943,
              -6.4435
            ],
            [
              -55.7883,
              -6.4408
            ],
            [
              -55.7864,
              -6.4378
            ],
            [
              -55.7817,
              -6.4341
            ],
            [
              -55.7749,
              -6.4307
            ],
            [
              -55.7703,
              -6.4274
            ],
            [
              -55.7655,
              -6.4207
            ],
            [
              -55.7648,
              -6.4134
            ],
            [
              -55.7661,
              -6.4052
            ],
            [
              -55.7686,
              -6.3936
            ],
            [
              -55.7736,
              -6.3828
            ],
            [
              -55.7738,
              -6.3712
            ],
            [
              -55.7759,
              -6.3666
            ],
            [
              -55.7795,
              -6.3618
            ],
            [
              -55.7813,
              -6.3577
            ],
            [
              -55.7805,
              -6.3529
            ],
            [
              -55.7774,
              -6.351
            ],
            [
              -55.7707,
              -6.3497
            ],
            [
              -55.7625,
              -6.3396
            ],
            [
              -55.7614,
              -6.3313
            ],
            [
              -55.7593,
              -6.3278
            ],
            [
              -55.7554,
              -6.3281
            ],
            [
              -55.7508,
              -6.3274
            ],
            [
              -55.7416,
              -6.3287
            ],
            [
              -55.7394,
              -6.3222
            ],
            [
              -55.7395,
              -6.3171
            ],
            [
              -55.7402,
              -6.3131
            ],
            [
              -55.7481,
              -6.3094
            ],
            [
              -55.7526,
              -6.3022
            ],
            [
              -55.7584,
              -6.2941
            ],
            [
              -55.7596,
              -6.2908
            ],
            [
              -55.7603,
              -6.2858
            ],
            [
              -55.7598,
              -6.2818
            ],
            [
              -55.7567,
              -6.2799
            ],
            [
              -55.7449,
              -6.2843
            ],
            [
              -55.7378,
              -6.2881
            ],
            [
              -55.7308,
              -6.2898
            ],
            [
              -55.7199,
              -6.2947
            ],
            [
              -55.7093,
              -6.3018
            ],
            [
              -55.7049,
              -6.3055
            ],
            [
              -55.705,
              -6.3078
            ],
            [
              -55.7158,
              -6.3153
            ],
            [
              -55.7151,
              -6.3186
            ],
            [
              -55.7127,
              -6.3238
            ],
            [
              -55.7061,
              -6.3338
            ],
            [
              -55.6963,
              -6.3458
            ],
            [
              -55.6769,
              -6.3607
            ],
            [
              -55.672,
              -6.3632
            ],
            [
              -55.6676,
              -6.3675
            ],
            [
              -55.659,
              -6.379
            ],
            [
              -55.6482,
              -6.3832
            ],
            [
              -55.6355,
              -6.3902
            ],
            [
              -55.6311,
              -6.3875
            ],
            [
              -55.628,
              -6.3843
            ],
            [
              -55.6244,
              -6.3837
            ],
            [
              -55.6214,
              -6.3842
            ],
            [
              -55.6201,
              -6.386
            ],
            [
              -55.6179,
              -6.3864
            ],
            [
              -55.6169,
              -6.3891
            ],
            [
              -55.6172,
              -6.3923
            ],
            [
              -55.6152,
              -6.3925
            ],
            [
              -55.6137,
              -6.3921
            ],
            [
              -55.6116,
              -6.3927
            ],
            [
              -55.6059,
              -6.3911
            ],
            [
              -55.5934,
              -6.3864
            ],
            [
              -55.5872,
              -6.3892
            ],
            [
              -55.5838,
              -6.388
            ],
            [
              -55.5792,
              -6.3904
            ],
            [
              -55.5769,
              -6.3926
            ],
            [
              -55.5734,
              -6.3916
            ],
            [
              -55.5701,
              -6.3921
            ],
            [
              -55.5667,
              -6.3932
            ],
            [
              -55.5633,
              -6.3931
            ],
            [
              -55.5497,
              -6.4015
            ],
            [
              -55.544,
              -6.4043
            ],
            [
              -55.5384,
              -6.4046
            ],
            [
              -55.5364,
              -6.4038
            ],
            [
              -55.5337,
              -6.4065
            ],
            [
              -55.5294,
              -6.4093
            ],
            [
              -55.5264,
              -6.4076
            ],
            [
              -55.5233,
              -6.4046
            ],
            [
              -55.5219,
              -6.4038
            ],
            [
              -55.5194,
              -6.4038
            ],
            [
              -55.5121,
              -6.407
            ],
            [
              -55.5092,
              -6.4103
            ],
            [
              -55.5099,
              -6.4115
            ],
            [
              -55.5086,
              -6.4143
            ],
            [
              -55.5082,
              -6.4185
            ],
            [
              -55.5077,
              -6.4202
            ],
            [
              -55.5045,
              -6.4203
            ],
            [
              -55.5045,
              -6.4249
            ],
            [
              -55.5016,
              -6.4279
            ],
            [
              -55.5005,
              -6.4268
            ],
            [
              -55.4997,
              -6.4231
            ],
            [
              -55.498,
              -6.4226
            ],
            [
              -55.4973,
              -6.4248
            ],
            [
              -55.4965,
              -6.425
            ],
            [
              -55.4954,
              -6.4268
            ],
            [
              -55.4931,
              -6.4285
            ],
            [
              -55.4923,
              -6.4298
            ],
            [
              -55.4925,
              -6.4325
            ],
            [
              -55.4912,
              -6.4339
            ],
            [
              -55.4915,
              -6.4352
            ],
            [
              -55.49,
              -6.4362
            ],
            [
              -55.4894,
              -6.4373
            ],
            [
              -55.4892,
              -6.44
            ],
            [
              -55.4879,
              -6.4422
            ],
            [
              -55.4895,
              -6.4447
            ],
            [
              -55.4888,
              -6.447
            ],
            [
              -55.4899,
              -6.4494
            ],
            [
              -55.49,
              -6.4517
            ],
            [
              -55.4887,
              -6.4516
            ],
            [
              -55.4864,
              -6.4527
            ],
            [
              -55.4845,
              -6.4553
            ],
            [
              -55.4804,
              -6.4561
            ],
            [
              -55.4789,
              -6.456
            ],
            [
              -55.4774,
              -6.4553
            ],
            [
              -55.4748,
              -6.4561
            ],
            [
              -55.4733,
              -6.4553
            ],
            [
              -55.4693,
              -6.4556
            ],
            [
              -55.4605,
              -6.4596
            ],
            [
              -55.4594,
              -6.4608
            ],
            [
              -55.4586,
              -6.4598
            ],
            [
              -55.4546,
              -6.4597
            ],
            [
              -55.4531,
              -6.4602
            ],
            [
              -55.4488,
              -6.4654
            ],
            [
              -55.4466,
              -6.4665
            ],
            [
              -55.4444,
              -6.4666
            ],
            [
              -55.4438,
              -6.4652
            ],
            [
              -55.4426,
              -6.464
            ],
            [
              -55.4388,
              -6.4661
            ],
            [
              -55.4377,
              -6.4657
            ],
            [
              -55.4349,
              -6.466
            ],
            [
              -55.433,
              -6.464
            ],
            [
              -55.4321,
              -6.464
            ],
            [
              -55.4304,
              -6.4652
            ],
            [
              -55.4253,
              -6.4662
            ],
            [
              -55.4228,
              -6.4686
            ],
            [
              -55.4175,
              -6.4709
            ],
            [
              -55.4166,
              -6.472
            ],
            [
              -55.415,
              -6.4716
            ],
            [
              -55.4137,
              -6.4743
            ],
            [
              -55.411,
              -6.4765
            ],
            [
              -55.4067,
              -6.4837
            ],
            [
              -55.4029,
              -6.4859
            ],
            [
              -55.4017,
              -6.4872
            ],
            [
              -55.3994,
              -6.4877
            ],
            [
              -55.3974,
              -6.4896
            ],
            [
              -55.3958,
              -6.49
            ],
            [
              -55.3878,
              -6.495
            ],
            [
              -55.386,
              -6.4953
            ],
            [
              -55.3835,
              -6.495
            ],
            [
              -55.3778,
              -6.4962
            ],
            [
              -55.3751,
              -6.4982
            ],
            [
              -55.374,
              -6.5004
            ],
            [
              -55.3745,
              -6.5009
            ],
            [
              -55.3735,
              -6.5034
            ],
            [
              -55.3736,
              -6.5066
            ],
            [
              -55.371,
              -6.5096
            ],
            [
              -55.3699,
              -6.5104
            ],
            [
              -55.3677,
              -6.5111
            ],
            [
              -55.3662,
              -6.5141
            ],
            [
              -55.3653,
              -6.5149
            ],
            [
              -55.3623,
              -6.5159
            ],
            [
              -55.3618,
              -6.5171
            ],
            [
              -55.3595,
              -6.5193
            ],
            [
              -55.3563,
              -6.5189
            ],
            [
              -55.352,
              -6.5203
            ],
            [
              -55.3505,
              -6.5217
            ],
            [
              -55.3473,
              -6.5226
            ],
            [
              -55.3456,
              -6.5251
            ],
            [
              -55.3425,
              -6.5266
            ],
            [
              -55.3391,
              -6.5294
            ],
            [
              -55.3344,
              -6.5325
            ],
            [
              -55.3333,
              -6.5342
            ],
            [
              -55.331,
              -6.5358
            ],
            [
              -55.3218,
              -6.5497
            ],
            [
              -55.3192,
              -6.551
            ],
            [
              -55.3141,
              -6.5523
            ],
            [
              -55.3118,
              -6.5535
            ],
            [
              -55.3094,
              -6.5561
            ],
            [
              -55.306,
              -6.5667
            ],
            [
              -55.2995,
              -6.5775
            ],
            [
              -55.2935,
              -6.5804
            ],
            [
              -55.2888,
              -6.5814
            ],
            [
              -55.285,
              -6.5799
            ],
            [
              -55.2831,
              -6.5822
            ],
            [
              -55.2832,
              -6.5886
            ],
            [
              -55.2821,
              -6.5923
            ],
            [
              -55.2795,
              -6.5972
            ],
            [
              -55.2798,
              -6.6038
            ],
            [
              -55.2794,
              -6.6071
            ],
            [
              -55.2762,
              -6.6187
            ],
            [
              -55.2747,
              -6.6207
            ],
            [
              -55.2637,
              -6.6279
            ],
            [
              -55.2618,
              -6.6301
            ],
            [
              -55.2605,
              -6.636
            ],
            [
              -55.258,
              -6.6426
            ],
            [
              -55.2538,
              -6.6463
            ],
            [
              -55.2503,
              -6.6483
            ],
            [
              -55.2483,
              -6.6478
            ],
            [
              -55.2454,
              -6.6464
            ],
            [
              -55.2399,
              -6.6425
            ],
            [
              -55.2355,
              -6.6419
            ],
            [
              -55.2314,
              -6.6438
            ],
            [
              -55.226,
              -6.6407
            ],
            [
              -55.2206,
              -6.6419
            ],
            [
              -55.2172,
              -6.6413
            ],
            [
              -55.2136,
              -6.6423
            ],
            [
              -55.2121,
              -6.6459
            ],
            [
              -55.2122,
              -6.6492
            ],
            [
              -55.2115,
              -6.6531
            ],
            [
              -55.2119,
              -6.6617
            ],
            [
              -55.2112,
              -6.6637
            ],
            [
              -55.2098,
              -6.6651
            ],
            [
              -55.2071,
              -6.6734
            ],
            [
              -55.2069,
              -6.6837
            ],
            [
              -55.206,
              -6.6869
            ],
            [
              -55.2048,
              -6.688
            ],
            [
              -55.2022,
              -6.689
            ],
            [
              -55.2002,
              -6.689
            ],
            [
              -55.195,
              -6.6931
            ],
            [
              -55.1918,
              -6.694
            ],
            [
              -55.1903,
              -6.6949
            ],
            [
              -55.1904,
              -6.7005
            ],
            [
              -55.1921,
              -6.7033
            ],
            [
              -55.1926,
              -6.7056
            ],
            [
              -55.1921,
              -6.7105
            ],
            [
              -55.1911,
              -6.7129
            ],
            [
              -55.1917,
              -6.7168
            ],
            [
              -55.191,
              -6.7197
            ],
            [
              -55.193,
              -6.73
            ],
            [
              -55.1927,
              -6.7324
            ],
            [
              -55.1966,
              -6.7439
            ],
            [
              -55.1971,
              -6.7465
            ],
            [
              -55.1969,
              -6.7501
            ],
            [
              -55.1956,
              -6.7548
            ],
            [
              -55.1959,
              -6.7577
            ],
            [
              -55.1984,
              -6.7641
            ],
            [
              -55.2028,
              -6.7703
            ],
            [
              -55.2041,
              -6.7737
            ],
            [
              -55.1967,
              -6.7749
            ],
            [
              -55.1928,
              -6.7744
            ],
            [
              -55.1907,
              -6.7723
            ],
            [
              -55.1904,
              -6.7678
            ],
            [
              -55.1876,
              -6.7605
            ],
            [
              -55.1838,
              -6.7561
            ],
            [
              -55.1782,
              -6.753
            ],
            [
              -55.175,
              -6.7467
            ],
            [
              -55.1742,
              -6.7424
            ],
            [
              -55.1682,
              -6.737
            ],
            [
              -55.1675,
              -6.7331
            ],
            [
              -55.1712,
              -6.7318
            ],
            [
              -55.1741,
              -6.7282
            ],
            [
              -55.1725,
              -6.7241
            ],
            [
              -55.1745,
              -6.7153
            ],
            [
              -55.1726,
              -6.7104
            ],
            [
              -55.1735,
              -6.7066
            ],
            [
              -55.1696,
              -6.6997
            ],
            [
              -55.1674,
              -6.6916
            ],
            [
              -55.1673,
              -6.6854
            ],
            [
              -55.1742,
              -6.6811
            ],
            [
              -55.1782,
              -6.6751
            ],
            [
              -55.1812,
              -6.673
            ],
            [
              -55.1828,
              -6.6694
            ],
            [
              -55.1863,
              -6.6643
            ],
            [
              -55.1876,
              -6.6615
            ],
            [
              -55.1882,
              -6.6587
            ],
            [
              -55.1878,
              -6.6557
            ],
            [
              -55.1854,
              -6.6525
            ],
            [
              -55.1818,
              -6.6505
            ],
            [
              -55.1788,
              -6.6483
            ],
            [
              -55.1775,
              -6.6453
            ],
            [
              -55.1781,
              -6.6402
            ],
            [
              -55.178,
              -6.6358
            ],
            [
              -55.1752,
              -6.6268
            ],
            [
              -55.1766,
              -6.6241
            ],
            [
              -55.1812,
              -6.6221
            ],
            [
              -55.1821,
              -6.6184
            ],
            [
              -55.184,
              -6.6162
            ],
            [
              -55.1834,
              -6.6133
            ],
            [
              -55.1808,
              -6.6101
            ],
            [
              -55.1839,
              -6.6057
            ],
            [
              -55.1872,
              -6.6069
            ],
            [
              -55.1901,
              -6.6087
            ],
            [
              -55.1939,
              -6.6056
            ],
            [
              -55.1955,
              -6.6033
            ],
            [
              -55.1954,
              -6.5994
            ],
            [
              -55.1941,
              -6.5934
            ],
            [
              -55.1948,
              -6.5889
            ],
            [
              -55.1984,
              -6.5836
            ],
            [
              -55.1987,
              -6.5799
            ],
            [
              -55.1974,
              -6.5766
            ],
            [
              -55.1934,
              -6.5722
            ],
            [
              -55.1919,
              -6.5693
            ],
            [
              -55.1923,
              -6.5654
            ],
            [
              -55.191,
              -6.5615
            ],
            [
              -55.1921,
              -6.5572
            ],
            [
              -55.1911,
              -6.5515
            ],
            [
              -55.192,
              -6.5485
            ],
            [
              -55.1975,
              -6.5446
            ],
            [
              -55.1979,
              -6.5382
            ],
            [
              -55.1994,
              -6.5336
            ],
            [
              -55.2008,
              -6.5302
            ],
            [
              -55.2045,
              -6.5259
            ],
            [
              -55.208,
              -6.5246
            ],
            [
              -55.2115,
              -6.525
            ],
            [
              -55.2147,
              -6.5266
            ],
            [
              -55.2143,
              -6.5204
            ],
            [
              -55.212,
              -6.5177
            ],
            [
              -55.2112,
              -6.5143
            ],
            [
              -55.2159,
              -6.5079
            ],
            [
              -55.2169,
              -6.5039
            ],
            [
              -55.2171,
              -6.5004
            ],
            [
              -55.2233,
              -6.4917
            ],
            [
              -55.228,
              -6.4914
            ],
            [
              -55.2352,
              -6.4884
            ],
            [
              -55.2379,
              -6.4827
            ],
            [
              -55.2355,
              -6.4787
            ],
            [
              -55.2409,
              -6.4699
            ],
            [
              -55.2469,
              -6.461
            ],
            [
              -55.249,
              -6.4521
            ],
            [
              -55.2553,
              -6.4519
            ],
            [
              -55.2553,
              -6.4418
            ],
            [
              -55.2382,
              -6.4213
            ],
            [
              -55.2401,
              -6.418
            ],
            [
              -55.2459,
              -6.412
            ],
            [
              -55.248,
              -6.4035
            ],
            [
              -55.2446,
              -6.3949
            ],
            [
              -55.2518,
              -6.3889
            ],
            [
              -55.2463,
              -6.3776
            ],
            [
              -55.2469,
              -6.3664
            ],
            [
              -55.2426,
              -6.3555
            ],
            [
              -55.2528,
              -6.3543
            ],
            [
              -55.2538,
              -6.3445
            ],
            [
              -55.2636,
              -6.3369
            ],
            [
              -55.2787,
              -6.3345
            ],
            [
              -55.2819,
              -6.3305
            ],
            [
              -55.2895,
              -6.3273
            ],
            [
              -55.2961,
              -6.3184
            ],
            [
              -55.3024,
              -6.3135
            ],
            [
              -55.302,
              -6.3027
            ],
            [
              -55.3052,
              -6.2956
            ],
            [
              -55.3038,
              -6.2895
            ],
            [
              -55.3141,
              -6.2849
            ],
            [
              -55.3224,
              -6.2819
            ],
            [
              -55.3248,
              -6.2779
            ],
            [
              -55.3296,
              -6.2636
            ],
            [
              -55.3353,
              -6.2492
            ],
            [
              -55.3369,
              -6.2213
            ],
            [
              -55.3389,
              -6.2166
            ],
            [
              -55.3377,
              -6.2092
            ],
            [
              -55.3318,
              -6.1977
            ],
            [
              -55.317,
              -6.1868
            ],
            [
              -55.3128,
              -6.1828
            ],
            [
              -55.3116,
              -6.1777
            ],
            [
              -55.3056,
              -6.1777
            ],
            [
              -55.2953,
              -6.1745
            ],
            [
              -55.298,
              -6.1662
            ],
            [
              -55.2936,
              -6.1574
            ],
            [
              -55.2978,
              -6.1465
            ],
            [
              -55.3035,
              -6.1502
            ],
            [
              -55.3062,
              -6.1441
            ],
            [
              -55.3134,
              -6.1424
            ],
            [
              -55.3158,
              -6.1378
            ],
            [
              -55.3224,
              -6.1394
            ],
            [
              -55.3257,
              -6.1344
            ],
            [
              -55.3222,
              -6.1295
            ],
            [
              -55.3243,
              -6.1201
            ],
            [
              -55.3291,
              -6.1154
            ],
            [
              -55.3306,
              -6.1112
            ],
            [
              -55.3341,
              -6.1084
            ],
            [
              -55.3342,
              -6.1033
            ],
            [
              -55.339,
              -6.0965
            ],
            [
              -55.3378,
              -6.084
            ],
            [
              -55.3307,
              -6.074
            ],
            [
              -55.3279,
              -6.067
            ],
            [
              -55.3283,
              -6.0617
            ],
            [
              -55.327,
              -6.053
            ],
            [
              -55.3214,
              -6.0415
            ],
            [
              -55.3096,
              -6.032
            ],
            [
              -55.3056,
              -6.0227
            ],
            [
              -55.2964,
              -6.0233
            ],
            [
              -55.2928,
              -6.0186
            ],
            [
              -55.2894,
              -6.0224
            ],
            [
              -55.291,
              -6.0355
            ],
            [
              -55.285,
              -6.0418
            ],
            [
              -55.2863,
              -6.0568
            ],
            [
              -55.2691,
              -6.0656
            ],
            [
              -55.2724,
              -6.0714
            ],
            [
              -55.2643,
              -6.0777
            ],
            [
              -55.2605,
              -6.0744
            ],
            [
              -55.2501,
              -6.0796
            ],
            [
              -55.2327,
              -6.0778
            ],
            [
              -55.2188,
              -6.0808
            ],
            [
              -55.2213,
              -6.0935
            ],
            [
              -55.2092,
              -6.0888
            ],
            [
              -55.1998,
              -6.0974
            ],
            [
              -55.191,
              -6.0933
            ],
            [
              -55.1857,
              -6.0943
            ],
            [
              -55.1795,
              -6.0917
            ],
            [
              -55.1641,
              -6.095
            ],
            [
              -55.1648,
              -6.0888
            ],
            [
              -55.1624,
              -6.0854
            ],
            [
              -55.1665,
              -6.0802
            ],
            [
              -55.1576,
              -6.0625
            ],
            [
              -55.159,
              -6.0592
            ],
            [
              -55.136,
              -6.0503
            ],
            [
              -55.1332,
              -6.0392
            ],
            [
              -55.121,
              -6.0334
            ],
            [
              -55.1026,
              -6.0304
            ],
            [
              -55.1013,
              -6.0252
            ],
            [
              -55.0894,
              -6.0192
            ],
            [
              -55.0706,
              -6.0088
            ],
            [
              -55.0543,
              -6.012
            ],
            [
              -55.0553,
              -6.0216
            ],
            [
              -55.0475,
              -6.0224
            ],
            [
              -55.045,
              -6.0153
            ],
            [
              -55.044,
              -6.0112
            ],
            [
              -55.0396,
              -6.0057
            ],
            [
              -55.0305,
              -6.0004
            ],
            [
              -55.0298,
              -5.9972
            ],
            [
              -55.0322,
              -5.9944
            ],
            [
              -55.0326,
              -5.9805
            ],
            [
              -55.0351,
              -5.9772
            ],
            [
              -55.0337,
              -5.9744
            ],
            [
              -55.0305,
              -5.9731
            ],
            [
              -55.0296,
              -5.9702
            ],
            [
              -55.0302,
              -5.966
            ],
            [
              -55.03,
              -5.9619
            ],
            [
              -55.0282,
              -5.9592
            ],
            [
              -55.0281,
              -5.9552
            ],
            [
              -55.0308,
              -5.9504
            ],
            [
              -55.0308,
              -5.9465
            ],
            [
              -55.0243,
              -5.9362
            ],
            [
              -55.0236,
              -5.9306
            ],
            [
              -55.0269,
              -5.9303
            ],
            [
              -55.0301,
              -5.9308
            ],
            [
              -55.0328,
              -5.9285
            ],
            [
              -55.04,
              -5.9235
            ],
            [
              -55.0435,
              -5.9233
            ],
            [
              -55.0474,
              -5.9245
            ],
            [
              -55.0507,
              -5.9221
            ],
            [
              -55.0522,
              -5.9158
            ],
            [
              -55.0561,
              -5.9108
            ],
            [
              -55.0593,
              -5.903
            ],
            [
              -55.0613,
              -5.9001
            ],
            [
              -55.0638,
              -5.8979
            ],
            [
              -55.0658,
              -5.8941
            ],
            [
              -55.073,
              -5.889
            ],
            [
              -55.0758,
              -5.8863
            ],
            [
              -55.0771,
              -5.8837
            ],
            [
              -55.079,
              -5.8773
            ],
            [
              -55.0752,
              -5.8724
            ],
            [
              -55.0771,
              -5.8697
            ],
            [
              -55.0805,
              -5.8633
            ],
            [
              -55.0816,
              -5.8591
            ],
            [
              -55.0848,
              -5.8518
            ],
            [
              -55.0854,
              -5.8488
            ],
            [
              -55.0875,
              -5.8461
            ],
            [
              -55.0911,
              -5.8446
            ],
            [
              -55.0929,
              -5.8413
            ],
            [
              -55.0887,
              -5.8366
            ],
            [
              -55.0884,
              -5.8282
            ],
            [
              -55.0897,
              -5.8251
            ],
            [
              -55.094,
              -5.8274
            ],
            [
              -55.0975,
              -5.825
            ],
            [
              -55.0987,
              -5.8214
            ],
            [
              -55.1049,
              -5.8222
            ],
            [
              -55.1133,
              -5.825
            ],
            [
              -55.1157,
              -5.823
            ],
            [
              -55.118,
              -5.82
            ],
            [
              -55.1221,
              -5.8185
            ],
            [
              -55.1246,
              -5.8156
            ],
            [
              -55.1276,
              -5.808
            ],
            [
              -55.1304,
              -5.8058
            ],
            [
              -55.1336,
              -5.804
            ],
            [
              -55.1422,
              -5.7946
            ],
            [
              -55.1506,
              -5.7968
            ],
            [
              -55.1531,
              -5.7939
            ],
            [
              -55.1569,
              -5.7937
            ],
            [
              -55.1598,
              -5.7858
            ],
            [
              -55.1587,
              -5.7746
            ],
            [
              -55.1589,
              -5.7709
            ],
            [
              -55.1604,
              -5.7668
            ],
            [
              -55.1631,
              -5.7653
            ],
            [
              -55.1717,
              -5.7651
            ],
            [
              -55.1751,
              -5.7633
            ],
            [
              -55.1778,
              -5.7647
            ],
            [
              -55.1811,
              -5.7643
            ],
            [
              -55.1855,
              -5.7576
            ],
            [
              -55.1895,
              -5.7581
            ],
            [
              -55.1939,
              -5.7572
            ],
            [
              -55.197,
              -5.7552
            ],
            [
              -55.2068,
              -5.7596
            ],
            [
              -55.2079,
              -5.7564
            ],
            [
              -55.2095,
              -5.7535
            ],
            [
              -55.2091,
              -5.7501
            ],
            [
              -55.2035,
              -5.7477
            ],
            [
              -55.2006,
              -5.7453
            ],
            [
              -55.203,
              -5.7432
            ],
            [
              -55.2071,
              -5.7415
            ],
            [
              -55.2097,
              -5.7399
            ],
            [
              -55.212,
              -5.7377
            ],
            [
              -55.2133,
              -5.734
            ],
            [
              -55.2139,
              -5.7294
            ],
            [
              -55.2115,
              -5.7231
            ],
            [
              -55.2135,
              -5.7102
            ],
            [
              -55.2096,
              -5.7053
            ],
            [
              -55.2134,
              -5.697
            ],
            [
              -55.217,
              -5.697
            ],
            [
              -55.2177,
              -5.701
            ],
            [
              -55.2211,
              -5.7013
            ],
            [
              -55.2236,
              -5.6936
            ],
            [
              -55.2268,
              -5.6903
            ],
            [
              -55.2274,
              -5.6864
            ],
            [
              -55.2298,
              -5.6841
            ],
            [
              -55.2369,
              -5.6845
            ],
            [
              -55.2401,
              -5.6829
            ],
            [
              -55.2393,
              -5.6799
            ],
            [
              -55.2415,
              -5.6748
            ],
            [
              -55.2419,
              -5.6697
            ],
            [
              -55.2429,
              -5.665
            ],
            [
              -55.2441,
              -5.6618
            ],
            [
              -55.2569,
              -5.6483
            ],
            [
              -55.2613,
              -5.6405
            ],
            [
              -55.2594,
              -5.638
            ],
            [
              -55.2566,
              -5.6362
            ],
            [
              -55.2588,
              -5.6339
            ],
            [
              -55.261,
              -5.6302
            ],
            [
              -55.2649,
              -5.6209
            ],
            [
              -55.2664,
              -5.6182
            ],
            [
              -55.2692,
              -5.6157
            ],
            [
              -55.2754,
              -5.6127
            ],
            [
              -55.2808,
              -5.6083
            ],
            [
              -55.2828,
              -5.605
            ],
            [
              -55.2832,
              -5.6021
            ],
            [
              -55.2811,
              -5.5992
            ],
            [
              -55.2781,
              -5.6014
            ],
            [
              -55.2763,
              -5.6039
            ],
            [
              -55.2735,
              -5.6059
            ],
            [
              -55.2698,
              -5.6073
            ],
            [
              -55.2687,
              -5.6038
            ],
            [
              -55.2691,
              -5.6008
            ],
            [
              -55.2688,
              -5.5975
            ],
            [
              -55.2706,
              -5.5929
            ],
            [
              -55.2725,
              -5.5905
            ],
            [
              -55.2739,
              -5.5875
            ],
            [
              -55.2742,
              -5.5821
            ],
            [
              -55.2819,
              -5.5805
            ],
            [
              -55.2868,
              -5.5749
            ],
            [
              -55.2876,
              -5.5693
            ],
            [
              -55.2845,
              -5.5681
            ],
            [
              -55.2809,
              -5.568
            ],
            [
              -55.278,
              -5.5671
            ],
            [
              -55.276,
              -5.5638
            ],
            [
              -55.274,
              -5.5589
            ],
            [
              -55.2719,
              -5.5526
            ],
            [
              -55.2716,
              -5.5489
            ],
            [
              -55.2731,
              -5.5463
            ],
            [
              -55.2749,
              -5.5369
            ],
            [
              -55.2752,
              -5.533
            ],
            [
              -55.2782,
              -5.5294
            ],
            [
              -55.2797,
              -5.5242
            ],
            [
              -55.2801,
              -5.521
            ],
            [
              -55.2795,
              -5.5179
            ],
            [
              -55.2799,
              -5.5156
            ],
            [
              -55.4815,
              -5.515
            ],
            [
              -55.5005,
              -5.5149
            ],
            [
              -55.5018,
              -5.5147
            ],
            [
              -55.5333,
              -5.5143
            ],
            [
              -55.5661,
              -5.5144
            ],
            [
              -55.573,
              -5.5108
            ],
            [
              -55.5796,
              -5.5099
            ],
            [
              -55.5833,
              -5.5108
            ],
            [
              -55.5896,
              -5.5139
            ],
            [
              -55.596,
              -5.5141
            ],
            [
              -55.5974,
              -5.5164
            ],
            [
              -55.598,
              -5.5192
            ],
            [
              -55.6009,
              -5.521
            ],
            [
              -55.6053,
              -5.522
            ],
            [
              -55.613,
              -5.5289
            ],
            [
              -55.6191,
              -5.5322
            ],
            [
              -55.6254,
              -5.5415
            ],
            [
              -55.6323,
              -5.5465
            ],
            [
              -55.6368,
              -5.5467
            ],
            [
              -55.6445,
              -5.5481
            ],
            [
              -55.6454,
              -5.5514
            ],
            [
              -55.6427,
              -5.5519
            ],
            [
              -55.6415,
              -5.5534
            ],
            [
              -55.6429,
              -5.5548
            ],
            [
              -55.6489,
              -5.5582
            ],
            [
              -55.6525,
              -5.5579
            ],
            [
              -55.6558,
              -5.5601
            ],
            [
              -55.6567,
              -5.5641
            ],
            [
              -55.6583,
              -5.5668
            ],
            [
              -55.66,
              -5.5682
            ],
            [
              -55.6726,
              -5.5718
            ],
            [
              -55.675,
              -5.5719
            ],
            [
              -55.678,
              -5.573
            ],
            [
              -55.6793,
              -5.576
            ],
            [
              -55.6836,
              -5.5795
            ],
            [
              -55.6906,
              -5.5812
            ],
            [
              -55.6994,
              -5.5822
            ],
            [
              -55.7041,
              -5.5824
            ],
            [
              -55.7073,
              -5.5765
            ],
            [
              -55.7126,
              -5.5734
            ],
            [
              -55.7125,
              -5.5682
            ],
            [
              -55.7108,
              -5.565
            ],
            [
              -55.7112,
              -5.5595
            ],
            [
              -55.7134,
              -5.5567
            ],
            [
              -55.7142,
              -5.5513
            ],
            [
              -55.7128,
              -5.5436
            ],
            [
              -55.714,
              -5.5408
            ],
            [
              -55.7184,
              -5.5389
            ],
            [
              -55.7213,
              -5.5364
            ],
            [
              -55.7218,
              -5.5334
            ],
            [
              -55.7237,
              -5.5285
            ],
            [
              -55.727,
              -5.5267
            ],
            [
              -55.7313,
              -5.5253
            ],
            [
              -55.731,
              -5.516
            ],
            [
              -55.7336,
              -5.5054
            ],
            [
              -55.7333,
              -5.5008
            ],
            [
              -55.7444,
              -5.4942
            ],
            [
              -55.7478,
              -5.4916
            ],
            [
              -55.7495,
              -5.4886
            ],
            [
              -55.7524,
              -5.4872
            ],
            [
              -55.7566,
              -5.488
            ],
            [
              -55.761,
              -5.4861
            ],
            [
              -55.7629,
              -5.4829
            ],
            [
              -55.7668,
              -5.4787
            ],
            [
              -55.7692,
              -5.4809
            ],
            [
              -55.7722,
              -5.4854
            ],
            [
              -55.7749,
              -5.4864
            ],
            [
              -55.7822,
              -5.4828
            ],
            [
              -55.7879,
              -5.4832
            ],
            [
              -55.7898,
              -5.4759
            ],
            [
              -55.7935,
              -5.477
            ],
            [
              -55.7985,
              -5.4749
            ],
            [
              -55.8022,
              -5.469
            ],
            [
              -55.8041,
              -5.4667
            ],
            [
              -55.8037,
              -5.4598
            ],
            [
              -55.805,
              -5.4595
            ],
            [
              -55.8122,
              -5.4546
            ],
            [
              -55.8165,
              -5.4536
            ],
            [
              -55.819,
              -5.4558
            ],
            [
              -55.8202,
              -5.4588
            ],
            [
              -55.8223,
              -5.4612
            ],
            [
              -55.824,
              -5.4595
            ],
            [
              -55.8266,
              -5.4549
            ],
            [
              -55.8292,
              -5.4523
            ],
            [
              -55.8292,
              -5.4502
            ],
            [
              -55.8283,
              -5.448
            ],
            [
              -55.8322,
              -5.4475
            ],
            [
              -55.8347,
              -5.4461
            ],
            [
              -55.8377,
              -5.4468
            ],
            [
              -55.8425,
              -5.4417
            ],
            [
              -55.8429,
              -5.4395
            ],
            [
              -55.8402,
              -5.4336
            ],
            [
              -55.8439,
              -5.43
            ],
            [
              -55.8413,
              -5.4247
            ],
            [
              -55.8435,
              -5.4247
            ],
            [
              -55.8466,
              -5.4273
            ],
            [
              -55.8495,
              -5.4274
            ],
            [
              -55.8492,
              -5.4235
            ],
            [
              -55.8507,
              -5.4211
            ],
            [
              -55.8529,
              -5.4192
            ],
            [
              -55.8521,
              -5.4166
            ],
            [
              -55.8486,
              -5.4151
            ],
            [
              -55.8477,
              -5.4139
            ],
            [
              -55.8466,
              -5.4093
            ],
            [
              -55.8433,
              -5.4031
            ],
            [
              -55.8427,
              -5.401
            ],
            [
              -55.8385,
              -5.4012
            ],
            [
              -55.8386,
              -5.3993
            ],
            [
              -55.8412,
              -5.398
            ],
            [
              -55.8435,
              -5.3984
            ],
            [
              -55.8467,
              -5.3974
            ],
            [
              -55.8501,
              -5.397
            ],
            [
              -55.8541,
              -5.3989
            ],
            [
              -55.8609,
              -5.4046
            ],
            [
              -55.8649,
              -5.4032
            ],
            [
              -55.8684,
              -5.3999
            ],
            [
              -55.8717,
              -5.4003
            ],
            [
              -55.8729,
              -5.3976
            ],
            [
              -55.8758,
              -5.3981
            ],
            [
              -55.8788,
              -5.401
            ],
            [
              -55.8825,
              -5.4023
            ],
            [
              -55.8881,
              -5.4018
            ],
            [
              -55.8905,
              -5.4026
            ],
            [
              -55.8922,
              -5.4046
            ],
            [
              -55.8973,
              -5.4084
            ],
            [
              -55.9005,
              -5.4065
            ],
            [
              -55.9035,
              -5.4038
            ],
            [
              -55.9037,
              -5.4012
            ],
            [
              -55.9065,
              -5.3984
            ],
            [
              -55.9101,
              -5.3961
            ],
            [
              -55.912,
              -5.394
            ],
            [
              -55.9132,
              -5.3885
            ],
            [
              -55.9193,
              -5.3892
            ],
            [
              -55.9226,
              -5.389
            ],
            [
              -55.9254,
              -5.3855
            ],
            [
              -55.9263,
              -5.3795
            ],
            [
              -55.9278,
              -5.3747
            ],
            [
              -55.9307,
              -5.368
            ],
            [
              -55.9393,
              -5.3626
            ],
            [
              -55.9433,
              -5.3616
            ],
            [
              -55.9456,
              -5.3626
            ],
            [
              -55.9519,
              -5.364
            ],
            [
              -55.9548,
              -5.3625
            ],
            [
              -55.9583,
              -5.3639
            ],
            [
              -55.9657,
              -5.3719
            ],
            [
              -55.9687,
              -5.3745
            ],
            [
              -55.9795,
              -5.3756
            ],
            [
              -55.9823,
              -5.3772
            ],
            [
              -55.9862,
              -5.3833
            ],
            [
              -55.9859,
              -5.3924
            ],
            [
              -55.9804,
              -5.3953
            ],
            [
              -55.974,
              -5.3945
            ],
            [
              -55.9655,
              -5.4036
            ],
            [
              -55.958,
              -5.4129
            ],
            [
              -55.9471,
              -5.413
            ],
            [
              -55.949,
              -5.4223
            ],
            [
              -55.9447,
              -5.4282
            ],
            [
              -55.9317,
              -5.4349
            ],
            [
              -55.9275,
              -5.441
            ],
            [
              -55.9283,
              -5.4471
            ],
            [
              -55.9342,
              -5.4536
            ],
            [
              -55.9369,
              -5.4576
            ],
            [
              -55.9412,
              -5.4689
            ],
            [
              -55.9426,
              -5.4753
            ],
            [
              -55.94,
              -5.4836
            ],
            [
              -55.9371,
              -5.4903
            ],
            [
              -55.9376,
              -5.4962
            ],
            [
              -55.9393,
              -5.5029
            ],
            [
              -55.9333,
              -5.5051
            ],
            [
              -55.9273,
              -5.5081
            ],
            [
              -55.9276,
              -5.5116
            ],
            [
              -55.9311,
              -5.5146
            ],
            [
              -55.9341,
              -5.5206
            ],
            [
              -55.9342,
              -5.5238
            ],
            [
              -55.9362,
              -5.5278
            ],
            [
              -55.9418,
              -5.53
            ],
            [
              -55.9433,
              -5.5327
            ],
            [
              -55.9404,
              -5.5371
            ],
            [
              -55.9373,
              -5.5578
            ],
            [
              -55.9362,
              -5.5681
            ],
            [
              -55.9378,
              -5.5752
            ],
            [
              -55.9377,
              -5.586
            ],
            [
              -55.9417,
              -5.588
            ],
            [
              -55.9474,
              -5.5882
            ],
            [
              -55.9534,
              -5.5927
            ],
            [
              -55.9561,
              -5.5955
            ],
            [
              -55.961,
              -5.5989
            ],
            [
              -55.9608,
              -5.6005
            ],
            [
              -55.9581,
              -5.6031
            ],
            [
              -55.9572,
              -5.6067
            ],
            [
              -55.962,
              -5.6073
            ],
            [
              -55.9703,
              -5.6028
            ],
            [
              -55.9751,
              -5.602
            ],
            [
              -55.9797,
              -5.6025
            ],
            [
              -55.9855,
              -5.6063
            ],
            [
              -55.9839,
              -5.6094
            ],
            [
              -55.9776,
              -5.6162
            ],
            [
              -55.9815,
              -5.6173
            ],
            [
              -55.9859,
              -5.6175
            ],
            [
              -55.9899,
              -5.6186
            ],
            [
              -55.9941,
              -5.6176
            ],
            [
              -55.9974,
              -5.6157
            ],
            [
              -56.0031,
              -5.6203
            ],
            [
              -56.0102,
              -5.6111
            ],
            [
              -56.016,
              -5.6158
            ],
            [
              -56.0213,
              -5.6159
            ],
            [
              -56.0235,
              -5.618
            ],
            [
              -56.0245,
              -5.6215
            ],
            [
              -56.0208,
              -5.6281
            ],
            [
              -56.0183,
              -5.6355
            ],
            [
              -56.0165,
              -5.6356
            ],
            [
              -56.0126,
              -5.6396
            ],
            [
              -56.0095,
              -5.6442
            ],
            [
              -56.003,
              -5.6491
            ],
            [
              -55.9988,
              -5.6565
            ],
            [
              -55.9991,
              -5.663
            ],
            [
              -56.0057,
              -5.6633
            ],
            [
              -56.0097,
              -5.6649
            ],
            [
              -56.0084,
              -5.6697
            ],
            [
              -56.0106,
              -5.6742
            ],
            [
              -56.0157,
              -5.6721
            ],
            [
              -56.0242,
              -5.6757
            ],
            [
              -56.0305,
              -5.6738
            ],
            [
              -56.0373,
              -5.6742
            ],
            [
              -56.0379,
              -5.6772
            ],
            [
              -56.0417,
              -5.6787
            ],
            [
              -56.0474,
              -5.6764
            ],
            [
              -56.0532,
              -5.6726
            ],
            [
              -56.0631,
              -5.6701
            ],
            [
              -56.0628,
              -5.6672
            ],
            [
              -56.061,
              -5.6606
            ],
            [
              -56.0553,
              -5.6561
            ],
            [
              -56.0571,
              -5.6518
            ],
            [
              -56.0701,
              -5.6453
            ],
            [
              -56.0823,
              -5.6384
            ],
            [
              -56.0877,
              -5.6393
            ],
            [
              -56.092,
              -5.6359
            ],
            [
              -56.0986,
              -5.6253
            ],
            [
              -56.1048,
              -5.6241
            ],
            [
              -56.1206,
              -5.6193
            ],
            [
              -56.1231,
              -5.6208
            ],
            [
              -56.1232,
              -5.6234
            ],
            [
              -56.1202,
              -5.6299
            ],
            [
              -56.1214,
              -5.6366
            ],
            [
              -56.127,
              -5.6388
            ],
            [
              -56.13,
              -5.6432
            ],
            [
              -56.1402,
              -5.6389
            ],
            [
              -56.1515,
              -5.6341
            ],
            [
              -56.1608,
              -5.6267
            ],
            [
              -56.1657,
              -5.6241
            ],
            [
              -56.1712,
              -5.6225
            ],
            [
              -56.1783,
              -5.6223
            ],
            [
              -56.1926,
              -5.6144
            ],
            [
              -56.1963,
              -5.6147
            ],
            [
              -56.1995,
              -5.6186
            ],
            [
              -56.2057,
              -5.6216
            ],
            [
              -56.2063,
              -5.6172
            ],
            [
              -56.2106,
              -5.6132
            ],
            [
              -56.2162,
              -5.6164
            ],
            [
              -56.2167,
              -5.6186
            ],
            [
              -56.2193,
              -5.6221
            ],
            [
              -56.2232,
              -5.623
            ],
            [
              -56.2266,
              -5.6215
            ],
            [
              -56.237,
              -5.6191
            ],
            [
              -56.2473,
              -5.6137
            ],
            [
              -56.2548,
              -5.6143
            ],
            [
              -56.2587,
              -5.6103
            ],
            [
              -56.2644,
              -5.6087
            ],
            [
              -56.276,
              -5.6117
            ],
            [
              -56.2816,
              -5.6123
            ],
            [
              -56.2883,
              -5.6122
            ],
            [
              -56.295,
              -5.61
            ],
            [
              -56.2985,
              -5.6056
            ],
            [
              -56.3022,
              -5.606
            ],
            [
              -56.3122,
              -5.6125
            ],
            [
              -56.3171,
              -5.6126
            ],
            [
              -56.3171,
              -5.6061
            ],
            [
              -56.3178,
              -5.6011
            ],
            [
              -56.3218,
              -5.6013
            ],
            [
              -56.3274,
              -5.6003
            ],
            [
              -56.3337,
              -5.5985
            ],
            [
              -56.3428,
              -5.6048
            ],
            [
              -56.3489,
              -5.6034
            ],
            [
              -56.3524,
              -5.5997
            ],
            [
              -56.3565,
              -5.5914
            ],
            [
              -56.3612,
              -5.5868
            ],
            [
              -56.3682,
              -5.5857
            ],
            [
              -56.3704,
              -5.5885
            ],
            [
              -56.3735,
              -5.5961
            ],
            [
              -56.3764,
              -5.5997
            ],
            [
              -56.3769,
              -5.6029
            ],
            [
              -56.3829,
              -5.6072
            ],
            [
              -56.3902,
              -5.6056
            ],
            [
              -56.3959,
              -5.6017
            ],
            [
              -56.4019,
              -5.6044
            ],
            [
              -56.405,
              -5.61
            ],
            [
              -56.4081,
              -5.6177
            ],
            [
              -56.4096,
              -5.6271
            ],
            [
              -56.408,
              -5.6358
            ],
            [
              -56.4081,
              -5.6421
            ],
            [
              -56.4123,
              -5.6464
            ],
            [
              -56.421,
              -5.6438
            ],
            [
              -56.4288,
              -5.6407
            ],
            [
              -56.4325,
              -5.6397
            ],
            [
              -56.4353,
              -5.6425
            ],
            [
              -56.4382,
              -5.6443
            ],
            [
              -56.4493,
              -5.6441
            ],
            [
              -56.4513,
              -5.6424
            ],
            [
              -56.4504,
              -5.637
            ],
            [
              -56.4524,
              -5.6325
            ],
            [
              -56.4539,
              -5.6306
            ],
            [
              -56.4571,
              -5.6305
            ],
            [
              -56.459,
              -5.6282
            ],
            [
              -56.463,
              -5.6274
            ],
            [
              -56.4699,
              -5.6278
            ],
            [
              -56.4722,
              -5.6267
            ],
            [
              -56.4735,
              -5.6226
            ],
            [
              -56.4716,
              -5.6189
            ],
            [
              -56.4737,
              -5.6107
            ],
            [
              -56.4741,
              -5.6067
            ],
            [
              -56.4792,
              -5.6042
            ],
            [
              -56.4842,
              -5.6039
            ],
            [
              -56.4869,
              -5.602
            ],
            [
              -56.4868,
              -5.5982
            ],
            [
              -56.4846,
              -5.5918
            ],
            [
              -56.4838,
              -5.5833
            ],
            [
              -56.4871,
              -5.5839
            ],
            [
              -56.4914,
              -5.5856
            ],
            [
              -56.4976,
              -5.587
            ],
            [
              -56.5064,
              -5.5878
            ],
            [
              -56.5149,
              -5.5891
            ],
            [
              -56.5206,
              -5.5891
            ],
            [
              -56.5225,
              -5.587
            ],
            [
              -56.5197,
              -5.5833
            ],
            [
              -56.5242,
              -5.5764
            ],
            [
              -56.5263,
              -5.5756
            ],
            [
              -56.5322,
              -5.575
            ],
            [
              -56.5371,
              -5.5718
            ],
            [
              -56.5388,
              -5.5683
            ],
            [
              -56.539,
              -5.5615
            ],
            [
              -56.5332,
              -5.5552
            ],
            [
              -56.5337,
              -5.5513
            ],
            [
              -56.5365,
              -5.5483
            ],
            [
              -56.5382,
              -5.5453
            ],
            [
              -56.5425,
              -5.5453
            ],
            [
              -56.548,
              -5.5495
            ],
            [
              -56.5547,
              -5.553
            ],
            [
              -56.5649,
              -5.5513
            ],
            [
              -56.5695,
              -5.5497
            ],
            [
              -56.5753,
              -5.5459
            ],
            [
              -56.5793,
              -5.5443
            ],
            [
              -56.5829,
              -5.5439
            ],
            [
              -56.592,
              -5.5459
            ],
            [
              -56.5949,
              -5.5448
            ],
            [
              -56.596,
              -5.5423
            ],
            [
              -56.5962,
              -5.5374
            ],
            [
              -56.5933,
              -5.5256
            ],
            [
              -56.5938,
              -5.5228
            ],
            [
              -56.5951,
              -5.5209
            ],
            [
              -56.5981,
              -5.5141
            ],
            [
              -56.596,
              -5.5081
            ],
            [
              -56.596,
              -5.5039
            ],
            [
              -56.598,
              -5.5036
            ],
            [
              -56.6001,
              -5.5014
            ],
            [
              -56.6015,
              -5.5005
            ],
            [
              -56.6063,
              -5.5006
            ],
            [
              -56.6093,
              -5.4993
            ],
            [
              -56.609,
              -5.497
            ],
            [
              -56.6075,
              -5.4928
            ],
            [
              -56.6053,
              -5.4894
            ],
            [
              -56.6043,
              -5.4854
            ],
            [
              -56.6063,
              -5.4814
            ],
            [
              -56.6099,
              -5.4758
            ],
            [
              -56.6103,
              -5.4722
            ],
            [
              -56.613,
              -5.4648
            ],
            [
              -56.6126,
              -5.4576
            ],
            [
              -56.613,
              -5.4519
            ],
            [
              -56.6085,
              -5.4451
            ],
            [
              -56.6083,
              -5.4414
            ],
            [
              -56.6095,
              -5.4401
            ],
            [
              -56.6102,
              -5.4384
            ],
            [
              -56.6097,
              -5.4359
            ],
            [
              -56.6099,
              -5.4317
            ],
            [
              -56.6117,
              -5.4304
            ],
            [
              -56.6148,
              -5.4306
            ],
            [
              -56.6218,
              -5.4321
            ],
            [
              -56.6265,
              -5.4353
            ],
            [
              -56.63,
              -5.4347
            ],
            [
              -56.6308,
              -5.4299
            ],
            [
              -56.6303,
              -5.4277
            ],
            [
              -56.6277,
              -5.4244
            ],
            [
              -56.627,
              -5.4214
            ],
            [
              -56.6282,
              -5.4181
            ],
            [
              -56.6335,
              -5.415
            ],
            [
              -56.6345,
              -5.4127
            ],
            [
              -56.6347,
              -5.4084
            ],
            [
              -56.634,
              -5.4046
            ],
            [
              -56.6354,
              -5.4012
            ],
            [
              -56.6356,
              -5.3982
            ],
            [
              -56.6317,
              -5.3979
            ],
            [
              -56.6267,
              -5.399
            ],
            [
              -56.6198,
              -5.3982
            ],
            [
              -56.6164,
              -5.396
            ],
            [
              -56.6127,
              -5.3962
            ],
            [
              -56.6109,
              -5.3974
            ],
            [
              -56.6038,
              -5.3954
            ],
            [
              -56.6011,
              -5.3924
            ],
            [
              -56.6,
              -5.3838
            ],
            [
              -56.6019,
              -5.3809
            ],
            [
              -56.6034,
              -5.3801
            ],
            [
              -56.6076,
              -5.3816
            ],
            [
              -56.6111,
              -5.3839
            ],
            [
              -56.6156,
              -5.3836
            ],
            [
              -56.6159,
              -5.3788
            ],
            [
              -56.6151,
              -5.3701
            ],
            [
              -56.6166,
              -5.3687
            ],
            [
              -56.6189,
              -5.3674
            ],
            [
              -56.6193,
              -5.3643
            ],
            [
              -56.6169,
              -5.3624
            ],
            [
              -56.6138,
              -5.3582
            ],
            [
              -56.6145,
              -5.3544
            ],
            [
              -56.6183,
              -5.3527
            ],
            [
              -56.6188,
              -5.3551
            ],
            [
              -56.6208,
              -5.3577
            ],
            [
              -56.6229,
              -5.3577
            ],
            [
              -56.6252,
              -5.3553
            ],
            [
              -56.6258,
              -5.3529
            ],
            [
              -56.6244,
              -5.3496
            ],
            [
              -56.6234,
              -5.3445
            ],
            [
              -56.6249,
              -5.3432
            ],
            [
              -56.6289,
              -5.3446
            ],
            [
              -56.6328,
              -5.3446
            ],
            [
              -56.6383,
              -5.3436
            ],
            [
              -56.6462,
              -5.3464
            ],
            [
              -56.6506,
              -5.3451
            ],
            [
              -56.6507,
              -5.3428
            ],
            [
              -56.6472,
              -5.3349
            ],
            [
              -56.6551,
              -5.3231
            ],
            [
              -56.6574,
              -5.3172
            ],
            [
              -56.6573,
              -5.313
            ],
            [
              -56.6539,
              -5.2996
            ],
            [
              -56.6539,
              -5.2942
            ],
            [
              -56.6558,
              -5.2928
            ],
            [
              -56.664,
              -5.2895
            ],
            [
              -56.6661,
              -5.2873
            ],
            [
              -56.6654,
              -5.2847
            ],
            [
              -56.661,
              -5.2823
            ],
            [
              -56.6575,
              -5.2796
            ],
            [
              -56.6548,
              -5.2761
            ],
            [
              -56.6524,
              -5.27
            ],
            [
              -56.6442,
              -5.2544
            ],
            [
              -56.6437,
              -5.2514
            ],
            [
              -56.6405,
              -5.2483
            ],
            [
              -56.6364,
              -5.2481
            ],
            [
              -56.6328,
              -5.246
            ],
            [
              -56.6295,
              -5.2446
            ],
            [
              -56.6206,
              -5.2422
            ],
            [
              -56.6184,
              -5.2402
            ],
            [
              -56.6165,
              -5.2372
            ],
            [
              -56.6167,
              -5.2336
            ],
            [
              -56.6191,
              -5.229
            ],
            [
              -56.6204,
              -5.2262
            ],
            [
              -56.619,
              -5.2211
            ],
            [
              -56.616,
              -5.2196
            ],
            [
              -56.6122,
              -5.2164
            ],
            [
              -56.6083,
              -5.2146
            ],
            [
              -56.6052,
              -5.2125
            ],
            [
              -56.5989,
              -5.2097
            ],
            [
              -56.5927,
              -5.2103
            ],
            [
              -56.5885,
              -5.2099
            ],
            [
              -56.579,
              -5.2101
            ],
            [
              -56.5728,
              -5.2078
            ],
            [
              -56.5677,
              -5.2064
            ],
            [
              -56.5627,
              -5.2061
            ],
            [
              -56.5601,
              -5.2041
            ],
            [
              -56.5587,
              -5.1964
            ],
            [
              -56.5515,
              -5.1884
            ],
            [
              -56.5487,
              -5.1859
            ],
            [
              -56.5489,
              -5.1842
            ],
            [
              -56.5472,
              -5.1807
            ],
            [
              -56.548,
              -5.1785
            ],
            [
              -56.547,
              -5.175
            ],
            [
              -56.5452,
              -5.1713
            ],
            [
              -56.5442,
              -5.1651
            ],
            [
              -56.5408,
              -5.1578
            ],
            [
              -56.5405,
              -5.1555
            ],
            [
              -56.5411,
              -5.1528
            ],
            [
              -56.5409,
              -5.1487
            ],
            [
              -56.5379,
              -5.145
            ],
            [
              -56.5348,
              -5.1427
            ],
            [
              -56.5261,
              -5.141
            ],
            [
              -56.5234,
              -5.1417
            ],
            [
              -56.5177,
              -5.1451
            ],
            [
              -56.5126,
              -5.1472
            ],
            [
              -56.5078,
              -5.1458
            ],
            [
              -56.5056,
              -5.1422
            ],
            [
              -56.5043,
              -5.1366
            ],
            [
              -56.502,
              -5.1295
            ],
            [
              -56.4971,
              -5.1256
            ],
            [
              -56.4921,
              -5.1228
            ],
            [
              -56.4842,
              -5.1209
            ],
            [
              -56.4806,
              -5.1177
            ],
            [
              -56.4781,
              -5.1119
            ],
            [
              -56.479,
              -5.104
            ],
            [
              -56.4773,
              -5.0968
            ],
            [
              -56.4744,
              -5.0908
            ],
            [
              -56.4747,
              -5.087
            ],
            [
              -56.4728,
              -5.0837
            ],
            [
              -56.4679,
              -5.0803
            ],
            [
              -56.4665,
              -5.0727
            ],
            [
              -56.4647,
              -5.0696
            ],
            [
              -56.459,
              -5.0634
            ],
            [
              -56.446,
              -5.0528
            ],
            [
              -56.4441,
              -5.0486
            ],
            [
              -56.4441,
              -5.0413
            ],
            [
              -56.4457,
              -5.0369
            ],
            [
              -56.4489,
              -5.0313
            ],
            [
              -56.452,
              -5.0281
            ],
            [
              -56.4545,
              -5.0234
            ],
            [
              -56.454,
              -5.0191
            ],
            [
              -56.4525,
              -5.0144
            ],
            [
              -56.4499,
              -5.0091
            ],
            [
              -56.4503,
              -5.005
            ],
            [
              -56.4556,
              -4.9997
            ],
            [
              -56.4581,
              -4.9979
            ],
            [
              -56.4636,
              -4.991
            ],
            [
              -56.4695,
              -4.9871
            ],
            [
              -56.4733,
              -4.9824
            ],
            [
              -56.4756,
              -4.9807
            ],
            [
              -56.4853,
              -4.9775
            ],
            [
              -56.4894,
              -4.9746
            ],
            [
              -56.4912,
              -4.9724
            ],
            [
              -56.4922,
              -4.9688
            ],
            [
              -56.4909,
              -4.9634
            ],
            [
              -56.491,
              -4.9615
            ],
            [
              -56.496,
              -4.9532
            ],
            [
              -56.4968,
              -4.9511
            ],
            [
              -56.4975,
              -4.9469
            ],
            [
              -56.4982,
              -4.9358
            ],
            [
              -56.4983,
              -4.9232
            ],
            [
              -56.4981,
              -4.9213
            ],
            [
              -56.4974,
              -4.9197
            ],
            [
              -56.4895,
              -4.9132
            ],
            [
              -56.4865,
              -4.9084
            ],
            [
              -56.4842,
              -4.9073
            ],
            [
              -56.482,
              -4.9075
            ],
            [
              -56.4774,
              -4.9088
            ],
            [
              -56.4728,
              -4.9107
            ],
            [
              -56.4685,
              -4.9107
            ],
            [
              -56.4638,
              -4.9089
            ],
            [
              -56.4587,
              -4.908
            ],
            [
              -56.4543,
              -4.9053
            ],
            [
              -56.4523,
              -4.9035
            ],
            [
              -56.4517,
              -4.9021
            ],
            [
              -56.4522,
              -4.9008
            ],
            [
              -56.4544,
              -4.8981
            ],
            [
              -56.4571,
              -4.8958
            ],
            [
              -56.4577,
              -4.8941
            ],
            [
              -56.4577,
              -4.8925
            ],
            [
              -56.4564,
              -4.8911
            ],
            [
              -56.4532,
              -4.89
            ],
            [
              -56.4505,
              -4.8879
            ],
            [
              -56.4496,
              -4.8862
            ],
            [
              -56.4495,
              -4.8847
            ],
            [
              -56.4509,
              -4.8822
            ],
            [
              -56.4527,
              -4.8807
            ],
            [
              -56.4558,
              -4.8738
            ],
            [
              -56.4561,
              -4.8709
            ],
            [
              -56.4532,
              -4.8659
            ],
            [
              -56.4528,
              -4.8627
            ],
            [
              -56.4541,
              -4.8554
            ],
            [
              -56.4571,
              -4.8469
            ],
            [
              -56.4568,
              -4.8433
            ],
            [
              -56.454,
              -4.8388
            ],
            [
              -56.4484,
              -4.8336
            ],
            [
              -56.4446,
              -4.8293
            ],
            [
              -56.4438,
              -4.8269
            ],
            [
              -56.4451,
              -4.8212
            ],
            [
              -56.4477,
              -4.8144
            ],
            [
              -56.4481,
              -4.8122
            ],
            [
              -56.4473,
              -4.81
            ],
            [
              -56.4443,
              -4.8063
            ],
            [
              -56.4448,
              -4.8033
            ],
            [
              -56.4467,
              -4.7978
            ],
            [
              -56.4469,
              -4.7943
            ],
            [
              -56.4444,
              -4.7892
            ],
            [
              -56.444,
              -4.7867
            ],
            [
              -56.4456,
              -4.7823
            ],
            [
              -56.4455,
              -4.7799
            ],
            [
              -56.4438,
              -4.7709
            ],
            [
              -56.4421,
              -4.7657
            ],
            [
              -56.44,
              -4.7619
            ],
            [
              -56.4323,
              -4.7521
            ],
            [
              -56.4141,
              -4.732
            ],
            [
              -56.4065,
              -4.7226
            ],
            [
              -56.4044,
              -4.7193
            ],
            [
              -56.4032,
              -4.715
            ],
            [
              -56.402,
              -4.7013
            ],
            [
              -56.3987,
              -4.6921
            ],
            [
              -56.3955,
              -4.6868
            ],
            [
              -56.3921,
              -4.6828
            ],
            [
              -56.3878,
              -4.6787
            ],
            [
              -56.3703,
              -4.6654
            ],
            [
              -56.3617,
              -4.6599
            ],
            [
              -56.3552,
              -4.6548
            ],
            [
              -56.3513,
              -4.6505
            ],
            [
              -56.3484,
              -4.6489
            ],
            [
              -56.3394,
              -4.6463
            ],
            [
              -56.331,
              -4.6424
            ],
            [
              -56.3263,
              -4.6389
            ],
            [
              -56.32,
              -4.6324
            ],
            [
              -56.3145,
              -4.626
            ],
            [
              -56.3118,
              -4.6238
            ],
            [
              -56.3075,
              -4.6208
            ],
            [
              -56.2993,
              -4.6174
            ],
            [
              -56.296,
              -4.6156
            ],
            [
              -56.2889,
              -4.6097
            ],
            [
              -56.2845,
              -4.6056
            ],
            [
              -56.283,
              -4.6029
            ],
            [
              -56.2795,
              -4.5945
            ],
            [
              -56.2783,
              -4.59
            ],
            [
              -56.2777,
              -4.5851
            ],
            [
              -56.2779,
              -4.5728
            ],
            [
              -56.2771,
              -4.5708
            ],
            [
              -56.2761,
              -4.5701
            ],
            [
              -56.2718,
              -4.5693
            ],
            [
              -56.2696,
              -4.5673
            ],
            [
              -56.2682,
              -4.5669
            ],
            [
              -56.2668,
              -4.5684
            ],
            [
              -56.2632,
              -4.5682
            ],
            [
              -56.2609,
              -4.5671
            ],
            [
              -56.2575,
              -4.5693
            ],
            [
              -56.2452,
              -4.5792
            ],
            [
              -56.2314,
              -4.5868
            ],
            [
              -56.2275,
              -4.5888
            ],
            [
              -56.2242,
              -4.5896
            ],
            [
              -56.2211,
              -4.5916
            ],
            [
              -56.2197,
              -4.5938
            ],
            [
              -56.2189,
              -4.5969
            ],
            [
              -56.2188,
              -4.5997
            ],
            [
              -56.2173,
              -4.6023
            ],
            [
              -56.2146,
              -4.6034
            ],
            [
              -56.2127,
              -4.6036
            ],
            [
              -56.2105,
              -4.6033
            ],
            [
              -56.2069,
              -4.6011
            ],
            [
              -56.2043,
              -4.5984
            ],
            [
              -56.2028,
              -4.6001
            ],
            [
              -56.2023,
              -4.6031
            ],
            [
              -56.1999,
              -4.6032
            ],
            [
              -56.1954,
              -4.5982
            ],
            [
              -56.1936,
              -4.5969
            ],
            [
              -56.192,
              -4.5964
            ],
            [
              -56.1896,
              -4.5967
            ],
            [
              -56.1859,
              -4.5996
            ],
            [
              -56.1839,
              -4.6024
            ],
            [
              -56.1826,
              -4.6064
            ],
            [
              -56.1807,
              -4.6063
            ],
            [
              -56.1775,
              -4.6025
            ],
            [
              -56.176,
              -4.602
            ],
            [
              -56.1747,
              -4.6023
            ],
            [
              -56.1739,
              -4.6033
            ],
            [
              -56.1731,
              -4.6081
            ],
            [
              -56.1712,
              -4.6105
            ],
            [
              -56.1714,
              -4.6127
            ],
            [
              -56.1729,
              -4.6142
            ],
            [
              -56.1737,
              -4.6159
            ],
            [
              -56.1743,
              -4.6187
            ],
            [
              -56.1729,
              -4.621
            ],
            [
              -56.1689,
              -4.6235
            ],
            [
              -56.1675,
              -4.6254
            ],
            [
              -56.1671,
              -4.6269
            ],
            [
              -56.1673,
              -4.6307
            ],
            [
              -56.1658,
              -4.6357
            ],
            [
              -56.1657,
              -4.6386
            ],
            [
              -56.1671,
              -4.6468
            ],
            [
              -56.1694,
              -4.6515
            ],
            [
              -56.1701,
              -4.6574
            ],
            [
              -56.1701,
              -4.6603
            ],
            [
              -56.169,
              -4.6622
            ],
            [
              -56.1651,
              -4.6638
            ],
            [
              -56.1638,
              -4.6648
            ],
            [
              -56.1632,
              -4.6662
            ],
            [
              -56.1589,
              -4.6715
            ],
            [
              -56.1577,
              -4.6738
            ],
            [
              -56.1582,
              -4.6763
            ],
            [
              -56.1601,
              -4.6786
            ],
            [
              -56.168,
              -4.6842
            ],
            [
              -56.1675,
              -4.6895
            ],
            [
              -56.1684,
              -4.691
            ],
            [
              -56.1782,
              -4.6991
            ],
            [
              -56.1797,
              -4.7013
            ],
            [
              -56.1822,
              -4.7107
            ],
            [
              -56.1819,
              -4.7132
            ],
            [
              -56.1809,
              -4.7159
            ],
            [
              -56.1794,
              -4.7175
            ],
            [
              -56.1749,
              -4.7192
            ],
            [
              -56.1738,
              -4.72
            ],
            [
              -56.1724,
              -4.7226
            ],
            [
              -56.172,
              -4.7242
            ],
            [
              -56.1644,
              -4.7378
            ],
            [
              -56.1628,
              -4.7396
            ],
            [
              -56.1566,
              -4.7438
            ],
            [
              -56.1561,
              -4.7473
            ],
            [
              -56.1565,
              -4.7495
            ],
            [
              -56.1589,
              -4.7531
            ],
            [
              -56.1669,
              -4.7596
            ],
            [
              -56.1704,
              -4.7633
            ],
            [
              -56.172,
              -4.766
            ],
            [
              -56.1739,
              -4.7726
            ],
            [
              -56.1782,
              -4.7818
            ],
            [
              -56.1788,
              -4.7846
            ],
            [
              -56.1778,
              -4.7874
            ],
            [
              -56.1742,
              -4.7877
            ],
            [
              -56.1733,
              -4.7891
            ],
            [
              -56.1731,
              -4.7919
            ],
            [
              -56.1738,
              -4.7957
            ],
            [
              -56.1663,
              -4.7993
            ],
            [
              -56.1656,
              -4.8022
            ],
            [
              -56.1651,
              -4.8114
            ],
            [
              -56.1642,
              -4.8219
            ],
            [
              -56.1633,
              -4.8268
            ],
            [
              -56.1618,
              -4.8301
            ],
            [
              -56.1584,
              -4.833
            ],
            [
              -56.1565,
              -4.8337
            ],
            [
              -56.1525,
              -4.8341
            ],
            [
              -56.1394,
              -4.8334
            ],
            [
              -56.1362,
              -4.8344
            ],
            [
              -56.134,
              -4.8354
            ],
            [
              -56.131,
              -4.838
            ],
            [
              -56.1265,
              -4.8437
            ],
            [
              -56.1237,
              -4.8442
            ],
            [
              -56.1209,
              -4.8429
            ],
            [
              -56.1188,
              -4.8404
            ],
            [
              -56.1145,
              -4.8335
            ],
            [
              -56.1096,
              -4.828
            ],
            [
              -56.1064,
              -4.8258
            ],
            [
              -56.1029,
              -4.8255
            ],
            [
              -56.0945,
              -4.8264
            ],
            [
              -56.0921,
              -4.8262
            ],
            [
              -56.0874,
              -4.8237
            ],
            [
              -56.0841,
              -4.8201
            ],
            [
              -56.0817,
              -4.8194
            ],
            [
              -56.0744,
              -4.8246
            ],
            [
              -56.0699,
              -4.8264
            ],
            [
              -56.0656,
              -4.8275
            ],
            [
              -56.0628,
              -4.8298
            ],
            [
              -56.0629,
              -4.8341
            ],
            [
              -56.0637,
              -4.8381
            ],
            [
              -56.0629,
              -4.8405
            ],
            [
              -56.0601,
              -4.8442
            ],
            [
              -56.0585,
              -4.847
            ],
            [
              -56.0571,
              -4.8474
            ],
            [
              -56.0542,
              -4.8472
            ],
            [
              -56.0459,
              -4.8501
            ],
            [
              -56.0443,
              -4.8493
            ],
            [
              -56.0428,
              -4.8474
            ],
            [
              -56.0419,
              -4.8444
            ],
            [
              -56.0395,
              -4.8397
            ],
            [
              -56.0381,
              -4.8383
            ],
            [
              -56.0319,
              -4.8347
            ],
            [
              -56.0309,
              -4.8328
            ],
            [
              -56.0307,
              -4.8301
            ],
            [
              -56.0325,
              -4.8255
            ],
            [
              -56.0352,
              -4.8218
            ],
            [
              -56.0381,
              -4.8151
            ],
            [
              -56.0396,
              -4.811
            ],
            [
              -56.0397,
              -4.8093
            ],
            [
              -56.039,
              -4.8068
            ],
            [
              -56.0333,
              -4.7971
            ],
            [
              -56.0242,
              -4.7863
            ],
            [
              -56.0243,
              -4.7847
            ],
            [
              -56.0261,
              -4.7833
            ],
            [
              -56.0274,
              -4.7815
            ],
            [
              -56.0276,
              -4.7791
            ],
            [
              -56.0284,
              -4.7779
            ],
            [
              -56.0302,
              -4.7773
            ],
            [
              -56.0341,
              -4.7775
            ],
            [
              -56.0351,
              -4.7764
            ],
            [
              -56.0366,
              -4.7739
            ],
            [
              -56.0375,
              -4.7707
            ],
            [
              -56.039,
              -4.7692
            ],
            [
              -56.0435,
              -4.7699
            ],
            [
              -56.0463,
              -4.7692
            ],
            [
              -56.0484,
              -4.7672
            ],
            [
              -56.0504,
              -4.764
            ],
            [
              -56.0515,
              -4.7612
            ],
            [
              -56.0535,
              -4.7537
            ],
            [
              -56.0573,
              -4.7514
            ],
            [
              -56.0604,
              -4.7473
            ],
            [
              -56.0613,
              -4.7455
            ],
            [
              -56.0617,
              -4.7435
            ],
            [
              -56.0605,
              -4.7383
            ],
            [
              -56.0612,
              -4.7359
            ],
            [
              -56.063,
              -4.7342
            ],
            [
              -56.0659,
              -4.7324
            ],
            [
              -56.0677,
              -4.7308
            ],
            [
              -56.0696,
              -4.7265
            ],
            [
              -56.0693,
              -4.7244
            ],
            [
              -56.0676,
              -4.7202
            ],
            [
              -56.0651,
              -4.7163
            ],
            [
              -56.0589,
              -4.7097
            ],
            [
              -56.0579,
              -4.7073
            ],
            [
              -56.0574,
              -4.7047
            ],
            [
              -56.0577,
              -4.7025
            ],
            [
              -56.0599,
              -4.6961
            ],
            [
              -56.059,
              -4.6916
            ],
            [
              -56.0598,
              -4.6884
            ],
            [
              -56.0614,
              -4.6874
            ],
            [
              -56.0654,
              -4.6856
            ],
            [
              -56.0674,
              -4.686
            ],
            [
              -56.0669,
              -4.6836
            ],
            [
              -56.0675,
              -4.6812
            ],
            [
              -56.0689,
              -4.678
            ],
            [
              -56.0719,
              -4.6743
            ],
            [
              -56.0728,
              -4.6723
            ],
            [
              -56.0705,
              -4.6687
            ],
            [
              -56.0698,
              -4.6666
            ],
            [
              -56.0704,
              -4.6652
            ],
            [
              -56.078,
              -4.6627
            ],
            [
              -56.0788,
              -4.662
            ],
            [
              -56.0781,
              -4.6576
            ],
            [
              -56.0781,
              -4.6554
            ],
            [
              -56.0788,
              -4.6529
            ],
            [
              -56.0802,
              -4.6506
            ],
            [
              -56.0832,
              -4.6472
            ],
            [
              -56.0853,
              -4.6439
            ],
            [
              -56.0878,
              -4.6387
            ],
            [
              -56.0885,
              -4.6353
            ],
            [
              -56.0883,
              -4.6282
            ],
            [
              -56.0887,
              -4.6272
            ],
            [
              -56.0913,
              -4.6246
            ],
            [
              -56.0915,
              -4.6206
            ],
            [
              -56.0888,
              -4.6186
            ],
            [
              -56.0876,
              -4.6169
            ],
            [
              -56.0884,
              -4.6135
            ],
            [
              -56.0884,
              -4.6106
            ],
            [
              -56.0875,
              -4.6086
            ],
            [
              -56.0859,
              -4.6078
            ],
            [
              -56.0823,
              -4.6074
            ],
            [
              -56.0763,
              -4.6097
            ],
            [
              -56.0708,
              -4.6082
            ],
            [
              -56.0677,
              -4.6079
            ],
            [
              -56.0656,
              -4.6064
            ],
            [
              -56.0618,
              -4.6017
            ],
            [
              -56.0603,
              -4.6008
            ],
            [
              -56.0566,
              -4.6002
            ],
            [
              -56.0534,
              -4.6001
            ],
            [
              -56.0498,
              -4.5972
            ],
            [
              -56.0476,
              -4.5964
            ],
            [
              -56.0443,
              -4.5981
            ],
            [
              -56.0425,
              -4.5983
            ],
            [
              -56.0389,
              -4.5973
            ],
            [
              -56.0341,
              -4.5931
            ],
            [
              -56.0307,
              -4.5882
            ],
            [
              -56.0271,
              -4.5866
            ],
            [
              -56.023,
              -4.5858
            ],
            [
              -56.0216,
              -4.5845
            ],
            [
              -56.0214,
              -4.5836
            ],
            [
              -56.0226,
              -4.5815
            ],
            [
              -56.0214,
              -4.5794
            ],
            [
              -56.0236,
              -4.5761
            ],
            [
              -56.0236,
              -4.5736
            ],
            [
              -56.022,
              -4.572
            ],
            [
              -56.0202,
              -4.5717
            ],
            [
              -56.0108,
              -4.5727
            ],
            [
              -56.0093,
              -4.572
            ],
            [
              -56.0092,
              -4.5701
            ],
            [
              -56.0118,
              -4.5675
            ],
            [
              -56.0135,
              -4.5652
            ],
            [
              -56.014,
              -4.561
            ],
            [
              -56.0166,
              -4.5577
            ],
            [
              -56.0168,
              -4.5567
            ],
            [
              -56.0157,
              -4.5553
            ],
            [
              -56.0142,
              -4.5544
            ],
            [
              -56.0101,
              -4.5526
            ],
            [
              -56.0028,
              -4.5512
            ],
            [
              -55.9998,
              -4.5502
            ],
            [
              -55.998,
              -4.5505
            ],
            [
              -55.9962,
              -4.5534
            ],
            [
              -55.9974,
              -4.5574
            ],
            [
              -55.9979,
              -4.5618
            ],
            [
              -55.9956,
              -4.5652
            ],
            [
              -55.9944,
              -4.565
            ],
            [
              -55.9925,
              -4.5637
            ],
            [
              -55.9892,
              -4.5645
            ],
            [
              -55.9877,
              -4.5641
            ],
            [
              -55.9848,
              -4.5599
            ],
            [
              -55.9818,
              -4.5537
            ],
            [
              -55.9781,
              -4.5425
            ],
            [
              -55.977,
              -4.5404
            ],
            [
              -55.9739,
              -4.5366
            ],
            [
              -55.9725,
              -4.5354
            ],
            [
              -55.9698,
              -4.5344
            ],
            [
              -55.9678,
              -4.5354
            ],
            [
              -55.9671,
              -4.5366
            ],
            [
              -55.9647,
              -4.5367
            ],
            [
              -55.964,
              -4.5375
            ],
            [
              -55.9627,
              -4.5371
            ],
            [
              -55.9575,
              -4.5371
            ],
            [
              -55.9521,
              -4.5379
            ],
            [
              -55.9474,
              -4.5422
            ],
            [
              -55.946,
              -4.5453
            ],
            [
              -55.9441,
              -4.5464
            ],
            [
              -55.9424,
              -4.5493
            ],
            [
              -55.9393,
              -4.5504
            ],
            [
              -55.9369,
              -4.5528
            ],
            [
              -55.9349,
              -4.5522
            ],
            [
              -55.9327,
              -4.5561
            ],
            [
              -55.9284,
              -4.5557
            ],
            [
              -55.9258,
              -4.5589
            ],
            [
              -55.9229,
              -4.5635
            ],
            [
              -55.9206,
              -4.5625
            ],
            [
              -55.9166,
              -4.5646
            ],
            [
              -55.9182,
              -4.5658
            ],
            [
              -55.9172,
              -4.5673
            ],
            [
              -55.915,
              -4.5671
            ],
            [
              -55.9142,
              -4.5675
            ],
            [
              -55.9113,
              -4.5711
            ],
            [
              -55.9104,
              -4.5714
            ],
            [
              -55.9085,
              -4.5698
            ],
            [
              -55.9083,
              -4.572
            ],
            [
              -55.9069,
              -4.5723
            ],
            [
              -55.9047,
              -4.571
            ],
            [
              -55.902,
              -4.572
            ],
            [
              -55.9021,
              -4.5731
            ],
            [
              -55.904,
              -4.5734
            ],
            [
              -55.9024,
              -4.575
            ],
            [
              -55.9009,
              -4.5786
            ],
            [
              -55.8991,
              -4.5805
            ],
            [
              -55.898,
              -4.58
            ],
            [
              -55.8965,
              -4.578
            ],
            [
              -55.8953,
              -4.5782
            ],
            [
              -55.8929,
              -4.5798
            ],
            [
              -55.8906,
              -4.5801
            ],
            [
              -55.8888,
              -4.5788
            ],
            [
              -55.8873,
              -4.5752
            ],
            [
              -55.8855,
              -4.5759
            ],
            [
              -55.8845,
              -4.58
            ],
            [
              -55.881,
              -4.5829
            ],
            [
              -55.8812,
              -4.584
            ],
            [
              -55.8828,
              -4.5863
            ],
            [
              -55.8828,
              -4.5872
            ],
            [
              -55.8816,
              -4.5896
            ],
            [
              -55.8813,
              -4.5912
            ],
            [
              -55.8821,
              -4.5942
            ],
            [
              -55.8818,
              -4.5954
            ],
            [
              -55.879,
              -4.5986
            ],
            [
              -55.8779,
              -4.5981
            ],
            [
              -55.8771,
              -4.5966
            ],
            [
              -55.8751,
              -4.5953
            ],
            [
              -55.8738,
              -4.5938
            ],
            [
              -55.8722,
              -4.5964
            ],
            [
              -55.8727,
              -4.6001
            ],
            [
              -55.8717,
              -4.6005
            ],
            [
              -55.8692,
              -4.5995
            ],
            [
              -55.8691,
              -4.6004
            ],
            [
              -55.8702,
              -4.6022
            ],
            [
              -55.8697,
              -4.6032
            ],
            [
              -55.8681,
              -4.6033
            ],
            [
              -55.8666,
              -4.6016
            ],
            [
              -55.8656,
              -4.6019
            ],
            [
              -55.864,
              -4.6036
            ],
            [
              -55.8627,
              -4.6041
            ],
            [
              -55.86,
              -4.6068
            ],
            [
              -55.8578,
              -4.6067
            ],
            [
              -55.8568,
              -4.6062
            ],
            [
              -55.8544,
              -4.6081
            ],
            [
              -55.8545,
              -4.6094
            ],
            [
              -55.8532,
              -4.6103
            ],
            [
              -55.8517,
              -4.6092
            ],
            [
              -55.8507,
              -4.6092
            ],
            [
              -55.8491,
              -4.6108
            ],
            [
              -55.8481,
              -4.6106
            ],
            [
              -55.8469,
              -4.6119
            ],
            [
              -55.845,
              -4.6112
            ],
            [
              -55.8446,
              -4.6122
            ],
            [
              -55.8407,
              -4.6132
            ],
            [
              -55.8413,
              -4.6149
            ],
            [
              -55.8394,
              -4.6162
            ],
            [
              -55.8375,
              -4.6154
            ],
            [
              -55.8344,
              -4.6161
            ],
            [
              -55.8335,
              -4.6182
            ],
            [
              -55.8311,
              -4.6165
            ],
            [
              -55.8274,
              -4.6168
            ],
            [
              -55.8196,
              -4.6206
            ],
            [
              -55.8152,
              -4.6211
            ],
            [
              -55.814,
              -4.6209
            ],
            [
              -55.8129,
              -4.6194
            ],
            [
              -55.8109,
              -4.6192
            ],
            [
              -55.8102,
              -4.6185
            ],
            [
              -55.8073,
              -4.6174
            ],
            [
              -55.8066,
              -4.6184
            ],
            [
              -55.8037,
              -4.6198
            ],
            [
              -55.8026,
              -4.6211
            ],
            [
              -55.8019,
              -4.6203
            ],
            [
              -55.7986,
              -4.6234
            ],
            [
              -55.7974,
              -4.6254
            ],
            [
              -55.7958,
              -4.6255
            ],
            [
              -55.7945,
              -4.6275
            ],
            [
              -55.7928,
              -4.6294
            ],
            [
              -55.7901,
              -4.6279
            ],
            [
              -55.7881,
              -4.6298
            ],
            [
              -55.7862,
              -4.6306
            ],
            [
              -55.7863,
              -4.6288
            ],
            [
              -55.7843,
              -4.6279
            ],
            [
              -55.7826,
              -4.6287
            ],
            [
              -55.7801,
              -4.6308
            ],
            [
              -55.7765,
              -4.631
            ],
            [
              -55.7754,
              -4.6324
            ],
            [
              -55.7745,
              -4.6327
            ],
            [
              -55.7733,
              -4.6318
            ],
            [
              -55.7726,
              -4.6294
            ],
            [
              -55.7718,
              -4.6289
            ],
            [
              -55.7682,
              -4.6299
            ],
            [
              -55.7666,
              -4.6286
            ],
            [
              -55.7644,
              -4.629
            ],
            [
              -55.7623,
              -4.6304
            ],
            [
              -55.7605,
              -4.6292
            ],
            [
              -55.7594,
              -4.6294
            ],
            [
              -55.7552,
              -4.6333
            ],
            [
              -55.7501,
              -4.633
            ],
            [
              -55.7473,
              -4.634
            ],
            [
              -55.7443,
              -4.6343
            ],
            [
              -55.7435,
              -4.6349
            ],
            [
              -55.7433,
              -4.6377
            ],
            [
              -55.7423,
              -4.6389
            ],
            [
              -55.7408,
              -4.6397
            ],
            [
              -55.7393,
              -4.6419
            ],
            [
              -55.738,
              -4.6458
            ],
            [
              -55.7338,
              -4.6481
            ],
            [
              -55.7316,
              -4.6484
            ],
            [
              -55.7294,
              -4.6473
            ],
            [
              -55.7268,
              -4.6477
            ],
            [
              -55.7252,
              -4.6493
            ],
            [
              -55.7185,
              -4.6515
            ],
            [
              -55.7194,
              -4.658
            ],
            [
              -55.7187,
              -4.6588
            ],
            [
              -55.7142,
              -4.659
            ],
            [
              -55.7124,
              -4.6602
            ],
            [
              -55.7109,
              -4.6643
            ],
            [
              -55.7106,
              -4.6732
            ],
            [
              -55.7096,
              -4.6745
            ],
            [
              -55.7063,
              -4.6763
            ],
            [
              -55.7021,
              -4.6762
            ],
            [
              -55.699,
              -4.6772
            ],
            [
              -55.6957,
              -4.6776
            ],
            [
              -55.6937,
              -4.6789
            ],
            [
              -55.6892,
              -4.68
            ],
            [
              -55.6851,
              -4.6819
            ],
            [
              -55.6818,
              -4.6821
            ],
            [
              -55.6785,
              -4.6816
            ],
            [
              -55.6715,
              -4.6826
            ],
            [
              -55.6699,
              -4.684
            ],
            [
              -55.6691,
              -4.686
            ],
            [
              -55.6659,
              -4.6882
            ],
            [
              -55.657,
              -4.6871
            ],
            [
              -55.6554,
              -4.6875
            ],
            [
              -55.6526,
              -4.6899
            ],
            [
              -55.6512,
              -4.6905
            ],
            [
              -55.649,
              -4.6892
            ],
            [
              -55.6446,
              -4.69
            ],
            [
              -55.6409,
              -4.6895
            ],
            [
              -55.6371,
              -4.6902
            ],
            [
              -55.636,
              -4.6898
            ],
            [
              -55.6346,
              -4.6901
            ],
            [
              -55.6325,
              -4.6917
            ],
            [
              -55.6301,
              -4.6924
            ],
            [
              -55.6274,
              -4.6936
            ],
            [
              -55.6258,
              -4.6922
            ],
            [
              -55.6238,
              -4.694
            ],
            [
              -55.6213,
              -4.6927
            ],
            [
              -55.6199,
              -4.6929
            ],
            [
              -55.6162,
              -4.6958
            ],
            [
              -55.6141,
              -4.6955
            ],
            [
              -55.6098,
              -4.691
            ],
            [
              -55.6032,
              -4.6915
            ],
            [
              -55.5976,
              -4.6911
            ],
            [
              -55.5931,
              -4.6934
            ],
            [
              -55.585,
              -4.6936
            ],
            [
              -55.5811,
              -4.6949
            ],
            [
              -55.5775,
              -4.6948
            ],
            [
              -55.5749,
              -4.6929
            ],
            [
              -55.5734,
              -4.6929
            ],
            [
              -55.5705,
              -4.6949
            ],
            [
              -55.5677,
              -4.6999
            ],
            [
              -55.5616,
              -4.7021
            ],
            [
              -55.5588,
              -4.7026
            ],
            [
              -55.5546,
              -4.7027
            ],
            [
              -55.5516,
              -4.7019
            ],
            [
              -55.5488,
              -4.6987
            ],
            [
              -55.5466,
              -4.6975
            ],
            [
              -55.5353,
              -4.6978
            ],
            [
              -55.5308,
              -4.6961
            ],
            [
              -55.5281,
              -4.6956
            ],
            [
              -55.5246,
              -4.6959
            ],
            [
              -55.5179,
              -4.6983
            ],
            [
              -55.5164,
              -4.6994
            ],
            [
              -55.5148,
              -4.7015
            ],
            [
              -55.5125,
              -4.708
            ],
            [
              -55.512,
              -4.7146
            ],
            [
              -55.5102,
              -4.7176
            ],
            [
              -55.5088,
              -4.7189
            ],
            [
              -55.5041,
              -4.719
            ],
            [
              -55.5031,
              -4.7198
            ],
            [
              -55.5021,
              -4.7228
            ],
            [
              -55.5012,
              -4.7235
            ],
            [
              -55.491,
              -4.7266
            ],
            [
              -55.489,
              -4.7276
            ],
            [
              -55.4851,
              -4.7313
            ],
            [
              -55.4828,
              -4.7357
            ],
            [
              -55.4808,
              -4.7344
            ],
            [
              -55.4767,
              -4.7297
            ],
            [
              -55.4753,
              -4.725
            ],
            [
              -55.4733,
              -4.7205
            ],
            [
              -55.471,
              -4.7175
            ],
            [
              -55.4712,
              -4.7141
            ],
            [
              -55.4744,
              -4.7096
            ],
            [
              -55.4755,
              -4.7042
            ],
            [
              -55.4755,
              -4.7012
            ],
            [
              -55.4728,
              -4.6983
            ],
            [
              -55.4676,
              -4.6965
            ],
            [
              -55.4655,
              -4.6938
            ],
            [
              -55.4655,
              -4.6909
            ],
            [
              -55.4686,
              -4.6845
            ],
            [
              -55.4745,
              -4.6777
            ],
            [
              -55.477,
              -4.6754
            ],
            [
              -55.4819,
              -4.6657
            ],
            [
              -55.4789,
              -4.6628
            ],
            [
              -55.478,
              -4.6587
            ],
            [
              -55.4796,
              -4.6555
            ],
            [
              -55.4859,
              -4.6535
            ],
            [
              -55.49,
              -4.6532
            ],
            [
              -55.4929,
              -4.6501
            ],
            [
              -55.494,
              -4.6457
            ],
            [
              -55.494,
              -4.6419
            ],
            [
              -55.496,
              -4.6322
            ],
            [
              -55.4964,
              -4.6247
            ],
            [
              -55.4978,
              -4.6204
            ],
            [
              -55.5085,
              -4.618
            ],
            [
              -55.514,
              -4.6147
            ],
            [
              -55.5229,
              -4.6078
            ],
            [
              -55.5264,
              -4.6043
            ],
            [
              -55.5296,
              -4.5982
            ],
            [
              -55.5311,
              -4.5919
            ],
            [
              -55.5334,
              -4.5877
            ],
            [
              -55.5355,
              -4.5788
            ],
            [
              -55.538,
              -4.5708
            ],
            [
              -55.5389,
              -4.5604
            ],
            [
              -55.5419,
              -4.5573
            ],
            [
              -55.5484,
              -4.5449
            ],
            [
              -55.549,
              -4.5404
            ],
            [
              -55.5532,
              -4.5324
            ],
            [
              -55.5619,
              -4.5346
            ],
            [
              -55.565,
              -4.5342
            ],
            [
              -55.5674,
              -4.5361
            ],
            [
              -55.5708,
              -4.5376
            ],
            [
              -55.5749,
              -4.5359
            ],
            [
              -55.5777,
              -4.5338
            ],
            [
              -55.5839,
              -4.531
            ],
            [
              -55.5855,
              -4.5282
            ],
            [
              -55.5933,
              -4.5238
            ],
            [
              -55.5939,
              -4.5207
            ],
            [
              -55.5965,
              -4.5185
            ],
            [
              -55.599,
              -4.517
            ],
            [
              -55.5998,
              -4.5138
            ],
            [
              -55.604,
              -4.5078
            ],
            [
              -55.6063,
              -4.5055
            ],
            [
              -55.609,
              -4.5079
            ],
            [
              -55.6124,
              -4.5077
            ],
            [
              -55.6157,
              -4.5066
            ],
            [
              -55.6223,
              -4.5058
            ],
            [
              -55.6321,
              -4.5084
            ],
            [
              -55.6359,
              -4.5087
            ],
            [
              -55.638,
              -4.5147
            ],
            [
              -55.6511,
              -4.5184
            ],
            [
              -55.6542,
              -4.5179
            ],
            [
              -55.6566,
              -4.5156
            ],
            [
              -55.6596,
              -4.5136
            ],
            [
              -55.6699,
              -4.5155
            ],
            [
              -55.6735,
              -4.5153
            ],
            [
              -55.6763,
              -4.5131
            ],
            [
              -55.6749,
              -4.5061
            ],
            [
              -55.6725,
              -4.5039
            ],
            [
              -55.6706,
              -4.5004
            ],
            [
              -55.6699,
              -4.4949
            ],
            [
              -55.67,
              -4.4906
            ],
            [
              -55.666,
              -4.4894
            ],
            [
              -55.6643,
              -4.4864
            ],
            [
              -55.6672,
              -4.481
            ],
            [
              -55.6705,
              -4.4786
            ],
            [
              -55.6719,
              -4.4733
            ],
            [
              -55.6663,
              -4.4707
            ],
            [
              -55.6705,
              -4.4654
            ],
            [
              -55.6664,
              -4.4622
            ],
            [
              -55.6706,
              -4.4589
            ],
            [
              -55.6693,
              -4.4552
            ],
            [
              -55.66,
              -4.4546
            ],
            [
              -55.6586,
              -4.4491
            ],
            [
              -55.6555,
              -4.4471
            ],
            [
              -55.6567,
              -4.4414
            ],
            [
              -55.6596,
              -4.4384
            ],
            [
              -55.6572,
              -4.4361
            ],
            [
              -55.6538,
              -4.4318
            ],
            [
              -55.6476,
              -4.4312
            ],
            [
              -55.6424,
              -4.4313
            ],
            [
              -55.6416,
              -4.4266
            ],
            [
              -55.6432,
              -4.4199
            ],
            [
              -55.64,
              -4.4176
            ],
            [
              -55.6383,
              -4.4147
            ],
            [
              -55.634,
              -4.4146
            ],
            [
              -55.6301,
              -4.4139
            ],
            [
              -55.6263,
              -4.4124
            ],
            [
              -55.6245,
              -4.4094
            ],
            [
              -55.6237,
              -4.403
            ],
            [
              -55.6238,
              -4.3977
            ],
            [
              -55.62,
              -4.3936
            ],
            [
              -55.6206,
              -4.39
            ],
            [
              -55.6232,
              -4.387
            ],
            [
              -55.6171,
              -4.3826
            ],
            [
              -55.6191,
              -4.375
            ],
            [
              -55.6261,
              -4.3725
            ],
            [
              -55.6259,
              -4.3656
            ],
            [
              -55.6215,
              -4.3621
            ],
            [
              -55.6219,
              -4.3583
            ],
            [
              -55.6198,
              -4.3524
            ],
            [
              -55.6239,
              -4.3522
            ],
            [
              -55.632,
              -4.3533
            ],
            [
              -55.6357,
              -4.3543
            ],
            [
              -55.6423,
              -4.3552
            ],
            [
              -55.6483,
              -4.3514
            ],
            [
              -55.645,
              -4.3427
            ],
            [
              -55.646,
              -4.3373
            ],
            [
              -55.6429,
              -4.3371
            ],
            [
              -55.6406,
              -4.3337
            ],
            [
              -55.6434,
              -4.3305
            ],
            [
              -55.6422,
              -4.3228
            ],
            [
              -55.6455,
              -4.3226
            ],
            [
              -55.6528,
              -4.3132
            ],
            [
              -55.6541,
              -4.3094
            ],
            [
              -55.6568,
              -4.3061
            ],
            [
              -55.6606,
              -4.3078
            ],
            [
              -55.6635,
              -4.3082
            ],
            [
              -55.6728,
              -4.3022
            ],
            [
              -55.68,
              -4.3033
            ],
            [
              -55.6822,
              -4.2984
            ],
            [
              -55.6896,
              -4.287
            ],
            [
              -55.6966,
              -4.2806
            ],
            [
              -55.7015,
              -4.2795
            ],
            [
              -55.7031,
              -4.2748
            ],
            [
              -55.7062,
              -4.2745
            ],
            [
              -55.7085,
              -4.28
            ],
            [
              -55.7127,
              -4.28
            ],
            [
              -55.7196,
              -4.273
            ],
            [
              -55.7129,
              -4.2612
            ],
            [
              -55.7168,
              -4.2568
            ],
            [
              -55.723,
              -4.2545
            ],
            [
              -55.7197,
              -4.2468
            ],
            [
              -55.7235,
              -4.2406
            ],
            [
              -55.7296,
              -4.2416
            ],
            [
              -55.7328,
              -4.2404
            ],
            [
              -55.7351,
              -4.2439
            ],
            [
              -55.7409,
              -4.2478
            ],
            [
              -55.7475,
              -4.2536
            ],
            [
              -55.75,
              -4.257
            ],
            [
              -55.7538,
              -4.2584
            ],
            [
              -55.7594,
              -4.258
            ],
            [
              -55.7593,
              -4.2639
            ],
            [
              -55.7617,
              -4.2656
            ],
            [
              -55.761,
              -4.2729
            ],
            [
              -55.7621,
              -4.2761
            ],
            [
              -55.7613,
              -4.2794
            ],
            [
              -55.7589,
              -4.2833
            ],
            [
              -55.7631,
              -4.2846
            ],
            [
              -55.7673,
              -4.2797
            ],
            [
              -55.7672,
              -4.2757
            ],
            [
              -55.7706,
              -4.2717
            ],
            [
              -55.775,
              -4.2724
            ],
            [
              -55.7785,
              -4.274
            ],
            [
              -55.7871,
              -4.2717
            ],
            [
              -55.7869,
              -4.276
            ],
            [
              -55.8001,
              -4.2896
            ],
            [
              -55.8041,
              -4.2909
            ],
            [
              -55.8073,
              -4.2881
            ],
            [
              -55.8087,
              -4.2855
            ],
            [
              -55.8139,
              -4.285
            ],
            [
              -55.82,
              -4.2834
            ],
            [
              -55.8292,
              -4.2797
            ],
            [
              -55.8348,
              -4.2765
            ],
            [
              -55.8381,
              -4.273
            ],
            [
              -55.8422,
              -4.2727
            ],
            [
              -55.8463,
              -4.2703
            ],
            [
              -55.846,
              -4.2671
            ],
            [
              -55.8482,
              -4.259
            ],
            [
              -55.8632,
              -4.2486
            ],
            [
              -55.8794,
              -4.2504
            ],
            [
              -55.8904,
              -4.2471
            ],
            [
              -55.8937,
              -4.2441
            ],
            [
              -55.8954,
              -4.24
            ],
            [
              -55.8969,
              -4.2347
            ],
            [
              -55.8745,
              -4.2159
            ],
            [
              -55.8497,
              -4.2018
            ],
            [
              -55.7888,
              -4.1625
            ],
            [
              -55.7751,
              -4.1524
            ],
            [
              -55.7571,
              -4.1446
            ],
            [
              -55.7395,
              -4.1337
            ],
            [
              -55.7282,
              -4.1256
            ],
            [
              -55.7199,
              -4.1223
            ],
            [
              -55.7029,
              -4.118
            ],
            [
              -55.6799,
              -4.1073
            ],
            [
              -55.6665,
              -4.0992
            ],
            [
              -55.6542,
              -4.0907
            ]
          ]
        ]
      },
      "properties": {
        "codarea": "1503606",
        "nome_municipio": "Itaituba",
        "codigo_ibge": 1503606
      }
    },
    {
      "type": "Feature",
      "geometry": {
        "type": "Polygon",
        "coordinates": [
          [
            [
              -56.9561,
              -3.6586
            ],
            [
              -56.9513,
              -3.6646
            ],
            [
              -56.9485,
              -3.6669
            ],
            [
              -56.9406,
              -3.6685
            ],
            [
              -56.9365,
              -3.6702
            ],
            [
              -56.9329,
              -3.6725
            ],
            [
              -56.9263,
              -3.6777
            ],
            [
              -56.9161,
              -3.6815
            ],
            [
              -56.9135,
              -3.6829
            ],
            [
              -56.9072,
              -3.6843
            ],
            [
              -56.9017,
              -3.6862
            ],
            [
              -56.8977,
              -3.6885
            ],
            [
              -56.8947,
              -3.6912
            ],
            [
              -56.8887,
              -3.7012
            ],
            [
              -56.8876,
              -3.7048
            ],
            [
              -56.8877,
              -3.709
            ],
            [
              -56.8885,
              -3.7128
            ],
            [
              -56.8901,
              -3.7159
            ],
            [
              -56.8909,
              -3.7187
            ],
            [
              -56.8931,
              -3.7225
            ],
            [
              -56.894,
              -3.7258
            ],
            [
              -56.8944,
              -3.7295
            ],
            [
              -56.8967,
              -3.7314
            ],
            [
              -56.898,
              -3.734
            ],
            [
              -56.8989,
              -3.7377
            ],
            [
              -56.901,
              -3.7408
            ],
            [
              -56.9041,
              -3.743
            ],
            [
              -56.9062,
              -3.7454
            ],
            [
              -56.9069,
              -3.7522
            ],
            [
              -56.904,
              -3.7633
            ],
            [
              -56.9058,
              -3.7657
            ],
            [
              -56.9074,
              -3.7698
            ],
            [
              -56.9057,
              -3.7723
            ],
            [
              -56.9025,
              -3.7741
            ],
            [
              -56.9024,
              -3.7773
            ],
            [
              -56.9029,
              -3.7807
            ],
            [
              -56.9018,
              -3.784
            ],
            [
              -56.8967,
              -3.7885
            ],
            [
              -56.8949,
              -3.7932
            ],
            [
              -56.8972,
              -3.8036
            ],
            [
              -56.8976,
              -3.8076
            ],
            [
              -56.8975,
              -3.8113
            ],
            [
              -56.8956,
              -3.8163
            ],
            [
              -56.8933,
              -3.8182
            ],
            [
              -56.8758,
              -3.8218
            ],
            [
              -56.873,
              -3.8244
            ],
            [
              -56.8727,
              -3.8274
            ],
            [
              -56.8737,
              -3.8315
            ],
            [
              -56.8765,
              -3.838
            ],
            [
              -56.8784,
              -3.8479
            ],
            [
              -56.8815,
              -3.8553
            ],
            [
              -56.8803,
              -3.8598
            ],
            [
              -56.8775,
              -3.8674
            ],
            [
              -56.8778,
              -3.8758
            ],
            [
              -56.8796,
              -3.8785
            ],
            [
              -56.8808,
              -3.8824
            ],
            [
              -56.8797,
              -3.8867
            ],
            [
              -56.8771,
              -3.894
            ],
            [
              -56.877,
              -3.9029
            ],
            [
              -56.878,
              -3.9095
            ],
            [
              -56.8782,
              -3.915
            ],
            [
              -56.8775,
              -3.9191
            ],
            [
              -56.8749,
              -3.922
            ],
            [
              -56.8709,
              -3.925
            ],
            [
              -56.8623,
              -3.9279
            ],
            [
              -56.8554,
              -3.9323
            ],
            [
              -56.8523,
              -3.9324
            ],
            [
              -56.8497,
              -3.9299
            ],
            [
              -56.8454,
              -3.9295
            ],
            [
              -56.8414,
              -3.9311
            ],
            [
              -56.8385,
              -3.9335
            ],
            [
              -56.8373,
              -3.9376
            ],
            [
              -56.837,
              -3.9423
            ],
            [
              -56.8338,
              -3.952
            ],
            [
              -56.8265,
              -3.9534
            ],
            [
              -56.8239,
              -3.9548
            ],
            [
              -56.8231,
              -3.9581
            ],
            [
              -56.8248,
              -3.9619
            ],
            [
              -56.8261,
              -3.9674
            ],
            [
              -56.8262,
              -3.9712
            ],
            [
              -56.8255,
              -3.9747
            ],
            [
              -56.8238,
              -3.9791
            ],
            [
              -56.8233,
              -3.9835
            ],
            [
              -56.825,
              -3.9874
            ],
            [
              -56.827,
              -3.9902
            ],
            [
              -56.8279,
              -3.9936
            ],
            [
              -56.8281,
              -4.0002
            ],
            [
              -56.8251,
              -4.0059
            ],
            [
              -56.8248,
              -4.0097
            ],
            [
              -56.823,
              -4.0124
            ],
            [
              -56.8204,
              -4.0138
            ],
            [
              -56.8152,
              -4.0101
            ],
            [
              -56.8107,
              -4.0111
            ],
            [
              -56.8048,
              -4.0132
            ],
            [
              -56.8017,
              -4.0125
            ],
            [
              -56.7982,
              -4.0108
            ],
            [
              -56.7905,
              -4.0112
            ],
            [
              -56.7873,
              -4.0126
            ],
            [
              -56.7765,
              -4.0095
            ],
            [
              -56.7664,
              -4.0147
            ],
            [
              -56.7637,
              -4.0175
            ],
            [
              -56.7619,
              -4.0207
            ],
            [
              -56.7585,
              -4.0226
            ],
            [
              -56.7523,
              -4.0248
            ],
            [
              -56.751,
              -4.0282
            ],
            [
              -56.7489,
              -4.0305
            ],
            [
              -56.7477,
              -4.0372
            ],
            [
              -56.7462,
              -4.041
            ],
            [
              -56.7455,
              -4.0444
            ],
            [
              -56.7429,
              -4.0467
            ],
            [
              -56.7448,
              -4.0491
            ],
            [
              -56.7462,
              -4.0518
            ],
            [
              -56.7461,
              -4.0549
            ],
            [
              -56.749,
              -4.0579
            ],
            [
              -56.7494,
              -4.0611
            ],
            [
              -56.7461,
              -4.0605
            ],
            [
              -56.7435,
              -4.0627
            ],
            [
              -56.7392,
              -4.0621
            ],
            [
              -56.7362,
              -4.0628
            ],
            [
              -56.7347,
              -4.0677
            ],
            [
              -56.7315,
              -4.0715
            ],
            [
              -56.7278,
              -4.0748
            ],
            [
              -56.7214,
              -4.0832
            ],
            [
              -56.7223,
              -4.0865
            ],
            [
              -56.7252,
              -4.0888
            ],
            [
              -56.7283,
              -4.0926
            ],
            [
              -56.7284,
              -4.0965
            ],
            [
              -56.7273,
              -4.0996
            ],
            [
              -56.7235,
              -4.1021
            ],
            [
              -56.7211,
              -4.1053
            ],
            [
              -56.7213,
              -4.1096
            ],
            [
              -56.7262,
              -4.114
            ],
            [
              -56.7248,
              -4.118
            ],
            [
              -56.7258,
              -4.1236
            ],
            [
              -56.7258,
              -4.1269
            ],
            [
              -56.7248,
              -4.1309
            ],
            [
              -56.7282,
              -4.1329
            ],
            [
              -56.7317,
              -4.1341
            ],
            [
              -56.7335,
              -4.1384
            ],
            [
              -56.7331,
              -4.1425
            ],
            [
              -56.7334,
              -4.1466
            ],
            [
              -56.7311,
              -4.1501
            ],
            [
              -56.7313,
              -4.1544
            ],
            [
              -56.7323,
              -4.1578
            ],
            [
              -56.7265,
              -4.1634
            ],
            [
              -56.7259,
              -4.1677
            ],
            [
              -56.7278,
              -4.1711
            ],
            [
              -56.7258,
              -4.1743
            ],
            [
              -56.7229,
              -4.1754
            ],
            [
              -56.7264,
              -4.1825
            ],
            [
              -56.7257,
              -4.1867
            ],
            [
              -56.7237,
              -4.1903
            ],
            [
              -56.7212,
              -4.1925
            ],
            [
              -56.7203,
              -4.1964
            ],
            [
              -56.7162,
              -4.2023
            ],
            [
              -56.7173,
              -4.2059
            ],
            [
              -56.7158,
              -4.2106
            ],
            [
              -56.7157,
              -4.2146
            ],
            [
              -56.7147,
              -4.2193
            ],
            [
              -56.7159,
              -4.2223
            ],
            [
              -56.7162,
              -4.2265
            ],
            [
              -56.7131,
              -4.2283
            ],
            [
              -56.7124,
              -4.2331
            ],
            [
              -56.7107,
              -4.2366
            ],
            [
              -56.7109,
              -4.2422
            ],
            [
              -56.7089,
              -4.2461
            ],
            [
              -56.7051,
              -4.2479
            ],
            [
              -56.702,
              -4.2468
            ],
            [
              -56.6981,
              -4.2418
            ],
            [
              -56.6926,
              -4.239
            ],
            [
              -56.6893,
              -4.2365
            ],
            [
              -56.6793,
              -4.2328
            ],
            [
              -56.6739,
              -4.2339
            ],
            [
              -56.6702,
              -4.2358
            ],
            [
              -56.6725,
              -4.2397
            ],
            [
              -56.671,
              -4.2423
            ],
            [
              -56.6721,
              -4.246
            ],
            [
              -56.6615,
              -4.2428
            ],
            [
              -56.6587,
              -4.2449
            ],
            [
              -56.6542,
              -4.2466
            ],
            [
              -56.6523,
              -4.2501
            ],
            [
              -56.6548,
              -4.2568
            ],
            [
              -56.6531,
              -4.2603
            ],
            [
              -56.6503,
              -4.2622
            ],
            [
              -56.6487,
              -4.265
            ],
            [
              -56.6485,
              -4.2686
            ],
            [
              -56.6447,
              -4.2692
            ],
            [
              -56.6407,
              -4.2786
            ],
            [
              -56.6403,
              -4.2825
            ],
            [
              -56.6364,
              -4.2834
            ],
            [
              -56.6349,
              -4.2882
            ],
            [
              -56.6345,
              -4.2915
            ],
            [
              -56.6313,
              -4.2942
            ],
            [
              -56.6293,
              -4.2974
            ],
            [
              -56.6285,
              -4.3015
            ],
            [
              -56.6255,
              -4.3013
            ],
            [
              -56.6185,
              -4.2985
            ],
            [
              -56.6143,
              -4.2996
            ],
            [
              -56.6108,
              -4.3028
            ],
            [
              -56.6078,
              -4.3043
            ],
            [
              -56.6002,
              -4.3037
            ],
            [
              -56.5943,
              -4.3051
            ],
            [
              -56.5912,
              -4.3051
            ],
            [
              -56.5881,
              -4.3015
            ],
            [
              -56.5852,
              -4.3009
            ],
            [
              -56.5853,
              -4.2962
            ],
            [
              -56.5807,
              -4.2931
            ],
            [
              -56.5774,
              -4.2927
            ],
            [
              -56.5741,
              -4.2941
            ],
            [
              -56.5681,
              -4.2929
            ],
            [
              -56.5646,
              -4.2896
            ],
            [
              -56.5615,
              -4.2883
            ],
            [
              -56.557,
              -4.2923
            ],
            [
              -56.5573,
              -4.2963
            ],
            [
              -56.5547,
              -4.3004
            ],
            [
              -56.5514,
              -4.3003
            ],
            [
              -56.5519,
              -4.2911
            ],
            [
              -56.5517,
              -4.2771
            ],
            [
              -56.5558,
              -4.263
            ],
            [
              -56.5562,
              -4.2568
            ],
            [
              -56.5555,
              -4.2538
            ],
            [
              -56.5505,
              -4.2462
            ],
            [
              -56.5479,
              -4.2441
            ],
            [
              -56.5439,
              -4.2422
            ],
            [
              -56.541,
              -4.2432
            ],
            [
              -56.5375,
              -4.2433
            ],
            [
              -56.5327,
              -4.2413
            ],
            [
              -56.5327,
              -4.2381
            ],
            [
              -56.5286,
              -4.2366
            ],
            [
              -56.527,
              -4.2338
            ],
            [
              -56.5254,
              -4.2272
            ],
            [
              -56.5254,
              -4.2242
            ],
            [
              -56.5289,
              -4.2157
            ],
            [
              -56.5281,
              -4.211
            ],
            [
              -56.5283,
              -4.2072
            ],
            [
              -56.5255,
              -4.2061
            ],
            [
              -56.5233,
              -4.2083
            ],
            [
              -56.5199,
              -4.2085
            ],
            [
              -56.5193,
              -4.2049
            ],
            [
              -56.5204,
              -4.2022
            ],
            [
              -56.5276,
              -4.2013
            ],
            [
              -56.53,
              -4.199
            ],
            [
              -56.5263,
              -4.1967
            ],
            [
              -56.5265,
              -4.1936
            ],
            [
              -56.5293,
              -4.1915
            ],
            [
              -56.5305,
              -4.1882
            ],
            [
              -56.5306,
              -4.1836
            ],
            [
              -56.5321,
              -4.1792
            ],
            [
              -56.5328,
              -4.1757
            ],
            [
              -56.5286,
              -4.174
            ],
            [
              -56.5267,
              -4.1695
            ],
            [
              -56.5281,
              -4.1665
            ],
            [
              -56.5258,
              -4.1646
            ],
            [
              -56.52,
              -4.1623
            ],
            [
              -56.5166,
              -4.1588
            ],
            [
              -56.5179,
              -4.1554
            ],
            [
              -56.5181,
              -4.1514
            ],
            [
              -56.5126,
              -4.1482
            ],
            [
              -56.5094,
              -4.1477
            ],
            [
              -56.5059,
              -4.148
            ],
            [
              -56.4977,
              -4.1437
            ],
            [
              -56.4948,
              -4.1445
            ],
            [
              -56.4919,
              -4.1425
            ],
            [
              -56.4886,
              -4.141
            ],
            [
              -56.4878,
              -4.1441
            ],
            [
              -56.4897,
              -4.1502
            ],
            [
              -56.4862,
              -4.1512
            ],
            [
              -56.4835,
              -4.1532
            ],
            [
              -56.4804,
              -4.1531
            ],
            [
              -56.4788,
              -4.1504
            ],
            [
              -56.4788,
              -4.1471
            ],
            [
              -56.478,
              -4.1437
            ],
            [
              -56.4756,
              -4.1408
            ],
            [
              -56.4773,
              -4.1344
            ],
            [
              -56.4772,
              -4.1312
            ],
            [
              -56.4748,
              -4.1294
            ],
            [
              -56.4718,
              -4.128
            ],
            [
              -56.4684,
              -4.1286
            ],
            [
              -56.4666,
              -4.1311
            ],
            [
              -56.4641,
              -4.133
            ],
            [
              -56.4622,
              -4.1355
            ],
            [
              -56.4588,
              -4.1413
            ],
            [
              -56.4561,
              -4.1431
            ],
            [
              -56.4527,
              -4.1429
            ],
            [
              -56.45,
              -4.1445
            ],
            [
              -56.4468,
              -4.1454
            ],
            [
              -56.4451,
              -4.1425
            ],
            [
              -56.4441,
              -4.1397
            ],
            [
              -56.4409,
              -4.1412
            ],
            [
              -56.4391,
              -4.1434
            ],
            [
              -56.4367,
              -4.1454
            ],
            [
              -56.4338,
              -4.147
            ],
            [
              -56.4309,
              -4.1459
            ],
            [
              -56.4272,
              -4.1402
            ],
            [
              -56.4288,
              -4.1367
            ],
            [
              -56.4265,
              -4.1344
            ],
            [
              -56.4205,
              -4.1325
            ],
            [
              -56.414,
              -4.132
            ],
            [
              -56.4103,
              -4.1331
            ],
            [
              -56.4084,
              -4.1355
            ],
            [
              -56.4053,
              -4.1359
            ],
            [
              -56.4013,
              -4.1309
            ],
            [
              -56.3942,
              -4.1312
            ],
            [
              -56.3911,
              -4.1329
            ],
            [
              -56.389,
              -4.1349
            ],
            [
              -56.3861,
              -4.1365
            ],
            [
              -56.3792,
              -4.1357
            ],
            [
              -56.3765,
              -4.1333
            ],
            [
              -56.3734,
              -4.1348
            ],
            [
              -56.3702,
              -4.1348
            ],
            [
              -56.3671,
              -4.1341
            ],
            [
              -56.3606,
              -4.1335
            ],
            [
              -56.3535,
              -4.136
            ],
            [
              -56.3524,
              -4.1389
            ],
            [
              -56.3528,
              -4.1424
            ],
            [
              -56.3498,
              -4.1433
            ],
            [
              -56.3464,
              -4.1429
            ],
            [
              -56.344,
              -4.146
            ],
            [
              -56.3435,
              -4.1529
            ],
            [
              -56.3419,
              -4.1559
            ],
            [
              -56.3355,
              -4.1533
            ],
            [
              -56.3328,
              -4.155
            ],
            [
              -56.3271,
              -4.1598
            ],
            [
              -56.321,
              -4.1624
            ],
            [
              -56.3186,
              -4.1651
            ],
            [
              -56.3156,
              -4.1667
            ],
            [
              -56.311,
              -4.1725
            ],
            [
              -56.3073,
              -4.1729
            ],
            [
              -56.3033,
              -4.172
            ],
            [
              -56.2968,
              -4.1696
            ],
            [
              -56.2939,
              -4.1654
            ],
            [
              -56.2838,
              -4.1598
            ],
            [
              -56.2796,
              -4.159
            ],
            [
              -56.2723,
              -4.1612
            ],
            [
              -56.2691,
              -4.1605
            ],
            [
              -56.2684,
              -4.1641
            ],
            [
              -56.2698,
              -4.1674
            ],
            [
              -56.2693,
              -4.1704
            ],
            [
              -56.2653,
              -4.1756
            ],
            [
              -56.2626,
              -4.1779
            ],
            [
              -56.2584,
              -4.1766
            ],
            [
              -56.2572,
              -4.1729
            ],
            [
              -56.2591,
              -4.1663
            ],
            [
              -56.258,
              -4.1631
            ],
            [
              -56.2559,
              -4.1604
            ],
            [
              -56.2529,
              -4.1588
            ],
            [
              -56.2493,
              -4.158
            ],
            [
              -56.2418,
              -4.1576
            ],
            [
              -56.2378,
              -4.1557
            ],
            [
              -56.2367,
              -4.1529
            ],
            [
              -56.2347,
              -4.1458
            ],
            [
              -56.2325,
              -4.1438
            ],
            [
              -56.2342,
              -4.1407
            ],
            [
              -56.2368,
              -4.1392
            ],
            [
              -56.239,
              -4.1368
            ],
            [
              -56.2394,
              -4.1339
            ],
            [
              -56.2418,
              -4.1317
            ],
            [
              -56.2419,
              -4.1284
            ],
            [
              -56.2386,
              -4.1273
            ],
            [
              -56.236,
              -4.1244
            ],
            [
              -56.2368,
              -4.1215
            ],
            [
              -56.236,
              -4.1184
            ],
            [
              -56.2335,
              -4.1161
            ],
            [
              -56.2306,
              -4.1145
            ],
            [
              -56.228,
              -4.1119
            ],
            [
              -56.2252,
              -4.1108
            ],
            [
              -56.2215,
              -4.1116
            ],
            [
              -56.2195,
              -4.1144
            ],
            [
              -56.2166,
              -4.1136
            ],
            [
              -56.2102,
              -4.1133
            ],
            [
              -56.2069,
              -4.1123
            ],
            [
              -56.2042,
              -4.1095
            ],
            [
              -56.2035,
              -4.1059
            ],
            [
              -56.2006,
              -4.1051
            ],
            [
              -56.1967,
              -4.1047
            ],
            [
              -56.1929,
              -4.1026
            ],
            [
              -56.1904,
              -4.1
            ],
            [
              -56.1889,
              -4.0967
            ],
            [
              -56.1905,
              -4.0942
            ],
            [
              -56.1916,
              -4.0908
            ],
            [
              -56.1921,
              -4.0872
            ],
            [
              -56.1905,
              -4.0842
            ],
            [
              -56.1876,
              -4.083
            ],
            [
              -56.1851,
              -4.081
            ],
            [
              -56.1852,
              -4.078
            ],
            [
              -56.1873,
              -4.0759
            ],
            [
              -56.1924,
              -4.0741
            ],
            [
              -56.1988,
              -4.0726
            ],
            [
              -56.1997,
              -4.0694
            ],
            [
              -56.1986,
              -4.0661
            ],
            [
              -56.1942,
              -4.061
            ],
            [
              -56.1931,
              -4.0577
            ],
            [
              -56.1931,
              -4.0548
            ],
            [
              -56.1906,
              -4.0523
            ],
            [
              -56.1912,
              -4.0484
            ],
            [
              -56.1899,
              -4.0454
            ],
            [
              -56.1846,
              -4.0407
            ],
            [
              -56.1812,
              -4.0387
            ],
            [
              -56.1787,
              -4.0366
            ],
            [
              -56.1753,
              -4.0352
            ],
            [
              -56.1735,
              -4.0325
            ],
            [
              -56.1724,
              -4.0297
            ],
            [
              -56.1749,
              -4.0281
            ],
            [
              -56.1781,
              -4.0272
            ],
            [
              -56.1757,
              -4.0245
            ],
            [
              -56.1759,
              -4.0216
            ],
            [
              -56.1724,
              -4.0173
            ],
            [
              -56.1695,
              -4.0212
            ],
            [
              -56.1669,
              -4.0229
            ],
            [
              -56.1637,
              -4.0205
            ],
            [
              -56.1616,
              -4.0181
            ],
            [
              -56.1581,
              -4.0117
            ],
            [
              -56.1561,
              -4.0093
            ],
            [
              -56.1529,
              -4.0071
            ],
            [
              -56.1497,
              -4.0068
            ],
            [
              -56.1436,
              -4.0046
            ],
            [
              -56.1409,
              -4.0028
            ],
            [
              -56.1373,
              -3.9968
            ],
            [
              -56.1379,
              -3.9939
            ],
            [
              -56.1417,
              -3.9948
            ],
            [
              -56.142,
              -3.9917
            ],
            [
              -56.1437,
              -3.9888
            ],
            [
              -56.1465,
              -3.99
            ],
            [
              -56.153,
              -3.9916
            ],
            [
              -56.1558,
              -3.9896
            ],
            [
              -56.1561,
              -3.9866
            ],
            [
              -56.1552,
              -3.9835
            ],
            [
              -56.1514,
              -3.9832
            ],
            [
              -56.1486,
              -3.981
            ],
            [
              -56.1466,
              -3.9784
            ],
            [
              -56.1401,
              -3.9771
            ],
            [
              -56.1369,
              -3.976
            ],
            [
              -56.1339,
              -3.9744
            ],
            [
              -56.1335,
              -3.9714
            ],
            [
              -56.1338,
              -3.9679
            ],
            [
              -56.1312,
              -3.9666
            ],
            [
              -56.1284,
              -3.9679
            ],
            [
              -56.1254,
              -3.9658
            ],
            [
              -56.1237,
              -3.9634
            ],
            [
              -56.12,
              -3.9623
            ],
            [
              -56.117,
              -3.9629
            ],
            [
              -56.1135,
              -3.9623
            ],
            [
              -56.1052,
              -3.9571
            ],
            [
              -56.0977,
              -3.9505
            ],
            [
              -56.0914,
              -3.9471
            ],
            [
              -56.0879,
              -3.9471
            ],
            [
              -56.0888,
              -3.9437
            ],
            [
              -56.086,
              -3.9412
            ],
            [
              -56.083,
              -3.9414
            ],
            [
              -56.0801,
              -3.9429
            ],
            [
              -56.077,
              -3.9424
            ],
            [
              -56.0745,
              -3.9405
            ],
            [
              -56.071,
              -3.9402
            ],
            [
              -56.069,
              -3.9366
            ],
            [
              -56.0686,
              -3.9336
            ],
            [
              -56.0665,
              -3.9303
            ],
            [
              -56.0637,
              -3.9284
            ],
            [
              -56.0609,
              -3.9259
            ],
            [
              -56.0599,
              -3.9228
            ],
            [
              -56.0595,
              -3.919
            ],
            [
              -56.0559,
              -3.9186
            ],
            [
              -56.0532,
              -3.9173
            ],
            [
              -56.0511,
              -3.9143
            ],
            [
              -56.045,
              -3.9122
            ],
            [
              -56.0381,
              -3.9106
            ],
            [
              -56.036,
              -3.9083
            ],
            [
              -56.0351,
              -3.9011
            ],
            [
              -56.0348,
              -3.8983
            ],
            [
              -56.0326,
              -3.8923
            ],
            [
              -56.0321,
              -3.8892
            ],
            [
              -56.0307,
              -3.8861
            ],
            [
              -56.0272,
              -3.8837
            ],
            [
              -56.0264,
              -3.8807
            ],
            [
              -56.028,
              -3.8724
            ],
            [
              -56.0271,
              -3.8651
            ],
            [
              -56.0294,
              -3.8589
            ],
            [
              -56.0278,
              -3.8558
            ],
            [
              -56.0246,
              -3.8549
            ],
            [
              -56.0181,
              -3.8543
            ],
            [
              -56.0113,
              -3.8548
            ],
            [
              -56.0088,
              -3.8578
            ],
            [
              -56.0079,
              -3.8607
            ],
            [
              -56.0047,
              -3.8632
            ],
            [
              -56.0005,
              -3.8632
            ],
            [
              -55.9948,
              -3.866
            ],
            [
              -55.9933,
              -3.8634
            ],
            [
              -55.9906,
              -3.8613
            ],
            [
              -55.9874,
              -3.8613
            ],
            [
              -55.9845,
              -3.8624
            ],
            [
              -55.982,
              -3.8679
            ],
            [
              -55.9799,
              -3.8713
            ],
            [
              -55.9722,
              -3.8715
            ],
            [
              -55.9693,
              -3.8703
            ],
            [
              -55.9619,
              -3.871
            ],
            [
              -55.9588,
              -3.8717
            ],
            [
              -55.9564,
              -3.8743
            ],
            [
              -55.9544,
              -3.8773
            ],
            [
              -55.9537,
              -3.881
            ],
            [
              -55.9547,
              -3.8883
            ],
            [
              -55.9511,
              -3.895
            ],
            [
              -55.9471,
              -3.8998
            ],
            [
              -55.9404,
              -3.9019
            ],
            [
              -55.9383,
              -3.8993
            ],
            [
              -55.9328,
              -3.8979
            ],
            [
              -55.9298,
              -3.8957
            ],
            [
              -55.9264,
              -3.8942
            ],
            [
              -55.9237,
              -3.8964
            ],
            [
              -55.9257,
              -3.8988
            ],
            [
              -55.9292,
              -3.9082
            ],
            [
              -55.9267,
              -3.9114
            ],
            [
              -55.9255,
              -3.9143
            ],
            [
              -55.9227,
              -3.9164
            ],
            [
              -55.9222,
              -3.9195
            ],
            [
              -55.9281,
              -3.9221
            ],
            [
              -55.9297,
              -3.925
            ],
            [
              -55.9261,
              -3.9264
            ],
            [
              -55.9223,
              -3.9273
            ],
            [
              -55.9193,
              -3.9262
            ],
            [
              -55.9178,
              -3.9299
            ],
            [
              -55.9193,
              -3.9325
            ],
            [
              -55.9235,
              -3.9377
            ],
            [
              -55.9251,
              -3.9407
            ],
            [
              -55.9226,
              -3.9427
            ],
            [
              -55.9191,
              -3.9424
            ],
            [
              -55.9162,
              -3.9412
            ],
            [
              -55.9136,
              -3.9378
            ],
            [
              -55.9094,
              -3.9276
            ],
            [
              -55.9067,
              -3.9249
            ],
            [
              -55.9057,
              -3.9283
            ],
            [
              -55.9039,
              -3.932
            ],
            [
              -55.9009,
              -3.9341
            ],
            [
              -55.8974,
              -3.9351
            ],
            [
              -55.8972,
              -3.9296
            ],
            [
              -55.8924,
              -3.9283
            ],
            [
              -55.8923,
              -3.925
            ],
            [
              -55.8935,
              -3.9217
            ],
            [
              -55.8917,
              -3.9179
            ],
            [
              -55.888,
              -3.9153
            ],
            [
              -55.8849,
              -3.9042
            ],
            [
              -55.8816,
              -3.9042
            ],
            [
              -55.8783,
              -3.9058
            ],
            [
              -55.8752,
              -3.9079
            ],
            [
              -55.8703,
              -3.9135
            ],
            [
              -55.8679,
              -3.9155
            ],
            [
              -55.8643,
              -3.9258
            ],
            [
              -55.8644,
              -3.9292
            ],
            [
              -55.8606,
              -3.93
            ],
            [
              -55.8577,
              -3.9285
            ],
            [
              -55.8541,
              -3.9285
            ],
            [
              -55.8545,
              -3.9317
            ],
            [
              -55.8535,
              -3.9346
            ],
            [
              -55.8542,
              -3.9381
            ],
            [
              -55.8517,
              -3.9397
            ],
            [
              -55.851,
              -3.9438
            ],
            [
              -55.8518,
              -3.9471
            ],
            [
              -55.8464,
              -3.949
            ],
            [
              -55.8435,
              -3.9494
            ],
            [
              -55.8406,
              -3.9513
            ],
            [
              -55.839,
              -3.9542
            ],
            [
              -55.8365,
              -3.961
            ],
            [
              -55.8345,
              -3.9642
            ],
            [
              -55.8373,
              -3.9656
            ],
            [
              -55.8406,
              -3.966
            ],
            [
              -55.8467,
              -3.9732
            ],
            [
              -55.8458,
              -3.9763
            ],
            [
              -55.8435,
              -3.9785
            ],
            [
              -55.8431,
              -3.9831
            ],
            [
              -55.8447,
              -3.9861
            ],
            [
              -55.8458,
              -3.99
            ],
            [
              -55.8467,
              -3.9994
            ],
            [
              -55.8436,
              -4.0004
            ],
            [
              -55.8408,
              -4.0021
            ],
            [
              -55.8412,
              -4.0083
            ],
            [
              -55.8383,
              -4.0148
            ],
            [
              -55.83,
              -4.0162
            ],
            [
              -55.8268,
              -4.0174
            ],
            [
              -55.8203,
              -4.0151
            ],
            [
              -55.8116,
              -4.0113
            ],
            [
              -55.8022,
              -4.0117
            ],
            [
              -55.7988,
              -4.0105
            ],
            [
              -55.7968,
              -4.0074
            ],
            [
              -55.7901,
              -4.0055
            ],
            [
              -55.7858,
              -4.0084
            ],
            [
              -55.7822,
              -4.0077
            ],
            [
              -55.7764,
              -4.0098
            ],
            [
              -55.7723,
              -4.008
            ],
            [
              -55.7691,
              -4.0033
            ],
            [
              -55.7642,
              -4.0037
            ],
            [
              -55.762,
              -4.0063
            ],
            [
              -55.7571,
              -4.0035
            ],
            [
              -55.7508,
              -4.0049
            ],
            [
              -55.7467,
              -4.0013
            ],
            [
              -55.7434,
              -4.0035
            ],
            [
              -55.741,
              -4.0147
            ],
            [
              -55.737,
              -4.0187
            ],
            [
              -55.7351,
              -4.024
            ],
            [
              -55.7255,
              -4.0324
            ],
            [
              -55.7248,
              -4.0377
            ],
            [
              -55.7267,
              -4.0442
            ],
            [
              -55.7214,
              -4.0504
            ],
            [
              -55.7177,
              -4.0518
            ],
            [
              -55.7135,
              -4.0544
            ],
            [
              -55.7101,
              -4.0537
            ],
            [
              -55.707,
              -4.0561
            ],
            [
              -55.7014,
              -4.055
            ],
            [
              -55.6984,
              -4.0556
            ],
            [
              -55.6875,
              -4.0651
            ],
            [
              -55.6814,
              -4.066
            ],
            [
              -55.6758,
              -4.0699
            ],
            [
              -55.672,
              -4.0736
            ],
            [
              -55.6731,
              -4.0791
            ],
            [
              -55.6704,
              -4.0855
            ],
            [
              -55.6596,
              -4.0869
            ],
            [
              -55.6542,
              -4.0907
            ],
            [
              -55.6416,
              -4.0771
            ],
            [
              -55.6234,
              -4.06
            ],
            [
              -55.6142,
              -4.0442
            ],
            [
              -55.6036,
              -4.0223
            ],
            [
              -55.591,
              -4.0134
            ],
            [
              -55.5819,
              -4.0062
            ],
            [
              -55.5749,
              -3.994
            ],
            [
              -55.5719,
              -3.993
            ],
            [
              -55.5692,
              -3.9947
            ],
            [
              -55.5715,
              -3.9974
            ],
            [
              -55.5749,
              -4.0004
            ],
            [
              -55.5747,
              -4.0053
            ],
            [
              -55.5649,
              -4.0182
            ],
            [
              -55.5584,
              -4.0202
            ],
            [
              -55.5576,
              -4.0253
            ],
            [
              -55.5591,
              -4.0314
            ],
            [
              -55.558,
              -4.0357
            ],
            [
              -55.5598,
              -4.0387
            ],
            [
              -55.5615,
              -4.0482
            ],
            [
              -55.5586,
              -4.0516
            ],
            [
              -55.5589,
              -4.0626
            ],
            [
              -55.5633,
              -4.0712
            ],
            [
              -55.5648,
              -4.0782
            ],
            [
              -55.5635,
              -4.0814
            ],
            [
              -55.5627,
              -4.092
            ],
            [
              -55.5635,
              -4.0961
            ],
            [
              -55.5625,
              -4.1018
            ],
            [
              -55.5631,
              -4.1048
            ],
            [
              -55.5607,
              -4.1111
            ],
            [
              -55.5612,
              -4.1147
            ],
            [
              -55.5599,
              -4.1177
            ],
            [
              -55.5614,
              -4.1253
            ],
            [
              -55.5633,
              -4.1284
            ],
            [
              -55.5635,
              -4.1324
            ],
            [
              -55.5645,
              -4.1356
            ],
            [
              -55.5648,
              -4.1413
            ],
            [
              -55.5631,
              -4.1442
            ],
            [
              -55.5575,
              -4.1481
            ],
            [
              -55.5512,
              -4.1483
            ],
            [
              -55.546,
              -4.1519
            ],
            [
              -55.5414,
              -4.1497
            ],
            [
              -55.5365,
              -4.1514
            ],
            [
              -55.5319,
              -4.1542
            ],
            [
              -55.5005,
              -4.1434
            ],
            [
              -55.454,
              -4.1268
            ],
            [
              -55.3171,
              -4.0777
            ],
            [
              -55.318,
              -4.074
            ],
            [
              -55.3146,
              -4.0718
            ],
            [
              -55.3119,
              -4.0729
            ],
            [
              -55.3088,
              -4.0754
            ],
            [
              -55.3061,
              -4.0806
            ],
            [
              -55.3029,
              -4.0791
            ],
            [
              -55.3016,
              -4.0764
            ],
            [
              -55.3009,
              -4.0701
            ],
            [
              -55.2934,
              -4.0678
            ],
            [
              -55.2867,
              -4.064
            ],
            [
              -55.2842,
              -4.0617
            ],
            [
              -55.2853,
              -4.059
            ],
            [
              -55.2889,
              -4.0588
            ],
            [
              -55.2918,
              -4.0599
            ],
            [
              -55.2948,
              -4.0617
            ],
            [
              -55.2977,
              -4.0615
            ],
            [
              -55.2981,
              -4.0581
            ],
            [
              -55.3008,
              -4.0556
            ],
            [
              -55.3049,
              -4.0562
            ],
            [
              -55.3076,
              -4.0549
            ],
            [
              -55.3112,
              -4.0539
            ],
            [
              -55.3155,
              -4.0548
            ],
            [
              -55.3193,
              -4.0514
            ],
            [
              -55.3211,
              -4.0492
            ],
            [
              -55.326,
              -4.0492
            ],
            [
              -55.3265,
              -4.046
            ],
            [
              -55.3237,
              -4.0444
            ],
            [
              -55.3156,
              -4.0438
            ],
            [
              -55.3192,
              -4.0372
            ],
            [
              -55.3192,
              -4.0309
            ],
            [
              -55.3156,
              -4.0304
            ],
            [
              -55.3115,
              -4.0307
            ],
            [
              -55.3088,
              -4.0286
            ],
            [
              -55.3084,
              -4.0257
            ],
            [
              -55.3101,
              -4.0218
            ],
            [
              -55.3097,
              -4.0189
            ],
            [
              -55.3076,
              -4.0155
            ],
            [
              -55.3065,
              -4.0117
            ],
            [
              -55.3002,
              -4.0033
            ],
            [
              -55.2993,
              -4.0005
            ],
            [
              -55.3012,
              -3.998
            ],
            [
              -55.3037,
              -3.9961
            ],
            [
              -55.3098,
              -3.9938
            ],
            [
              -55.3138,
              -3.9904
            ],
            [
              -55.31,
              -3.9897
            ],
            [
              -55.3071,
              -3.988
            ],
            [
              -55.305,
              -3.9855
            ],
            [
              -55.3053,
              -3.9826
            ],
            [
              -55.3086,
              -3.9822
            ],
            [
              -55.3111,
              -3.9836
            ],
            [
              -55.3146,
              -3.9831
            ],
            [
              -55.3156,
              -3.9799
            ],
            [
              -55.3143,
              -3.9765
            ],
            [
              -55.3109,
              -3.9759
            ],
            [
              -55.3101,
              -3.9728
            ],
            [
              -55.3115,
              -3.9697
            ],
            [
              -55.3097,
              -3.9668
            ],
            [
              -55.3088,
              -3.9626
            ],
            [
              -55.3106,
              -3.9598
            ],
            [
              -55.3107,
              -3.9561
            ],
            [
              -55.3146,
              -3.9552
            ],
            [
              -55.3211,
              -3.9586
            ],
            [
              -55.3223,
              -3.9551
            ],
            [
              -55.3235,
              -3.9484
            ],
            [
              -55.3242,
              -3.9416
            ],
            [
              -55.3234,
              -3.9381
            ],
            [
              -55.3215,
              -3.9359
            ],
            [
              -55.3203,
              -3.933
            ],
            [
              -55.3217,
              -3.9302
            ],
            [
              -55.3239,
              -3.9281
            ],
            [
              -55.3258,
              -3.9251
            ],
            [
              -55.3226,
              -3.9225
            ],
            [
              -55.319,
              -3.9225
            ],
            [
              -55.3163,
              -3.92
            ],
            [
              -55.3154,
              -3.9158
            ],
            [
              -55.3076,
              -3.9182
            ],
            [
              -55.3017,
              -3.9193
            ],
            [
              -55.293,
              -3.9193
            ],
            [
              -55.2819,
              -3.9217
            ],
            [
              -55.2788,
              -3.9212
            ],
            [
              -55.2762,
              -3.9197
            ],
            [
              -55.2714,
              -3.9142
            ],
            [
              -55.2679,
              -3.911
            ],
            [
              -55.2646,
              -3.9095
            ],
            [
              -55.2622,
              -3.9074
            ],
            [
              -55.2594,
              -3.9034
            ],
            [
              -55.2544,
              -3.8932
            ],
            [
              -55.2508,
              -3.8909
            ],
            [
              -55.2444,
              -3.891
            ],
            [
              -55.2416,
              -3.8898
            ],
            [
              -55.2368,
              -3.8902
            ],
            [
              -55.2296,
              -3.8921
            ],
            [
              -55.2222,
              -3.8956
            ],
            [
              -55.2191,
              -3.8952
            ],
            [
              -55.2166,
              -3.893
            ],
            [
              -55.2143,
              -3.8898
            ],
            [
              -55.2073,
              -3.8878
            ],
            [
              -55.2059,
              -3.8849
            ],
            [
              -55.2031,
              -3.8823
            ],
            [
              -55.1986,
              -3.8832
            ],
            [
              -55.1925,
              -3.8836
            ],
            [
              -55.1899,
              -3.8816
            ],
            [
              -55.1876,
              -3.8786
            ],
            [
              -55.1843,
              -3.8769
            ],
            [
              -55.1813,
              -3.8769
            ],
            [
              -55.1787,
              -3.8788
            ],
            [
              -55.175,
              -3.8794
            ],
            [
              -55.1709,
              -3.8755
            ],
            [
              -55.1678,
              -3.8755
            ],
            [
              -55.1629,
              -3.8742
            ],
            [
              -55.1601,
              -3.8723
            ],
            [
              -55.1465,
              -3.8674
            ],
            [
              -55.1466,
              -3.8661
            ],
            [
              -55.1486,
              -3.8632
            ],
            [
              -55.1483,
              -3.8562
            ],
            [
              -55.1475,
              -3.8523
            ],
            [
              -55.1459,
              -3.8487
            ],
            [
              -55.144,
              -3.8463
            ],
            [
              -55.143,
              -3.8432
            ],
            [
              -55.1456,
              -3.8415
            ],
            [
              -55.1515,
              -3.8513
            ],
            [
              -55.1545,
              -3.8517
            ],
            [
              -55.1543,
              -3.8481
            ],
            [
              -55.1553,
              -3.8445
            ],
            [
              -55.1507,
              -3.8283
            ],
            [
              -55.1513,
              -3.8194
            ],
            [
              -55.1511,
              -3.8114
            ],
            [
              -55.1385,
              -3.7992
            ],
            [
              -55.1328,
              -3.7953
            ],
            [
              -55.1254,
              -3.792
            ],
            [
              -55.1201,
              -3.7888
            ],
            [
              -55.1179,
              -3.7846
            ],
            [
              -55.1188,
              -3.7813
            ],
            [
              -55.1213,
              -3.7786
            ],
            [
              -55.1205,
              -3.7742
            ],
            [
              -55.1208,
              -3.7693
            ],
            [
              -55.1238,
              -3.7631
            ],
            [
              -55.1241,
              -3.7594
            ],
            [
              -55.1263,
              -3.7532
            ],
            [
              -55.1282,
              -3.7506
            ],
            [
              -55.1334,
              -3.7455
            ],
            [
              -55.1366,
              -3.7404
            ],
            [
              -55.1384,
              -3.7334
            ],
            [
              -55.1486,
              -3.7265
            ],
            [
              -55.1502,
              -3.7228
            ],
            [
              -55.1541,
              -3.7177
            ],
            [
              -55.1575,
              -3.7157
            ],
            [
              -55.1611,
              -3.7126
            ],
            [
              -55.1629,
              -3.7092
            ],
            [
              -55.1652,
              -3.7023
            ],
            [
              -55.1679,
              -3.7001
            ],
            [
              -55.1742,
              -3.6968
            ],
            [
              -55.1738,
              -3.6935
            ],
            [
              -55.1675,
              -3.6912
            ],
            [
              -55.1642,
              -3.6885
            ],
            [
              -55.1621,
              -3.6855
            ],
            [
              -55.1614,
              -3.6826
            ],
            [
              -55.1588,
              -3.679
            ],
            [
              -55.1519,
              -3.6747
            ],
            [
              -55.1508,
              -3.6713
            ],
            [
              -55.1521,
              -3.6682
            ],
            [
              -55.1539,
              -3.6658
            ],
            [
              -55.1622,
              -3.6608
            ],
            [
              -55.1652,
              -3.6584
            ],
            [
              -55.1691,
              -3.652
            ],
            [
              -55.1724,
              -3.6511
            ],
            [
              -55.1724,
              -3.6479
            ],
            [
              -55.1644,
              -3.6437
            ],
            [
              -55.1621,
              -3.6416
            ],
            [
              -55.1609,
              -3.6379
            ],
            [
              -55.1616,
              -3.6338
            ],
            [
              -55.1613,
              -3.6309
            ],
            [
              -55.153,
              -3.6271
            ],
            [
              -55.1498,
              -3.624
            ],
            [
              -55.1466,
              -3.6227
            ],
            [
              -55.1434,
              -3.6205
            ],
            [
              -55.1425,
              -3.617
            ],
            [
              -55.1397,
              -3.6098
            ],
            [
              -55.1393,
              -3.6037
            ],
            [
              -55.1399,
              -3.5987
            ],
            [
              -55.1395,
              -3.5938
            ],
            [
              -55.1381,
              -3.589
            ],
            [
              -55.1345,
              -3.5879
            ],
            [
              -55.1314,
              -3.5897
            ],
            [
              -55.1278,
              -3.5881
            ],
            [
              -55.1242,
              -3.5817
            ],
            [
              -55.1188,
              -3.5769
            ],
            [
              -55.1158,
              -3.5736
            ],
            [
              -55.1154,
              -3.5701
            ],
            [
              -55.1169,
              -3.5668
            ],
            [
              -55.1177,
              -3.5629
            ],
            [
              -55.1178,
              -3.5598
            ],
            [
              -55.1165,
              -3.555
            ],
            [
              -55.1155,
              -3.5424
            ],
            [
              -55.1111,
              -3.5397
            ],
            [
              -55.1048,
              -3.5377
            ],
            [
              -55.098,
              -3.5346
            ],
            [
              -55.096,
              -3.5318
            ],
            [
              -55.1001,
              -3.5299
            ],
            [
              -55.1029,
              -3.5277
            ],
            [
              -55.1038,
              -3.5249
            ],
            [
              -55.1008,
              -3.5224
            ],
            [
              -55.099,
              -3.5201
            ],
            [
              -55.0978,
              -3.5174
            ],
            [
              -55.0978,
              -3.5141
            ],
            [
              -55.0951,
              -3.5114
            ],
            [
              -55.0921,
              -3.5102
            ],
            [
              -55.094,
              -3.5056
            ],
            [
              -55.1012,
              -3.5034
            ],
            [
              -55.1045,
              -3.4995
            ],
            [
              -55.1075,
              -3.4972
            ],
            [
              -55.1111,
              -3.4955
            ],
            [
              -55.1139,
              -3.4932
            ],
            [
              -55.1141,
              -3.4894
            ],
            [
              -55.1072,
              -3.4853
            ],
            [
              -55.1019,
              -3.4801
            ],
            [
              -55.1017,
              -3.4766
            ],
            [
              -55.1038,
              -3.4742
            ],
            [
              -55.1077,
              -3.472
            ],
            [
              -55.1116,
              -3.4684
            ],
            [
              -55.1141,
              -3.4669
            ],
            [
              -55.1203,
              -3.4586
            ],
            [
              -55.1212,
              -3.4549
            ],
            [
              -55.1211,
              -3.4515
            ],
            [
              -55.1221,
              -3.4484
            ],
            [
              -55.1254,
              -3.4432
            ],
            [
              -55.126,
              -3.4401
            ],
            [
              -55.1241,
              -3.4338
            ],
            [
              -55.122,
              -3.4308
            ],
            [
              -55.1189,
              -3.4278
            ],
            [
              -55.1098,
              -3.4215
            ],
            [
              -55.1046,
              -3.4169
            ],
            [
              -55.099,
              -3.4105
            ],
            [
              -55.0903,
              -3.4036
            ],
            [
              -55.0876,
              -3.4002
            ],
            [
              -55.0865,
              -3.3965
            ],
            [
              -55.0858,
              -3.3919
            ],
            [
              -55.0854,
              -3.3822
            ],
            [
              -55.0847,
              -3.3783
            ],
            [
              -55.0829,
              -3.3738
            ],
            [
              -55.0823,
              -3.3701
            ],
            [
              -55.0808,
              -3.367
            ],
            [
              -55.0798,
              -3.3635
            ],
            [
              -55.0797,
              -3.3586
            ],
            [
              -55.0813,
              -3.3552
            ],
            [
              -55.0808,
              -3.3512
            ],
            [
              -55.0781,
              -3.3484
            ],
            [
              -55.079,
              -3.3442
            ],
            [
              -55.0826,
              -3.3419
            ],
            [
              -55.086,
              -3.3372
            ],
            [
              -55.0874,
              -3.3331
            ],
            [
              -55.0877,
              -3.329
            ],
            [
              -55.0858,
              -3.3258
            ],
            [
              -55.0821,
              -3.3243
            ],
            [
              -55.0705,
              -3.3181
            ],
            [
              -55.0598,
              -3.3138
            ],
            [
              -55.0561,
              -3.3105
            ],
            [
              -55.0536,
              -3.302
            ],
            [
              -55.051,
              -3.2913
            ],
            [
              -55.0505,
              -3.2868
            ],
            [
              -55.0495,
              -3.2834
            ],
            [
              -55.0479,
              -3.2742
            ],
            [
              -55.0466,
              -3.2696
            ],
            [
              -55.0446,
              -3.2667
            ],
            [
              -55.0392,
              -3.2611
            ],
            [
              -55.0378,
              -3.2584
            ],
            [
              -55.0374,
              -3.2547
            ],
            [
              -55.0419,
              -3.2486
            ],
            [
              -55.0427,
              -3.2457
            ],
            [
              -55.0428,
              -3.2417
            ],
            [
              -55.0449,
              -3.2369
            ],
            [
              -55.0473,
              -3.2338
            ],
            [
              -55.051,
              -3.2326
            ],
            [
              -55.0545,
              -3.2324
            ],
            [
              -55.0587,
              -3.2329
            ],
            [
              -55.063,
              -3.2344
            ],
            [
              -55.0673,
              -3.234
            ],
            [
              -55.137,
              -3.2496
            ],
            [
              -55.1418,
              -3.2482
            ],
            [
              -55.1445,
              -3.2498
            ],
            [
              -55.1474,
              -3.2499
            ],
            [
              -55.1531,
              -3.2457
            ],
            [
              -55.1561,
              -3.2452
            ],
            [
              -55.1594,
              -3.2463
            ],
            [
              -55.1618,
              -3.2445
            ],
            [
              -55.1648,
              -3.2439
            ],
            [
              -55.2339,
              -3.2419
            ],
            [
              -55.2917,
              -3.2403
            ],
            [
              -55.296,
              -3.2398
            ],
            [
              -55.2976,
              -3.2373
            ],
            [
              -55.3003,
              -3.2347
            ],
            [
              -55.3053,
              -3.2343
            ],
            [
              -55.3074,
              -3.2314
            ],
            [
              -55.3163,
              -3.2266
            ],
            [
              -55.3201,
              -3.2256
            ],
            [
              -55.3238,
              -3.2278
            ],
            [
              -55.3286,
              -3.2273
            ],
            [
              -55.3309,
              -3.2248
            ],
            [
              -55.3358,
              -3.2216
            ],
            [
              -55.3414,
              -3.2227
            ],
            [
              -55.344,
              -3.2212
            ],
            [
              -55.3469,
              -3.2217
            ],
            [
              -55.3525,
              -3.2275
            ],
            [
              -55.3549,
              -3.2317
            ],
            [
              -55.3581,
              -3.235
            ],
            [
              -55.3713,
              -3.2351
            ],
            [
              -55.3751,
              -3.2363
            ],
            [
              -55.8003,
              -3.2489
            ],
            [
              -55.8857,
              -3.2514
            ],
            [
              -56.3446,
              -3.2648
            ],
            [
              -56.4931,
              -3.3049
            ],
            [
              -56.5005,
              -3.307
            ],
            [
              -56.6756,
              -3.3508
            ],
            [
              -56.7024,
              -3.3575
            ],
            [
              -56.7044,
              -3.3542
            ],
            [
              -56.7073,
              -3.3525
            ],
            [
              -56.711,
              -3.3532
            ],
            [
              -56.7139,
              -3.3518
            ],
            [
              -56.7159,
              -3.3487
            ],
            [
              -56.7221,
              -3.3455
            ],
            [
              -56.7249,
              -3.3436
            ],
            [
              -56.7265,
              -3.3404
            ],
            [
              -56.7312,
              -3.337
            ],
            [
              -56.7334,
              -3.3334
            ],
            [
              -56.7332,
              -3.3267
            ],
            [
              -56.7351,
              -3.321
            ],
            [
              -56.7373,
              -3.3168
            ],
            [
              -56.7385,
              -3.3118
            ],
            [
              -56.7449,
              -3.2969
            ],
            [
              -56.7469,
              -3.2901
            ],
            [
              -56.7531,
              -3.2754
            ],
            [
              -56.7552,
              -3.2686
            ],
            [
              -56.7582,
              -3.2617
            ],
            [
              -56.7589,
              -3.2586
            ],
            [
              -56.7616,
              -3.2518
            ],
            [
              -56.7633,
              -3.2493
            ],
            [
              -56.7645,
              -3.2466
            ],
            [
              -56.7679,
              -3.2429
            ],
            [
              -56.7919,
              -3.2944
            ],
            [
              -56.8101,
              -3.333
            ],
            [
              -56.8097,
              -3.3335
            ],
            [
              -56.8334,
              -3.3842
            ],
            [
              -56.8872,
              -3.499
            ],
            [
              -56.9138,
              -3.5623
            ],
            [
              -56.9561,
              -3.6586
            ]
          ]
        ]
      },
      "properties": {
        "codarea": "1501006",
        "nome_municipio": "Aveiro",
        "codigo_ibge": 1501006
      }
    }
  ]
}